unload bsc/1.0 (PATH, MANPATH)
unload UCX/1.15.0 (PATH, LD_LIBRARY_PATH, LIBRARY_PATH, C_INCLUDE_PATH,
CPLUS_INCLUDE_PATH) 
remove mkl/2023.2.0 (LD_LIBRARY_PATH)
remove impi/2021.10.0 (PATH, MANPATH, LD_LIBRARY_PATH)
load openmpi/4.1.5-gcc (LD_LIBRARY_PATH)
load mkl/2024.2 (LD_LIBRARY_PATH)
load LAPACK/3.11 (LD_LIBRARY_PATH, LIBRARY_PATH, PKG_CONFIG_PATH,
C_INCLUDE_PATH, CPLUS_INCLUDE_PATH) 
load HWLOC/2.10.0 (PATH, MANPATH, LD_LIBRARY_PATH, LIBRARY_PATH,
C_INCLUDE_PATH, PKG_CONFIG_PATH, HWLOC_DIR, HWLOC_ROOT) 
load ZLIB/1.3.1 (LD_LIBRARY_PATH, PKG_CONFIG_PATH, C_INCLUDE_PATH,
CPLUS_INCLUDE_PATH, MANPATH, CFLAGS, CXXFLAGS, LDFLAGS) 
load FFTW/3.3.10 (LD_LIBRARY_PATH, LIBRARY_PATH, CPATH, C_INCLUDE_PATH,
CPLUS_INCLUDE_PATH, PKG_CONFIG_PATH, FFTW_ROOT, FFTW_HOME) 
load OPENBLAS/0.3.27-openmp (LD_LIBRARY_PATH, LIBRARY_PATH, PKG_CONFIG_PATH,
CMAKE_PREFIX_PATH) 
load HDF5/1.14.1-2 (PATH, LD_LIBRARY_PATH, LIBRARY_PATH, C_INCLUDE_PATH,
CPLUS_INCLUDE_PATH, HDF5_DIR, HDF5_ROOT, CFLAGS, CPPFLAGS, LDFLAGS) 
load SCALAPACK/2.2.0 (LD_LIBRARY_PATH, LIBRARY_PATH, PKG_CONFIG_PATH,
C_INCLUDE_PATH, CPLUS_INCLUDE_PATH) 
load cmake/3.25.1 (LD_LIBRARY_PATH)
load BOOST/1.88.0 (PATH, LD_LIBRARY_PATH, LIBRARY_PATH, PKG_CONFIG_PATH,
C_INCLUDE_PATH, CPLUS_INCLUDE_PATH, BOOST_ROOT, BOOST_DIR) 
--------------------------------------------------------------------------------

       10                                  
  1   0101       ************************  
  01  1010 10      The Cactus Code V4.16.0    
 1010 1101 011      www.cactuscode.org     
  1001 100101    ************************  
    00010101                               
     100011     (c) Copyright The Authors  
      0100      GNU Licensed. No Warranty  
      0101                                 
--------------------------------------------------------------------------------

Cactus version:    4.16.0
Compile date:      Oct 01 2026 (11:20:29)
Run date:          Oct 01 2026 (11:33:54+0200)
Run host:          gs07r3b71 (pid=507759)
Working directory: /gpfs/projects/epor63/uapt015213/dyonic-collision/simulations/Merger_BSSN_L=512_M=0.5,0.5-Q=0.25,0-G=0,0.25-x0=8_h=4/output-0000
Executable:        /gpfs/projects/epor63/uapt015213/cactus/exe/cactus_base
Parameter file:    BSSN.par
--------------------------------------------------------------------------------

Activating thorn Cactus...Success -> active implementation Cactus
Activation requested for 
--->ADMBase ADMCoupling ADMMacros AEILocalInterp AHFinderDirect Boundary Carpet CarpetInterp CarpetLib CarpetMask CarpetReduce CarpetRegrid2 CarpetSlab CarpetTracker CartGrid3D CoordBase CoordGauge Dissipation GenericFD InitBase LocalInterp LoopControl MoL Multipole NaNChecker NewRad PunctureTracker ReflectionSymmetry Slab SpaceMask SphericalSurface StaticConformal SymBase Time TmunuBase Fortran GSL HDF5 LeanBSSNMoL EMGBase EMGEvolve TwoChargedPunctures NPScalars NPScalars_EMG QuasiLocalMeasures SystemStatistics TerminationTrigger TimerReport CarpetIOASCII CarpetIOBasic CarpetIOHDF5 CarpetIOScalar IOUtil<---
Thorn Carpet requests automatic activation of MPI
Thorn Carpet requests automatic activation of Timers
Thorn CarpetLib requests automatic activation of Vectors
Thorn CarpetLib requests automatic activation of Boost
Thorn CarpetLib requests automatic activation of CycleClock
Thorn HDF5 requests automatic activation of zlib
Thorn LoopControl requests automatic activation of hwloc
Thorn QuasiLocalMeasures requests automatic activation of LAPACK
Thorn QuasiLocalMeasures requests automatic activation of TGRtensor
Thorn LAPACK requests automatic activation of BLAS
Activating thorn ADMBase...Success -> active implementation ADMBase
Activating thorn ADMCoupling...Success -> active implementation ADMCoupling
Activating thorn ADMMacros...Success -> active implementation ADMMacros
Activating thorn AEILocalInterp...Success -> active implementation AEILocalInterp
Activating thorn AHFinderDirect...Success -> active implementation AHFinderDirect
Activating thorn BLAS...Success -> active implementation BLAS
Activating thorn Boost...Success -> active implementation Boost
Activating thorn Boundary...Success -> active implementation boundary
Activating thorn Carpet...Success -> active implementation Driver
Activating thorn CarpetInterp...Success -> active implementation interp
Activating thorn CarpetIOASCII...Success -> active implementation IOASCII
Activating thorn CarpetIOBasic...Success -> active implementation IOBasic
Activating thorn CarpetIOHDF5...Success -> active implementation IOHDF5
Activating thorn CarpetIOScalar...Success -> active implementation IOScalar
Activating thorn CarpetLib...Success -> active implementation CarpetLib
Activating thorn CarpetMask...Success -> active implementation CarpetMask
Activating thorn CarpetReduce...Success -> active implementation reduce
Activating thorn CarpetRegrid2...Success -> active implementation CarpetRegrid2
Activating thorn CarpetSlab...Success -> active implementation Hyperslab
Activating thorn CarpetTracker...Success -> active implementation CarpetTracker
Activating thorn CartGrid3D...Success -> active implementation grid
Activating thorn CoordBase...Success -> active implementation CoordBase
Activating thorn CoordGauge...Success -> active implementation CoordGauge
Activating thorn CycleClock...Success -> active implementation CycleClock
Activating thorn Dissipation...Success -> active implementation Dissipation
Activating thorn EMGBase...Success -> active implementation EMGBase
Activating thorn EMGEvolve...Success -> active implementation EMGEvolve
Activating thorn Fortran...Success -> active implementation Fortran
Activating thorn GenericFD...Success -> active implementation GenericFD
Activating thorn GSL...Success -> active implementation GSL
Activating thorn HDF5...Success -> active implementation HDF5
Activating thorn hwloc...Success -> active implementation hwloc
Activating thorn InitBase...Success -> active implementation InitBase
Activating thorn IOUtil...Success -> active implementation IO
Activating thorn LAPACK...Success -> active implementation LAPACK
Activating thorn LeanBSSNMoL...Success -> active implementation LeanBSSNMoL
Activating thorn LocalInterp...Success -> active implementation LocalInterp
Activating thorn LoopControl...Success -> active implementation LoopControl
Activating thorn MoL...Success -> active implementation MethodOfLines
Activating thorn MPI...Success -> active implementation MPI
Activating thorn Multipole...Success -> active implementation multipole
Activating thorn NaNChecker...Success -> active implementation NaNChecker
Activating thorn NewRad...Success -> active implementation NewRad
Activating thorn NPScalars...Success -> active implementation NPScalars
Activating thorn NPScalars_EMG...Success -> active implementation NPScalars_EMG
Activating thorn PunctureTracker...Success -> active implementation PunctureTracker
Activating thorn QuasiLocalMeasures...Success -> active implementation QuasiLocalMeasures
Activating thorn ReflectionSymmetry...Success -> active implementation ReflectionSymmetry
Activating thorn Slab...Success -> active implementation Slab
Activating thorn SpaceMask...Success -> active implementation SpaceMask
Activating thorn SphericalSurface...Success -> active implementation SphericalSurface
Activating thorn StaticConformal...Success -> active implementation StaticConformal
Activating thorn SymBase...Success -> active implementation SymBase
Activating thorn SystemStatistics...Success -> active implementation SystemStatistics
Activating thorn TerminationTrigger...Success -> active implementation TerminationTrigger
Activating thorn TGRtensor...Success -> active implementation TGRtensor
Activating thorn Time...Success -> active implementation time
Activating thorn TimerReport...Success -> active implementation timerreport
Activating thorn Timers...Success -> active implementation Timers
Activating thorn TmunuBase...Success -> active implementation TmunuBase
Activating thorn TwoChargedPunctures...Success -> active implementation TwoChargedPunctures
Activating thorn Vectors...Success -> active implementation Vectors
Activating thorn zlib...Success -> active implementation zlib
--------------------------------------------------------------------------------
  if (recover initial data)
    Recover parameters
  endif

  Startup routines
    [CCTK_STARTUP]
      Carpet::MultiModel_Startup: Multi-model Startup routine
      CycleClock::CycleClock_Setup: Set up CycleClock
      LoopControl::LC_setup: Set up LoopControl
      Timers::Timer_Startup: Prepare hierarchical timers
      Carpet::Driver_Startup: Startup routine
      IOUtil::IOUtil_Startup: Startup routine
      CarpetIOScalar::CarpetIOScalarStartup: [global] Startup routine
      CarpetInterp::CarpetInterpStartup: Startup routine
      CarpetReduce::CarpetReduceStartup: Startup routine
      CartGrid3D::SymmetryStartup: Register GH Extension for GridSymmetry
      CoordBase::CoordBase_Startup: Register a GH extension to store the coordinate system handles
      AEILocalInterp::AEILocalInterp_U_Startup: register CCTK_InterpLocalUniform() interpolation operators
      EMGEvolve::EMG_RegisterMask: Register the masks for excision
      CarpetIOASCII::CarpetIOASCIIStartup: [global] Startup routine
      LeanBSSNMoL::LeanBSSN_RegisterSlicing: [meta] Register slicing
      LocalInterp::LocalInterp_Startup: register LocalInterp's interpolation operators
      CarpetIOBasic::CarpetIOBasicStartup: [global] Startup routine
      MoL::MoL_Startup: Startup banner
      Slab::Slab_InitMPIDatatypes: Create MPI datatypes for complex variables in C
      SymBase::SymBase_Startup: Register GH Extension for SymBase
      TerminationTrigger::TerminationTrigger_StartSignalHandler: Start signal handler
      CarpetIOHDF5::CarpetIOHDF5_Startup: Startup routine
      Vectors::Vectors_Startup: Print startup message
      GROUP hwloc_startup: hwloc startup group
        hwloc::hwloc_version: Output hwloc version

  Startup routines which need an existing grid hierarchy
    [CCTK_WRAGH]
      ADMBase::Einstein_InitSymBound: [global] Set up GF symmetries
      Boundary::Boundary_RegisterBCs: [global] Register boundary conditions that this thorn provides
      CarpetRegrid2::CarpetRegrid2_Initialise: [global] Initialise locations of refined regions
      CartGrid3D::RegisterCartGrid3DCoords: [meta] Register coordinates for the Cartesian grid
      CoordGauge::Einstein_ActivateSlicing: Initialize slicing, setup priorities for mixed slicings
      CoordGauge::Einstein_SetNextSlicing: Identify the slicing for the next iteration
      MoL::MoL_SetupIndexArrays: Set up the MoL bookkeeping index arrays
      MoL::MoL_SetScheduleStatus: [global] Set the flag so it is ok to register with MoL
      TmunuBase::TmunuBase_SetStressEnergyState: [global] Set the stress_energy_state variable
      GROUP MoL_Register: The group where physics thorns register variables with MoL
        EMGEvolve::EMG_RegisterVars: [meta] Register variables for MoL
        LeanBSSNMoL::LeanBSSN_RegisterVars: [meta] Register variables for MoL
      Slab::Slab_InitTimers: Initialise timers
      SpaceMask::MaskSym: [global] Set grid symmetries for mask
      SpaceMask::MaskSym_emask: [global] Set grid symmetries for emask (compatibility mode)
      GROUP SymBase_Wrapper: Wrapper group for SymBase
        GROUP SymmetryRegister: Register your symmetries here
          CartGrid3D::CartGrid3D_RegisterSymmetryBoundaries: [meta] Register symmetry boundaries
          ReflectionSymmetry::ReflectionSymmetry_Register: Register reflection symmetry boundaries
        SymBase::SymBase_Statistics: Print symmetry boundary face descriptions
      MoL::MoL_ReportNumberVariables: [meta] Report how many of each type of variable there are
  Parameter checking routines
    [CCTK_PARAMCHECK]
      ADMBase::ADMBase_ParamCheck: [global] Check consistency of parameters
      Boundary::Boundary_Check: Check dimension of grid variables
      Carpet::CarpetParamCheck: Parameter checking routine
      CarpetLib::CarpetLib_test_prolongate_3d_rf2: [global] Test prolongation operators
      CarpetMask::CarpetSurfaceParamCheck: [global] Check parameters
      CarpetRegrid2::CarpetRegrid2_ParamCheck: Check parameters
      CartGrid3D::ParamCheck_CartGrid3D: Check coordinates for CartGrid3D
      Dissipation::dissipation_paramcheck: Check dissipation parameters for consistency
      Fortran::CheckFortranParameters: Test whether Fortran parameters work correctly
      LeanBSSNMoL::Lean_ParamCheck: Check Lean parameters for consistency
      MoL::MoL_ParamCheck: Basic parameter checking
      Multipole::Multipole_ParamCheck: [global] Check Multipole parameters
      NPScalars::NPScalars_ParamCheck: Check NPScalars parameters for consistency
      QuasiLocalMeasures::qlm_paramcheck: [global] Check quasi-local parameter settings
      SphericalSurface::SphericalSurface_ParamCheck: [global] Check that all surface names are unique
      TerminationTrigger::TerminationTrigger_ParamCheck: Check consitency of parameters
      TmunuBase::TmunuBase_ParamCheck: [global] Check that no deprecated parameters are used.
      TwoChargedPunctures::TwoChargedPunctures_ParamCheck: Check parameters and thorn needs
      Vectors::Vectors_Test: Run correctness tests.

  Initialisation
    if (NOT (recover initial data AND recovery_mode is 'strict'))
      [CCTK_PREREGRIDINITIAL]
      Set up grid hierarchy
      [CCTK_POSTREGRIDINITIAL]
        SpaceMask::MaskZero: Initialise mask to zero
        CartGrid3D::SpatialCoordinates: Set Coordinates after regridding
        GROUP MaskBase_SetupMask: Set up the weight function
          GROUP MaskBase_SetupMaskAll: Set up the weight function
            CarpetReduce::MaskBase_AllocateMask: [global] Allocate the weight function
            CarpetReduce::MaskBase_InitMask: [global] [loop-local] Initialise the weight function
            GROUP SetupIMaskInternal: Set up the integer weight function (schedule other routines in here)
              CarpetReduce::CoordBase_SetupMask: [global] [loop-local] Set up the outer boundaries of the weight function
              CarpetReduce::CarpetMaskSetup: [global] [loop-singlemap] Set up the weight function for the restriction regions
            GROUP SetupIMask: Set up the integer weight function (schedule other routines in here)
              CarpetMask::CarpetExcludedSetup: [global] [loop-local] Set up the weight function for the excluded regions
              CarpetMask::CarpetSurfaceSetup: [global] [loop-local] Set up the weight function for the excluded spherical surfaces
            CarpetReduce::MaskBase_SetMask: [global] [loop-local] Set the weight function
            GROUP SetupMask: Set up the real weight function (schedule other routines in here)
            CarpetReduce::MaskBase_TestMask: [global] Test the weight function
        Dissipation::setup_epsdis: Setup spatially varying dissipation
        GROUP MoL_PseudoEvolutionBoundaries: Apply boundary conditions to pseudo-evolved quantities
        GROUP CalcNPScalars_BC: Boundary conditions
          NPScalars::NPboundaries: [level] Symmetry boundary conditions
          GROUP ApplyBCs_NP: Apply boundary conditions
            GROUP BoundaryConditions: Execute all boundary conditions
              Boundary::Boundary_ApplyPhysicalBCs: Apply all requested local physical boundary conditions
              CartGrid3D::CartGrid3D_ApplyBC: Apply symmetry boundary conditions
              ReflectionSymmetry::ReflectionSymmetry_Apply: Apply reflection symmetries
            Boundary::Boundary_ClearSelection: [level] Unselect all grid variables for boundary conditions
        GROUP CalcNPEMGScalars_BC: Boundary conditions
          NPScalars_EMG::NPEMG_Boundaries: [level] Symmetry boundary conditions
          GROUP ApplyBCs_NPEMG: Apply boundary conditions
            GROUP BoundaryConditions: Execute all boundary conditions
              Boundary::Boundary_ApplyPhysicalBCs: Apply all requested local physical boundary conditions
              CartGrid3D::CartGrid3D_ApplyBC: Apply symmetry boundary conditions
              ReflectionSymmetry::ReflectionSymmetry_Apply: Apply reflection symmetries
            Boundary::Boundary_ClearSelection: [level] Unselect all grid variables for boundary conditions
        SpaceMask::MaskOne: Set mask to one
        AHFinderDirect::AHFinderDirect_maybe_do_masks: set mask(s) based on apparent horizon position(s)
      [CCTK_BASEGRID]
        ADMBase::ADMBase_SetShiftStateOn: Set the shift_state variable to 1
        ADMBase::ADMBase_SetDtLapseStateOn: Set the dtlapse_state variable to 1
        ADMBase::ADMBase_SetDtShiftStateOn: Set the dtshift_state variable to 1
        ADMMacros::ADMMacros_SetLocalSpatialOrder: Initialize the local_spatial_order
        CartGrid3D::SpatialSpacings: Set up ranges for spatial 3D Cartesian coordinates (on all grids)
        CartGrid3D::SpatialCoordinates: Set up spatial 3D Cartesian coordinates on the GH
        SphericalSurface::SphericalSurface_SetupRes: [global] [loop-local] Set surface resolution automatically
        AHFinderDirect::AHFinderDirect_setup: [global] setup data structures
        Dissipation::dissipation_basegrid: Ensure that there are enough ghost zones
        EMGBase::emg_symmetries: [global] Register symmetries of the grid functions
        EMGEvolve::EMG_InitSymBound: [meta] Schedule symmetries
        EMGEvolve::EMG_zero_rhs: set all rhs functions to zero to prevent spurious nans
        LeanBSSNMoL::LeanBSSN_symmetries: [global] Register symmetries of the BSSN grid functions
        LeanBSSNMoL::LeanBSSN_zero_rhs: Set all rhs functions to zero to prevent spurious nans
        NPScalars::NP_symmetries: [meta] Set symmetries for grid functions
        NPScalars_EMG::NPEMG_symmetries: [meta] Set symmetries for grid functions
        NaNChecker::NaNChecker_ResetCounter: [global] Reset the NaNChecker::NaNsFound counter
        SpaceMask::MaskZero: Initialise mask to zero
        SpaceMask::MaskOne: Set old style mask to one
        SphericalSurface::SphericalSurface_Setup: [global] Calculate surface coordinate descriptors
        GROUP MaskBase_SetupMask: Set up the weight function
          GROUP MaskBase_SetupMaskAll: Set up the weight function
            CarpetReduce::MaskBase_AllocateMask: [global] Allocate the weight function
            CarpetReduce::MaskBase_InitMask: [global] [loop-local] Initialise the weight function
            GROUP SetupIMaskInternal: Set up the integer weight function (schedule other routines in here)
              CarpetReduce::CoordBase_SetupMask: [global] [loop-local] Set up the outer boundaries of the weight function
              CarpetReduce::CarpetMaskSetup: [global] [loop-singlemap] Set up the weight function for the restriction regions
            GROUP SetupIMask: Set up the integer weight function (schedule other routines in here)
              CarpetMask::CarpetExcludedSetup: [global] [loop-local] Set up the weight function for the excluded regions
              CarpetMask::CarpetSurfaceSetup: [global] [loop-local] Set up the weight function for the excluded spherical surfaces
            CarpetReduce::MaskBase_SetMask: [global] [loop-local] Set the weight function
            GROUP SetupMask: Set up the real weight function (schedule other routines in here)
            CarpetReduce::MaskBase_TestMask: [global] Test the weight function
        SphericalSurface::SphericalSurface_Set: [global] Set surface radii to be used for initial setup in other thorns
        GROUP SphericalSurface_HasBeenSet: Set the spherical surfaces before this group, and use it afterwards
          SphericalSurface::SphericalSurface_CheckState: [global] Test the state of the spherical surfaces
        SymBase::SymBase_Check: Check whether the driver set up the grid consistently
        TerminationTrigger::TerminationTrigger_ResetTrigger: Clear trigger state
        TerminationTrigger::TerminationTrigger_StartTimer: Start timer
        TerminationTrigger::TerminationTrigger_CreateFile: Create termination file
        Time::Time_Initialise: [global] Initialise Time variables
        Time::TemporalSpacings: [singlemap] Set timestep based on Courant condition (courant_static)
      [CCTK_INITIAL]
        StaticConformal::StaticConformal_InitialiseState: Set the conformal_state variable to 0
        GROUP ADMBase_InitialData: Schedule group for calculating ADM initial data
          GROUP TwoChargedPunctures_Group: TwoChargedPunctures initial data group
            TwoChargedPunctures::TwoChargedPunctures: Create puncture black hole initial data
        GROUP ADMBase_InitialGauge: Schedule group for the ADM initial gauge condition
          ADMBase::ADMBase_ShiftZero: Set the shift to 0 at all points
          ADMBase::ADMBase_DtLapseZero: Set the dtlapse to 0 at all points
          ADMBase::ADMBase_DtShiftZero: Set the dtshift to 0 at all points
        CarpetIOASCII::CarpetIOASCIIInit: [global] Initialisation routine
        CarpetIOBasic::CarpetIOBasicInit: [global] Initialisation routine
        CarpetIOHDF5::CarpetIOHDF5_Init: [global] Initialisation routine
        CarpetIOScalar::CarpetIOScalarInit: [global] Initialisation routine
        GROUP ADMBase_PostInitial: Schedule group for modifying the ADM initial data, such as e.g. adding noise
        LeanBSSNMoL::LeanBSSN_adm2bssn: [local] Convert initial data into BSSN variables
        LeanBSSNMoL::LeanBSSN_Boundaries: [level] Boundary enforcement
        MoL::MoL_StartLoop: [level] Initialise the step size control
        PunctureTracker::PunctureTracker_Init: [global] Calculate initial location of punctures
        QuasiLocalMeasures::qlm_init: [global] Initialise quasi-local calculations
        GROUP LeanBSSN_ApplyBCs: Apply boundary conditions
          GROUP BoundaryConditions: Execute all boundary conditions
            Boundary::Boundary_ApplyPhysicalBCs: Apply all requested local physical boundary conditions
            CartGrid3D::CartGrid3D_ApplyBC: Apply symmetry boundary conditions
            ReflectionSymmetry::ReflectionSymmetry_Apply: Apply reflection symmetries
          Boundary::Boundary_ClearSelection: [level] Unselect all grid variables for boundary conditions
      [CCTK_POSTINITIAL]
        CarpetIOHDF5::CarpetIOHDF5_CloseFiles: [global] Close all filereader input files
        GROUP MoL_PostStepModify: The group for physics thorns to schedule enforcing constraints
        GROUP MoL_PostStep: Ensure that everything is correct after the initial data have been set up
          LeanBSSNMoL::LeanBSSN_remove_trA: Remove trace of A
          EMGEvolve::EMG_Boundaries: [level] MoL boundary enforcement for EMG variables
          GROUP EMG_ApplyBCs: Apply boundary conditions
            GROUP BoundaryConditions: Execute all boundary conditions
              Boundary::Boundary_ApplyPhysicalBCs: Apply all requested local physical boundary conditions
              CartGrid3D::CartGrid3D_ApplyBC: Apply symmetry boundary conditions
              ReflectionSymmetry::ReflectionSymmetry_Apply: Apply reflection symmetries
            Boundary::Boundary_ClearSelection: [level] Unselect all grid variables for boundary conditions
          LeanBSSNMoL::LeanBSSN_impose_conf_fac_floor: Make sure conformal factor does not drop below specified value
          LeanBSSNMoL::LeanBSSN_Boundaries: [level] MoL boundary enforcement
          GROUP LeanBSSN_ApplyBCs: Apply boundary conditions
            GROUP BoundaryConditions: Execute all boundary conditions
              Boundary::Boundary_ApplyPhysicalBCs: Apply all requested local physical boundary conditions
              CartGrid3D::CartGrid3D_ApplyBC: Apply symmetry boundary conditions
              ReflectionSymmetry::ReflectionSymmetry_Apply: Apply reflection symmetries
            Boundary::Boundary_ClearSelection: [level] Unselect all grid variables for boundary conditions
          LeanBSSNMoL::LeanBSSN_bssn2adm: [local] Convert variables back to the ADM ones
          GROUP ADMBase_SetADMVars: Set the ADM variables before this group, and use them afterwards
          GROUP SetTmunu: Group for calculating the stress-energy tensor
            TmunuBase::TmunuBase_ZeroTmunu: Initialise the stress-energy tensor to zero
            GROUP AddToTmunu: Add to the stress-energy tensor here
              EMGEvolve::EMG_AddToTmunu: Compute the energy-momentum tensor
        GROUP MoL_PseudoEvolution: Calculate pseudo-evolved quantities
          GROUP ADMBase_SetADMVars: Set the ADM variables before this group, and use them afterwards
          GROUP CalcNPScalars: Calculate NPScalars
            NPScalars::NP_calcPsiGF: [local] calculate Psi4 as grid function
            GROUP CalcNPScalars_BC: Boundary conditions
              NPScalars::NPboundaries: [level] Symmetry boundary conditions
              GROUP ApplyBCs_NP: Apply boundary conditions
                GROUP BoundaryConditions: Execute all boundary conditions
                  Boundary::Boundary_ApplyPhysicalBCs: Apply all requested local physical boundary conditions
                  CartGrid3D::CartGrid3D_ApplyBC: Apply symmetry boundary conditions
                  ReflectionSymmetry::ReflectionSymmetry_Apply: Apply reflection symmetries
                Boundary::Boundary_ClearSelection: [level] Unselect all grid variables for boundary conditions
        GROUP CalcNPScalars: Calculate NPScalars
          NPScalars::NP_calcPsiGF: [local] calculate Psi4 as grid function
          GROUP CalcNPScalars_BC: Boundary conditions
            NPScalars::NPboundaries: [level] Symmetry boundary conditions
            GROUP ApplyBCs_NP: Apply boundary conditions
              GROUP BoundaryConditions: Execute all boundary conditions
                Boundary::Boundary_ApplyPhysicalBCs: Apply all requested local physical boundary conditions
                CartGrid3D::CartGrid3D_ApplyBC: Apply symmetry boundary conditions
                ReflectionSymmetry::ReflectionSymmetry_Apply: Apply reflection symmetries
              Boundary::Boundary_ClearSelection: [level] Unselect all grid variables for boundary conditions
        GROUP CalcNPEMGScalars: Calculate NPScalars
          NPScalars_EMG::NPEMG_calcPsiGF: [local] calculate grid functions
          GROUP CalcNPEMGScalars_BC: Boundary conditions
            NPScalars_EMG::NPEMG_Boundaries: [level] Symmetry boundary conditions
            GROUP ApplyBCs_NPEMG: Apply boundary conditions
              GROUP BoundaryConditions: Execute all boundary conditions
                Boundary::Boundary_ApplyPhysicalBCs: Apply all requested local physical boundary conditions
                CartGrid3D::CartGrid3D_ApplyBC: Apply symmetry boundary conditions
                ReflectionSymmetry::ReflectionSymmetry_Apply: Apply reflection symmetries
              Boundary::Boundary_ClearSelection: [level] Unselect all grid variables for boundary conditions
      Initialise finer grids recursively
      Restrict from finer grids
      [CCTK_POSTRESTRICTINITIAL]
        GROUP MoL_PostStep: Ensure that everything is correct after restriction
          LeanBSSNMoL::LeanBSSN_remove_trA: Remove trace of A
          EMGEvolve::EMG_Boundaries: [level] MoL boundary enforcement for EMG variables
          GROUP EMG_ApplyBCs: Apply boundary conditions
            GROUP BoundaryConditions: Execute all boundary conditions
              Boundary::Boundary_ApplyPhysicalBCs: Apply all requested local physical boundary conditions
              CartGrid3D::CartGrid3D_ApplyBC: Apply symmetry boundary conditions
              ReflectionSymmetry::ReflectionSymmetry_Apply: Apply reflection symmetries
            Boundary::Boundary_ClearSelection: [level] Unselect all grid variables for boundary conditions
          LeanBSSNMoL::LeanBSSN_impose_conf_fac_floor: Make sure conformal factor does not drop below specified value
          LeanBSSNMoL::LeanBSSN_Boundaries: [level] MoL boundary enforcement
          GROUP LeanBSSN_ApplyBCs: Apply boundary conditions
            GROUP BoundaryConditions: Execute all boundary conditions
              Boundary::Boundary_ApplyPhysicalBCs: Apply all requested local physical boundary conditions
              CartGrid3D::CartGrid3D_ApplyBC: Apply symmetry boundary conditions
              ReflectionSymmetry::ReflectionSymmetry_Apply: Apply reflection symmetries
            Boundary::Boundary_ClearSelection: [level] Unselect all grid variables for boundary conditions
          LeanBSSNMoL::LeanBSSN_bssn2adm: [local] Convert variables back to the ADM ones
          GROUP ADMBase_SetADMVars: Set the ADM variables before this group, and use them afterwards
          GROUP SetTmunu: Group for calculating the stress-energy tensor
            TmunuBase::TmunuBase_ZeroTmunu: Initialise the stress-energy tensor to zero
            GROUP AddToTmunu: Add to the stress-energy tensor here
              EMGEvolve::EMG_AddToTmunu: Compute the energy-momentum tensor
        GROUP MoL_PseudoEvolutionBoundaries: Apply boundary conditions to pseudo-evolved quantities
        GROUP CalcNPScalars_BC: Boundary conditions
          NPScalars::NPboundaries: [level] Symmetry boundary conditions
          GROUP ApplyBCs_NP: Apply boundary conditions
            GROUP BoundaryConditions: Execute all boundary conditions
              Boundary::Boundary_ApplyPhysicalBCs: Apply all requested local physical boundary conditions
              CartGrid3D::CartGrid3D_ApplyBC: Apply symmetry boundary conditions
              ReflectionSymmetry::ReflectionSymmetry_Apply: Apply reflection symmetries
            Boundary::Boundary_ClearSelection: [level] Unselect all grid variables for boundary conditions
        GROUP CalcNPEMGScalars_BC: Boundary conditions
          NPScalars_EMG::NPEMG_Boundaries: [level] Symmetry boundary conditions
          GROUP ApplyBCs_NPEMG: Apply boundary conditions
            GROUP BoundaryConditions: Execute all boundary conditions
              Boundary::Boundary_ApplyPhysicalBCs: Apply all requested local physical boundary conditions
              CartGrid3D::CartGrid3D_ApplyBC: Apply symmetry boundary conditions
              ReflectionSymmetry::ReflectionSymmetry_Apply: Apply reflection symmetries
            Boundary::Boundary_ClearSelection: [level] Unselect all grid variables for boundary conditions
      [CCTK_POSTPOSTINITIAL]
      [CCTK_POSTSTEP]
        AHFinderDirect::AHFinderDirect_import_mask: [global] [loop-local] import the excision mask
        AHFinderDirect::AHFinderDirect_find_horizons: [global] find apparent horizon(s) after this time step
        AHFinderDirect::AHFinderDirect_store: [global] store apparent horizon(s) into spherical surface(s)
        AHFinderDirect::AHFinderDirect_save: [global] save apparent horizon(s) into Cactus variables
        AHFinderDirect::AHFinderDirect_maybe_do_masks: set mask(s) based on apparent horizon position(s)
        SphericalSurface::SphericalSurface_Set: [global] Set surface radii
        GROUP SphericalSurface_HasBeenSet: Set the spherical surfaces before this group, and use it afterwards
          SphericalSurface::SphericalSurface_CheckState: [global] Test the state of the spherical surfaces
        GROUP zzz_NaNChecker_NaNCheck: Check for NaNs and count them in NaNChecker::NaNsFound
          NaNChecker::NaNChecker_NaNCheck_Prepare: [level] Prepare data structures to check for NaNs
          NaNChecker::NaNChecker_NaNCheck_Check: [local] Check for NaNs
          NaNChecker::NaNChecker_NaNCheck_Finish: [level] Count NaNs in NaNChecker::NaNsFound
        NaNChecker::NaNChecker_TakeAction: [global] [loop-level] Output NaNChecker::NaNmask and take action according to NaNChecker::action_if_found
        PunctureTracker::PunctureTracker_SetPositions: [global] Copy puncture positions to spherical surfaces
        SpaceMask::CheckMask: Ensure that all mask values are legal
        Dissipation::setup_epsdis: Setup spatially varying dissipation
        GROUP MaskBase_SetupMask: Set up the weight function
          GROUP MaskBase_SetupMaskAll: Set up the weight function
            CarpetReduce::MaskBase_AllocateMask: [global] Allocate the weight function
            CarpetReduce::MaskBase_InitMask: [global] [loop-local] Initialise the weight function
            GROUP SetupIMaskInternal: Set up the integer weight function (schedule other routines in here)
              CarpetReduce::CoordBase_SetupMask: [global] [loop-local] Set up the outer boundaries of the weight function
              CarpetReduce::CarpetMaskSetup: [global] [loop-singlemap] Set up the weight function for the restriction regions
            GROUP SetupIMask: Set up the integer weight function (schedule other routines in here)
              CarpetMask::CarpetExcludedSetup: [global] [loop-local] Set up the weight function for the excluded regions
              CarpetMask::CarpetSurfaceSetup: [global] [loop-local] Set up the weight function for the excluded spherical surfaces
            CarpetReduce::MaskBase_SetMask: [global] [loop-local] Set the weight function
            GROUP SetupMask: Set up the real weight function (schedule other routines in here)
            CarpetReduce::MaskBase_TestMask: [global] Test the weight function
    endif
    if (recover initial data)
      [CCTK_BASEGRID]
        ADMBase::ADMBase_SetShiftStateOn: Set the shift_state variable to 1
        ADMBase::ADMBase_SetDtLapseStateOn: Set the dtlapse_state variable to 1
        ADMBase::ADMBase_SetDtShiftStateOn: Set the dtshift_state variable to 1
        ADMMacros::ADMMacros_SetLocalSpatialOrder: Initialize the local_spatial_order
        CartGrid3D::SpatialSpacings: Set up ranges for spatial 3D Cartesian coordinates (on all grids)
        CartGrid3D::SpatialCoordinates: Set up spatial 3D Cartesian coordinates on the GH
        SphericalSurface::SphericalSurface_SetupRes: [global] [loop-local] Set surface resolution automatically
        AHFinderDirect::AHFinderDirect_setup: [global] setup data structures
        Dissipation::dissipation_basegrid: Ensure that there are enough ghost zones
        EMGBase::emg_symmetries: [global] Register symmetries of the grid functions
        EMGEvolve::EMG_InitSymBound: [meta] Schedule symmetries
        EMGEvolve::EMG_zero_rhs: set all rhs functions to zero to prevent spurious nans
        LeanBSSNMoL::LeanBSSN_symmetries: [global] Register symmetries of the BSSN grid functions
        LeanBSSNMoL::LeanBSSN_zero_rhs: Set all rhs functions to zero to prevent spurious nans
        NPScalars::NP_symmetries: [meta] Set symmetries for grid functions
        NPScalars_EMG::NPEMG_symmetries: [meta] Set symmetries for grid functions
        NaNChecker::NaNChecker_ResetCounter: [global] Reset the NaNChecker::NaNsFound counter
        SpaceMask::MaskZero: Initialise mask to zero
        SpaceMask::MaskOne: Set old style mask to one
        SphericalSurface::SphericalSurface_Setup: [global] Calculate surface coordinate descriptors
        GROUP MaskBase_SetupMask: Set up the weight function
          GROUP MaskBase_SetupMaskAll: Set up the weight function
            CarpetReduce::MaskBase_AllocateMask: [global] Allocate the weight function
            CarpetReduce::MaskBase_InitMask: [global] [loop-local] Initialise the weight function
            GROUP SetupIMaskInternal: Set up the integer weight function (schedule other routines in here)
              CarpetReduce::CoordBase_SetupMask: [global] [loop-local] Set up the outer boundaries of the weight function
              CarpetReduce::CarpetMaskSetup: [global] [loop-singlemap] Set up the weight function for the restriction regions
            GROUP SetupIMask: Set up the integer weight function (schedule other routines in here)
              CarpetMask::CarpetExcludedSetup: [global] [loop-local] Set up the weight function for the excluded regions
              CarpetMask::CarpetSurfaceSetup: [global] [loop-local] Set up the weight function for the excluded spherical surfaces
            CarpetReduce::MaskBase_SetMask: [global] [loop-local] Set the weight function
            GROUP SetupMask: Set up the real weight function (schedule other routines in here)
            CarpetReduce::MaskBase_TestMask: [global] Test the weight function
        SphericalSurface::SphericalSurface_Set: [global] Set surface radii to be used for initial setup in other thorns
        GROUP SphericalSurface_HasBeenSet: Set the spherical surfaces before this group, and use it afterwards
          SphericalSurface::SphericalSurface_CheckState: [global] Test the state of the spherical surfaces
        SymBase::SymBase_Check: Check whether the driver set up the grid consistently
        TerminationTrigger::TerminationTrigger_ResetTrigger: Clear trigger state
        TerminationTrigger::TerminationTrigger_StartTimer: Start timer
        TerminationTrigger::TerminationTrigger_CreateFile: Create termination file
        Time::Time_Initialise: [global] Initialise Time variables
        Time::TemporalSpacings: [singlemap] Set timestep based on Courant condition (courant_static)
      [CCTK_RECOVER_VARIABLES]
        IOUtil::IOUtil_RecoverGH: [level] Checkpoint recovery routine
      [CCTK_POST_RECOVER_VARIABLES]
        AHFinderDirect::AHFinderDirect_recover: [global] import horizon data from Cactus variables
        CarpetIOHDF5::CarpetIOHDF5_InitCheckpointingIntervals: [global] Initialisation of checkpointing intervals after recovery
        CarpetIOHDF5::CarpetIOHDF5_CloseFiles: [meta] Close all initial data checkpoint files after recovery
        GROUP MaskBase_SetupMask: Set up the weight function
          GROUP MaskBase_SetupMaskAll: Set up the weight function
            CarpetReduce::MaskBase_AllocateMask: [global] Allocate the weight function
            CarpetReduce::MaskBase_InitMask: [global] [loop-local] Initialise the weight function
            GROUP SetupIMaskInternal: Set up the integer weight function (schedule other routines in here)
              CarpetReduce::CoordBase_SetupMask: [global] [loop-local] Set up the outer boundaries of the weight function
              CarpetReduce::CarpetMaskSetup: [global] [loop-singlemap] Set up the weight function for the restriction regions
            GROUP SetupIMask: Set up the integer weight function (schedule other routines in here)
              CarpetMask::CarpetExcludedSetup: [global] [loop-local] Set up the weight function for the excluded regions
              CarpetMask::CarpetSurfaceSetup: [global] [loop-local] Set up the weight function for the excluded spherical surfaces
            CarpetReduce::MaskBase_SetMask: [global] [loop-local] Set the weight function
            GROUP SetupMask: Set up the real weight function (schedule other routines in here)
            CarpetReduce::MaskBase_TestMask: [global] Test the weight function
        GROUP MoL_PostStep: Ensure that everything is correct after recovery
          LeanBSSNMoL::LeanBSSN_remove_trA: Remove trace of A
          EMGEvolve::EMG_Boundaries: [level] MoL boundary enforcement for EMG variables
          GROUP EMG_ApplyBCs: Apply boundary conditions
            GROUP BoundaryConditions: Execute all boundary conditions
              Boundary::Boundary_ApplyPhysicalBCs: Apply all requested local physical boundary conditions
              CartGrid3D::CartGrid3D_ApplyBC: Apply symmetry boundary conditions
              ReflectionSymmetry::ReflectionSymmetry_Apply: Apply reflection symmetries
            Boundary::Boundary_ClearSelection: [level] Unselect all grid variables for boundary conditions
          LeanBSSNMoL::LeanBSSN_impose_conf_fac_floor: Make sure conformal factor does not drop below specified value
          LeanBSSNMoL::LeanBSSN_Boundaries: [level] MoL boundary enforcement
          GROUP LeanBSSN_ApplyBCs: Apply boundary conditions
            GROUP BoundaryConditions: Execute all boundary conditions
              Boundary::Boundary_ApplyPhysicalBCs: Apply all requested local physical boundary conditions
              CartGrid3D::CartGrid3D_ApplyBC: Apply symmetry boundary conditions
              ReflectionSymmetry::ReflectionSymmetry_Apply: Apply reflection symmetries
            Boundary::Boundary_ClearSelection: [level] Unselect all grid variables for boundary conditions
          LeanBSSNMoL::LeanBSSN_bssn2adm: [local] Convert variables back to the ADM ones
          GROUP ADMBase_SetADMVars: Set the ADM variables before this group, and use them afterwards
          GROUP SetTmunu: Group for calculating the stress-energy tensor
            TmunuBase::TmunuBase_ZeroTmunu: Initialise the stress-energy tensor to zero
            GROUP AddToTmunu: Add to the stress-energy tensor here
              EMGEvolve::EMG_AddToTmunu: Compute the energy-momentum tensor
        GROUP zzz_NaNChecker_NaNCheck: Check for NaNs and count them in NaNChecker::NaNsFound
          NaNChecker::NaNChecker_NaNCheck_Prepare: [level] Prepare data structures to check for NaNs
          NaNChecker::NaNChecker_NaNCheck_Check: [local] Check for NaNs
          NaNChecker::NaNChecker_NaNCheck_Finish: [level] Count NaNs in NaNChecker::NaNsFound
        NaNChecker::NaNChecker_TakeAction: [global] [loop-level] Output NaNChecker::NaNmask and take action according to NaNChecker::action_if_found
        TerminationTrigger::TerminationTrigger_ResetMinutes: [global] Reset Watchtime
    endif
    if (checkpoint initial data)
      [CCTK_CPINITIAL]
        CarpetIOHDF5::CarpetIOHDF5_InitialDataCheckpoint: [meta] Initial data checkpoint routine
    endif
    if (analysis)
      [CCTK_ANALYSIS]
        CarpetLib::CarpetLib_printtimestats: [global] Print timing statistics if desired
        CarpetLib::CarpetLib_printmemstats: [global] Print memory statistics if desired
        GROUP EMG_constraints: Group to compute constraints
          EMGEvolve::EMG_constraints: Compute constraints
          EMGEvolve::EMG_constraints_boundaries: [level] Enforce symmetry BCs in constraint computation
          GROUP EMG_constraints_ApplyBCs: Apply boundary conditions
            GROUP BoundaryConditions: Execute all boundary conditions
              Boundary::Boundary_ApplyPhysicalBCs: Apply all requested local physical boundary conditions
              CartGrid3D::CartGrid3D_ApplyBC: Apply symmetry boundary conditions
              ReflectionSymmetry::ReflectionSymmetry_Apply: Apply reflection symmetries
            Boundary::Boundary_ClearSelection: [level] Unselect all grid variables for boundary conditions
        GROUP LeanBSSN_constraints: Compute constraints
          LeanBSSNMoL::LeanBSSN_bssn_constraints: Compute constraints
          LeanBSSNMoL::LeanBSSN_Constraints_Boundaries: [level] Enforce symmetry BCs in constraint computation
          GROUP LeanBSSN_Constraints_ApplyBCs: Apply boundary conditions
            GROUP BoundaryConditions: Execute all boundary conditions
              Boundary::Boundary_ApplyPhysicalBCs: Apply all requested local physical boundary conditions
              CartGrid3D::CartGrid3D_ApplyBC: Apply symmetry boundary conditions
              ReflectionSymmetry::ReflectionSymmetry_Apply: Apply reflection symmetries
            Boundary::Boundary_ClearSelection: [level] Unselect all grid variables for boundary conditions
        LoopControl::LC_statistics_analysis: [meta] Output LoopControl statistics
        Multipole::Multipole_Calc: [global] Calculate Multipoles
        GROUP CalcNPEMGScalars: Calculate NPScalars
          NPScalars_EMG::NPEMG_calcPsiGF: [local] calculate grid functions
          GROUP CalcNPEMGScalars_BC: Boundary conditions
            NPScalars_EMG::NPEMG_Boundaries: [level] Symmetry boundary conditions
            GROUP ApplyBCs_NPEMG: Apply boundary conditions
              GROUP BoundaryConditions: Execute all boundary conditions
                Boundary::Boundary_ApplyPhysicalBCs: Apply all requested local physical boundary conditions
                CartGrid3D::CartGrid3D_ApplyBC: Apply symmetry boundary conditions
                ReflectionSymmetry::ReflectionSymmetry_Apply: Apply reflection symmetries
              Boundary::Boundary_ClearSelection: [level] Unselect all grid variables for boundary conditions
        QuasiLocalMeasures::qlm_calculate: [global] Calculate quasi-local quantities
        SystemStatistics::SystemStatistics_Collect: [global] Collect system statistics
        TerminationTrigger::TerminationTrigger_CheckWalltime: Check elapsed job walltime
        TerminationTrigger::TerminationTrigger_CheckSignal: Check if we received a termination signal
        TerminationTrigger::TerminationTrigger_CheckFile: Check termination file
        TimerReport::zzz_TimerReport_Output: [global] Print the timer report
  endif
  Output grid variables

  do loop over timesteps
    [CCTK_PREREGRID]
      CarpetTracker::CarpetTracker_SetPositions: [global] Set positions of refined regions
    Change grid hierarchy
    [CCTK_POSTREGRID]
      SpaceMask::MaskZero: Initialise mask to zero
      CartGrid3D::SpatialCoordinates: Set Coordinates after regridding
      GROUP MaskBase_SetupMask: Set up the weight function
        GROUP MaskBase_SetupMaskAll: Set up the weight function
          CarpetReduce::MaskBase_AllocateMask: [global] Allocate the weight function
          CarpetReduce::MaskBase_InitMask: [global] [loop-local] Initialise the weight function
          GROUP SetupIMaskInternal: Set up the integer weight function (schedule other routines in here)
            CarpetReduce::CoordBase_SetupMask: [global] [loop-local] Set up the outer boundaries of the weight function
            CarpetReduce::CarpetMaskSetup: [global] [loop-singlemap] Set up the weight function for the restriction regions
          GROUP SetupIMask: Set up the integer weight function (schedule other routines in here)
            CarpetMask::CarpetExcludedSetup: [global] [loop-local] Set up the weight function for the excluded regions
            CarpetMask::CarpetSurfaceSetup: [global] [loop-local] Set up the weight function for the excluded spherical surfaces
          CarpetReduce::MaskBase_SetMask: [global] [loop-local] Set the weight function
          GROUP SetupMask: Set up the real weight function (schedule other routines in here)
          CarpetReduce::MaskBase_TestMask: [global] Test the weight function
      Dissipation::setup_epsdis: Setup spatially varying dissipation
      GROUP MoL_PostStep: Ensure that everything is correct after regridding
        LeanBSSNMoL::LeanBSSN_remove_trA: Remove trace of A
        EMGEvolve::EMG_Boundaries: [level] MoL boundary enforcement for EMG variables
        GROUP EMG_ApplyBCs: Apply boundary conditions
          GROUP BoundaryConditions: Execute all boundary conditions
            Boundary::Boundary_ApplyPhysicalBCs: Apply all requested local physical boundary conditions
            CartGrid3D::CartGrid3D_ApplyBC: Apply symmetry boundary conditions
            ReflectionSymmetry::ReflectionSymmetry_Apply: Apply reflection symmetries
          Boundary::Boundary_ClearSelection: [level] Unselect all grid variables for boundary conditions
        LeanBSSNMoL::LeanBSSN_impose_conf_fac_floor: Make sure conformal factor does not drop below specified value
        LeanBSSNMoL::LeanBSSN_Boundaries: [level] MoL boundary enforcement
        GROUP LeanBSSN_ApplyBCs: Apply boundary conditions
          GROUP BoundaryConditions: Execute all boundary conditions
            Boundary::Boundary_ApplyPhysicalBCs: Apply all requested local physical boundary conditions
            CartGrid3D::CartGrid3D_ApplyBC: Apply symmetry boundary conditions
            ReflectionSymmetry::ReflectionSymmetry_Apply: Apply reflection symmetries
          Boundary::Boundary_ClearSelection: [level] Unselect all grid variables for boundary conditions
        LeanBSSNMoL::LeanBSSN_bssn2adm: [local] Convert variables back to the ADM ones
        GROUP ADMBase_SetADMVars: Set the ADM variables before this group, and use them afterwards
        GROUP SetTmunu: Group for calculating the stress-energy tensor
          TmunuBase::TmunuBase_ZeroTmunu: Initialise the stress-energy tensor to zero
          GROUP AddToTmunu: Add to the stress-energy tensor here
            EMGEvolve::EMG_AddToTmunu: Compute the energy-momentum tensor
      GROUP MoL_PseudoEvolutionBoundaries: Apply boundary conditions to pseudo-evolved quantities
      GROUP CalcNPScalars_BC: Boundary conditions
        NPScalars::NPboundaries: [level] Symmetry boundary conditions
        GROUP ApplyBCs_NP: Apply boundary conditions
          GROUP BoundaryConditions: Execute all boundary conditions
            Boundary::Boundary_ApplyPhysicalBCs: Apply all requested local physical boundary conditions
            CartGrid3D::CartGrid3D_ApplyBC: Apply symmetry boundary conditions
            ReflectionSymmetry::ReflectionSymmetry_Apply: Apply reflection symmetries
          Boundary::Boundary_ClearSelection: [level] Unselect all grid variables for boundary conditions
      GROUP CalcNPEMGScalars_BC: Boundary conditions
        NPScalars_EMG::NPEMG_Boundaries: [level] Symmetry boundary conditions
        GROUP ApplyBCs_NPEMG: Apply boundary conditions
          GROUP BoundaryConditions: Execute all boundary conditions
            Boundary::Boundary_ApplyPhysicalBCs: Apply all requested local physical boundary conditions
            CartGrid3D::CartGrid3D_ApplyBC: Apply symmetry boundary conditions
            ReflectionSymmetry::ReflectionSymmetry_Apply: Apply reflection symmetries
          Boundary::Boundary_ClearSelection: [level] Unselect all grid variables for boundary conditions
      SpaceMask::MaskOne: Set mask to one
      AHFinderDirect::AHFinderDirect_maybe_do_masks: set mask(s) based on apparent horizon position(s)
    Rotate timelevels
    iteration = iteration+1
    t = t+dt
    [CCTK_PRESTEP]
      CoordGauge::Einstein_SetNextSlicing: Identify the slicing for the next iteration
      LoopControl::LC_steer: [meta] Update LoopControl algorithm preferences
      NaNChecker::NaNChecker_ResetCounter: [global] Reset the NaNChecker::NaNsFound counter
    [CCTK_EVOL]
      MoL::MoL_StartLoop: [level] Initialise the step size control
      while (MoL::MoL_Stepsize_Bad)
        GROUP MoL_Evolution: A single Cactus evolution step using MoL
          GROUP MoL_StartStep: MoL internal setup for the evolution step
            MoL::MoL_SetCounter: [level] Set the counter for the ODE method to loop over
            MoL::MoL_SetTime: [level] Ensure the correct time and timestep are used
            MoL::MoL_AllocateScratchSpace: [level] Allocate storage for scratch levels
          GROUP MoL_PreStep: Physics thorns can schedule preloop setup routines in here
          MoL::MoL_AllocateScratch: Allocate sufficient space for array scratch variables
          MoL::MoL_InitialCopy: Ensure the data is in the correct timelevel
          while (MoL::MoL_Intermediate_Step)
            GROUP MoL_Step: The loop over the intermediate steps for the ODE integrator
              MoL::MoL_InitRHS: Initialise the RHS functions
              GROUP MoL_CalcRHS: Physics thorns schedule the calculation of the discrete spatial operator in here
                EMGEvolve::EMG_CalcRHS: MoL RHS calculation for EMG variables
                EMGEvolve::EMG_CalcRHS_Bdry: MoL boundary RHS calculation for EMG variables
                LeanBSSNMoL::LeanBSSN_CalcRHS: MoL RHS calculation
                LeanBSSNMoL::LeanBSSN_CalcRHS_Bdry: MoL boundary RHS calculation
              GROUP MoL_PostRHS: Modify RHS functions
                Dissipation::dissipation_add: Add Kreiss-Oliger dissipation to the right hand sides
              GROUP MoL_RHSBoundaries: Any 'final' modifications to the RHS functions (boundaries etc.)
              MoL::MoL_Add: Updates calculated with the efficient Runge-Kutta 4 method
              MoL::MoL_DecrementCounter: [level] Alter the counter number
              MoL::MoL_ResetTime: [level] If necessary, change the time
              GROUP MoL_PostStepModify: The group for physics thorns to schedule enforcing constraints
              GROUP MoL_PostStep: The group for physics thorns to schedule boundary calls etc.
                LeanBSSNMoL::LeanBSSN_remove_trA: Remove trace of A
                EMGEvolve::EMG_Boundaries: [level] MoL boundary enforcement for EMG variables
                GROUP EMG_ApplyBCs: Apply boundary conditions
                  GROUP BoundaryConditions: Execute all boundary conditions
                    Boundary::Boundary_ApplyPhysicalBCs: Apply all requested local physical boundary conditions
                    CartGrid3D::CartGrid3D_ApplyBC: Apply symmetry boundary conditions
                    ReflectionSymmetry::ReflectionSymmetry_Apply: Apply reflection symmetries
                  Boundary::Boundary_ClearSelection: [level] Unselect all grid variables for boundary conditions
                LeanBSSNMoL::LeanBSSN_impose_conf_fac_floor: Make sure conformal factor does not drop below specified value
                LeanBSSNMoL::LeanBSSN_Boundaries: [level] MoL boundary enforcement
                GROUP LeanBSSN_ApplyBCs: Apply boundary conditions
                  GROUP BoundaryConditions: Execute all boundary conditions
                    Boundary::Boundary_ApplyPhysicalBCs: Apply all requested local physical boundary conditions
                    CartGrid3D::CartGrid3D_ApplyBC: Apply symmetry boundary conditions
                    ReflectionSymmetry::ReflectionSymmetry_Apply: Apply reflection symmetries
                  Boundary::Boundary_ClearSelection: [level] Unselect all grid variables for boundary conditions
                LeanBSSNMoL::LeanBSSN_bssn2adm: [local] Convert variables back to the ADM ones
                GROUP ADMBase_SetADMVars: Set the ADM variables before this group, and use them afterwards
                GROUP SetTmunu: Group for calculating the stress-energy tensor
                  TmunuBase::TmunuBase_ZeroTmunu: Initialise the stress-energy tensor to zero
                  GROUP AddToTmunu: Add to the stress-energy tensor here
                    EMGEvolve::EMG_AddToTmunu: Compute the energy-momentum tensor
              MoL::MoL_ResetDeltaTime: [level] If necessary, change the timestep
          end while
          MoL::MoL_FinishLoop: [level] Control the step size
          MoL::MoL_RestoreSandR: Restoring the Save and Restore variables to the original state
          MoL::MoL_FreeScratchSpace: [level] Free storage for scratch levels
      end while
      GROUP MoL_PseudoEvolution: Calculate pseudo-evolved quantities
        GROUP ADMBase_SetADMVars: Set the ADM variables before this group, and use them afterwards
        GROUP CalcNPScalars: Calculate NPScalars
          NPScalars::NP_calcPsiGF: [local] calculate Psi4 as grid function
          GROUP CalcNPScalars_BC: Boundary conditions
            NPScalars::NPboundaries: [level] Symmetry boundary conditions
            GROUP ApplyBCs_NP: Apply boundary conditions
              GROUP BoundaryConditions: Execute all boundary conditions
                Boundary::Boundary_ApplyPhysicalBCs: Apply all requested local physical boundary conditions
                CartGrid3D::CartGrid3D_ApplyBC: Apply symmetry boundary conditions
                ReflectionSymmetry::ReflectionSymmetry_Apply: Apply reflection symmetries
              Boundary::Boundary_ClearSelection: [level] Unselect all grid variables for boundary conditions
      PunctureTracker::PunctureTracker_Track: [global] Calculate new location of punctures
    Evolve finer grids recursively
    Restrict from finer grids
    [CCTK_POSTRESTRICT]
      GROUP MoL_PostStep: Ensure that everything is correct after restriction
        LeanBSSNMoL::LeanBSSN_remove_trA: Remove trace of A
        EMGEvolve::EMG_Boundaries: [level] MoL boundary enforcement for EMG variables
        GROUP EMG_ApplyBCs: Apply boundary conditions
          GROUP BoundaryConditions: Execute all boundary conditions
            Boundary::Boundary_ApplyPhysicalBCs: Apply all requested local physical boundary conditions
            CartGrid3D::CartGrid3D_ApplyBC: Apply symmetry boundary conditions
            ReflectionSymmetry::ReflectionSymmetry_Apply: Apply reflection symmetries
          Boundary::Boundary_ClearSelection: [level] Unselect all grid variables for boundary conditions
        LeanBSSNMoL::LeanBSSN_impose_conf_fac_floor: Make sure conformal factor does not drop below specified value
        LeanBSSNMoL::LeanBSSN_Boundaries: [level] MoL boundary enforcement
        GROUP LeanBSSN_ApplyBCs: Apply boundary conditions
          GROUP BoundaryConditions: Execute all boundary conditions
            Boundary::Boundary_ApplyPhysicalBCs: Apply all requested local physical boundary conditions
            CartGrid3D::CartGrid3D_ApplyBC: Apply symmetry boundary conditions
            ReflectionSymmetry::ReflectionSymmetry_Apply: Apply reflection symmetries
          Boundary::Boundary_ClearSelection: [level] Unselect all grid variables for boundary conditions
        LeanBSSNMoL::LeanBSSN_bssn2adm: [local] Convert variables back to the ADM ones
        GROUP ADMBase_SetADMVars: Set the ADM variables before this group, and use them afterwards
        GROUP SetTmunu: Group for calculating the stress-energy tensor
          TmunuBase::TmunuBase_ZeroTmunu: Initialise the stress-energy tensor to zero
          GROUP AddToTmunu: Add to the stress-energy tensor here
            EMGEvolve::EMG_AddToTmunu: Compute the energy-momentum tensor
      GROUP MoL_PseudoEvolutionBoundaries: Apply boundary conditions to pseudo-evolved quantities
      GROUP CalcNPScalars_BC: Boundary conditions
        NPScalars::NPboundaries: [level] Symmetry boundary conditions
        GROUP ApplyBCs_NP: Apply boundary conditions
          GROUP BoundaryConditions: Execute all boundary conditions
            Boundary::Boundary_ApplyPhysicalBCs: Apply all requested local physical boundary conditions
            CartGrid3D::CartGrid3D_ApplyBC: Apply symmetry boundary conditions
            ReflectionSymmetry::ReflectionSymmetry_Apply: Apply reflection symmetries
          Boundary::Boundary_ClearSelection: [level] Unselect all grid variables for boundary conditions
      GROUP CalcNPEMGScalars_BC: Boundary conditions
        NPScalars_EMG::NPEMG_Boundaries: [level] Symmetry boundary conditions
        GROUP ApplyBCs_NPEMG: Apply boundary conditions
          GROUP BoundaryConditions: Execute all boundary conditions
            Boundary::Boundary_ApplyPhysicalBCs: Apply all requested local physical boundary conditions
            CartGrid3D::CartGrid3D_ApplyBC: Apply symmetry boundary conditions
            ReflectionSymmetry::ReflectionSymmetry_Apply: Apply reflection symmetries
          Boundary::Boundary_ClearSelection: [level] Unselect all grid variables for boundary conditions
    [CCTK_POSTSTEP]
      AHFinderDirect::AHFinderDirect_import_mask: [global] [loop-local] import the excision mask
      AHFinderDirect::AHFinderDirect_find_horizons: [global] find apparent horizon(s) after this time step
      AHFinderDirect::AHFinderDirect_store: [global] store apparent horizon(s) into spherical surface(s)
      AHFinderDirect::AHFinderDirect_save: [global] save apparent horizon(s) into Cactus variables
      AHFinderDirect::AHFinderDirect_maybe_do_masks: set mask(s) based on apparent horizon position(s)
      SphericalSurface::SphericalSurface_Set: [global] Set surface radii
      GROUP SphericalSurface_HasBeenSet: Set the spherical surfaces before this group, and use it afterwards
        SphericalSurface::SphericalSurface_CheckState: [global] Test the state of the spherical surfaces
      GROUP zzz_NaNChecker_NaNCheck: Check for NaNs and count them in NaNChecker::NaNsFound
        NaNChecker::NaNChecker_NaNCheck_Prepare: [level] Prepare data structures to check for NaNs
        NaNChecker::NaNChecker_NaNCheck_Check: [local] Check for NaNs
        NaNChecker::NaNChecker_NaNCheck_Finish: [level] Count NaNs in NaNChecker::NaNsFound
      NaNChecker::NaNChecker_TakeAction: [global] [loop-level] Output NaNChecker::NaNmask and take action according to NaNChecker::action_if_found
      PunctureTracker::PunctureTracker_SetPositions: [global] Copy puncture positions to spherical surfaces
      SpaceMask::CheckMask: Ensure that all mask values are legal
      Dissipation::setup_epsdis: Setup spatially varying dissipation
      GROUP MaskBase_SetupMask: Set up the weight function
        GROUP MaskBase_SetupMaskAll: Set up the weight function
          CarpetReduce::MaskBase_AllocateMask: [global] Allocate the weight function
          CarpetReduce::MaskBase_InitMask: [global] [loop-local] Initialise the weight function
          GROUP SetupIMaskInternal: Set up the integer weight function (schedule other routines in here)
            CarpetReduce::CoordBase_SetupMask: [global] [loop-local] Set up the outer boundaries of the weight function
            CarpetReduce::CarpetMaskSetup: [global] [loop-singlemap] Set up the weight function for the restriction regions
          GROUP SetupIMask: Set up the integer weight function (schedule other routines in here)
            CarpetMask::CarpetExcludedSetup: [global] [loop-local] Set up the weight function for the excluded regions
            CarpetMask::CarpetSurfaceSetup: [global] [loop-local] Set up the weight function for the excluded spherical surfaces
          CarpetReduce::MaskBase_SetMask: [global] [loop-local] Set the weight function
          GROUP SetupMask: Set up the real weight function (schedule other routines in here)
          CarpetReduce::MaskBase_TestMask: [global] Test the weight function
    if (checkpoint)
      [CCTK_CHECKPOINT]
      CarpetIOHDF5::CarpetIOHDF5_EvolutionCheckpoint: [meta] Evolution checkpoint routine
      TimerReport::zzz_TimerReport_Checkpoint: [global] Print the timer report
    endif
    if (analysis)
      [CCTK_ANALYSIS]
      CarpetLib::CarpetLib_printtimestats: [global] Print timing statistics if desired
      CarpetLib::CarpetLib_printmemstats: [global] Print memory statistics if desired
      GROUP EMG_constraints: Group to compute constraints
        EMGEvolve::EMG_constraints: Compute constraints
        EMGEvolve::EMG_constraints_boundaries: [level] Enforce symmetry BCs in constraint computation
        GROUP EMG_constraints_ApplyBCs: Apply boundary conditions
          GROUP BoundaryConditions: Execute all boundary conditions
            Boundary::Boundary_ApplyPhysicalBCs: Apply all requested local physical boundary conditions
            CartGrid3D::CartGrid3D_ApplyBC: Apply symmetry boundary conditions
            ReflectionSymmetry::ReflectionSymmetry_Apply: Apply reflection symmetries
          Boundary::Boundary_ClearSelection: [level] Unselect all grid variables for boundary conditions
      GROUP LeanBSSN_constraints: Compute constraints
        LeanBSSNMoL::LeanBSSN_bssn_constraints: Compute constraints
        LeanBSSNMoL::LeanBSSN_Constraints_Boundaries: [level] Enforce symmetry BCs in constraint computation
        GROUP LeanBSSN_Constraints_ApplyBCs: Apply boundary conditions
          GROUP BoundaryConditions: Execute all boundary conditions
            Boundary::Boundary_ApplyPhysicalBCs: Apply all requested local physical boundary conditions
            CartGrid3D::CartGrid3D_ApplyBC: Apply symmetry boundary conditions
            ReflectionSymmetry::ReflectionSymmetry_Apply: Apply reflection symmetries
          Boundary::Boundary_ClearSelection: [level] Unselect all grid variables for boundary conditions
      LoopControl::LC_statistics_analysis: [meta] Output LoopControl statistics
      Multipole::Multipole_Calc: [global] Calculate Multipoles
      GROUP CalcNPEMGScalars: Calculate NPScalars
        NPScalars_EMG::NPEMG_calcPsiGF: [local] calculate grid functions
        GROUP CalcNPEMGScalars_BC: Boundary conditions
          NPScalars_EMG::NPEMG_Boundaries: [level] Symmetry boundary conditions
          GROUP ApplyBCs_NPEMG: Apply boundary conditions
            GROUP BoundaryConditions: Execute all boundary conditions
              Boundary::Boundary_ApplyPhysicalBCs: Apply all requested local physical boundary conditions
              CartGrid3D::CartGrid3D_ApplyBC: Apply symmetry boundary conditions
              ReflectionSymmetry::ReflectionSymmetry_Apply: Apply reflection symmetries
            Boundary::Boundary_ClearSelection: [level] Unselect all grid variables for boundary conditions
      QuasiLocalMeasures::qlm_calculate: [global] Calculate quasi-local quantities
      SystemStatistics::SystemStatistics_Collect: [global] Collect system statistics
      TerminationTrigger::TerminationTrigger_CheckWalltime: Check elapsed job walltime
      TerminationTrigger::TerminationTrigger_CheckSignal: Check if we received a termination signal
      TerminationTrigger::TerminationTrigger_CheckFile: Check termination file
      TimerReport::zzz_TimerReport_Output: [global] Print the timer report
    endif
    Output grid variables
    enddo

  Termination routines
    [CCTK_TERMINATE]
      CarpetIOHDF5::CarpetIOHDF5_TerminationCheckpoint: [meta] Termination checkpoint routine
      LoopControl::LC_statistics_terminate: [meta] Output LoopControl statistics
      MoL::MoL_FreeIndexArrays: Free the MoL bookkeeping index arrays
      TimerReport::zzz_TimerReport_Output: [global] Print the timer report

  Shutdown routines
    [CCTK_SHUTDOWN]
      Timers::Timer_Shutdown: Prepare hierarchical timers

  Routines run after changing the grid hierarchy:
    [CCTK_POSTREGRID]
      SpaceMask::MaskZero: Initialise mask to zero
      CartGrid3D::SpatialCoordinates: Set Coordinates after regridding
      GROUP MaskBase_SetupMask: Set up the weight function
        GROUP MaskBase_SetupMaskAll: Set up the weight function
          CarpetReduce::MaskBase_AllocateMask: [global] Allocate the weight function
          CarpetReduce::MaskBase_InitMask: [global] [loop-local] Initialise the weight function
          GROUP SetupIMaskInternal: Set up the integer weight function (schedule other routines in here)
            CarpetReduce::CoordBase_SetupMask: [global] [loop-local] Set up the outer boundaries of the weight function
            CarpetReduce::CarpetMaskSetup: [global] [loop-singlemap] Set up the weight function for the restriction regions
          GROUP SetupIMask: Set up the integer weight function (schedule other routines in here)
            CarpetMask::CarpetExcludedSetup: [global] [loop-local] Set up the weight function for the excluded regions
            CarpetMask::CarpetSurfaceSetup: [global] [loop-local] Set up the weight function for the excluded spherical surfaces
          CarpetReduce::MaskBase_SetMask: [global] [loop-local] Set the weight function
          GROUP SetupMask: Set up the real weight function (schedule other routines in here)
          CarpetReduce::MaskBase_TestMask: [global] Test the weight function
      Dissipation::setup_epsdis: Setup spatially varying dissipation
      GROUP MoL_PostStep: Ensure that everything is correct after regridding
        LeanBSSNMoL::LeanBSSN_remove_trA: Remove trace of A
        EMGEvolve::EMG_Boundaries: [level] MoL boundary enforcement for EMG variables
        GROUP EMG_ApplyBCs: Apply boundary conditions
          GROUP BoundaryConditions: Execute all boundary conditions
            Boundary::Boundary_ApplyPhysicalBCs: Apply all requested local physical boundary conditions
            CartGrid3D::CartGrid3D_ApplyBC: Apply symmetry boundary conditions
            ReflectionSymmetry::ReflectionSymmetry_Apply: Apply reflection symmetries
          Boundary::Boundary_ClearSelection: [level] Unselect all grid variables for boundary conditions
        LeanBSSNMoL::LeanBSSN_impose_conf_fac_floor: Make sure conformal factor does not drop below specified value
        LeanBSSNMoL::LeanBSSN_Boundaries: [level] MoL boundary enforcement
        GROUP LeanBSSN_ApplyBCs: Apply boundary conditions
          GROUP BoundaryConditions: Execute all boundary conditions
            Boundary::Boundary_ApplyPhysicalBCs: Apply all requested local physical boundary conditions
            CartGrid3D::CartGrid3D_ApplyBC: Apply symmetry boundary conditions
            ReflectionSymmetry::ReflectionSymmetry_Apply: Apply reflection symmetries
          Boundary::Boundary_ClearSelection: [level] Unselect all grid variables for boundary conditions
        LeanBSSNMoL::LeanBSSN_bssn2adm: [local] Convert variables back to the ADM ones
        GROUP ADMBase_SetADMVars: Set the ADM variables before this group, and use them afterwards
        GROUP SetTmunu: Group for calculating the stress-energy tensor
          TmunuBase::TmunuBase_ZeroTmunu: Initialise the stress-energy tensor to zero
          GROUP AddToTmunu: Add to the stress-energy tensor here
            EMGEvolve::EMG_AddToTmunu: Compute the energy-momentum tensor
      GROUP MoL_PseudoEvolutionBoundaries: Apply boundary conditions to pseudo-evolved quantities
      GROUP CalcNPScalars_BC: Boundary conditions
        NPScalars::NPboundaries: [level] Symmetry boundary conditions
        GROUP ApplyBCs_NP: Apply boundary conditions
          GROUP BoundaryConditions: Execute all boundary conditions
            Boundary::Boundary_ApplyPhysicalBCs: Apply all requested local physical boundary conditions
            CartGrid3D::CartGrid3D_ApplyBC: Apply symmetry boundary conditions
            ReflectionSymmetry::ReflectionSymmetry_Apply: Apply reflection symmetries
          Boundary::Boundary_ClearSelection: [level] Unselect all grid variables for boundary conditions
      GROUP CalcNPEMGScalars_BC: Boundary conditions
        NPScalars_EMG::NPEMG_Boundaries: [level] Symmetry boundary conditions
        GROUP ApplyBCs_NPEMG: Apply boundary conditions
          GROUP BoundaryConditions: Execute all boundary conditions
            Boundary::Boundary_ApplyPhysicalBCs: Apply all requested local physical boundary conditions
            CartGrid3D::CartGrid3D_ApplyBC: Apply symmetry boundary conditions
            ReflectionSymmetry::ReflectionSymmetry_Apply: Apply reflection symmetries
          Boundary::Boundary_ClearSelection: [level] Unselect all grid variables for boundary conditions
      SpaceMask::MaskOne: Set mask to one
      AHFinderDirect::AHFinderDirect_maybe_do_masks: set mask(s) based on apparent horizon position(s)
--------------------------------------------------------------------------------
INFO (Carpet): Multi-Model listing:
   model 0: "world"
INFO (Carpet): Multi-Model process distribution:
   processes 0-111: model 0 "world"
INFO (Carpet): Multi-Model: This is process 0, model 0 "world"
INFO (CarpetLib): Process startup time was 17.7 seconds
Current core file size limit: hard=[unlimited], soft=0 MB
Current addres space size limit: hard=[unlimited], soft=[unlimited]
Current data segment size limit: hard=[unlimited], soft=[unlimited]
Current resident set size limit: hard=224000 MB, soft=224000 MB
INFO (CycleClock): Measuring CycleClock tick via OpenMP...
INFO (CycleClock): Calibrated CycleClock: 0.499872 ns per clock tick (2.00051 GHz)
INFO (Vectors): Using vector size 1 for architecture scalar (no vectorisation, 64-bit precision)
INFO (hwloc): library version 2.10.0rc3-git, API version 0x20800
--------------------------------------------------------------------------------
AMR driver provided by Carpet
--------------------------------------------------------------------------------
AMR scalar I/O provided by CarpetIOScalar
--------------------------------------------------------------------------------
AMR 0D ASCII I/O provided by CarpetIOASCII
--------------------------------------------------------------------------------
AMR 1D ASCII I/O provided by CarpetIOASCII
--------------------------------------------------------------------------------
AMR 2D ASCII I/O provided by CarpetIOASCII
--------------------------------------------------------------------------------
AMR 3D ASCII I/O provided by CarpetIOASCII
--------------------------------------------------------------------------------
AMR info I/O provided by CarpetIOBasic
--------------------------------------------------------------------------------
MoL: Generalized time integration.
--------------------------------------------------------------------------------
AMR HDF5 I/O provided by CarpetIOHDF5
--------------------------------------------------------------------------------
AMR 0D HDF5 I/O provided by CarpetIOHDF5
--------------------------------------------------------------------------------
AMR 1D HDF5 I/O provided by CarpetIOHDF5
--------------------------------------------------------------------------------
AMR 2D HDF5 I/O provided by CarpetIOHDF5
--------------------------------------------------------------------------------
AMR 3D HDF5 I/O provided by CarpetIOHDF5
--------------------------------------------------------------------------------

INFO (Carpet): MPI is enabled
INFO (Carpet): Carpet is running on 112 processes
INFO (Carpet): This is process 0
INFO (Carpet): OpenMP is enabled
INFO (Carpet): This process contains 1 threads, this is thread 0
INFO (Carpet): There are 112 threads in total
INFO (Carpet): There are 1 threads per process
INFO (Carpet): This process runs on host gs07r3b71, pid=507759
INFO (Carpet): This process runs on 224 cores: 0-223
INFO (Carpet): Thread 0 runs on 224 cores: 0-223
INFO (Carpet): This simulation is running in 3 dimensions
INFO (Carpet): Boundary specification for map 0:
   nboundaryzones: [[3,3,3],[3,3,3]]
   is_internal   : [[0,0,0],[0,0,0]]
   is_staggered  : [[0,0,0],[0,0,0]]
   shiftout      : [[0,0,0],[0,0,0]]
INFO (Carpet): CoordBase domain specification for map 0:
   physical extent: [-512,-512,-512] : [512,512,512]   ([1024,1024,1024])
   interior extent: [-508,-508,-508] : [508,508,508]   ([1016,1016,1016])
   exterior extent: [-520,-520,-520] : [520,520,520]   ([1040,1040,1040])
   base_spacing   : [4,4,4]
INFO (Carpet): Adapted domain specification for map 0:
   convergence factor: 2
   convergence level : 0
   physical extent   : [-512,-512,-512] : [512,512,512]   ([1024,1024,1024])
   interior extent   : [-508,-508,-508] : [508,508,508]   ([1016,1016,1016])
   exterior extent   : [-520,-520,-520] : [520,520,520]   ([1040,1040,1040])
   spacing           : [4,4,4]
INFO (Carpet): Base grid specification for map 0:
   number of grid points             : [261,261,261]
   number of coarse grid ghost points: [[3,3,3],[3,3,3]]
INFO (Carpet): Buffer zone counts (excluding ghosts):
   [0]: [[0,0,0],[0,0,0]]
   [1]: [[9,9,9],[9,9,9]]
   [2]: [[9,9,9],[9,9,9]]
   [3]: [[9,9,9],[9,9,9]]
   [4]: [[9,9,9],[9,9,9]]
   [5]: [[9,9,9],[9,9,9]]
   [6]: [[9,9,9],[9,9,9]]
   [7]: [[9,9,9],[9,9,9]]
INFO (Carpet): Overlap zone counts:
   [0]: [[0,0,0],[0,0,0]]
   [1]: [[0,0,0],[0,0,0]]
   [2]: [[0,0,0],[0,0,0]]
   [3]: [[0,0,0],[0,0,0]]
   [4]: [[0,0,0],[0,0,0]]
   [5]: [[0,0,0],[0,0,0]]
   [6]: [[0,0,0],[0,0,0]]
   [7]: [[0,0,0],[0,0,0]]
INFO (Carpet): Group and variable statistics:
INFO (Carpet):    There are 716 grid functions in 69 groups
INFO (Carpet):    There are 1158 grid scalars in 73 groups
INFO (Carpet):    There are 111 1-dimensional grid arrays in 10 groups
INFO (Carpet):    There are 416 2-dimensional grid arrays in 18 groups
INFO (Carpet):    There are 6 3-dimensional grid arrays in 1 groups
INFO (Carpet):    (The number of variables counts all time levels)
INFO (CarpetIOScalar): Periodic scalar output requested for:
   EMGEVOLVE::Ec
   EMGEVOLVE::Bc
   LEANBSSNMOL::hc
   LEANBSSNMOL::mcx
   LEANBSSNMOL::mcy
   LEANBSSNMOL::mcz
INFO (CarpetIOASCII): I/O Method 'IOASCII_0D' registered: 0D AMR output of grid variables to ASCII files
INFO (CarpetIOASCII): Periodic 0D AMR output requested for:
   CARPET::physical_time_per_hour
   CARPET::current_physical_time_per_hour
   CARPET::time_total
   CARPET::time_evolution
   CARPET::time_computing
   CARPET::time_communicating
   CARPET::time_io
   CARPET::evolution_steps_count
   CARPET::local_grid_points_per_second
   CARPET::total_grid_points_per_second
   CARPET::local_grid_point_updates_count
   CARPET::total_grid_point_updates_count
   CARPET::local_interior_points_per_second
   CARPET::total_interior_points_per_second
   CARPET::local_interior_point_updates_count
   CARPET::total_interior_point_updates_count
   CARPET::io_per_second
   CARPET::io_bytes_per_second
   CARPET::io_bytes_ascii_per_second
   CARPET::io_bytes_binary_per_second
   CARPET::io_count
   CARPET::io_bytes_count
   CARPET::io_bytes_ascii_count
   CARPET::io_bytes_binary_count
   CARPET::comm_per_second
   CARPET::comm_bytes_per_second
   CARPET::comm_count
   CARPET::comm_bytes_count
   CARPET::time_levels
   CARPET::current_walltime
   CARPET::syncs_count
   PUNCTURETRACKER::pt_loc_t[0]
   PUNCTURETRACKER::pt_loc_t[1]
   PUNCTURETRACKER::pt_loc_t[2]
   PUNCTURETRACKER::pt_loc_t[3]
   PUNCTURETRACKER::pt_loc_t[4]
   PUNCTURETRACKER::pt_loc_t[5]
   PUNCTURETRACKER::pt_loc_t[6]
   PUNCTURETRACKER::pt_loc_t[7]
   PUNCTURETRACKER::pt_loc_t[8]
   PUNCTURETRACKER::pt_loc_t[9]
   PUNCTURETRACKER::pt_loc_x[0]
   PUNCTURETRACKER::pt_loc_x[1]
   PUNCTURETRACKER::pt_loc_x[2]
   PUNCTURETRACKER::pt_loc_x[3]
   PUNCTURETRACKER::pt_loc_x[4]
   PUNCTURETRACKER::pt_loc_x[5]
   PUNCTURETRACKER::pt_loc_x[6]
   PUNCTURETRACKER::pt_loc_x[7]
   PUNCTURETRACKER::pt_loc_x[8]
   PUNCTURETRACKER::pt_loc_x[9]
   PUNCTURETRACKER::pt_loc_y[0]
   PUNCTURETRACKER::pt_loc_y[1]
   PUNCTURETRACKER::pt_loc_y[2]
   PUNCTURETRACKER::pt_loc_y[3]
   PUNCTURETRACKER::pt_loc_y[4]
   PUNCTURETRACKER::pt_loc_y[5]
   PUNCTURETRACKER::pt_loc_y[6]
   PUNCTURETRACKER::pt_loc_y[7]
   PUNCTURETRACKER::pt_loc_y[8]
   PUNCTURETRACKER::pt_loc_y[9]
   PUNCTURETRACKER::pt_loc_z[0]
   PUNCTURETRACKER::pt_loc_z[1]
   PUNCTURETRACKER::pt_loc_z[2]
   PUNCTURETRACKER::pt_loc_z[3]
   PUNCTURETRACKER::pt_loc_z[4]
   PUNCTURETRACKER::pt_loc_z[5]
   PUNCTURETRACKER::pt_loc_z[6]
   PUNCTURETRACKER::pt_loc_z[7]
   PUNCTURETRACKER::pt_loc_z[8]
   PUNCTURETRACKER::pt_loc_z[9]
   QUASILOCALMEASURES::qlm_time[0]
   QUASILOCALMEASURES::qlm_time[1]
   QUASILOCALMEASURES::qlm_time[2]
   QUASILOCALMEASURES::qlm_time[3]
   QUASILOCALMEASURES::qlm_time[4]
   QUASILOCALMEASURES::qlm_time[5]
   QUASILOCALMEASURES::qlm_equatorial_circumference[0]
   QUASILOCALMEASURES::qlm_equatorial_circumference[1]
   QUASILOCALMEASURES::qlm_equatorial_circumference[2]
   QUASILOCALMEASURES::qlm_equatorial_circumference[3]
   QUASILOCALMEASURES::qlm_equatorial_circumference[4]
   QUASILOCALMEASURES::qlm_equatorial_circumference[5]
   QUASILOCALMEASURES::qlm_polar_circumference_0[0]
   QUASILOCALMEASURES::qlm_polar_circumference_0[1]
   QUASILOCALMEASURES::qlm_polar_circumference_0[2]
   QUASILOCALMEASURES::qlm_polar_circumference_0[3]
   QUASILOCALMEASURES::qlm_polar_circumference_0[4]
   QUASILOCALMEASURES::qlm_polar_circumference_0[5]
   QUASILOCALMEASURES::qlm_polar_circumference_pi_2[0]
   QUASILOCALMEASURES::qlm_polar_circumference_pi_2[1]
   QUASILOCALMEASURES::qlm_polar_circumference_pi_2[2]
   QUASILOCALMEASURES::qlm_polar_circumference_pi_2[3]
   QUASILOCALMEASURES::qlm_polar_circumference_pi_2[4]
   QUASILOCALMEASURES::qlm_polar_circumference_pi_2[5]
   QUASILOCALMEASURES::qlm_area[0]
   QUASILOCALMEASURES::qlm_area[1]
   QUASILOCALMEASURES::qlm_area[2]
   QUASILOCALMEASURES::qlm_area[3]
   QUASILOCALMEASURES::qlm_area[4]
   QUASILOCALMEASURES::qlm_area[5]
   QUASILOCALMEASURES::qlm_irreducible_mass[0]
   QUASILOCALMEASURES::qlm_irreducible_mass[1]
   QUASILOCALMEASURES::qlm_irreducible_mass[2]
   QUASILOCALMEASURES::qlm_irreducible_mass[3]
   QUASILOCALMEASURES::qlm_irreducible_mass[4]
   QUASILOCALMEASURES::qlm_irreducible_mass[5]
   QUASILOCALMEASURES::qlm_radius[0]
   QUASILOCALMEASURES::qlm_radius[1]
   QUASILOCALMEASURES::qlm_radius[2]
   QUASILOCALMEASURES::qlm_radius[3]
   QUASILOCALMEASURES::qlm_radius[4]
   QUASILOCALMEASURES::qlm_radius[5]
   QUASILOCALMEASURES::qlm_spin_guess[0]
   QUASILOCALMEASURES::qlm_spin_guess[1]
   QUASILOCALMEASURES::qlm_spin_guess[2]
   QUASILOCALMEASURES::qlm_spin_guess[3]
   QUASILOCALMEASURES::qlm_spin_guess[4]
   QUASILOCALMEASURES::qlm_spin_guess[5]
   QUASILOCALMEASURES::qlm_mass_guess[0]
   QUASILOCALMEASURES::qlm_mass_guess[1]
   QUASILOCALMEASURES::qlm_mass_guess[2]
   QUASILOCALMEASURES::qlm_mass_guess[3]
   QUASILOCALMEASURES::qlm_mass_guess[4]
   QUASILOCALMEASURES::qlm_mass_guess[5]
   QUASILOCALMEASURES::qlm_killing_eigenvalue_re[0]
   QUASILOCALMEASURES::qlm_killing_eigenvalue_re[1]
   QUASILOCALMEASURES::qlm_killing_eigenvalue_re[2]
   QUASILOCALMEASURES::qlm_killing_eigenvalue_re[3]
   QUASILOCALMEASURES::qlm_killing_eigenvalue_re[4]
   QUASILOCALMEASURES::qlm_killing_eigenvalue_re[5]
   QUASILOCALMEASURES::qlm_killing_eigenvalue_im[0]
   QUASILOCALMEASURES::qlm_killing_eigenvalue_im[1]
   QUASILOCALMEASURES::qlm_killing_eigenvalue_im[2]
   QUASILOCALMEASURES::qlm_killing_eigenvalue_im[3]
   QUASILOCALMEASURES::qlm_killing_eigenvalue_im[4]
   QUASILOCALMEASURES::qlm_killing_eigenvalue_im[5]
   QUASILOCALMEASURES::qlm_spin[0]
   QUASILOCALMEASURES::qlm_spin[1]
   QUASILOCALMEASURES::qlm_spin[2]
   QUASILOCALMEASURES::qlm_spin[3]
   QUASILOCALMEASURES::qlm_spin[4]
   QUASILOCALMEASURES::qlm_spin[5]
   QUASILOCALMEASURES::qlm_npspin[0]
   QUASILOCALMEASURES::qlm_npspin[1]
   QUASILOCALMEASURES::qlm_npspin[2]
   QUASILOCALMEASURES::qlm_npspin[3]
   QUASILOCALMEASURES::qlm_npspin[4]
   QUASILOCALMEASURES::qlm_npspin[5]
   QUASILOCALMEASURES::qlm_wsspin[0]
   QUASILOCALMEASURES::qlm_wsspin[1]
   QUASILOCALMEASURES::qlm_wsspin[2]
   QUASILOCALMEASURES::qlm_wsspin[3]
   QUASILOCALMEASURES::qlm_wsspin[4]
   QUASILOCALMEASURES::qlm_wsspin[5]
   QUASILOCALMEASURES::qlm_cvspin[0]
   QUASILOCALMEASURES::qlm_cvspin[1]
   QUASILOCALMEASURES::qlm_cvspin[2]
   QUASILOCALMEASURES::qlm_cvspin[3]
   QUASILOCALMEASURES::qlm_cvspin[4]
   QUASILOCALMEASURES::qlm_cvspin[5]
   QUASILOCALMEASURES::qlm_coordspinx[0]
   QUASILOCALMEASURES::qlm_coordspinx[1]
   QUASILOCALMEASURES::qlm_coordspinx[2]
   QUASILOCALMEASURES::qlm_coordspinx[3]
   QUASILOCALMEASURES::qlm_coordspinx[4]
   QUASILOCALMEASURES::qlm_coordspinx[5]
   QUASILOCALMEASURES::qlm_coordspiny[0]
   QUASILOCALMEASURES::qlm_coordspiny[1]
   QUASILOCALMEASURES::qlm_coordspiny[2]
   QUASILOCALMEASURES::qlm_coordspiny[3]
   QUASILOCALMEASURES::qlm_coordspiny[4]
   QUASILOCALMEASURES::qlm_coordspiny[5]
   QUASILOCALMEASURES::qlm_coordspinz[0]
   QUASILOCALMEASURES::qlm_coordspinz[1]
   QUASILOCALMEASURES::qlm_coordspinz[2]
   QUASILOCALMEASURES::qlm_coordspinz[3]
   QUASILOCALMEASURES::qlm_coordspinz[4]
   QUASILOCALMEASURES::qlm_coordspinz[5]
   QUASILOCALMEASURES::qlm_mass[0]
   QUASILOCALMEASURES::qlm_mass[1]
   QUASILOCALMEASURES::qlm_mass[2]
   QUASILOCALMEASURES::qlm_mass[3]
   QUASILOCALMEASURES::qlm_mass[4]
   QUASILOCALMEASURES::qlm_mass[5]
   QUASILOCALMEASURES::qlm_adm_energy[0]
   QUASILOCALMEASURES::qlm_adm_energy[1]
   QUASILOCALMEASURES::qlm_adm_energy[2]
   QUASILOCALMEASURES::qlm_adm_energy[3]
   QUASILOCALMEASURES::qlm_adm_energy[4]
   QUASILOCALMEASURES::qlm_adm_energy[5]
   QUASILOCALMEASURES::qlm_adm_momentum_x[0]
   QUASILOCALMEASURES::qlm_adm_momentum_x[1]
   QUASILOCALMEASURES::qlm_adm_momentum_x[2]
   QUASILOCALMEASURES::qlm_adm_momentum_x[3]
   QUASILOCALMEASURES::qlm_adm_momentum_x[4]
   QUASILOCALMEASURES::qlm_adm_momentum_x[5]
   QUASILOCALMEASURES::qlm_adm_momentum_y[0]
   QUASILOCALMEASURES::qlm_adm_momentum_y[1]
   QUASILOCALMEASURES::qlm_adm_momentum_y[2]
   QUASILOCALMEASURES::qlm_adm_momentum_y[3]
   QUASILOCALMEASURES::qlm_adm_momentum_y[4]
   QUASILOCALMEASURES::qlm_adm_momentum_y[5]
   QUASILOCALMEASURES::qlm_adm_momentum_z[0]
   QUASILOCALMEASURES::qlm_adm_momentum_z[1]
   QUASILOCALMEASURES::qlm_adm_momentum_z[2]
   QUASILOCALMEASURES::qlm_adm_momentum_z[3]
   QUASILOCALMEASURES::qlm_adm_momentum_z[4]
   QUASILOCALMEASURES::qlm_adm_momentum_z[5]
   QUASILOCALMEASURES::qlm_adm_angular_momentum_x[0]
   QUASILOCALMEASURES::qlm_adm_angular_momentum_x[1]
   QUASILOCALMEASURES::qlm_adm_angular_momentum_x[2]
   QUASILOCALMEASURES::qlm_adm_angular_momentum_x[3]
   QUASILOCALMEASURES::qlm_adm_angular_momentum_x[4]
   QUASILOCALMEASURES::qlm_adm_angular_momentum_x[5]
   QUASILOCALMEASURES::qlm_adm_angular_momentum_y[0]
   QUASILOCALMEASURES::qlm_adm_angular_momentum_y[1]
   QUASILOCALMEASURES::qlm_adm_angular_momentum_y[2]
   QUASILOCALMEASURES::qlm_adm_angular_momentum_y[3]
   QUASILOCALMEASURES::qlm_adm_angular_momentum_y[4]
   QUASILOCALMEASURES::qlm_adm_angular_momentum_y[5]
   QUASILOCALMEASURES::qlm_adm_angular_momentum_z[0]
   QUASILOCALMEASURES::qlm_adm_angular_momentum_z[1]
   QUASILOCALMEASURES::qlm_adm_angular_momentum_z[2]
   QUASILOCALMEASURES::qlm_adm_angular_momentum_z[3]
   QUASILOCALMEASURES::qlm_adm_angular_momentum_z[4]
   QUASILOCALMEASURES::qlm_adm_angular_momentum_z[5]
   QUASILOCALMEASURES::qlm_w_energy[0]
   QUASILOCALMEASURES::qlm_w_energy[1]
   QUASILOCALMEASURES::qlm_w_energy[2]
   QUASILOCALMEASURES::qlm_w_energy[3]
   QUASILOCALMEASURES::qlm_w_energy[4]
   QUASILOCALMEASURES::qlm_w_energy[5]
   QUASILOCALMEASURES::qlm_w_momentum_x[0]
   QUASILOCALMEASURES::qlm_w_momentum_x[1]
   QUASILOCALMEASURES::qlm_w_momentum_x[2]
   QUASILOCALMEASURES::qlm_w_momentum_x[3]
   QUASILOCALMEASURES::qlm_w_momentum_x[4]
   QUASILOCALMEASURES::qlm_w_momentum_x[5]
   QUASILOCALMEASURES::qlm_w_momentum_y[0]
   QUASILOCALMEASURES::qlm_w_momentum_y[1]
   QUASILOCALMEASURES::qlm_w_momentum_y[2]
   QUASILOCALMEASURES::qlm_w_momentum_y[3]
   QUASILOCALMEASURES::qlm_w_momentum_y[4]
   QUASILOCALMEASURES::qlm_w_momentum_y[5]
   QUASILOCALMEASURES::qlm_w_momentum_z[0]
   QUASILOCALMEASURES::qlm_w_momentum_z[1]
   QUASILOCALMEASURES::qlm_w_momentum_z[2]
   QUASILOCALMEASURES::qlm_w_momentum_z[3]
   QUASILOCALMEASURES::qlm_w_momentum_z[4]
   QUASILOCALMEASURES::qlm_w_momentum_z[5]
   QUASILOCALMEASURES::qlm_w_angular_momentum_x[0]
   QUASILOCALMEASURES::qlm_w_angular_momentum_x[1]
   QUASILOCALMEASURES::qlm_w_angular_momentum_x[2]
   QUASILOCALMEASURES::qlm_w_angular_momentum_x[3]
   QUASILOCALMEASURES::qlm_w_angular_momentum_x[4]
   QUASILOCALMEASURES::qlm_w_angular_momentum_x[5]
   QUASILOCALMEASURES::qlm_w_angular_momentum_y[0]
   QUASILOCALMEASURES::qlm_w_angular_momentum_y[1]
   QUASILOCALMEASURES::qlm_w_angular_momentum_y[2]
   QUASILOCALMEASURES::qlm_w_angular_momentum_y[3]
   QUASILOCALMEASURES::qlm_w_angular_momentum_y[4]
   QUASILOCALMEASURES::qlm_w_angular_momentum_y[5]
   QUASILOCALMEASURES::qlm_w_angular_momentum_z[0]
   QUASILOCALMEASURES::qlm_w_angular_momentum_z[1]
   QUASILOCALMEASURES::qlm_w_angular_momentum_z[2]
   QUASILOCALMEASURES::qlm_w_angular_momentum_z[3]
   QUASILOCALMEASURES::qlm_w_angular_momentum_z[4]
   QUASILOCALMEASURES::qlm_w_angular_momentum_z[5]
   SPHERICALSURFACE::sf_area[0]
   SPHERICALSURFACE::sf_area[1]
   SPHERICALSURFACE::sf_area[2]
   SPHERICALSURFACE::sf_area[3]
   SPHERICALSURFACE::sf_area[4]
   SPHERICALSURFACE::sf_area[5]
   SPHERICALSURFACE::sf_mean_radius[0]
   SPHERICALSURFACE::sf_mean_radius[1]
   SPHERICALSURFACE::sf_mean_radius[2]
   SPHERICALSURFACE::sf_mean_radius[3]
   SPHERICALSURFACE::sf_mean_radius[4]
   SPHERICALSURFACE::sf_mean_radius[5]
   SPHERICALSURFACE::sf_centroid_x[0]
   SPHERICALSURFACE::sf_centroid_x[1]
   SPHERICALSURFACE::sf_centroid_x[2]
   SPHERICALSURFACE::sf_centroid_x[3]
   SPHERICALSURFACE::sf_centroid_x[4]
   SPHERICALSURFACE::sf_centroid_x[5]
   SPHERICALSURFACE::sf_centroid_y[0]
   SPHERICALSURFACE::sf_centroid_y[1]
   SPHERICALSURFACE::sf_centroid_y[2]
   SPHERICALSURFACE::sf_centroid_y[3]
   SPHERICALSURFACE::sf_centroid_y[4]
   SPHERICALSURFACE::sf_centroid_y[5]
   SPHERICALSURFACE::sf_centroid_z[0]
   SPHERICALSURFACE::sf_centroid_z[1]
   SPHERICALSURFACE::sf_centroid_z[2]
   SPHERICALSURFACE::sf_centroid_z[3]
   SPHERICALSURFACE::sf_centroid_z[4]
   SPHERICALSURFACE::sf_centroid_z[5]
   SPHERICALSURFACE::sf_quadrupole_xx[0]
   SPHERICALSURFACE::sf_quadrupole_xx[1]
   SPHERICALSURFACE::sf_quadrupole_xx[2]
   SPHERICALSURFACE::sf_quadrupole_xx[3]
   SPHERICALSURFACE::sf_quadrupole_xx[4]
   SPHERICALSURFACE::sf_quadrupole_xx[5]
   SPHERICALSURFACE::sf_quadrupole_xy[0]
   SPHERICALSURFACE::sf_quadrupole_xy[1]
   SPHERICALSURFACE::sf_quadrupole_xy[2]
   SPHERICALSURFACE::sf_quadrupole_xy[3]
   SPHERICALSURFACE::sf_quadrupole_xy[4]
   SPHERICALSURFACE::sf_quadrupole_xy[5]
   SPHERICALSURFACE::sf_quadrupole_xz[0]
   SPHERICALSURFACE::sf_quadrupole_xz[1]
   SPHERICALSURFACE::sf_quadrupole_xz[2]
   SPHERICALSURFACE::sf_quadrupole_xz[3]
   SPHERICALSURFACE::sf_quadrupole_xz[4]
   SPHERICALSURFACE::sf_quadrupole_xz[5]
   SPHERICALSURFACE::sf_quadrupole_yy[0]
   SPHERICALSURFACE::sf_quadrupole_yy[1]
   SPHERICALSURFACE::sf_quadrupole_yy[2]
   SPHERICALSURFACE::sf_quadrupole_yy[3]
   SPHERICALSURFACE::sf_quadrupole_yy[4]
   SPHERICALSURFACE::sf_quadrupole_yy[5]
   SPHERICALSURFACE::sf_quadrupole_yz[0]
   SPHERICALSURFACE::sf_quadrupole_yz[1]
   SPHERICALSURFACE::sf_quadrupole_yz[2]
   SPHERICALSURFACE::sf_quadrupole_yz[3]
   SPHERICALSURFACE::sf_quadrupole_yz[4]
   SPHERICALSURFACE::sf_quadrupole_yz[5]
   SPHERICALSURFACE::sf_quadrupole_zz[0]
   SPHERICALSURFACE::sf_quadrupole_zz[1]
   SPHERICALSURFACE::sf_quadrupole_zz[2]
   SPHERICALSURFACE::sf_quadrupole_zz[3]
   SPHERICALSURFACE::sf_quadrupole_zz[4]
   SPHERICALSURFACE::sf_quadrupole_zz[5]
   SPHERICALSURFACE::sf_min_radius[0]
   SPHERICALSURFACE::sf_min_radius[1]
   SPHERICALSURFACE::sf_min_radius[2]
   SPHERICALSURFACE::sf_min_radius[3]
   SPHERICALSURFACE::sf_min_radius[4]
   SPHERICALSURFACE::sf_min_radius[5]
   SPHERICALSURFACE::sf_max_radius[0]
   SPHERICALSURFACE::sf_max_radius[1]
   SPHERICALSURFACE::sf_max_radius[2]
   SPHERICALSURFACE::sf_max_radius[3]
   SPHERICALSURFACE::sf_max_radius[4]
   SPHERICALSURFACE::sf_max_radius[5]
   SPHERICALSURFACE::sf_min_x[0]
   SPHERICALSURFACE::sf_min_x[1]
   SPHERICALSURFACE::sf_min_x[2]
   SPHERICALSURFACE::sf_min_x[3]
   SPHERICALSURFACE::sf_min_x[4]
   SPHERICALSURFACE::sf_min_x[5]
   SPHERICALSURFACE::sf_min_y[0]
   SPHERICALSURFACE::sf_min_y[1]
   SPHERICALSURFACE::sf_min_y[2]
   SPHERICALSURFACE::sf_min_y[3]
   SPHERICALSURFACE::sf_min_y[4]
   SPHERICALSURFACE::sf_min_y[5]
   SPHERICALSURFACE::sf_min_z[0]
   SPHERICALSURFACE::sf_min_z[1]
   SPHERICALSURFACE::sf_min_z[2]
   SPHERICALSURFACE::sf_min_z[3]
   SPHERICALSURFACE::sf_min_z[4]
   SPHERICALSURFACE::sf_min_z[5]
   SPHERICALSURFACE::sf_max_x[0]
   SPHERICALSURFACE::sf_max_x[1]
   SPHERICALSURFACE::sf_max_x[2]
   SPHERICALSURFACE::sf_max_x[3]
   SPHERICALSURFACE::sf_max_x[4]
   SPHERICALSURFACE::sf_max_x[5]
   SPHERICALSURFACE::sf_max_y[0]
   SPHERICALSURFACE::sf_max_y[1]
   SPHERICALSURFACE::sf_max_y[2]
   SPHERICALSURFACE::sf_max_y[3]
   SPHERICALSURFACE::sf_max_y[4]
   SPHERICALSURFACE::sf_max_y[5]
   SPHERICALSURFACE::sf_max_z[0]
   SPHERICALSURFACE::sf_max_z[1]
   SPHERICALSURFACE::sf_max_z[2]
   SPHERICALSURFACE::sf_max_z[3]
   SPHERICALSURFACE::sf_max_z[4]
   SPHERICALSURFACE::sf_max_z[5]
INFO (CarpetIOASCII): I/O Method 'IOASCII_1D' registered: 1D AMR output of grid variables to ASCII files
INFO (CarpetIOASCII): Periodic 1D AMR output requested for:
   EMGBASE::Ex
   EMGBASE::Ey
   EMGBASE::Ez
   EMGBASE::Bx
   EMGBASE::By
   EMGBASE::Bz
   EMGEVOLVE::Ec
   EMGEVOLVE::Bc
   LEANBSSNMOL::hc
   LEANBSSNMOL::mcx
   LEANBSSNMOL::mcy
   LEANBSSNMOL::mcz
WARNING[L1,P0] (Cactus): Attempt to create a directory with an empty or NULL string
WARNING[L1,P0] (Cactus): Attempt to create a directory with an empty or NULL string
WARNING[L1,P0] (CarpetIOHDF5): Problem creating HDF5 output directory ''
WARNING[L1,P2] (Cactus): Attempt to create a directory with an empty or NULL string
WARNING[L1,P2] (CarpetIOHDF5): Problem creating HDF5 output directory ''
WARNING[L1,P19] (Cactus): Attempt to create a directory with an empty or NULL string
WARNING[L1,P19] (CarpetIOHDF5): Problem creating HDF5 output directory ''
WARNING[L1,P20] (Cactus): Attempt to create a directory with an empty or NULL string
WARNING[L1,P20] (CarpetIOHDF5): Problem creating HDF5 output directory ''
WARNING[L1,P23] (Cactus): Attempt to create a directory with an empty or NULL string
WARNING[L1,P23] (CarpetIOHDF5): Problem creating HDF5 output directory ''
WARNING[L1,P25] (Cactus): Attempt to create a directory with an empty or NULL string
WARNING[L1,P25] (CarpetIOHDF5): Problem creating HDF5 output directory ''
WARNING[L1,P28] (Cactus): Attempt to create a directory with an empty or NULL string
WARNING[L1,P28] (CarpetIOHDF5): Problem creating HDF5 output directory ''
WARNING[L1,P29] (Cactus): Attempt to create a directory with an empty or NULL string
WARNING[L1,P29] (CarpetIOHDF5): Problem creating HDF5 output directory ''
WARNING[L1,P31] (Cactus): Attempt to create a directory with an empty or NULL string
WARNING[L1,P31] (CarpetIOHDF5): Problem creating HDF5 output directory ''
WARNING[L1,P32] (Cactus): Attempt to create a directory with an empty or NULL string
WARNING[L1,P32] (CarpetIOHDF5): Problem creating HDF5 output directory ''
WARNING[L1,P33] (Cactus): Attempt to create a directory with an empty or NULL string
WARNING[L1,P33] (CarpetIOHDF5): Problem creating HDF5 output directory ''
WARNING[L1,P34] (Cactus): Attempt to create a directory with an empty or NULL string
WARNING[L1,P34] (CarpetIOHDF5): Problem creating HDF5 output directory ''
WARNING[L1,P37] (Cactus): Attempt to create a directory with an empty or NULL string
WARNING[L1,P37] (CarpetIOHDF5): Problem creating HDF5 output directory ''
WARNING[L1,P38] (Cactus): Attempt to create a directory with an empty or NULL string
WARNING[L1,P38] (CarpetIOHDF5): Problem creating HDF5 output directory ''
WARNING[L1,P39] (Cactus): Attempt to create a directory with an empty or NULL string
WARNING[L1,P39] (CarpetIOHDF5): Problem creating HDF5 output directory ''
WARNING[L1,P44] (Cactus): Attempt to create a directory with an empty or NULL string
WARNING[L1,P44] (CarpetIOHDF5): Problem creating HDF5 output directory ''
WARNING[L1,P46] (Cactus): Attempt to create a directory with an empty or NULL string
WARNING[L1,P46] (CarpetIOHDF5): Problem creating HDF5 output directory ''
WARNING[L1,P47] (Cactus): Attempt to create a directory with an empty or NULL string
WARNING[L1,P47] (CarpetIOHDF5): Problem creating HDF5 output directory ''
WARNING[L1,P48] (Cactus): Attempt to create a directory with an empty or NULL string
WARNING[L1,P48] (CarpetIOHDF5): Problem creating HDF5 output directory ''
WARNING[L1,P49] (Cactus): Attempt to create a directory with an empty or NULL string
WARNING[L1,P49] (CarpetIOHDF5): Problem creating HDF5 output directory ''
WARNING[L1,P50] (Cactus): Attempt to create a directory with an empty or NULL string
WARNING[L1,P50] (CarpetIOHDF5): Problem creating HDF5 output directory ''
WARNING[L1,P51] (Cactus): Attempt to create a directory with an empty or NULL string
WARNING[L1,P51] (CarpetIOHDF5): Problem creating HDF5 output directory ''
WARNING[L1,P52] (Cactus): Attempt to create a directory with an empty or NULL string
WARNING[L1,P52] (CarpetIOHDF5): Problem creating HDF5 output directory ''
WARNING[L1,P53] (Cactus): Attempt to create a directory with an empty or NULL string
WARNING[L1,P53] (CarpetIOHDF5): Problem creating HDF5 output directory ''
WARNING[L1,P55] (Cactus): Attempt to create a directory with an empty or NULL string
WARNING[L1,P55] (CarpetIOHDF5): Problem creating HDF5 output directory ''
WARNING[L1,P56] (Cactus): Attempt to create a directory with an empty or NULL string
WARNING[L1,P56] (CarpetIOHDF5): Problem creating HDF5 output directory ''
WARNING[L1,P57] (Cactus): Attempt to create a directory with an empty or NULL string
WARNING[L1,P57] (CarpetIOHDF5): Problem creating HDF5 output directory ''
WARNING[L1,P58] (Cactus): Attempt to create a directory with an empty or NULL string
WARNING[L1,P58] (CarpetIOHDF5): Problem creating HDF5 output directory ''
WARNING[L1,P59] (Cactus): Attempt to create a directory with an empty or NULL string
WARNING[L1,P59] (CarpetIOHDF5): Problem creating HDF5 output directory ''
WARNING[L1,P60] (Cactus): Attempt to create a directory with an empty or NULL string
WARNING[L1,P60] (CarpetIOHDF5): Problem creating HDF5 output directory ''
WARNING[L1,P62] (Cactus): Attempt to create a directory with an empty or NULL string
WARNING[L1,P62] (CarpetIOHDF5): Problem creating HDF5 output directory ''
WARNING[L1,P63] (Cactus): Attempt to create a directory with an empty or NULL string
WARNING[L1,P63] (CarpetIOHDF5): Problem creating HDF5 output directory ''
WARNING[L1,P64] (Cactus): Attempt to create a directory with an empty or NULL string
WARNING[L1,P64] (CarpetIOHDF5): Problem creating HDF5 output directory ''
WARNING[L1,P65] (Cactus): Attempt to create a directory with an empty or NULL string
WARNING[L1,P65] (CarpetIOHDF5): Problem creating HDF5 output directory ''
WARNING[L1,P67] (Cactus): Attempt to create a directory with an empty or NULL string
WARNING[L1,P67] (CarpetIOHDF5): Problem creating HDF5 output directory ''
WARNING[L1,P68] (Cactus): Attempt to create a directory with an empty or NULL string
WARNING[L1,P68] (CarpetIOHDF5): Problem creating HDF5 output directory ''
WARNING[L1,P69] (Cactus): Attempt to create a directory with an empty or NULL string
WARNING[L1,P69] (CarpetIOHDF5): Problem creating HDF5 output directory ''
WARNING[L1,P71] (Cactus): Attempt to create a directory with an empty or NULL string
WARNING[L1,P71] (CarpetIOHDF5): Problem creating HDF5 output directory ''
WARNING[L1,P72] (Cactus): Attempt to create a directory with an empty or NULL string
WARNING[L1,P72] (CarpetIOHDF5): Problem creating HDF5 output directory ''
WARNING[L1,P73] (Cactus): Attempt to create a directory with an empty or NULL string
WARNING[L1,P73] (CarpetIOHDF5): Problem creating HDF5 output directory ''
WARNING[L1,P75] (Cactus): Attempt to create a directory with an empty or NULL string
WARNING[L1,P75] (CarpetIOHDF5): Problem creating HDF5 output directory ''
WARNING[L1,P76] (Cactus): Attempt to create a directory with an empty or NULL string
WARNING[L1,P76] (CarpetIOHDF5): Problem creating HDF5 output directory ''
WARNING[L1,P80] (Cactus): Attempt to create a directory with an empty or NULL string
WARNING[L1,P80] (CarpetIOHDF5): Problem creating HDF5 output directory ''
WARNING[L1,P81] (Cactus): Attempt to create a directory with an empty or NULL string
WARNING[L1,P81] (CarpetIOHDF5): Problem creating HDF5 output directory ''
WARNING[L1,P82] (Cactus): Attempt to create a directory with an empty or NULL string
WARNING[L1,P82] (CarpetIOHDF5): Problem creating HDF5 output directory ''
WARNING[L1,P83] (Cactus): Attempt to create a directory with an empty or NULL string
WARNING[L1,P83] (CarpetIOHDF5): Problem creating HDF5 output directory ''
WARNING[L1,P84] (Cactus): Attempt to create a directory with an empty or NULL string
WARNING[L1,P84] (CarpetIOHDF5): Problem creating HDF5 output directory ''
WARNING[L1,P85] (Cactus): Attempt to create a directory with an empty or NULL string
WARNING[L1,P85] (CarpetIOHDF5): Problem creating HDF5 output directory ''
WARNING[L1,P86] (Cactus): Attempt to create a directory with an empty or NULL string
WARNING[L1,P86] (CarpetIOHDF5): Problem creating HDF5 output directory ''
WARNING[L1,P87] (Cactus): Attempt to create a directory with an empty or NULL string
WARNING[L1,P87] (CarpetIOHDF5): Problem creating HDF5 output directory ''
WARNING[L1,P88] (Cactus): Attempt to create a directory with an empty or NULL string
WARNING[L1,P88] (CarpetIOHDF5): Problem creating HDF5 output directory ''
WARNING[L1,P89] (Cactus): Attempt to create a directory with an empty or NULL string
WARNING[L1,P89] (CarpetIOHDF5): Problem creating HDF5 output directory ''
WARNING[L1,P90] (Cactus): Attempt to create a directory with an empty or NULL string
WARNING[L1,P90] (CarpetIOHDF5): Problem creating HDF5 output directory ''
WARNING[L1,P93] (Cactus): Attempt to create a directory with an empty or NULL string
WARNING[L1,P93] (CarpetIOHDF5): Problem creating HDF5 output directory ''
WARNING[L1,P94] (Cactus): Attempt to create a directory with an empty or NULL string
WARNING[L1,P94] (CarpetIOHDF5): Problem creating HDF5 output directory ''
WARNING[L1,P96] (Cactus): Attempt to create a directory with an empty or NULL string
WARNING[L1,P96] (CarpetIOHDF5): Problem creating HDF5 output directory ''
WARNING[L1,P97] (Cactus): Attempt to create a directory with an empty or NULL string
WARNING[L1,P97] (CarpetIOHDF5): Problem creating HDF5 output directory ''
WARNING[L1,P98] (Cactus): Attempt to create a directory with an empty or NULL string
WARNING[L1,P98] (CarpetIOHDF5): Problem creating HDF5 output directory ''
WARNING[L1,P101] (Cactus): Attempt to create a directory with an empty or NULL string
WARNING[L1,P101] (CarpetIOHDF5): Problem creating HDF5 output directory ''
WARNING[L1,P102] (Cactus): Attempt to create a directory with an empty or NULL string
WARNING[L1,P102] (CarpetIOHDF5): Problem creating HDF5 output directory ''
WARNING[L1,P104] (Cactus): Attempt to create a directory with an empty or NULL string
WARNING[L1,P104] (CarpetIOHDF5): Problem creating HDF5 output directory ''
WARNING[L1,P105] (Cactus): Attempt to create a directory with an empty or NULL string
WARNING[L1,P105] (CarpetIOHDF5): Problem creating HDF5 output directory ''
WARNING[L1,P107] (Cactus): Attempt to create a directory with an empty or NULL string
WARNING[L1,P107] (CarpetIOHDF5): Problem creating HDF5 output directory ''
WARNING[L1,P108] (Cactus): Attempt to create a directory with an empty or NULL string
WARNING[L1,P108] (CarpetIOHDF5): Problem creating HDF5 output directory ''
WARNING[L1,P110] (Cactus): Attempt to create a directory with an empty or NULL string
WARNING[L1,P110] (CarpetIOHDF5): Problem creating HDF5 output directory ''
WARNING[L1,P111] (Cactus): Attempt to create a directory with an empty or NULL string
WARNING[L1,P111] (CarpetIOHDF5): Problem creating HDF5 output directory ''
WARNING[L1,P1] (Cactus): Attempt to create a directory with an empty or NULL string
WARNING[L1,P1] (CarpetIOHDF5): Problem creating HDF5 output directory ''
WARNING[L1,P3] (Cactus): Attempt to create a directory with an empty or NULL string
WARNING[L1,P3] (CarpetIOHDF5): Problem creating HDF5 output directory ''
WARNING[L1,P4] (Cactus): Attempt to create a directory with an empty or NULL string
WARNING[L1,P4] (CarpetIOHDF5): Problem creating HDF5 output directory ''
WARNING[L1,P5] (Cactus): Attempt to create a directory with an empty or NULL string
WARNING[L1,P5] (CarpetIOHDF5): Problem creating HDF5 output directory ''
WARNING[L1,P6] (Cactus): Attempt to create a directory with an empty or NULL string
WARNING[L1,P6] (CarpetIOHDF5): Problem creating HDF5 output directory ''
WARNING[L1,P7] (Cactus): Attempt to create a directory with an empty or NULL string
WARNING[L1,P7] (CarpetIOHDF5): Problem creating HDF5 output directory ''
WARNING[L1,P8] (Cactus): Attempt to create a directory with an empty or NULL string
WARNING[L1,P8] (CarpetIOHDF5): Problem creating HDF5 output directory ''
WARNING[L1,P9] (Cactus): Attempt to create a directory with an empty or NULL string
WARNING[L1,P9] (CarpetIOHDF5): Problem creating HDF5 output directory ''
WARNING[L1,P10] (Cactus): Attempt to create a directory with an empty or NULL string
WARNING[L1,P10] (CarpetIOHDF5): Problem creating HDF5 output directory ''
WARNING[L1,P11] (Cactus): Attempt to create a directory with an empty or NULL string
WARNING[L1,P11] (CarpetIOHDF5): Problem creating HDF5 output directory ''
WARNING[L1,P12] (Cactus): Attempt to create a directory with an empty or NULL string
WARNING[L1,P12] (CarpetIOHDF5): Problem creating HDF5 output directory ''
WARNING[L1,P13] (Cactus): Attempt to create a directory with an empty or NULL string
WARNING[L1,P13] (CarpetIOHDF5): Problem creating HDF5 output directory ''
WARNING[L1,P14] (Cactus): Attempt to create a directory with an empty or NULL string
WARNING[L1,P14] (CarpetIOHDF5): Problem creating HDF5 output directory ''
WARNING[L1,P15] (Cactus): Attempt to create a directory with an empty or NULL string
WARNING[L1,P15] (CarpetIOHDF5): Problem creating HDF5 output directory ''
WARNING[L1,P16] (Cactus): Attempt to create a directory with an empty or NULL string
WARNING[L1,P16] (CarpetIOHDF5): Problem creating HDF5 output directory ''
WARNING[L1,P17] (Cactus): Attempt to create a directory with an empty or NULL string
WARNING[L1,P17] (CarpetIOHDF5): Problem creating HDF5 output directory ''
WARNING[L1,P18] (Cactus): Attempt to create a directory with an empty or NULL string
WARNING[L1,P18] (CarpetIOHDF5): Problem creating HDF5 output directory ''
WARNING[L1,P21] (Cactus): Attempt to create a directory with an empty or NULL string
WARNING[L1,P21] (CarpetIOHDF5): Problem creating HDF5 output directory ''
WARNING[L1,P22] (Cactus): Attempt to create a directory with an empty or NULL string
WARNING[L1,P22] (CarpetIOHDF5): Problem creating HDF5 output directory ''
WARNING[L1,P24] (Cactus): Attempt to create a directory with an empty or NULL string
WARNING[L1,P24] (CarpetIOHDF5): Problem creating HDF5 output directory ''
WARNING[L1,P26] (Cactus): Attempt to create a directory with an empty or NULL string
WARNING[L1,P26] (CarpetIOHDF5): Problem creating HDF5 output directory ''
WARNING[L1,P27] (Cactus): Attempt to create a directory with an empty or NULL string
WARNING[L1,P27] (CarpetIOHDF5): Problem creating HDF5 output directory ''
WARNING[L1,P30] (Cactus): Attempt to create a directory with an empty or NULL string
WARNING[L1,P30] (CarpetIOHDF5): Problem creating HDF5 output directory ''
WARNING[L1,P35] (Cactus): Attempt to create a directory with an empty or NULL string
WARNING[L1,P35] (CarpetIOHDF5): Problem creating HDF5 output directory ''
WARNING[L1,P36] (Cactus): Attempt to create a directory with an empty or NULL string
WARNING[L1,P36] (CarpetIOHDF5): Problem creating HDF5 output directory ''
WARNING[L1,P40] (Cactus): Attempt to create a directory with an empty or NULL string
WARNING[L1,P40] (CarpetIOHDF5): Problem creating HDF5 output directory ''
WARNING[L1,P41] (Cactus): Attempt to create a directory with an empty or NULL string
WARNING[L1,P41] (CarpetIOHDF5): Problem creating HDF5 output directory ''
WARNING[L1,P42] (Cactus): Attempt to create a directory with an empty or NULL string
WARNING[L1,P42] (CarpetIOHDF5): Problem creating HDF5 output directory ''
WARNING[L1,P43] (Cactus): Attempt to create a directory with an empty or NULL string
WARNING[L1,P43] (CarpetIOHDF5): Problem creating HDF5 output directory ''
WARNING[L1,P45] (Cactus): Attempt to create a directory with an empty or NULL string
WARNING[L1,P45] (CarpetIOHDF5): Problem creating HDF5 output directory ''
WARNING[L1,P54] (Cactus): Attempt to create a directory with an empty or NULL string
WARNING[L1,P54] (CarpetIOHDF5): Problem creating HDF5 output directory ''
WARNING[L1,P61] (Cactus): Attempt to create a directory with an empty or NULL string
WARNING[L1,P61] (CarpetIOHDF5): Problem creating HDF5 output directory ''
WARNING[L1,P66] (Cactus): Attempt to create a directory with an empty or NULL string
WARNING[L1,P66] (CarpetIOHDF5): Problem creating HDF5 output directory ''
WARNING[L1,P70] (Cactus): Attempt to create a directory with an empty or NULL string
WARNING[L1,P70] (CarpetIOHDF5): Problem creating HDF5 output directory ''
WARNING[L1,P74] (Cactus): Attempt to create a directory with an empty or NULL string
WARNING[L1,P74] (CarpetIOHDF5): Problem creating HDF5 output directory ''
WARNING[L1,P77] (Cactus): Attempt to create a directory with an empty or NULL string
WARNING[L1,P77] (CarpetIOHDF5): Problem creating HDF5 output directory ''
WARNING[L1,P78] (Cactus): Attempt to create a directory with an empty or NULL string
WARNING[L1,P78] (CarpetIOHDF5): Problem creating HDF5 output directory ''
WARNING[L1,P79] (Cactus): Attempt to create a directory with an empty or NULL string
WARNING[L1,P79] (CarpetIOHDF5): Problem creating HDF5 output directory ''
WARNING[L1,P91] (Cactus): Attempt to create a directory with an empty or NULL string
WARNING[L1,P91] (CarpetIOHDF5): Problem creating HDF5 output directory ''
WARNING[L1,P92] (Cactus): Attempt to create a directory with an empty or NULL string
WARNING[L1,P92] (CarpetIOHDF5): Problem creating HDF5 output directory ''
WARNING[L1,P95] (Cactus): Attempt to create a directory with an empty or NULL string
WARNING[L1,P95] (CarpetIOHDF5): Problem creating HDF5 output directory ''
WARNING[L1,P99] (Cactus): Attempt to create a directory with an empty or NULL string
WARNING[L1,P99] (CarpetIOHDF5): Problem creating HDF5 output directory ''
WARNING[L1,P100] (Cactus): Attempt to create a directory with an empty or NULL string
WARNING[L1,P100] (CarpetIOHDF5): Problem creating HDF5 output directory ''
WARNING[L1,P103] (Cactus): Attempt to create a directory with an empty or NULL string
WARNING[L1,P103] (CarpetIOHDF5): Problem creating HDF5 output directory ''
WARNING[L1,P106] (Cactus): Attempt to create a directory with an empty or NULL string
WARNING[L1,P106] (CarpetIOHDF5): Problem creating HDF5 output directory ''
WARNING[L1,P109] (Cactus): Attempt to create a directory with an empty or NULL string
WARNING[L1,P109] (CarpetIOHDF5): Problem creating HDF5 output directory ''
INFO (CarpetIOASCII): I/O Method 'IOASCII_2D' registered: 2D AMR output of grid variables to ASCII files
INFO (CarpetIOASCII): I/O Method 'IOASCII_3D' registered: 3D AMR output of grid variables to ASCII files
INFO (CarpetIOHDF5): I/O Method 'IOHDF5' registered: AMR output of grid variables to HDF5 files
INFO (CarpetIOHDF5): I/O Method 'IOHDF5_0D' registered: 0D AMR output of grid variables to HDF5 files
INFO (CarpetIOHDF5): I/O Method 'IOHDF5_1D' registered: 1D AMR output of grid variables to HDF5 files
INFO (CarpetIOHDF5): I/O Method 'IOHDF5_2D' registered: 2D AMR output of grid variables to HDF5 files
INFO (CarpetIOHDF5): I/O Method 'IOHDF5_3D' registered: 3D AMR output of grid variables to HDF5 files
INFO (CarpetRegrid2): Initialising position of centre 0 to [8,0,0]
INFO (CarpetRegrid2): Initialising position of centre 1 to [-8,0,0]
INFO (MoL): Using Runge-Kutta 4 as the time integrator.
INFO (MoL): The maximum number of evolved variables is 1861. 29 are registered.
INFO (MoL): The maximum number of slow evolved variables is 1861. 0 are registered.
INFO (MoL): The maximum number of constrained variables is 1861. 12 are registered.
INFO (MoL): The maximum number of SandR variables is 1861. 0 are registered.
INFO (MoL): The maximum number of evolved array variables is 1861. 0 are registered.
INFO (MoL): The maximum number of constrained array variables is 1861. 0 are registered.
INFO (MoL): The maximum number of SandR array variables is 1861. 0 are registered.
INFO (MoL): The maximum size of any array variables is 0.
INFO (Vectors): Testing vectorisation... [errors may result in segfaults]
INFO (Vectors): 101/101 tests passed 
INFO (CarpetRegrid2): Centre 1 is at position [8,0,0] with 8 levels
INFO (CarpetRegrid2): Centre 2 is at position [-8,0,0] with 8 levels
INFO (CarpetRegrid2): Regridding level 0 map 0 at iteration 0 time 0
INFO (CarpetRegrid2): Regridding levels 1 and up
INFO (CarpetRegrid2): Enforcing grid structure properties, iteration 0
INFO (CarpetRegrid2): Enforcing grid structure properties, iteration 0
INFO (CarpetRegrid2): Enforcing grid structure properties, iteration 0
INFO (CarpetRegrid2): Enforcing grid structure properties, iteration 0
INFO (CarpetRegrid2): Enforcing grid structure properties, iteration 0
INFO (CarpetRegrid2): Enforcing grid structure properties, iteration 0
INFO (CarpetRegrid2): Enforcing grid structure properties, iteration 0
INFO (Carpet): Grid structure (superregions, grid points):
   [0][0][0]   exterior: [0,0,0] : [260,260,260]   ([261,261,261] + PADDING) 17779581
   [1][0][0]   exterior: [215,219,219] : [305,301,301]   ([91,83,83] + PADDING) 626899
   [2][0][0]   exterior: [479,487,487] : [561,553,553]   ([83,67,67] + PADDING) 372587
   [3][0][0]   exterior: [991,1007,1007] : [1089,1073,1073]   ([99,67,67] + PADDING) 444411
   [4][0][0]   exterior: [2016,2048,2048] : [2144,2112,2112]   ([129,65,65] + PADDING) 545025
   [5][0][0]   exterior: [4065,4129,4129] : [4127,4191,4191]   ([63,63,63] + PADDING) 250047
   [5][0][1]   exterior: [4193,4129,4129] : [4255,4191,4191]   ([63,63,63] + PADDING) 250047
   [6][0][0]   exterior: [8163,8291,8291] : [8221,8349,8349]   ([59,59,59] + PADDING) 205379
   [6][0][1]   exterior: [8419,8291,8291] : [8477,8349,8349]   ([59,59,59] + PADDING) 205379
   [7][0][0]   exterior: [16359,16615,16615] : [16409,16665,16665]   ([51,51,51] + PADDING) 132651
   [7][0][1]   exterior: [16871,16615,16615] : [16921,16665,16665]   ([51,51,51] + PADDING) 132651
INFO (Carpet): Grid structure (superregions, coordinates):
   [0][0][0]   exterior: [-520,-520,-520] : [520,520,520] : [4,4,4]
   [1][0][0]   exterior: [-90,-82,-82] : [90,82,82] : [2,2,2]
   [2][0][0]   exterior: [-41,-33,-33] : [41,33,33] : [1,1,1]
   [3][0][0]   exterior: [-24.5,-16.5,-16.5] : [24.5,16.5,16.5] : [0.5,0.5,0.5]
   [4][0][0]   exterior: [-16,-8,-8] : [16,8,8] : [0.25,0.25,0.25]
   [5][0][0]   exterior: [-11.875,-3.875,-3.875] : [-4.125,3.875,3.875] : [0.125,0.125,0.125]
   [5][0][1]   exterior: [4.125,-3.875,-3.875] : [11.875,3.875,3.875] : [0.125,0.125,0.125]
   [6][0][0]   exterior: [-9.8125,-1.8125,-1.8125] : [-6.1875,1.8125,1.8125] : [0.0625,0.0625,0.0625]
   [6][0][1]   exterior: [6.1875,-1.8125,-1.8125] : [9.8125,1.8125,1.8125] : [0.0625,0.0625,0.0625]
   [7][0][0]   exterior: [-8.78125,-0.78125,-0.78125] : [-7.21875,0.78125,0.78125] : [0.03125,0.03125,0.03125]
   [7][0][1]   exterior: [7.21875,-0.78125,-0.78125] : [8.78125,0.78125,0.78125] : [0.03125,0.03125,0.03125]
INFO (Carpet): Global grid structure statistics:
INFO (Carpet): GF: rhs: 249k active, 486k owned (+95%), 1171k total (+141%), 128 steps/time
INFO (Carpet): GF: vars: 247, pts: 4416M active, 4877M owned (+10%), 7705M total (+58%), 1.0 comp/proc
INFO (Carpet): GA: vars: 1664, pts: 381M active, 381M total (+0%)
INFO (Carpet): Total required memory: 65.539 GByte (for GAs and currently active GFs)
INFO (Carpet): Load balance:  min     avg     max     sdv     max/avg-1
INFO (Carpet): Level  0:      32M     37M     41M      2M owned     11%
INFO (Carpet): Level  1:       1M      1M      1M      0M owned      8%
INFO (Carpet): Level  2:       1M      1M      1M      0M owned      7%
INFO (Carpet): Level  3:       1M      1M      1M      0M owned      9%
INFO (Carpet): Level  4:       1M      1M      1M      0M owned     13%
INFO (Carpet): Level  5:       1M      1M      1M      0M owned      5%
INFO (Carpet): Level  6:       1M      1M      1M      0M owned      6%
INFO (Carpet): Level  7:       0M      1M      1M      0M owned      7%
INFO (CartGrid3D): Grid Spacings:
INFO (CartGrid3D): dx=>4.0000000e+00  dy=>4.0000000e+00  dz=>4.0000000e+00
INFO (CartGrid3D): Computational Coordinates:
INFO (CartGrid3D): x=>[-520.000,520.000]  y=>[-520.000,520.000]  z=>[-520.000,520.000]
INFO (CartGrid3D): Indices of Physical Coordinates:
INFO (CartGrid3D): x=>[0,260]  y=>[0,260]  z=>[0,260]
INFO (AHFinderDirect): setting up AHFinderDirect data structures
INFO (AHFinderDirect):            to search for 6 horizons on 112 processors
INFO (AHFinderDirect):       constructing full sphere patch system
INFO (AHFinderDirect):                    at origin (8.001,0,0)
INFO (AHFinderDirect):                    with 18 angular zones per right angle
INFO (AHFinderDirect):       ==> 2166 nominal, 3174 ghosted angular grid points
INFO (AHFinderDirect):       constructing full sphere patch system
INFO (AHFinderDirect):                    at origin (-8.001,0,0)
INFO (AHFinderDirect):                    with 18 angular zones per right angle
INFO (AHFinderDirect):       ==> 2166 nominal, 3174 ghosted angular grid points
INFO (AHFinderDirect):       constructing full sphere patch system
INFO (AHFinderDirect):                    at origin (0,0,0)
INFO (AHFinderDirect):                    with 18 angular zones per right angle
INFO (AHFinderDirect):       ==> 2166 nominal, 3174 ghosted angular grid points
INFO (AHFinderDirect):       constructing full sphere patch system
INFO (AHFinderDirect):                    at origin (0,0,0)
INFO (AHFinderDirect):                    with 18 angular zones per right angle
INFO (AHFinderDirect):       ==> 2166 nominal, 3174 ghosted angular grid points
INFO (AHFinderDirect):       constructing full sphere patch system
INFO (AHFinderDirect):                    at origin (0,0,0)
INFO (AHFinderDirect):                    with 18 angular zones per right angle
INFO (AHFinderDirect):       ==> 2166 nominal, 3174 ghosted angular grid points
INFO (AHFinderDirect):       constructing full sphere patch system
INFO (AHFinderDirect):                    at origin (0,0,0)
INFO (AHFinderDirect):                    with 18 angular zones per right angle
INFO (AHFinderDirect):       ==> 2166 nominal, 3174 ghosted angular grid points
INFO (TerminationTrigger): Reminding you every 0 minutes about remaining walltime
INFO (Time): Timestep set to 1 (courant_static)
INFO (TwoChargedPunctures): Solving puncture equation for BH-BH system
INFO (TwoChargedPunctures): b = 8.001
TCP_Newton: it=0 	 |F|=8.700042e-04
bare mass: mp=0.5 	 mm=0.5
bicgstab:  itmax 100, tol 8.700042e-07
bicgstab:     0   2.837e-02
bicgstab:     1   1.298e+02   1.216e+00   0.000e+00  -1.090e-01
bicgstab:     2   3.153e+04   3.415e+00   7.994e-02   7.384e-01
bicgstab:     3   3.189e+04   3.140e+00   8.567e-01   8.319e-01
bicgstab:     4   1.009e+04   2.568e-01  -3.425e+00   4.527e+00
bicgstab:     5   4.164e+03   1.654e+00  -1.976e-02   3.667e-01
bicgstab:     6   3.328e+03  -4.682e-02  -2.022e-01   9.423e-01
bicgstab:     7   2.154e+04   8.673e+01  -5.854e-01   3.999e-01
bicgstab:     8   1.071e+02   3.057e-02  -2.576e+03   6.826e-01
bicgstab:     9   8.075e+02   2.277e+00  -7.759e-04   2.818e+00
bicgstab:    10   3.117e+02   2.125e-01  -4.534e-02   6.018e-01
bicgstab:    11   1.711e+02   1.575e+00  -3.750e-01   2.261e+00
bicgstab:    12   1.862e+01   6.210e+00  -2.898e-01   4.245e-01
bicgstab:    13   2.263e+01   1.286e-01   2.006e+00   2.386e-01
bicgstab:    14   1.690e+00   2.043e+00  -6.898e-01   3.902e+00
bicgstab:    15   1.117e+01  -1.095e+02   2.021e-01   4.031e-01
bicgstab:    16   6.599e-02  -4.495e-02  -2.711e+03   4.342e-01
bicgstab:    17   2.594e-02   6.353e-01  -2.459e-04   1.844e+00
bicgstab:    18   1.344e-02   6.161e-01  -1.219e-01   1.586e+00
bicgstab:    19   1.337e-02  -3.231e-01  -9.840e-02   2.775e-01
bicgstab:    20   3.057e-03  -1.050e+01  -1.656e+00   7.611e-01
bicgstab:    21   3.093e-03   1.021e-01   6.423e-01  -1.126e-01
bicgstab:    22   1.733e-03   1.718e+01  -5.726e-01   4.583e-01
bicgstab:    23   7.807e-04   1.487e-01  -6.529e+01   3.435e+00
bicgstab:    24   6.386e-04   1.285e+00  -6.809e-03   7.578e-01
bicgstab:    25   4.678e-04   1.027e+00   7.037e-01   6.439e-01
bicgstab:    26   3.751e-04   2.687e-01   1.029e+00   1.461e-02
bicgstab:    27   1.345e-04  -6.746e-01  -2.711e+00   5.120e-01
bicgstab:    28   4.576e-06   3.906e-01   4.524e-01   2.044e-01
bicgstab:    29   5.279e-06   3.229e-02   7.478e-02  -9.111e-02
bicgstab:    30   8.568e-05  -3.321e+00   1.213e+00   1.264e+00
bicgstab:    31   4.099e-05  -1.856e-01  -2.803e+01   2.544e+00
bicgstab:    32   2.732e-05   4.346e-01   4.614e-02   1.987e-01
bicgstab:    33   2.731e-05   4.963e-02   7.422e-03  -3.052e-02
bicgstab:    34   2.908e-05   1.208e+00  -1.625e+00   2.756e-01
bicgstab:    35   1.075e-05  -1.430e+00   5.383e+00   3.320e+00
bicgstab:    36   1.133e-05  -1.375e-01  -4.719e-01   1.489e-01
bicgstab:    37   2.803e-06   4.891e-01   3.724e+00   3.841e-01
bicgstab:    38   3.916e-07   2.829e-01   7.561e-01   4.753e-01
TCP_Newton: it=1 	 |F|=3.166615e-04
bare mass: mp=0.5 	 mm=0.5
bicgstab:  itmax 100, tol 3.166615e-07
bicgstab:     0   2.555e-03
bicgstab:     1   2.282e-03  -5.791e-03   0.000e+00   4.816e-03
bicgstab:     2   5.090e-03  -5.029e+00  -9.683e-01   2.379e-01
bicgstab:     3   2.399e-02  -5.487e+01  -3.103e+01   3.999e-01
bicgstab:     4   9.564e-02   4.016e+00  -9.513e+01   1.289e-01
bicgstab:     5   7.412e-02  -1.683e-02   1.072e+03   4.460e-01
bicgstab:     6   4.065e-02   6.134e-01  -1.167e-02   1.531e+00
bicgstab:     7   7.181e-03   7.393e-01   4.200e-02   5.921e-01
bicgstab:     8   2.129e-03   2.721e-01  -9.187e-02   7.484e-01
bicgstab:     9   5.712e-04   4.842e+00  -2.606e-01   9.464e-01
bicgstab:    10   6.865e-04   1.138e+01   2.290e+00   4.272e-01
bicgstab:    11   7.749e-04   6.649e-02   1.882e+01  -3.133e-02
bicgstab:    12   1.978e-04   6.917e-01  -6.115e-01   6.276e-01
bicgstab:    13   3.580e-05   8.828e-01   1.987e-01   9.679e-01
bicgstab:    14   2.815e-05   1.930e+00  -5.155e-02   4.335e-01
bicgstab:    15   2.339e-05   6.368e-02  -1.621e+01  -4.870e-01
bicgstab:    16   7.422e-06  -3.439e-02  -3.339e-01   5.822e+00
bicgstab:    17   9.596e-06   7.762e-01  -1.223e-02   6.159e-01
bicgstab:    18   8.828e-06   2.191e+00  -3.426e-01   4.698e-01
bicgstab:    19   5.095e-05   1.457e+01   6.203e+00   6.444e-01
bicgstab:    20   1.237e-06   5.883e-02  -2.283e+02   7.679e+00
bicgstab:    21   3.142e-07   2.749e+00  -2.190e-04   5.053e-01
TCP_Newton: it=2 	 |F|=6.320281e-08 
INFO (TwoChargedPunctures): Wrote coefficient file v.dat
INFO (TwoChargedPunctures): The two puncture masses are mp=0.5 and mm=0.5
INFO (TwoChargedPunctures): Puncture 1 ADM mass is 0.508568
INFO (TwoChargedPunctures): Puncture 2 ADM mass is 0.508568
INFO (TwoChargedPunctures): The total ADM mass is 1.00412
INFO (TwoChargedPunctures): Setting initial lapse to psi^-2.000000 profile.
INFO (TwoChargedPunctures): Interpolating result
INFO (QuasiLocalMeasures): Initialising Quasi-Local Measure calculations
INFO (TerminationTrigger): Reminding you every 0 minutes about remaining walltime
INFO (Time): Timestep set to 1 (courant_static)
INFO (TwoChargedPunctures): Setting initial lapse to psi^-2.000000 profile.
INFO (TwoChargedPunctures): Interpolating result
INFO (TerminationTrigger): Reminding you every 0 minutes about remaining walltime
INFO (Time): Timestep set to 0.5 (courant_static)
INFO (TwoChargedPunctures): Setting initial lapse to psi^-2.000000 profile.
INFO (TwoChargedPunctures): Interpolating result
INFO (TerminationTrigger): Reminding you every 0 minutes about remaining walltime
INFO (Time): Timestep set to 0.25 (courant_static)
INFO (TwoChargedPunctures): Setting initial lapse to psi^-2.000000 profile.
INFO (TwoChargedPunctures): Interpolating result
INFO (TerminationTrigger): Reminding you every 0 minutes about remaining walltime
INFO (Time): Timestep set to 0.125 (courant_static)
INFO (TwoChargedPunctures): Setting initial lapse to psi^-2.000000 profile.
INFO (TwoChargedPunctures): Interpolating result
INFO (TerminationTrigger): Reminding you every 0 minutes about remaining walltime
INFO (Time): Timestep set to 0.0625 (courant_static)
INFO (TwoChargedPunctures): Setting initial lapse to psi^-2.000000 profile.
INFO (TwoChargedPunctures): Interpolating result
INFO (TerminationTrigger): Reminding you every 0 minutes about remaining walltime
INFO (Time): Timestep set to 0.03125 (courant_static)
INFO (TwoChargedPunctures): Setting initial lapse to psi^-2.000000 profile.
INFO (TwoChargedPunctures): Interpolating result
INFO (TerminationTrigger): Reminding you every 0 minutes about remaining walltime
INFO (Time): Timestep set to 0.015625 (courant_static)
INFO (TwoChargedPunctures): Setting initial lapse to psi^-2.000000 profile.
INFO (TwoChargedPunctures): Interpolating result
INFO (AHFinderDirect): proc 0: searching for horizon 1/6
INFO (AHFinderDirect): AH 6/6: r=238.999 at (0.000006,0.000026,-0.000055)
INFO (AHFinderDirect): AH 6/6: area=723845.4395 m_irreducible=120.0018644
INFO (AHFinderDirect): AH 3/6: r=78.9933 at (-0.000000,-0.000000,0.000000)
INFO (AHFinderDirect): AH 3/6: area=80425.06756 m_irreducible=40.00007352
INFO (AHFinderDirect): AH 4/6: r=98.9938 at (-0.000000,0.000000,0.000000)
INFO (AHFinderDirect): AH 4/6: area=125663.9379 m_irreducible=50.00004611
INFO (AHFinderDirect): AH 5/6: r=178.995 at (-0.000000,-0.000000,-0.000000)
INFO (AHFinderDirect): AH 5/6: area=407150.5268 m_irreducible=90.00001314
INFO (AHFinderDirect): AH 1/6: r=0.212425 at (8.000986,-0.001048,0.000000)
INFO (AHFinderDirect): AH 1/6: area=11.27548147 m_irreducible=0.4736228208
INFO (AHFinderDirect): AH 2/6: r=0.212425 at (-8.000986,0.001048,-0.000000)
INFO (AHFinderDirect): AH 2/6: area=11.27548147 m_irreducible=0.4736228208
INFO (QuasiLocalMeasures): Calculating quasi-local quantities for surface    0
INFO (QuasiLocalMeasures): Importing from spherical surface    0
INFO (QuasiLocalMeasures): Geometric quantities for surface    0:
INFO (QuasiLocalMeasures):    Area A:                            11.2755
INFO (QuasiLocalMeasures):    Irreducible mass M = R/2:         0.473623
INFO (QuasiLocalMeasures):    Areal radius R = sqrt(A/4pi):     0.947246
INFO (QuasiLocalMeasures): Coordinate-dependent quantities for surface    0:
INFO (QuasiLocalMeasures):    Equatorial circumference:             5.95171
INFO (QuasiLocalMeasures):    Polar circumference at phi=0:         5.95031
INFO (QuasiLocalMeasures):    Polar circumference at phi=pi/2:      5.95177
INFO (QuasiLocalMeasures):    No valid spin guess from distortion.
INFO (QuasiLocalMeasures):    (Spin guess is imaginary.)
INFO (QuasiLocalMeasures):    Magnitude of invalid spin guess:     0.697812E-03
INFO (QuasiLocalMeasures):    Mass guess M from distortion:        0.473622
INFO (QuasiLocalMeasures): Isolated Horizon quantities for surface    0:
INFO (QuasiLocalMeasures):    Killing vector field eigenvalue norm:      1.00002
INFO (QuasiLocalMeasures):    Spin J:                                  -0.135619E-06
INFO (QuasiLocalMeasures):    Kerr spin parameter a = J/M:             -0.286344E-06
INFO (QuasiLocalMeasures):    Dimensionless spin parameter a = J/M^2:  -0.604583E-06
INFO (QuasiLocalMeasures):    Spin J from NP:                          -0.598788E-05
INFO (QuasiLocalMeasures):    Spin J from phi-coordinate-vector:         0.00000
INFO (QuasiLocalMeasures):    Mass M:                                   0.473623
INFO (QuasiLocalMeasures): Global quantities for surface    0:
INFO (QuasiLocalMeasures):    ADM energy:                 -9.35196
INFO (QuasiLocalMeasures):    ADM momentum x:            -0.224555E-05
INFO (QuasiLocalMeasures):    ADM momentum y:             0.308270E-02
INFO (QuasiLocalMeasures):    ADM momentum z:             0.258713E-07
INFO (QuasiLocalMeasures):    ADM angular momentum x:    -0.184555E-06
INFO (QuasiLocalMeasures):    ADM angular momentum y:    -0.206976E-06
INFO (QuasiLocalMeasures):    ADM angular momentum z:     0.246648E-01
INFO (QuasiLocalMeasures):    Weinberg energy:                  18.8413
INFO (QuasiLocalMeasures):    Weinberg momentum x:            -0.446906E-04
INFO (QuasiLocalMeasures):    Weinberg momentum y:             0.612738E-01
INFO (QuasiLocalMeasures):    Weinberg momentum z:             0.256770E-06
INFO (QuasiLocalMeasures):    Weinberg angular momentum x:    -0.367174E-05
INFO (QuasiLocalMeasures):    Weinberg angular momentum y:    -0.205399E-05
INFO (QuasiLocalMeasures):    Weinberg angular momentum z:     0.490252
------------------------------------------------------------------------------------
Iteration      Time | *me_per_hour |     LEANBSSNMOL::conf_fac | *TISTICS::maxrss_mb
                    |              |      minimum      maximum |   minimum   maximum
------------------------------------------------------------------------------------
        0     0.000 |    0.0000000 |    0.0001000    0.9988687 |       798      1016
INFO (CarpetRegrid2): Centre 1 is at position [8.001,0,0] with 8 levels
INFO (CarpetRegrid2): Centre 2 is at position [-8.001,0,0] with 8 levels
INFO (CarpetRegrid2): Refined regions have not changed sufficiently; skipping regridding
INFO (CarpetRegrid2): Centre 1 is at position [8.001,0,0] with 8 levels
INFO (CarpetRegrid2): Centre 2 is at position [-8.001,0,0] with 8 levels
INFO (CarpetRegrid2): Refined regions have not changed sufficiently; skipping regridding
INFO (CarpetRegrid2): Centre 1 is at position [8.001,0,0] with 8 levels
INFO (CarpetRegrid2): Centre 2 is at position [-8.001,0,0] with 8 levels
INFO (CarpetRegrid2): Refined regions have not changed sufficiently; skipping regridding
INFO (CarpetRegrid2): Centre 1 is at position [8.001,0,0] with 8 levels
INFO (CarpetRegrid2): Centre 2 is at position [-8.001,0,0] with 8 levels
INFO (CarpetRegrid2): Refined regions have not changed sufficiently; skipping regridding
INFO (CarpetRegrid2): Centre 1 is at position [8.001,0,0] with 8 levels
INFO (CarpetRegrid2): Centre 2 is at position [-8.001,0,0] with 8 levels
INFO (CarpetRegrid2): Refined regions have not changed sufficiently; skipping regridding
INFO (CarpetRegrid2): Centre 1 is at position [8.001,0,0] with 8 levels
INFO (CarpetRegrid2): Centre 2 is at position [-8.001,0,0] with 8 levels
INFO (CarpetRegrid2): Refined regions have not changed sufficiently; skipping regridding
INFO (CarpetRegrid2): Centre 1 is at position [8.001,0,0] with 8 levels
INFO (CarpetRegrid2): Centre 2 is at position [-8.001,0,0] with 8 levels
INFO (CarpetRegrid2): Refined regions have not changed sufficiently; skipping regridding
INFO (CarpetRegrid2): Centre 1 is at position [8.001,0,0] with 8 levels
INFO (CarpetRegrid2): Centre 2 is at position [-8.001,0,0] with 8 levels
INFO (CarpetRegrid2): Refined regions have not changed sufficiently; skipping regridding
        1     0.016 |   11.2353720 |    0.0001132    0.9988687 |       846      1023
        2     0.031 |   20.9037991 |    0.0001264    0.9988687 |       812      1023
        3     0.047 |   29.3797052 |    0.0001396    0.9988687 |       812      1023
        4     0.062 |   36.4178149 |    0.0001527    0.9988687 |       812      1024
        5     0.078 |   41.6878260 |    0.0001658    0.9988687 |       812      1024
        6     0.094 |   47.5315169 |    0.0001789    0.9988687 |       813      1024
        7     0.109 |   52.7429774 |    0.0001920    0.9988687 |       813      1024
        8     0.125 |   56.6515329 |    0.0002053    0.9988687 |       813      1024
        9     0.141 |   58.1024958 |    0.0002187    0.9988687 |       813      1024
       10     0.156 |   62.0146269 |    0.0002324    0.9988687 |       813      1025
       11     0.172 |   65.5933014 |    0.0002464    0.9988687 |       813      1025
       12     0.188 |   68.4565017 |    0.0002609    0.9988687 |       814      1025
       13     0.203 |   70.1425393 |    0.0002759    0.9988687 |       814      1025
       14     0.219 |   73.0412088 |    0.0002916    0.9988687 |       814      1025
       15     0.234 |   75.7180567 |    0.0003079    0.9988687 |       814      1025
       16     0.250 |   77.1528544 |    0.0003252    0.9988687 |       814      1025
       17     0.266 |   75.7775372 |    0.0003434    0.9988687 |       814      1025
       18     0.281 |   77.9681145 |    0.0003626    0.9988687 |       815      1025
       19     0.297 |   80.0040435 |    0.0003832    0.9988687 |       815      1025
------------------------------------------------------------------------------------
Iteration      Time | *me_per_hour |     LEANBSSNMOL::conf_fac | *TISTICS::maxrss_mb
                    |              |      minimum      maximum |   minimum   maximum
------------------------------------------------------------------------------------
       20     0.312 |   81.6203174 |    0.0004051    0.9988687 |       815      1026
       21     0.328 |   82.3267524 |    0.0004285    0.9988687 |       815      1026
       22     0.344 |   84.1783540 |    0.0004538    0.9988687 |       815      1026
       23     0.359 |   85.8793342 |    0.0004809    0.9988687 |       815      1026
       24     0.375 |   86.8467740 |    0.0005102    0.9988687 |       815      1026
       25     0.391 |   86.1726716 |    0.0005420    0.9988687 |       815      1026
       26     0.406 |   87.7149274 |    0.0005763    0.9988687 |       816      1026
       27     0.422 |   89.1665167 |    0.0006136    0.9988687 |       816      1026
       28     0.438 |   90.2026885 |    0.0006541    0.9988687 |       816      1026
       29     0.453 |   90.4855972 |    0.0006981    0.9988687 |       816      1026
       30     0.469 |   91.8239423 |    0.0007460    0.9988687 |       816      1026
       31     0.484 |   93.0471097 |    0.0007980    0.9988687 |       816      1026
       32     0.500 |   93.2341342 |    0.0008545    0.9988687 |       816      1026
       33     0.516 |   90.9223741 |    0.0009159    0.9988687 |       816      1027
       34     0.531 |   92.0679902 |    0.0009825    0.9988687 |       817      1027
       35     0.547 |   93.1527757 |    0.0010548    0.9988687 |       817      1027
       36     0.562 |   93.9162149 |    0.0011331    0.9988687 |       817      1027
       37     0.578 |   94.0714115 |    0.0012177    0.9988687 |       817      1027
       38     0.594 |   95.1004688 |    0.0013092    0.9988687 |       817      1027
       39     0.609 |   96.0552110 |    0.0014079    0.9988687 |       817      1027
------------------------------------------------------------------------------------
Iteration      Time | *me_per_hour |     LEANBSSNMOL::conf_fac | *TISTICS::maxrss_mb
                    |              |      minimum      maximum |   minimum   maximum
------------------------------------------------------------------------------------
       40     0.625 |   96.5174411 |    0.0015142    0.9988687 |       817      1027
       41     0.641 |   95.7884009 |    0.0016286    0.9988687 |       817      1027
       42     0.656 |   96.6932789 |    0.0017515    0.9988687 |       817      1027
       43     0.672 |   97.5233998 |    0.0018832    0.9988687 |       817      1027
       44     0.688 |   98.0973444 |    0.0020242    0.9988687 |       817      1027
       45     0.703 |   98.1351322 |    0.0021749    0.9988687 |       817      1027
       46     0.719 |   98.9684639 |    0.0023358    0.9988687 |       817      1027
       47     0.734 |   99.6656474 |    0.0025072    0.9988687 |       817      1027
       48     0.750 |   99.9301454 |    0.0026895    0.9988687 |       818      1027
       49     0.766 |   98.5531736 |    0.0028832    0.9988687 |       818      1027
       50     0.781 |   99.2754851 |    0.0030887    0.9988687 |       818      1027
       51     0.797 |   99.9891638 |    0.0033063    0.9988687 |       818      1027
       52     0.812 |  100.2936156 |    0.0035365    0.9988687 |       818      1027
       53     0.828 |   99.8942705 |    0.0037796    0.9988687 |       818      1027
       54     0.844 |  100.3101843 |    0.0040361    0.9988687 |       818      1027
       55     0.859 |  100.8401347 |    0.0043062    0.9988687 |       818      1027
       56     0.875 |  101.0685907 |    0.0045904    0.9988687 |       818      1028
       57     0.891 |  100.3562973 |    0.0048890    0.9988687 |       818      1028
       58     0.906 |  100.9898743 |    0.0052023    0.9988687 |       818      1028
       59     0.922 |  101.5938929 |    0.0054377    0.9988687 |       818      1028
------------------------------------------------------------------------------------
Iteration      Time | *me_per_hour |     LEANBSSNMOL::conf_fac | *TISTICS::maxrss_mb
                    |              |      minimum      maximum |   minimum   maximum
------------------------------------------------------------------------------------
       60     0.938 |  101.9757370 |    0.0051760    0.9988687 |       818      1028
       61     0.953 |  101.9274895 |    0.0049219    0.9988687 |       818      1028
       62     0.969 |  102.5308200 |    0.0046761    0.9988687 |       818      1028
       63     0.984 |  103.0822638 |    0.0044391    0.9988687 |       818      1028
       64     1.000 |  102.4000035 |    0.0042116    0.9988687 |       822      1028
INFO (CarpetRegrid2): Centre 1 is at position [8.00092,0.0192298,-8.38961e-08] with 8 levels
INFO (CarpetRegrid2): Centre 2 is at position [-8.00092,-0.0192298,8.38961e-08] with 8 levels
INFO (CarpetRegrid2): Refined regions have not changed sufficiently; skipping regridding
INFO (CarpetRegrid2): Centre 1 is at position [8.00092,0.0192298,-8.38961e-08] with 8 levels
INFO (CarpetRegrid2): Centre 2 is at position [-8.00092,-0.0192298,8.38961e-08] with 8 levels
INFO (CarpetRegrid2): Refined regions have not changed sufficiently; skipping regridding
INFO (CarpetRegrid2): Centre 1 is at position [8.00092,0.0192298,-8.38961e-08] with 8 levels
INFO (CarpetRegrid2): Centre 2 is at position [-8.00092,-0.0192298,8.38961e-08] with 8 levels
INFO (CarpetRegrid2): Refined regions have not changed sufficiently; skipping regridding
INFO (CarpetRegrid2): Centre 1 is at position [8.00092,0.0192298,-8.38961e-08] with 8 levels
INFO (CarpetRegrid2): Centre 2 is at position [-8.00092,-0.0192298,8.38961e-08] with 8 levels
INFO (CarpetRegrid2): Refined regions have not changed sufficiently; skipping regridding
INFO (CarpetRegrid2): Centre 1 is at position [8.00092,0.0192298,-8.38961e-08] with 8 levels
INFO (CarpetRegrid2): Centre 2 is at position [-8.00092,-0.0192298,8.38961e-08] with 8 levels
INFO (CarpetRegrid2): Refined regions have not changed sufficiently; skipping regridding
INFO (CarpetRegrid2): Centre 1 is at position [8.00092,0.0192298,-8.38961e-08] with 8 levels
INFO (CarpetRegrid2): Centre 2 is at position [-8.00092,-0.0192298,8.38961e-08] with 8 levels
INFO (CarpetRegrid2): Refined regions have not changed sufficiently; skipping regridding
INFO (CarpetRegrid2): Centre 1 is at position [8.00092,0.0192298,-8.38961e-08] with 8 levels
INFO (CarpetRegrid2): Centre 2 is at position [-8.00092,-0.0192298,8.38961e-08] with 8 levels
INFO (CarpetRegrid2): Refined regions have not changed sufficiently; skipping regridding
INFO (CarpetRegrid2): Centre 1 is at position [8.00092,0.0192298,-8.38961e-08] with 8 levels
INFO (CarpetRegrid2): Centre 2 is at position [-8.00092,-0.0192298,8.38961e-08] with 8 levels
INFO (CarpetRegrid2): Refined regions have not changed sufficiently; skipping regridding
       65     1.016 |   91.2593161 |    0.0039943    0.9988687 |       853      1028
       66     1.031 |   91.7924997 |    0.0037876    0.9988687 |       815      1028
       67     1.047 |   92.3548924 |    0.0035923    0.9988687 |       815      1028
       68     1.062 |   92.7569261 |    0.0034090    0.9988687 |       815      1028
       69     1.078 |   92.8492882 |    0.0032382    0.9988687 |       815      1028
       70     1.094 |   93.4136445 |    0.0030805    0.9988687 |       815      1028
       71     1.109 |   93.9379578 |    0.0029366    0.9988687 |       815      1028
       72     1.125 |   94.1991646 |    0.0028070    0.9988687 |       815      1028
       73     1.141 |   93.8244941 |    0.0026923    0.9988687 |       815      1028
       74     1.156 |   94.3445474 |    0.0025931    0.9988687 |       815      1028
       75     1.172 |   94.8485275 |    0.0025099    0.9988687 |       815      1028
       76     1.188 |   95.1872359 |    0.0024434    0.9988687 |       815      1028
       77     1.203 |   95.2440724 |    0.0023940    0.9988687 |       815      1028
       78     1.219 |   95.7459849 |    0.0023623    0.9988687 |       815      1028
       79     1.234 |   96.2158794 |    0.0023489    0.9988687 |       815      1028
------------------------------------------------------------------------------------
Iteration      Time | *me_per_hour |     LEANBSSNMOL::conf_fac | *TISTICS::maxrss_mb
                    |              |      minimum      maximum |   minimum   maximum
------------------------------------------------------------------------------------
       80     1.250 |   96.3838229 |    0.0023543    0.9988687 |       815      1028
       81     1.266 |   95.6422606 |    0.0023790    0.9988687 |       816      1029
       82     1.281 |   96.1049426 |    0.0024235    0.9988687 |       816      1029
       83     1.297 |   96.5501162 |    0.0024883    0.9988687 |       816      1029
       84     1.312 |   96.8412972 |    0.0025740    0.9988687 |       816      1029
       85     1.328 |   96.8726421 |    0.0026810    0.9988687 |       816      1029
       86     1.344 |   97.3198703 |    0.0028098    0.9988687 |       816      1029
       87     1.359 |   97.7328223 |    0.0029609    0.9988687 |       816      1029
       88     1.375 |   97.9338550 |    0.0031347    0.9988687 |       816      1029
       89     1.391 |   97.5815924 |    0.0033316    0.9988687 |       816      1029
       90     1.406 |   97.9793875 |    0.0035522    0.9988687 |       816      1029
       91     1.422 |   98.3782179 |    0.0037967    0.9988687 |       816      1029
       92     1.438 |   98.6502665 |    0.0040657    0.9988687 |       816      1029
       93     1.453 |   98.6610780 |    0.0043595    0.9988687 |       816      1029
       94     1.469 |   99.0665228 |    0.0046785    0.9988687 |       816      1029
       95     1.484 |   99.4443493 |    0.0050230    0.9988687 |       816      1029
       96     1.500 |   99.4711179 |    0.0053934    0.9988687 |       816      1029
       97     1.516 |   98.4402166 |    0.0057900    0.9988687 |       816      1029
       98     1.531 |   98.7897224 |    0.0062131    0.9988687 |       816      1029
       99     1.547 |   99.1560745 |    0.0066630    0.9988687 |       816      1029
------------------------------------------------------------------------------------
Iteration      Time | *me_per_hour |     LEANBSSNMOL::conf_fac | *TISTICS::maxrss_mb
                    |              |      minimum      maximum |   minimum   maximum
------------------------------------------------------------------------------------
      100     1.562 |   99.3983284 |    0.0068587    0.9988687 |       816      1029
      101     1.578 |   99.3825470 |    0.0064723    0.9988687 |       816      1029
      102     1.594 |   99.7564242 |    0.0061051    0.9988687 |       816      1029
      103     1.609 |  100.1040704 |    0.0057581    0.9988687 |       816      1029
      104     1.625 |  100.2576968 |    0.0054319    0.9988687 |       816      1029
      105     1.641 |   99.9156775 |    0.0051272    0.9988687 |       816      1029
      106     1.656 |  100.2638376 |    0.0048448    0.9988687 |       816      1029
      107     1.672 |  100.6026262 |    0.0045854    0.9988687 |       816      1029
      108     1.688 |  100.8167852 |    0.0043498    0.9988687 |       816      1029
      109     1.703 |  100.8066788 |    0.0041388    0.9988687 |       816      1029
      110     1.719 |  101.1491824 |    0.0039530    0.9988687 |       816      1029
      111     1.734 |  101.4595980 |    0.0037932    0.9988687 |       817      1029
      112     1.750 |  101.5640347 |    0.0036601    0.9988687 |       817      1029
      113     1.766 |  100.9295027 |    0.0035545    0.9988687 |       817      1029
      114     1.781 |  101.2501892 |    0.0034770    0.9988687 |       817      1029
      115     1.797 |  101.5604904 |    0.0034285    0.9988687 |       817      1029
      116     1.812 |  101.7468938 |    0.0034095    0.9988687 |       817      1029
      117     1.828 |  101.7116129 |    0.0034208    0.9988687 |       817      1029
      118     1.844 |  102.0295122 |    0.0034631    0.9988687 |       817      1029
      119     1.859 |  102.3267911 |    0.0035370    0.9988687 |       817      1029
------------------------------------------------------------------------------------
Iteration      Time | *me_per_hour |     LEANBSSNMOL::conf_fac | *TISTICS::maxrss_mb
                    |              |      minimum      maximum |   minimum   maximum
------------------------------------------------------------------------------------
      120     1.875 |  102.4383158 |    0.0036432    0.9988687 |       817      1029
      121     1.891 |  102.1016417 |    0.0037822    0.9988687 |       817      1029
      122     1.906 |  102.4007559 |    0.0039547    0.9988687 |       817      1029
      123     1.922 |  102.6812197 |    0.0041614    0.9988687 |       817      1029
      124     1.938 |  102.8547829 |    0.0044026    0.9988687 |       817      1029
      125     1.953 |  102.8349393 |    0.0046790    0.9988687 |       817      1029
      126     1.969 |  103.1302083 |    0.0049911    0.9988687 |       817      1029
      127     1.984 |  103.4038604 |    0.0053394    0.9988687 |       817      1029
      128     2.000 |  103.0544319 |    0.0057242    0.9988687 |       819      1029
INFO (CarpetRegrid2): Centre 1 is at position [8.00026,0.0726748,-3.12391e-06] with 8 levels
INFO (CarpetRegrid2): Centre 2 is at position [-8.00026,-0.0726748,3.12391e-06] with 8 levels
INFO (CarpetRegrid2): Refined regions have not changed sufficiently; skipping regridding
INFO (CarpetRegrid2): Centre 1 is at position [8.00026,0.0726748,-3.12391e-06] with 8 levels
INFO (CarpetRegrid2): Centre 2 is at position [-8.00026,-0.0726748,3.12391e-06] with 8 levels
INFO (CarpetRegrid2): Refined regions have not changed sufficiently; skipping regridding
INFO (CarpetRegrid2): Centre 1 is at position [8.00026,0.0726748,-3.12391e-06] with 8 levels
INFO (CarpetRegrid2): Centre 2 is at position [-8.00026,-0.0726748,3.12391e-06] with 8 levels
INFO (CarpetRegrid2): Refined regions have not changed sufficiently; skipping regridding
INFO (CarpetRegrid2): Centre 1 is at position [8.00026,0.0726748,-3.12391e-06] with 8 levels
INFO (CarpetRegrid2): Centre 2 is at position [-8.00026,-0.0726748,3.12391e-06] with 8 levels
INFO (CarpetRegrid2): Refined regions have not changed sufficiently; skipping regridding
INFO (CarpetRegrid2): Centre 1 is at position [8.00026,0.0726748,-3.12391e-06] with 8 levels
INFO (CarpetRegrid2): Centre 2 is at position [-8.00026,-0.0726748,3.12391e-06] with 8 levels
INFO (CarpetRegrid2): Refined regions have not changed sufficiently; skipping regridding
INFO (CarpetRegrid2): Centre 1 is at position [8.00026,0.0726748,-3.12391e-06] with 8 levels
INFO (CarpetRegrid2): Centre 2 is at position [-8.00026,-0.0726748,3.12391e-06] with 8 levels
INFO (CarpetRegrid2): Refined regions have not changed sufficiently; skipping regridding
INFO (CarpetRegrid2): Centre 1 is at position [8.00026,0.0726748,-3.12391e-06] with 8 levels
INFO (CarpetRegrid2): Centre 2 is at position [-8.00026,-0.0726748,3.12391e-06] with 8 levels
INFO (CarpetRegrid2): Refined regions have not changed sufficiently; skipping regridding
INFO (CarpetRegrid2): Centre 1 is at position [8.00026,0.0726748,-3.12391e-06] with 8 levels
INFO (CarpetRegrid2): Centre 2 is at position [-8.00026,-0.0726748,3.12391e-06] with 8 levels
INFO (CarpetRegrid2): Refined regions have not changed sufficiently; skipping regridding
      129     2.016 |   97.4353971 |    0.0061460    0.9988687 |       856      1030
      130     2.031 |   97.6863321 |    0.0066052    0.9988687 |       817      1030
      131     2.047 |   97.9661244 |    0.0071021    0.9988687 |       817      1030
      132     2.062 |   98.1523150 |    0.0076370    0.9988687 |       817      1030
      133     2.078 |   98.1629345 |    0.0082102    0.9988687 |       817      1030
      134     2.094 |   98.4451957 |    0.0086603    0.9988687 |       817      1030
      135     2.109 |   98.7121464 |    0.0081621    0.9988687 |       817      1030
      136     2.125 |   98.8264266 |    0.0076904    0.9988687 |       817      1030
      137     2.141 |   98.5703456 |    0.0072464    0.9988687 |       817      1030
      138     2.156 |   98.8405007 |    0.0068311    0.9988687 |       817      1030
      139     2.172 |   99.0987407 |    0.0064456    0.9988687 |       817      1030
------------------------------------------------------------------------------------
Iteration      Time | *me_per_hour |     LEANBSSNMOL::conf_fac | *TISTICS::maxrss_mb
                    |              |      minimum      maximum |   minimum   maximum
------------------------------------------------------------------------------------
      140     2.188 |   99.2719130 |    0.0060912    0.9988687 |       817      1030
      141     2.203 |   99.2717147 |    0.0057690    0.9988687 |       817      1030
      142     2.219 |   99.5284280 |    0.0054800    0.9988687 |       817      1030
      143     2.234 |   99.7770317 |    0.0052254    0.9988687 |       817      1030
      144     2.250 |   99.8703931 |    0.0050065    0.9988687 |       818      1030
      145     2.266 |   99.4058455 |    0.0048242    0.9988687 |       818      1030
      146     2.281 |   99.6594894 |    0.0046797    0.9988687 |       818      1030
      147     2.297 |   99.9063748 |    0.0045740    0.9988687 |       818      1030
      148     2.312 |  100.0694129 |    0.0045084    0.9988687 |       818      1030
      149     2.328 |  100.0681258 |    0.0044838    0.9988687 |       818      1030
      150     2.344 |  100.3182841 |    0.0045012    0.9988687 |       818      1030
      151     2.359 |  100.5541462 |    0.0045616    0.9988687 |       818      1030
      152     2.375 |  100.6563739 |    0.0046660    0.9988687 |       818      1030
      153     2.391 |  100.4155657 |    0.0048152    0.9988687 |       818      1030
      154     2.406 |  100.6538909 |    0.0050102    0.9988687 |       818      1030
      155     2.422 |  100.8744641 |    0.0052518    0.9988687 |       818      1030
      156     2.438 |  101.0185467 |    0.0055406    0.9988687 |       818      1030
      157     2.453 |  101.0125227 |    0.0058774    0.9988687 |       818      1030
      158     2.469 |  101.2514453 |    0.0062629    0.9988687 |       818      1030
      159     2.484 |  101.4723939 |    0.0066975    0.9988687 |       818      1030
------------------------------------------------------------------------------------
Iteration      Time | *me_per_hour |     LEANBSSNMOL::conf_fac | *TISTICS::maxrss_mb
                    |              |      minimum      maximum |   minimum   maximum
------------------------------------------------------------------------------------
      160     2.500 |  101.4671897 |    0.0071818    0.9988687 |       818      1030
      161     2.516 |  100.7326004 |    0.0077162    0.9988687 |       818      1030
      162     2.531 |  100.9395045 |    0.0083011    0.9988687 |       818      1030
      163     2.547 |  101.1234484 |    0.0089366    0.9988687 |       818      1030
      164     2.562 |  101.2700352 |    0.0096230    0.9988687 |       818      1030
      165     2.578 |  101.2627071 |    0.0103603    0.9988687 |       818      1030
      166     2.594 |  101.4857647 |    0.0111485    0.9988687 |       818      1030
      167     2.609 |  101.6808342 |    0.0107576    0.9988687 |       818      1030
      168     2.625 |  101.7644964 |    0.0101504    0.9988687 |       818      1030
      169     2.641 |  101.5342842 |    0.0095780    0.9988687 |       818      1030
      170     2.656 |  101.7498636 |    0.0090425    0.9988687 |       818      1030
      171     2.672 |  101.9545283 |    0.0085455    0.9988687 |       818      1030
      172     2.688 |  102.0812182 |    0.0080889    0.9988687 |       818      1030
      173     2.703 |  102.0695431 |    0.0076746    0.9988687 |       818      1030
      174     2.719 |  102.2799180 |    0.0073044    0.9988687 |       818      1030
      175     2.734 |  102.4825457 |    0.0069800    0.9988687 |       818      1030
      176     2.750 |  102.5422078 |    0.0067033    0.9988687 |       818      1030
      177     2.766 |  102.1100310 |    0.0064760    0.9988687 |       818      1030
      178     2.781 |  102.3163044 |    0.0062997    0.9988687 |       818      1030
      179     2.797 |  102.5097764 |    0.0061761    0.9988687 |       818      1030
------------------------------------------------------------------------------------
Iteration      Time | *me_per_hour |     LEANBSSNMOL::conf_fac | *TISTICS::maxrss_mb
                    |              |      minimum      maximum |   minimum   maximum
------------------------------------------------------------------------------------
      180     2.812 |  102.6348626 |    0.0061067    0.9988687 |       818      1030
      181     2.828 |  102.6223714 |    0.0060931    0.9988687 |       818      1030
      182     2.844 |  102.8243909 |    0.0061365    0.9988687 |       818      1030
      183     2.859 |  103.0157096 |    0.0062383    0.9988687 |       818      1030
      184     2.875 |  103.0898797 |    0.0063998    0.9988687 |       818      1030
      185     2.891 |  102.8686955 |    0.0066219    0.9988687 |       818      1030
      186     2.906 |  103.0599188 |    0.0069056    0.9988687 |       818      1030
      187     2.922 |  103.2456477 |    0.0072519    0.9988687 |       818      1030
      188     2.938 |  103.3653561 |    0.0076613    0.9988687 |       818      1030
      189     2.953 |  103.3459646 |    0.0081345    0.9988687 |       818      1030
      190     2.969 |  103.5406927 |    0.0086718    0.9988687 |       818      1030
      191     2.984 |  103.7219536 |    0.0092735    0.9988687 |       818      1030
      192     3.000 |  103.4883816 |    0.0099397    0.9988687 |       821      1030
INFO (CarpetRegrid2): Centre 1 is at position [7.99862,0.135915,-1.54372e-05] with 8 levels
INFO (CarpetRegrid2): Centre 2 is at position [-7.99862,-0.135915,1.54372e-05] with 8 levels
INFO (CarpetRegrid2): Refined regions have not changed sufficiently; skipping regridding
INFO (CarpetRegrid2): Centre 1 is at position [7.99862,0.135915,-1.54372e-05] with 8 levels
INFO (CarpetRegrid2): Centre 2 is at position [-7.99862,-0.135915,1.54372e-05] with 8 levels
INFO (CarpetRegrid2): Refined regions have not changed sufficiently; skipping regridding
INFO (CarpetRegrid2): Centre 1 is at position [7.99862,0.135915,-1.54372e-05] with 8 levels
INFO (CarpetRegrid2): Centre 2 is at position [-7.99862,-0.135915,1.54372e-05] with 8 levels
INFO (CarpetRegrid2): Refined regions have not changed sufficiently; skipping regridding
INFO (CarpetRegrid2): Centre 1 is at position [7.99862,0.135915,-1.54372e-05] with 8 levels
INFO (CarpetRegrid2): Centre 2 is at position [-7.99862,-0.135915,1.54372e-05] with 8 levels
INFO (CarpetRegrid2): Refined regions have not changed sufficiently; skipping regridding
INFO (CarpetRegrid2): Centre 1 is at position [7.99862,0.135915,-1.54372e-05] with 8 levels
INFO (CarpetRegrid2): Centre 2 is at position [-7.99862,-0.135915,1.54372e-05] with 8 levels
INFO (CarpetRegrid2): Refined regions have not changed sufficiently; skipping regridding
INFO (CarpetRegrid2): Centre 1 is at position [7.99862,0.135915,-1.54372e-05] with 8 levels
INFO (CarpetRegrid2): Centre 2 is at position [-7.99862,-0.135915,1.54372e-05] with 8 levels
INFO (CarpetRegrid2): Refined regions have not changed sufficiently; skipping regridding
INFO (CarpetRegrid2): Centre 1 is at position [7.99862,0.135915,-1.54372e-05] with 8 levels
INFO (CarpetRegrid2): Centre 2 is at position [-7.99862,-0.135915,1.54372e-05] with 8 levels
INFO (CarpetRegrid2): Refined regions have not changed sufficiently; skipping regridding
INFO (CarpetRegrid2): Centre 1 is at position [7.99862,0.135915,-1.54372e-05] with 8 levels
INFO (CarpetRegrid2): Centre 2 is at position [-7.99862,-0.135915,1.54372e-05] with 8 levels
INFO (CarpetRegrid2): Refined regions have not changed sufficiently; skipping regridding
      193     3.016 |   99.6072944 |    0.0106701    0.9988687 |       857      1030
      194     3.031 |   99.7680098 |    0.0114647    0.9988687 |       819      1030
      195     3.047 |   99.9527253 |    0.0123228    0.9988687 |       819      1030
      196     3.062 |  100.0746826 |    0.0132438    0.9988687 |       819      1030
      197     3.078 |  100.0760322 |    0.0142270    0.9988687 |       819      1030
      198     3.094 |  100.2679999 |    0.0150867    0.9988687 |       819      1030
      199     3.109 |  100.4483414 |    0.0142958    0.9988687 |       819      1030
------------------------------------------------------------------------------------
Iteration      Time | *me_per_hour |     LEANBSSNMOL::conf_fac | *TISTICS::maxrss_mb
                    |              |      minimum      maximum |   minimum   maximum
------------------------------------------------------------------------------------
      200     3.125 |  100.5207296 |    0.0135479    0.9988687 |       819      1030
      201     3.141 |  100.2999333 |    0.0128458    0.9988687 |       819      1030
      202     3.156 |  100.4884559 |    0.0121923    0.9988687 |       819      1030
      203     3.172 |  100.6565866 |    0.0115901    0.9988687 |       819      1030
      204     3.188 |  100.7518291 |    0.0110419    0.9988687 |       819      1030
      205     3.203 |  100.7453880 |    0.0105504    0.9988687 |       819      1030
      206     3.219 |  100.9202042 |    0.0101181    0.9988687 |       819      1030
      207     3.234 |  101.0901380 |    0.0097473    0.9988687 |       819      1030
      208     3.250 |  101.1453746 |    0.0094406    0.9988687 |       819      1030
      209     3.266 |  100.8019684 |    0.0092000    0.9988687 |       819      1030
      210     3.281 |  100.9743330 |    0.0090278    0.9988687 |       819      1030
      211     3.297 |  101.1417448 |    0.0089258    0.9988687 |       819      1030
      212     3.312 |  101.2368039 |    0.0088959    0.9988687 |       819      1030
      213     3.328 |  101.2316111 |    0.0089396    0.9988687 |       819      1030
      214     3.344 |  101.4068926 |    0.0090585    0.9988687 |       819      1030
      215     3.359 |  101.5705933 |    0.0092536    0.9988687 |       819      1030
      216     3.375 |  101.6359313 |    0.0095260    0.9988687 |       819      1030
      217     3.391 |  101.4572163 |    0.0098762    0.9988687 |       819      1030
      218     3.406 |  101.6232825 |    0.0103045    0.9988687 |       819      1030
      219     3.422 |  101.7861002 |    0.0108112    0.9988687 |       819      1030
------------------------------------------------------------------------------------
Iteration      Time | *me_per_hour |     LEANBSSNMOL::conf_fac | *TISTICS::maxrss_mb
                    |              |      minimum      maximum |   minimum   maximum
------------------------------------------------------------------------------------
      220     3.438 |  101.8935134 |    0.0113958    0.9988687 |       819      1030
      221     3.453 |  101.8846386 |    0.0120578    0.9988687 |       819      1030
      222     3.469 |  102.0517607 |    0.0127964    0.9988687 |       819      1030
      223     3.484 |  102.2008894 |    0.0136104    0.9988687 |       819      1030
      224     3.500 |  102.1973054 |    0.0144983    0.9988687 |       819      1030
      225     3.516 |  101.7391612 |    0.0154587    0.9988687 |       819      1030
      226     3.531 |  101.8996591 |    0.0164894    0.9988687 |       819      1030
      227     3.547 |  102.0583321 |    0.0175886    0.9988687 |       819      1030
      228     3.562 |  102.1553588 |    0.0187538    0.9988687 |       819      1031
      229     3.578 |  102.1435610 |    0.0194832    0.9988687 |       819      1031
      230     3.594 |  102.3046876 |    0.0185539    0.9988687 |       819      1031
      231     3.609 |  102.4570299 |    0.0176802    0.9988687 |       819      1031
      232     3.625 |  102.5149753 |    0.0168653    0.9988687 |       819      1031
      233     3.641 |  102.3303869 |    0.0161124    0.9988687 |       819      1031
      234     3.656 |  102.4912838 |    0.0154247    0.9988687 |       819      1031
      235     3.672 |  102.6348342 |    0.0148050    0.9988687 |       819      1031
      236     3.688 |  102.7309397 |    0.0142562    0.9988687 |       819      1031
      237     3.703 |  102.7183239 |    0.0137809    0.9988687 |       819      1031
      238     3.719 |  102.8740794 |    0.0133816    0.9988687 |       819      1031
      239     3.734 |  103.0184548 |    0.0130605    0.9988687 |       819      1031
------------------------------------------------------------------------------------
Iteration      Time | *me_per_hour |     LEANBSSNMOL::conf_fac | *TISTICS::maxrss_mb
                    |              |      minimum      maximum |   minimum   maximum
------------------------------------------------------------------------------------
      240     3.750 |  103.0617910 |    0.0128198    0.9988687 |       819      1031
      241     3.766 |  102.7497801 |    0.0126614    0.9988687 |       819      1031
      242     3.781 |  102.8933660 |    0.0125869    0.9988687 |       819      1031
      243     3.797 |  103.0378728 |    0.0125977    0.9988687 |       819      1031
      244     3.812 |  103.1281499 |    0.0126949    0.9988687 |       819      1031
      245     3.828 |  103.1116854 |    0.0128791    0.9988687 |       819      1031
      246     3.844 |  103.2618369 |    0.0131509    0.9988687 |       819      1031
      247     3.859 |  103.4022361 |    0.0135101    0.9988687 |       819      1031
      248     3.875 |  103.4550027 |    0.0139564    0.9988687 |       819      1031
      249     3.891 |  103.2845030 |    0.0144889    0.9988687 |       819      1031
      250     3.906 |  103.4253819 |    0.0151065    0.9988687 |       819      1031
      251     3.922 |  103.5642930 |    0.0158076    0.9988687 |       819      1031
      252     3.938 |  103.6537491 |    0.0165904    0.9988687 |       819      1031
      253     3.953 |  103.6381735 |    0.0174526    0.9988687 |       819      1031
      254     3.969 |  103.7822170 |    0.0183918    0.9988687 |       819      1031
      255     3.984 |  103.9181025 |    0.0194054    0.9988687 |       819      1031
INFO (AHFinderDirect): proc 0: searching for horizon 1/6
INFO (AHFinderDirect): AH 3/6: r=78.9932 at (-0.000000,0.000000,0.000000)
INFO (AHFinderDirect): AH 3/6: area=80424.77534 m_irreducible=40.00000085
INFO (AHFinderDirect): AH 4/6: r=98.9937 at (0.000000,-0.000000,0.000000)
INFO (AHFinderDirect): AH 4/6: area=125663.7083 m_irreducible=50.00000043
INFO (AHFinderDirect): AH 5/6: r=178.995 at (-0.000000,0.000000,-0.000000)
INFO (AHFinderDirect): AH 5/6: area=407150.4085 m_irreducible=90.00000007
INFO (AHFinderDirect): AH 6/6: r=238.995 at (0.000000,0.000000,0.000000)
INFO (AHFinderDirect): AH 6/6: area=723823.0312 m_irreducible=120.000007
INFO (AHFinderDirect): AH 1/6: r=0.406308 at (7.996195,0.199692,-0.000045)
INFO (AHFinderDirect): AH 1/6: area=11.27482068 m_irreducible=0.4736089426
INFO (AHFinderDirect): AH 2/6: r=0.406308 at (-7.996195,-0.199692,0.000045)
INFO (AHFinderDirect): AH 2/6: area=11.27482068 m_irreducible=0.4736089426
INFO (QuasiLocalMeasures): Calculating quasi-local quantities for surface    0
INFO (QuasiLocalMeasures): Importing from spherical surface    0
INFO (QuasiLocalMeasures): Geometric quantities for surface    0:
INFO (QuasiLocalMeasures):    Area A:                            11.2748
INFO (QuasiLocalMeasures):    Irreducible mass M = R/2:         0.473609
INFO (QuasiLocalMeasures):    Areal radius R = sqrt(A/4pi):     0.947217
INFO (QuasiLocalMeasures): Coordinate-dependent quantities for surface    0:
INFO (QuasiLocalMeasures):    Equatorial circumference:             5.95056
INFO (QuasiLocalMeasures):    Polar circumference at phi=0:         5.95251
INFO (QuasiLocalMeasures):    Polar circumference at phi=pi/2:      5.92567
INFO (QuasiLocalMeasures):    No valid spin guess from distortion.
INFO (QuasiLocalMeasures):    (Spin guess is imaginary.)
INFO (QuasiLocalMeasures):    Magnitude of invalid spin guess:     0.816274E-02
INFO (QuasiLocalMeasures):    Mass guess M from distortion:        0.473530
INFO (QuasiLocalMeasures): Isolated Horizon quantities for surface    0:
INFO (QuasiLocalMeasures):    Killing vector field eigenvalue norm:      1.00000
INFO (QuasiLocalMeasures):    Spin J:                                   0.455709E-06
INFO (QuasiLocalMeasures):    Kerr spin parameter a = J/M:              0.962206E-06
INFO (QuasiLocalMeasures):    Dimensionless spin parameter a = J/M^2:   0.203165E-05
INFO (QuasiLocalMeasures):    Spin J from NP:                          -0.999083E-04
INFO (QuasiLocalMeasures):    Spin J from phi-coordinate-vector:         0.00000
INFO (QuasiLocalMeasures):    Mass M:                                   0.473609
INFO (QuasiLocalMeasures): Global quantities for surface    0:
INFO (QuasiLocalMeasures):    ADM energy:                 -1.25813
INFO (QuasiLocalMeasures):    ADM momentum x:            -0.480990E-03
INFO (QuasiLocalMeasures):    ADM momentum y:             0.791085E-02
INFO (QuasiLocalMeasures):    ADM momentum z:            -0.847555E-05
INFO (QuasiLocalMeasures):    ADM angular momentum x:    -0.125950E-04
INFO (QuasiLocalMeasures):    ADM angular momentum y:     0.535390E-04
INFO (QuasiLocalMeasures):    ADM angular momentum z:     0.440501E-01
INFO (QuasiLocalMeasures):    Weinberg energy:                  3.22007
INFO (QuasiLocalMeasures):    Weinberg momentum x:            -0.199646E-02
INFO (QuasiLocalMeasures):    Weinberg momentum y:             0.368777E-01
INFO (QuasiLocalMeasures):    Weinberg momentum z:            -0.388474E-04
INFO (QuasiLocalMeasures):    Weinberg angular momentum x:    -0.742643E-04
INFO (QuasiLocalMeasures):    Weinberg angular momentum y:     0.425619E-03
INFO (QuasiLocalMeasures):    Weinberg angular momentum z:     0.403926
      256     4.000 |   98.0956575 |    0.0204904    0.9988687 |       824      1064
INFO (CarpetRegrid2): Centre 1 is at position [7.99611,0.202361,-4.46444e-05] with 8 levels
INFO (CarpetRegrid2): Centre 2 is at position [-7.99611,-0.202361,4.46444e-05] with 8 levels
INFO (CarpetRegrid2): Regridding level 0 map 0 at iteration 257 time 4
INFO (CarpetRegrid2): Regridding levels 1 and up
INFO (CarpetRegrid2): Enforcing grid structure properties, iteration 0
INFO (CarpetRegrid2): Enforcing grid structure properties, iteration 0
INFO (CarpetRegrid2): Enforcing grid structure properties, iteration 0
INFO (CarpetRegrid2): Enforcing grid structure properties, iteration 0
INFO (CarpetRegrid2): Enforcing grid structure properties, iteration 1
INFO (CarpetRegrid2): Enforcing grid structure properties, iteration 0
INFO (CarpetRegrid2): Enforcing grid structure properties, iteration 0
INFO (CarpetRegrid2): Enforcing grid structure properties, iteration 0
INFO (Carpet): Grid structure (superregions, grid points):
   [0][0][0]   exterior: [0,0,0] : [260,260,260]   ([261,261,261] + PADDING) 17779581
   [1][0][0]   exterior: [215,219,219] : [305,301,301]   ([91,83,83] + PADDING) 626899
   [2][0][0]   exterior: [479,487,487] : [561,553,553]   ([83,67,67] + PADDING) 372587
   [3][0][0]   exterior: [991,1007,1007] : [1089,1073,1073]   ([99,67,67] + PADDING) 444411
   [4][0][0]   exterior: [2016,2047,2048] : [2144,2113,2112]   ([129,67,65] + PADDING) 561795
   [5][0][0]   exterior: [4065,4127,4129] : [4127,4190,4191]   ([63,64,63] + PADDING) 254016
   [5][0][1]   exterior: [4193,4130,4129] : [4255,4193,4191]   ([63,64,63] + PADDING) 254016
   [6][0][0]   exterior: [8163,8288,8291] : [8221,8346,8349]   ([59,59,59] + PADDING) 205379
   [6][0][1]   exterior: [8419,8294,8291] : [8477,8352,8349]   ([59,59,59] + PADDING) 205379
   [7][0][0]   exterior: [16359,16609,16615] : [16409,16659,16665]   ([51,51,51] + PADDING) 132651
   [7][0][1]   exterior: [16871,16621,16615] : [16921,16671,16665]   ([51,51,51] + PADDING) 132651
INFO (Carpet): Grid structure (superregions, coordinates):
   [0][0][0]   exterior: [-520,-520,-520] : [520,520,520] : [4,4,4]
   [1][0][0]   exterior: [-90,-82,-82] : [90,82,82] : [2,2,2]
   [2][0][0]   exterior: [-41,-33,-33] : [41,33,33] : [1,1,1]
   [3][0][0]   exterior: [-24.5,-16.5,-16.5] : [24.5,16.5,16.5] : [0.5,0.5,0.5]
   [4][0][0]   exterior: [-16,-8.25,-8] : [16,8.25,8] : [0.25,0.25,0.25]
   [5][0][0]   exterior: [-11.875,-4.125,-3.875] : [-4.125,3.75,3.875] : [0.125,0.125,0.125]
   [5][0][1]   exterior: [4.125,-3.75,-3.875] : [11.875,4.125,3.875] : [0.125,0.125,0.125]
   [6][0][0]   exterior: [-9.8125,-2,-1.8125] : [-6.1875,1.625,1.8125] : [0.0625,0.0625,0.0625]
   [6][0][1]   exterior: [6.1875,-1.625,-1.8125] : [9.8125,2,1.8125] : [0.0625,0.0625,0.0625]
   [7][0][0]   exterior: [-8.78125,-0.96875,-0.78125] : [-7.21875,0.59375,0.78125] : [0.03125,0.03125,0.03125]
   [7][0][1]   exterior: [7.21875,-0.59375,-0.78125] : [8.78125,0.96875,0.78125] : [0.03125,0.03125,0.03125]
INFO (Carpet): Global grid structure statistics:
INFO (Carpet): GF: rhs: 250k active, 488k owned (+95%), 1175k total (+141%), 128 steps/time
INFO (Carpet): GF: vars: 247, pts: 4419M active, 4883M owned (+11%), 7716M total (+58%), 1.0 comp/proc
INFO (Carpet): GA: vars: 1664, pts: 381M active, 381M total (+0%)
INFO (Carpet): Total required memory: 65.628 GByte (for GAs and currently active GFs)
INFO (Carpet): Load balance:  min     avg     max     sdv     max/avg-1
INFO (Carpet): Level  0:      32M     37M     41M      2M owned     11%
INFO (Carpet): Level  1:       1M      1M      1M      0M owned      8%
INFO (Carpet): Level  2:       1M      1M      1M      0M owned      7%
INFO (Carpet): Level  3:       1M      1M      1M      0M owned      9%
INFO (Carpet): Level  4:       1M      1M      1M      0M owned     12%
INFO (Carpet): Level  5:       1M      1M      1M      0M owned      4%
INFO (Carpet): Level  6:       1M      1M      1M      0M owned      6%
INFO (Carpet): Level  7:       0M      1M      1M      0M owned      7%
      257     4.016 |   93.3832461 |    0.0216440    0.9988687 |       861      1074
      258     4.031 |   93.5154292 |    0.0228629    0.9988687 |       861      1074
      259     4.047 |   93.6497201 |    0.0229489    0.9988687 |       861      1074
------------------------------------------------------------------------------------
Iteration      Time | *me_per_hour |     LEANBSSNMOL::conf_fac | *TISTICS::maxrss_mb
                    |              |      minimum      maximum |   minimum   maximum
------------------------------------------------------------------------------------
      260     4.062 |   93.7348139 |    0.0219628    0.9988687 |       861      1074
      261     4.078 |   93.7424791 |    0.0210427    0.9988687 |       861      1074
      262     4.094 |   93.8774919 |    0.0201917    0.9988687 |       861      1074
      263     4.109 |   94.0110875 |    0.0194126    0.9988687 |       861      1074
      264     4.125 |   94.0738976 |    0.0187082    0.9988687 |       861      1075
      265     4.141 |   93.9561138 |    0.0180810    0.9988687 |       861      1075
      266     4.156 |   94.0852933 |    0.0175333    0.9988687 |       861      1075
      267     4.172 |   94.2198028 |    0.0170671    0.9988687 |       861      1075
      268     4.188 |   94.3025662 |    0.0166843    0.9988687 |       861      1075
      269     4.203 |   94.3102150 |    0.0163866    0.9988687 |       861      1075
      270     4.219 |   94.4383173 |    0.0161754    0.9988687 |       861      1075
      271     4.234 |   94.5696561 |    0.0160517    0.9988687 |       861      1075
      272     4.250 |   94.6153280 |    0.0160165    0.9988687 |       862      1075
      273     4.266 |   94.3901195 |    0.0160701    0.9988687 |       862      1075
      274     4.281 |   94.5075719 |    0.0162129    0.9988687 |       862      1075
      275     4.297 |   94.6375604 |    0.0164446    0.9988687 |       862      1075
      276     4.312 |   94.7170982 |    0.0167649    0.9988687 |       862      1075
      277     4.328 |   94.7212531 |    0.0171728    0.9988687 |       862      1075
      278     4.344 |   94.8473578 |    0.0176671    0.9988687 |       862      1075
      279     4.359 |   94.9733389 |    0.0182464    0.9988687 |       862      1075
------------------------------------------------------------------------------------
Iteration      Time | *me_per_hour |     LEANBSSNMOL::conf_fac | *TISTICS::maxrss_mb
                    |              |      minimum      maximum |   minimum   maximum
------------------------------------------------------------------------------------
      280     4.375 |   95.0276840 |    0.0189087    0.9988687 |       862      1075
      281     4.391 |   94.9117327 |    0.0196521    0.9988687 |       862      1075
      282     4.406 |   95.0314099 |    0.0204740    0.9988687 |       862      1075
      283     4.422 |   95.1561935 |    0.0213719    0.9988687 |       862      1075
      284     4.438 |   95.2345872 |    0.0223430    0.9988687 |       862      1075
      285     4.453 |   95.2395228 |    0.0233844    0.9988687 |       862      1075
      286     4.469 |   95.3609646 |    0.0244930    0.9988687 |       862      1075
      287     4.484 |   95.4816389 |    0.0256657    0.9988687 |       862      1075
      288     4.500 |   95.4876498 |    0.0256768    0.9988687 |       862      1075
      289     4.516 |   95.1713658 |    0.0246878    0.9988687 |       862      1075
      290     4.531 |   95.2843603 |    0.0237686    0.9988687 |       862      1075
      291     4.547 |   95.4037075 |    0.0229218    0.9988687 |       862      1075
      292     4.562 |   95.4762476 |    0.0221498    0.9988687 |       862      1075
      293     4.578 |   95.4758708 |    0.0214548    0.9988687 |       862      1075
      294     4.594 |   95.5857106 |    0.0208388    0.9988687 |       862      1075
      295     4.609 |   95.6951665 |    0.0203035    0.9988687 |       862      1075
      296     4.625 |   95.7443902 |    0.0198505    0.9988687 |       862      1075
      297     4.641 |   95.6269100 |    0.0194810    0.9988687 |       862      1075
      298     4.656 |   95.7398161 |    0.0191961    0.9988687 |       862      1075
      299     4.672 |   95.8537232 |    0.0189966    0.9988687 |       862      1075
------------------------------------------------------------------------------------
Iteration      Time | *me_per_hour |     LEANBSSNMOL::conf_fac | *TISTICS::maxrss_mb
                    |              |      minimum      maximum |   minimum   maximum
------------------------------------------------------------------------------------
      300     4.688 |   95.9209070 |    0.0188830    0.9988687 |       862      1075
      301     4.703 |   95.9199505 |    0.0188556    0.9988687 |       862      1075
      302     4.719 |   96.0307891 |    0.0189144    0.9988687 |       862      1075
      303     4.734 |   96.1449572 |    0.0190590    0.9988687 |       862      1075
      304     4.750 |   96.1874064 |    0.0192890    0.9988687 |       862      1075
      305     4.766 |   95.9694531 |    0.0196035    0.9988687 |       862      1075
      306     4.781 |   96.0797214 |    0.0200014    0.9988687 |       862      1075
      307     4.797 |   96.1927319 |    0.0204812    0.9988687 |       862      1075
      308     4.812 |   96.2608625 |    0.0210415    0.9988687 |       862      1075
      309     4.828 |   96.2537821 |    0.0216802    0.9988687 |       862      1075
      310     4.844 |   96.3644074 |    0.0223954    0.9988687 |       862      1075
      311     4.859 |   96.4737183 |    0.0231847    0.9988687 |       862      1075
      312     4.875 |   96.5217490 |    0.0240458    0.9988687 |       862      1075
      313     4.891 |   96.4049741 |    0.0249761    0.9988687 |       862      1075
      314     4.906 |   96.5132218 |    0.0259729    0.9988687 |       862      1075
      315     4.922 |   96.6237315 |    0.0270334    0.9988687 |       862      1075
      316     4.938 |   96.6892140 |    0.0281547    0.9988687 |       862      1075
      317     4.953 |   96.6847843 |    0.0275371    0.9988687 |       862      1075
      318     4.969 |   96.7931220 |    0.0266039    0.9988687 |       862      1075
      319     4.984 |   96.9019094 |    0.0257406    0.9988687 |       862      1075
------------------------------------------------------------------------------------
Iteration      Time | *me_per_hour |     LEANBSSNMOL::conf_fac | *TISTICS::maxrss_mb
                    |              |      minimum      maximum |   minimum   maximum
------------------------------------------------------------------------------------
      320     5.000 |   96.7880744 |    0.0249493    0.9988687 |       863      1076
INFO (CarpetRegrid2): Centre 1 is at position [7.99252,0.271324,-9.93441e-05] with 8 levels
INFO (CarpetRegrid2): Centre 2 is at position [-7.99252,-0.271324,9.93441e-05] with 8 levels
INFO (CarpetRegrid2): Refined regions have not changed sufficiently; skipping regridding
INFO (CarpetRegrid2): Centre 1 is at position [7.99252,0.271324,-9.93441e-05] with 8 levels
INFO (CarpetRegrid2): Centre 2 is at position [-7.99252,-0.271324,9.93441e-05] with 8 levels
INFO (CarpetRegrid2): Refined regions have not changed sufficiently; skipping regridding
INFO (CarpetRegrid2): Centre 1 is at position [7.99252,0.271324,-9.93441e-05] with 8 levels
INFO (CarpetRegrid2): Centre 2 is at position [-7.99252,-0.271324,9.93441e-05] with 8 levels
INFO (CarpetRegrid2): Refined regions have not changed sufficiently; skipping regridding
INFO (CarpetRegrid2): Centre 1 is at position [7.99252,0.271324,-9.93441e-05] with 8 levels
INFO (CarpetRegrid2): Centre 2 is at position [-7.99252,-0.271324,9.93441e-05] with 8 levels
INFO (CarpetRegrid2): Refined regions have not changed sufficiently; skipping regridding
INFO (CarpetRegrid2): Centre 1 is at position [7.99252,0.271324,-9.93441e-05] with 8 levels
INFO (CarpetRegrid2): Centre 2 is at position [-7.99252,-0.271324,9.93441e-05] with 8 levels
INFO (CarpetRegrid2): Refined regions have not changed sufficiently; skipping regridding
INFO (CarpetRegrid2): Centre 1 is at position [7.99252,0.271324,-9.93441e-05] with 8 levels
INFO (CarpetRegrid2): Centre 2 is at position [-7.99252,-0.271324,9.93441e-05] with 8 levels
INFO (CarpetRegrid2): Refined regions have not changed sufficiently; skipping regridding
INFO (CarpetRegrid2): Centre 1 is at position [7.99252,0.271324,-9.93441e-05] with 8 levels
INFO (CarpetRegrid2): Centre 2 is at position [-7.99252,-0.271324,9.93441e-05] with 8 levels
INFO (CarpetRegrid2): Refined regions have not changed sufficiently; skipping regridding
INFO (CarpetRegrid2): Centre 1 is at position [7.99252,0.271324,-9.93441e-05] with 8 levels
INFO (CarpetRegrid2): Centre 2 is at position [-7.99252,-0.271324,9.93441e-05] with 8 levels
INFO (CarpetRegrid2): Refined regions have not changed sufficiently; skipping regridding
      321     5.016 |   94.7249584 |    0.0242320    0.9988687 |       863      1076
      322     5.031 |   94.8297824 |    0.0235904    0.9988687 |       863      1076
      323     5.047 |   94.9385266 |    0.0230260    0.9988687 |       863      1076
      324     5.062 |   94.9987756 |    0.0225401    0.9988687 |       863      1076
      325     5.078 |   95.0030508 |    0.0221338    0.9988687 |       863      1076
      326     5.094 |   95.1101155 |    0.0218079    0.9988687 |       863      1076
      327     5.109 |   95.2140604 |    0.0215631    0.9988687 |       863      1076
      328     5.125 |   95.2622786 |    0.0213996    0.9988687 |       863      1076
      329     5.141 |   95.1573571 |    0.0213178    0.9988687 |       863      1076
      330     5.156 |   95.2605397 |    0.0213174    0.9988687 |       863      1076
      331     5.172 |   95.3646801 |    0.0213983    0.9988687 |       863      1076
      332     5.188 |   95.4288118 |    0.0215598    0.9988687 |       863      1076
      333     5.203 |   95.4301545 |    0.0218012    0.9988687 |       863      1076
      334     5.219 |   95.5304823 |    0.0221215    0.9988687 |       863      1076
      335     5.234 |   95.6342741 |    0.0225195    0.9988687 |       863      1076
      336     5.250 |   95.6710714 |    0.0229939    0.9988687 |       863      1076
      337     5.266 |   95.4815383 |    0.0235431    0.9988687 |       863      1076
      338     5.281 |   95.5803918 |    0.0241652    0.9988687 |       863      1076
      339     5.297 |   95.6835448 |    0.0248584    0.9988687 |       863      1076
------------------------------------------------------------------------------------
Iteration      Time | *me_per_hour |     LEANBSSNMOL::conf_fac | *TISTICS::maxrss_mb
                    |              |      minimum      maximum |   minimum   maximum
------------------------------------------------------------------------------------
      340     5.312 |   95.7471850 |    0.0256207    0.9988687 |       863      1076
      341     5.328 |   95.7485335 |    0.0264498    0.9988687 |       863      1076
      342     5.344 |   95.8488536 |    0.0273434    0.9988687 |       863      1076
      343     5.359 |   95.9509150 |    0.0282991    0.9988687 |       863      1076
      344     5.375 |   95.9953385 |    0.0293144    0.9988687 |       863      1076
      345     5.391 |   95.8972450 |    0.0301010    0.9988687 |       863      1076
      346     5.406 |   95.9955856 |    0.0291750    0.9988687 |       863      1076
      347     5.422 |   96.0960944 |    0.0283151    0.9988687 |       863      1076
      348     5.438 |   96.1583887 |    0.0275232    0.9988687 |       863      1076
      349     5.453 |   96.1595640 |    0.0268010    0.9988687 |       863      1076
      350     5.469 |   96.2588636 |    0.0261500    0.9988687 |       863      1076
      351     5.484 |   96.3583101 |    0.0255717    0.9988687 |       863      1076
      352     5.500 |   96.3616179 |    0.0250671    0.9988687 |       863      1076
      353     5.516 |   96.1006431 |    0.0246372    0.9988687 |       863      1076
      354     5.531 |   96.1946089 |    0.0242829    0.9988687 |       863      1076
      355     5.547 |   96.2891907 |    0.0240045    0.9988687 |       863      1076
      356     5.562 |   96.3478878 |    0.0238026    0.9988687 |       863      1076
      357     5.578 |   96.3432343 |    0.0236773    0.9988687 |       863      1076
      358     5.594 |   96.4379206 |    0.0236284    0.9988687 |       863      1076
      359     5.609 |   96.5253522 |    0.0236558    0.9988687 |       863      1076
------------------------------------------------------------------------------------
Iteration      Time | *me_per_hour |     LEANBSSNMOL::conf_fac | *TISTICS::maxrss_mb
                    |              |      minimum      maximum |   minimum   maximum
------------------------------------------------------------------------------------
      360     5.625 |   96.5601540 |    0.0237590    0.9988687 |       863      1076
      361     5.641 |   96.4346504 |    0.0239374    0.9988687 |       863      1076
      362     5.656 |   96.5266642 |    0.0241902    0.9988687 |       863      1076
      363     5.672 |   96.6224273 |    0.0245164    0.9988687 |       863      1076
      364     5.688 |   96.6800939 |    0.0249148    0.9988687 |       863      1076
      365     5.703 |   96.6785942 |    0.0253841    0.9988687 |       863      1076
      366     5.719 |   96.7729754 |    0.0259229    0.9988687 |       863      1076
      367     5.734 |   96.8672897 |    0.0265294    0.9988687 |       863      1076
      368     5.750 |   96.8998100 |    0.0272020    0.9988687 |       863      1076
      369     5.766 |   96.7199341 |    0.0279388    0.9988687 |       863      1076
      370     5.781 |   96.8092238 |    0.0287379    0.9988687 |       863      1076
      371     5.797 |   96.9032546 |    0.0295971    0.9988687 |       863      1076
      372     5.812 |   96.9474431 |    0.0305143    0.9988687 |       863      1076
      373     5.828 |   96.9450396 |    0.0314873    0.9988687 |       863      1076
      374     5.844 |   97.0376073 |    0.0317416    0.9988687 |       863      1076
      375     5.859 |   97.1294836 |    0.0308916    0.9988687 |       863      1076
      376     5.875 |   97.1677923 |    0.0301052    0.9988687 |       863      1076
      377     5.891 |   97.0719471 |    0.0293840    0.9988687 |       863      1076
      378     5.906 |   97.1600190 |    0.0287294    0.9988687 |       863      1076
      379     5.922 |   97.2515498 |    0.0281427    0.9988687 |       863      1076
------------------------------------------------------------------------------------
Iteration      Time | *me_per_hour |     LEANBSSNMOL::conf_fac | *TISTICS::maxrss_mb
                    |              |      minimum      maximum |   minimum   maximum
------------------------------------------------------------------------------------
      380     5.938 |   97.3061719 |    0.0276249    0.9988687 |       863      1076
      381     5.953 |   97.3043292 |    0.0271770    0.9988687 |       863      1076
      382     5.969 |   97.3882929 |    0.0267996    0.9988687 |       863      1076
      383     5.984 |   97.4783395 |    0.0264934    0.9988687 |       863      1076
      384     6.000 |   97.3883726 |    0.0262587    0.9988687 |       863      1076
INFO (CarpetRegrid2): Centre 1 is at position [7.98787,0.340635,-0.000179806] with 8 levels
INFO (CarpetRegrid2): Centre 2 is at position [-7.98787,-0.340635,0.000179806] with 8 levels
INFO (CarpetRegrid2): Refined regions have not changed sufficiently; skipping regridding
INFO (CarpetRegrid2): Centre 1 is at position [7.98787,0.340635,-0.000179806] with 8 levels
INFO (CarpetRegrid2): Centre 2 is at position [-7.98787,-0.340635,0.000179806] with 8 levels
INFO (CarpetRegrid2): Refined regions have not changed sufficiently; skipping regridding
INFO (CarpetRegrid2): Centre 1 is at position [7.98787,0.340635,-0.000179806] with 8 levels
INFO (CarpetRegrid2): Centre 2 is at position [-7.98787,-0.340635,0.000179806] with 8 levels
INFO (CarpetRegrid2): Refined regions have not changed sufficiently; skipping regridding
INFO (CarpetRegrid2): Centre 1 is at position [7.98787,0.340635,-0.000179806] with 8 levels
INFO (CarpetRegrid2): Centre 2 is at position [-7.98787,-0.340635,0.000179806] with 8 levels
INFO (CarpetRegrid2): Refined regions have not changed sufficiently; skipping regridding
INFO (CarpetRegrid2): Centre 1 is at position [7.98787,0.340635,-0.000179806] with 8 levels
INFO (CarpetRegrid2): Centre 2 is at position [-7.98787,-0.340635,0.000179806] with 8 levels
INFO (CarpetRegrid2): Refined regions have not changed sufficiently; skipping regridding
INFO (CarpetRegrid2): Centre 1 is at position [7.98787,0.340635,-0.000179806] with 8 levels
INFO (CarpetRegrid2): Centre 2 is at position [-7.98787,-0.340635,0.000179806] with 8 levels
INFO (CarpetRegrid2): Refined regions have not changed sufficiently; skipping regridding
INFO (CarpetRegrid2): Centre 1 is at position [7.98787,0.340635,-0.000179806] with 8 levels
INFO (CarpetRegrid2): Centre 2 is at position [-7.98787,-0.340635,0.000179806] with 8 levels
INFO (CarpetRegrid2): Refined regions have not changed sufficiently; skipping regridding
INFO (CarpetRegrid2): Centre 1 is at position [7.98787,0.340635,-0.000179806] with 8 levels
INFO (CarpetRegrid2): Centre 2 is at position [-7.98787,-0.340635,0.000179806] with 8 levels
INFO (CarpetRegrid2): Refined regions have not changed sufficiently; skipping regridding
      385     6.016 |   95.6238179 |    0.0260957    0.9988687 |       863      1076
      386     6.031 |   95.7116120 |    0.0260045    0.9988687 |       863      1076
      387     6.047 |   95.8021236 |    0.0259848    0.9988687 |       863      1076
      388     6.062 |   95.8577989 |    0.0260364    0.9988687 |       863      1076
      389     6.078 |   95.8580697 |    0.0261588    0.9988687 |       863      1076
      390     6.094 |   95.9456045 |    0.0263513    0.9988687 |       863      1076
      391     6.109 |   96.0349205 |    0.0266131    0.9988687 |       863      1076
      392     6.125 |   96.0742146 |    0.0269433    0.9988687 |       863      1076
      393     6.141 |   95.9871112 |    0.0273408    0.9988687 |       863      1076
      394     6.156 |   96.0729859 |    0.0278044    0.9988687 |       863      1076
      395     6.172 |   96.1620881 |    0.0283326    0.9988687 |       863      1076
      396     6.188 |   96.2151679 |    0.0289241    0.9988687 |       863      1076
      397     6.203 |   96.2159917 |    0.0295772    0.9988687 |       863      1076
      398     6.219 |   96.3011642 |    0.0302903    0.9988687 |       863      1076
      399     6.234 |   96.3888021 |    0.0310616    0.9988687 |       863      1076
------------------------------------------------------------------------------------
Iteration      Time | *me_per_hour |     LEANBSSNMOL::conf_fac | *TISTICS::maxrss_mb
                    |              |      minimum      maximum |   minimum   maximum
------------------------------------------------------------------------------------
      400     6.250 |   96.4173904 |    0.0318891    0.9988687 |       863      1076
      401     6.266 |   96.2493082 |    0.0327711    0.9988687 |       863      1076
      402     6.281 |   96.3231299 |    0.0337054    0.9988687 |       863      1076
      403     6.297 |   96.4075130 |    0.0335898    0.9988687 |       863      1076
      404     6.312 |   96.4600458 |    0.0328118    0.9988687 |       863      1076
      405     6.328 |   96.4514981 |    0.0320948    0.9988687 |       863      1076
      406     6.344 |   96.5359747 |    0.0314401    0.9988687 |       863      1076
      407     6.359 |   96.6189511 |    0.0308487    0.9988687 |       863      1076
      408     6.375 |   96.6543597 |    0.0303218    0.9988687 |       863      1076
      409     6.391 |   96.5705013 |    0.0298602    0.9988687 |       863      1076
      410     6.406 |   96.6471035 |    0.0294647    0.9988687 |       863      1076
      411     6.422 |   96.7321406 |    0.0291357    0.9988687 |       863      1076
      412     6.438 |   96.7818784 |    0.0288738    0.9988687 |       863      1076
      413     6.453 |   96.7797910 |    0.0286792    0.9988687 |       863      1076
      414     6.469 |   96.8629531 |    0.0285519    0.9988687 |       863      1076
      415     6.484 |   96.9459582 |    0.0284920    0.9988687 |       863      1076
      416     6.500 |   96.9508185 |    0.0284991    0.9988687 |       863      1076
      417     6.516 |   96.7266777 |    0.0285731    0.9988687 |       863      1076
      418     6.531 |   96.8064702 |    0.0287133    0.9988687 |       863      1076
      419     6.547 |   96.8896091 |    0.0289192    0.9988687 |       863      1076
------------------------------------------------------------------------------------
Iteration      Time | *me_per_hour |     LEANBSSNMOL::conf_fac | *TISTICS::maxrss_mb
                    |              |      minimum      maximum |   minimum   maximum
------------------------------------------------------------------------------------
      420     6.562 |   96.9402192 |    0.0291899    0.9988687 |       863      1076
      421     6.578 |   96.9388408 |    0.0295246    0.9988687 |       863      1076
      422     6.594 |   97.0197356 |    0.0299223    0.9988687 |       863      1076
      423     6.609 |   97.1012088 |    0.0303818    0.9988687 |       863      1076
      424     6.625 |   97.1360735 |    0.0309018    0.9988687 |       863      1076
      425     6.641 |   97.0456198 |    0.0314811    0.9988687 |       863      1076
      426     6.656 |   97.1235214 |    0.0321181    0.9988687 |       863      1076
      427     6.672 |   97.2057140 |    0.0327905    0.9988687 |       863      1076
      428     6.688 |   97.2536715 |    0.0333518    0.9988687 |       863      1076
      429     6.703 |   97.2512055 |    0.0339692    0.9988687 |       863      1076
      430     6.719 |   97.3308660 |    0.0346413    0.9988687 |       863      1076
      431     6.734 |   97.4107660 |    0.0353667    0.9988687 |       863      1076
      432     6.750 |   97.4382599 |    0.0346345    0.9988687 |       863      1076
      433     6.766 |   97.2823740 |    0.0337431    0.9988687 |       863      1076
      434     6.781 |   97.3575050 |    0.0329056    0.9988687 |       863      1076
      435     6.797 |   97.4287088 |    0.0321238    0.9988687 |       863      1076
      436     6.812 |   97.4756304 |    0.0313989    0.9988687 |       863      1076
      437     6.828 |   97.4730814 |    0.0307324    0.9988687 |       863      1076
      438     6.844 |   97.5499299 |    0.0301255    0.9988687 |       863      1076
      439     6.859 |   97.6290656 |    0.0295793    0.9988687 |       863      1076
------------------------------------------------------------------------------------
Iteration      Time | *me_per_hour |     LEANBSSNMOL::conf_fac | *TISTICS::maxrss_mb
                    |              |      minimum      maximum |   minimum   maximum
------------------------------------------------------------------------------------
      440     6.875 |   97.6615806 |    0.0290947    0.9988687 |       863      1076
      441     6.891 |   97.5771784 |    0.0286727    0.9988687 |       863      1076
      442     6.906 |   97.6527749 |    0.0283141    0.9988687 |       863      1076
      443     6.922 |   97.7304350 |    0.0280193    0.9988687 |       863      1076
      444     6.938 |   97.7763650 |    0.0277890    0.9988687 |       863      1076
      445     6.953 |   97.7727286 |    0.0276234    0.9988687 |       863      1076
      446     6.969 |   97.8494488 |    0.0275228    0.9988687 |       863      1076
      447     6.984 |   97.9262211 |    0.0274872    0.9988687 |       863      1076
      448     7.000 |   97.8451892 |    0.0275166    0.9988687 |       864      1076
INFO (CarpetRegrid2): Centre 1 is at position [7.98226,0.409891,-0.000285101] with 8 levels
INFO (CarpetRegrid2): Centre 2 is at position [-7.98226,-0.409891,0.000285101] with 8 levels
INFO (CarpetRegrid2): Regridding level 0 map 0 at iteration 449 time 7
INFO (CarpetRegrid2): Regridding levels 1 and up
INFO (CarpetRegrid2): Enforcing grid structure properties, iteration 0
INFO (CarpetRegrid2): Enforcing grid structure properties, iteration 0
INFO (CarpetRegrid2): Enforcing grid structure properties, iteration 0
INFO (CarpetRegrid2): Enforcing grid structure properties, iteration 0
INFO (CarpetRegrid2): Enforcing grid structure properties, iteration 1
INFO (CarpetRegrid2): Enforcing grid structure properties, iteration 0
INFO (CarpetRegrid2): Enforcing grid structure properties, iteration 0
INFO (CarpetRegrid2): Enforcing grid structure properties, iteration 0
INFO (Carpet): Grid structure (superregions, grid points):
   [0][0][0]   exterior: [0,0,0] : [260,260,260]   ([261,261,261] + PADDING) 17779581
   [1][0][0]   exterior: [215,219,219] : [305,301,301]   ([91,83,83] + PADDING) 626899
   [2][0][0]   exterior: [479,486,487] : [561,554,553]   ([83,69,67] + PADDING) 383709
   [3][0][0]   exterior: [991,1006,1007] : [1089,1074,1073]   ([99,69,67] + PADDING) 457677
   [4][0][0]   exterior: [2016,2046,2048] : [2144,2114,2112]   ([129,69,65] + PADDING) 578565
   [5][0][0]   exterior: [4065,4125,4129] : [4128,4188,4191]   ([64,64,63] + PADDING) 258048
   [5][0][1]   exterior: [4192,4132,4129] : [4255,4195,4191]   ([64,64,63] + PADDING) 258048
   [6][0][0]   exterior: [8163,8284,8291] : [8222,8343,8349]   ([60,60,59] + PADDING) 212400
   [6][0][1]   exterior: [8418,8297,8291] : [8477,8356,8349]   ([60,60,59] + PADDING) 212400
   [7][0][0]   exterior: [16360,16602,16615] : [16410,16652,16665]   ([51,51,51] + PADDING) 132651
   [7][0][1]   exterior: [16870,16628,16615] : [16920,16678,16665]   ([51,51,51] + PADDING) 132651
INFO (Carpet): Grid structure (superregions, coordinates):
   [0][0][0]   exterior: [-520,-520,-520] : [520,520,520] : [4,4,4]
   [1][0][0]   exterior: [-90,-82,-82] : [90,82,82] : [2,2,2]
   [2][0][0]   exterior: [-41,-34,-33] : [41,34,33] : [1,1,1]
   [3][0][0]   exterior: [-24.5,-17,-16.5] : [24.5,17,16.5] : [0.5,0.5,0.5]
   [4][0][0]   exterior: [-16,-8.5,-8] : [16,8.5,8] : [0.25,0.25,0.25]
   [5][0][0]   exterior: [-11.875,-4.375,-3.875] : [-4,3.5,3.875] : [0.125,0.125,0.125]
   [5][0][1]   exterior: [4,-3.5,-3.875] : [11.875,4.375,3.875] : [0.125,0.125,0.125]
   [6][0][0]   exterior: [-9.8125,-2.25,-1.8125] : [-6.125,1.4375,1.8125] : [0.0625,0.0625,0.0625]
   [6][0][1]   exterior: [6.125,-1.4375,-1.8125] : [9.8125,2.25,1.8125] : [0.0625,0.0625,0.0625]
   [7][0][0]   exterior: [-8.75,-1.1875,-0.78125] : [-7.1875,0.375,0.78125] : [0.03125,0.03125,0.03125]
   [7][0][1]   exterior: [7.1875,-0.375,-0.78125] : [8.75,1.1875,0.78125] : [0.03125,0.03125,0.03125]
INFO (Carpet): Global grid structure statistics:
INFO (Carpet): GF: rhs: 253k active, 494k owned (+95%), 1187k total (+140%), 128 steps/time
INFO (Carpet): GF: vars: 247, pts: 4428M active, 4899M owned (+11%), 7749M total (+58%), 1.0 comp/proc
INFO (Carpet): GA: vars: 1664, pts: 381M active, 381M total (+0%)
INFO (Carpet): Total required memory: 65.887 GByte (for GAs and currently active GFs)
INFO (Carpet): Load balance:  min     avg     max     sdv     max/avg-1
INFO (Carpet): Level  0:      32M     37M     41M      2M owned     11%
INFO (Carpet): Level  1:       1M      1M      1M      0M owned      8%
INFO (Carpet): Level  2:       1M      1M      1M      0M owned     13%
INFO (Carpet): Level  3:       1M      1M      1M      0M owned     10%
INFO (Carpet): Level  4:       1M      1M      1M      0M owned     12%
INFO (Carpet): Level  5:       1M      1M      1M      0M owned      2%
INFO (Carpet): Level  6:       1M      1M      1M      0M owned      3%
INFO (Carpet): Level  7:       0M      1M      1M      0M owned      7%
      449     7.016 |   95.0558057 |    0.0276109    0.9988687 |       871      1076
      450     7.031 |   95.1286495 |    0.0277697    0.9988687 |       871      1076
      451     7.047 |   95.2058366 |    0.0279925    0.9988687 |       871      1076
      452     7.062 |   95.2489316 |    0.0282789    0.9988687 |       871      1076
      453     7.078 |   95.2513057 |    0.0286280    0.9988687 |       871      1076
      454     7.094 |   95.3291548 |    0.0290392    0.9988687 |       871      1076
      455     7.109 |   95.4039879 |    0.0295116    0.9988687 |       871      1076
      456     7.125 |   95.4495206 |    0.0300440    0.9988687 |       871      1076
      457     7.141 |   95.2298310 |    0.0306353    0.9988687 |       871      1076
      458     7.156 |   95.2302387 |    0.0312844    0.9988687 |       871      1076
      459     7.172 |   95.3031644 |    0.0319899    0.9988687 |       871      1076
------------------------------------------------------------------------------------
Iteration      Time | *me_per_hour |     LEANBSSNMOL::conf_fac | *TISTICS::maxrss_mb
                    |              |      minimum      maximum |   minimum   maximum
------------------------------------------------------------------------------------
      460     7.188 |   95.3483366 |    0.0326755    0.9988687 |       871      1076
      461     7.203 |   95.3515286 |    0.0317214    0.9988687 |       871      1076
      462     7.219 |   95.4215746 |    0.0308214    0.9988687 |       871      1076
      463     7.234 |   95.4967042 |    0.0299773    0.9988687 |       871      1076
      464     7.250 |   95.5243568 |    0.0291907    0.9988687 |       871      1076
      465     7.266 |   95.3902706 |    0.0284630    0.9988687 |       871      1076
      466     7.281 |   95.4626161 |    0.0277958    0.9988687 |       871      1076
      467     7.297 |   95.5371468 |    0.0271903    0.9988687 |       871      1076
      468     7.312 |   95.5793115 |    0.0266476    0.9988687 |       871      1076
      469     7.328 |   95.5834025 |    0.0261689    0.9988687 |       871      1076
      470     7.344 |   95.6572890 |    0.0257550    0.9988687 |       871      1076
      471     7.359 |   95.7295839 |    0.0254068    0.9988687 |       871      1076
      472     7.375 |   95.7761250 |    0.0251248    0.9988687 |       871      1076
      473     7.391 |   95.7030112 |    0.0249096    0.9988687 |       871      1076
      474     7.406 |   95.7754862 |    0.0247616    0.9988687 |       871      1076
      475     7.422 |   95.8480726 |    0.0246809    0.9988687 |       871      1076
      476     7.438 |   95.8893048 |    0.0246677    0.9988687 |       871      1076
      477     7.453 |   95.8877518 |    0.0247219    0.9988687 |       871      1076
      478     7.469 |   95.9617367 |    0.0248434    0.9988687 |       871      1076
      479     7.484 |   96.0332291 |    0.0250317    0.9988687 |       871      1076
------------------------------------------------------------------------------------
Iteration      Time | *me_per_hour |     LEANBSSNMOL::conf_fac | *TISTICS::maxrss_mb
                    |              |      minimum      maximum |   minimum   maximum
------------------------------------------------------------------------------------
      480     7.500 |   96.0349909 |    0.0252865    0.9988687 |       871      1076
      481     7.516 |   95.8397737 |    0.0256071    0.9988687 |       871      1076
      482     7.531 |   95.9099193 |    0.0259927    0.9988687 |       871      1076
      483     7.547 |   95.9811575 |    0.0264426    0.9988687 |       871      1076
      484     7.562 |   96.0216633 |    0.0269558    0.9988687 |       871      1076
      485     7.578 |   96.0230021 |    0.0275312    0.9988687 |       871      1076
      486     7.594 |   96.0948180 |    0.0281676    0.9988687 |       871      1076
      487     7.609 |   96.1650294 |    0.0288636    0.9988687 |       871      1076
      488     7.625 |   96.2052217 |    0.0296179    0.9988687 |       871      1076
      489     7.641 |   96.1327035 |    0.0298174    0.9988687 |       871      1076
      490     7.656 |   96.2018834 |    0.0288601    0.9988687 |       871      1076
      491     7.672 |   96.2715097 |    0.0279595    0.9988687 |       871      1076
      492     7.688 |   96.3121767 |    0.0271172    0.9988687 |       871      1076
      493     7.703 |   96.3139460 |    0.0263350    0.9988687 |       871      1076
      494     7.719 |   96.3829387 |    0.0256145    0.9988687 |       871      1076
      495     7.734 |   96.4520991 |    0.0249571    0.9988687 |       871      1076
      496     7.750 |   96.4763704 |    0.0243643    0.9988687 |       871      1076
      497     7.766 |   96.3479239 |    0.0238372    0.9988687 |       871      1076
      498     7.781 |   96.4132170 |    0.0233769    0.9988687 |       871      1076
      499     7.797 |   96.4835614 |    0.0229845    0.9988687 |       871      1076
------------------------------------------------------------------------------------
Iteration      Time | *me_per_hour |     LEANBSSNMOL::conf_fac | *TISTICS::maxrss_mb
                    |              |      minimum      maximum |   minimum   maximum
------------------------------------------------------------------------------------
      500     7.812 |   96.5214706 |    0.0226608    0.9988687 |       871      1076
      501     7.828 |   96.5142897 |    0.0224072    0.9988687 |       871      1076
      502     7.844 |   96.5832296 |    0.0222240    0.9988687 |       871      1076
      503     7.859 |   96.6505064 |    0.0221118    0.9988687 |       871      1076
      504     7.875 |   96.6826885 |    0.0220707    0.9988687 |       871      1076
      505     7.891 |   96.6130947 |    0.0221008    0.9988687 |       871      1076
      506     7.906 |   96.6797814 |    0.0222018    0.9988687 |       871      1076
      507     7.922 |   96.7474734 |    0.0223737    0.9988687 |       871      1076
      508     7.938 |   96.7835981 |    0.0226158    0.9988687 |       871      1076
      509     7.953 |   96.7845856 |    0.0229277    0.9988687 |       871      1076
      510     7.969 |   96.8528939 |    0.0233087    0.9988687 |       871      1076
      511     7.984 |   96.9153567 |    0.0237578    0.9988687 |       871      1076
INFO (AHFinderDirect): proc 0: searching for horizon 1/6
INFO (AHFinderDirect): AH 3/6: r=78.9932 at (-0.000000,0.000000,-0.000000)
INFO (AHFinderDirect): AH 3/6: area=80424.77145 m_irreducible=39.99999988
INFO (AHFinderDirect): AH 4/6: r=98.9937 at (0.000000,0.000000,-0.000000)
INFO (AHFinderDirect): AH 4/6: area=125663.7059 m_irreducible=49.99999995
INFO (AHFinderDirect): AH 5/6: r=178.995 at (-0.000000,-0.000000,0.000000)
INFO (AHFinderDirect): AH 5/6: area=407150.4079 m_irreducible=90
INFO (AHFinderDirect): AH 6/6: r=238.995 at (-0.000000,-0.000000,0.000000)
INFO (AHFinderDirect): AH 6/6: area=723822.9477 m_irreducible=120
INFO (AHFinderDirect): AH 1/6: r=0.398785 at (7.976017,0.476429,-0.000407)
INFO (AHFinderDirect): AH 1/6: area=11.27669365 m_irreducible=0.4736482789
INFO (AHFinderDirect): AH 2/6: r=0.398785 at (-7.976017,-0.476429,0.000407)
INFO (AHFinderDirect): AH 2/6: area=11.27669365 m_irreducible=0.4736482789
INFO (QuasiLocalMeasures): Calculating quasi-local quantities for surface    0
INFO (QuasiLocalMeasures): Importing from spherical surface    0
INFO (QuasiLocalMeasures): Geometric quantities for surface    0:
INFO (QuasiLocalMeasures):    Area A:                            11.2767
INFO (QuasiLocalMeasures):    Irreducible mass M = R/2:         0.473648
INFO (QuasiLocalMeasures):    Areal radius R = sqrt(A/4pi):     0.947296
INFO (QuasiLocalMeasures): Coordinate-dependent quantities for surface    0:
INFO (QuasiLocalMeasures):    Equatorial circumference:             5.95245
INFO (QuasiLocalMeasures):    Polar circumference at phi=0:         5.95230
INFO (QuasiLocalMeasures):    Polar circumference at phi=pi/2:      5.92502
INFO (QuasiLocalMeasures):    Spin guess J from distortion:        0.530458E-02
INFO (QuasiLocalMeasures):    Mass guess M from distortion:        0.473681
INFO (QuasiLocalMeasures): Isolated Horizon quantities for surface    0:
INFO (QuasiLocalMeasures):    Killing vector field eigenvalue norm:      1.00000
INFO (QuasiLocalMeasures):    Spin J:                                  -0.942157E-06
INFO (QuasiLocalMeasures):    Kerr spin parameter a = J/M:             -0.198915E-05
INFO (QuasiLocalMeasures):    Dimensionless spin parameter a = J/M^2:  -0.419964E-05
INFO (QuasiLocalMeasures):    Spin J from NP:                          -0.156470E-03
INFO (QuasiLocalMeasures):    Spin J from phi-coordinate-vector:         0.00000
INFO (QuasiLocalMeasures):    Mass M:                                   0.473648
INFO (QuasiLocalMeasures): Global quantities for surface    0:
INFO (QuasiLocalMeasures):    ADM energy:                 -1.43175
INFO (QuasiLocalMeasures):    ADM momentum x:            -0.879492E-03
INFO (QuasiLocalMeasures):    ADM momentum y:             0.700459E-02
INFO (QuasiLocalMeasures):    ADM momentum z:            -0.228017E-04
INFO (QuasiLocalMeasures):    ADM angular momentum x:    -0.182391E-04
INFO (QuasiLocalMeasures):    ADM angular momentum y:     0.149691E-03
INFO (QuasiLocalMeasures):    ADM angular momentum z:     0.447982E-01
INFO (QuasiLocalMeasures):    Weinberg energy:                  3.45747
INFO (QuasiLocalMeasures):    Weinberg momentum x:            -0.436169E-02
INFO (QuasiLocalMeasures):    Weinberg momentum y:             0.371522E-01
INFO (QuasiLocalMeasures):    Weinberg momentum z:            -0.114924E-03
INFO (QuasiLocalMeasures):    Weinberg angular momentum x:    -0.118807E-03
INFO (QuasiLocalMeasures):    Weinberg angular momentum y:     0.118054E-02
INFO (QuasiLocalMeasures):    Weinberg angular momentum z:     0.391410
      512     8.000 |   93.5582251 |    0.0242740    0.9988687 |       872      1091
INFO (CarpetRegrid2): Centre 1 is at position [7.97566,0.479722,-0.000415878] with 8 levels
INFO (CarpetRegrid2): Centre 2 is at position [-7.97566,-0.479722,0.000415878] with 8 levels
INFO (CarpetRegrid2): Refined regions have not changed sufficiently; skipping regridding
INFO (CarpetRegrid2): Centre 1 is at position [7.97566,0.479722,-0.000415878] with 8 levels
INFO (CarpetRegrid2): Centre 2 is at position [-7.97566,-0.479722,0.000415878] with 8 levels
INFO (CarpetRegrid2): Refined regions have not changed sufficiently; skipping regridding
INFO (CarpetRegrid2): Centre 1 is at position [7.97566,0.479722,-0.000415878] with 8 levels
INFO (CarpetRegrid2): Centre 2 is at position [-7.97566,-0.479722,0.000415878] with 8 levels
INFO (CarpetRegrid2): Refined regions have not changed sufficiently; skipping regridding
INFO (CarpetRegrid2): Centre 1 is at position [7.97566,0.479722,-0.000415878] with 8 levels
INFO (CarpetRegrid2): Centre 2 is at position [-7.97566,-0.479722,0.000415878] with 8 levels
INFO (CarpetRegrid2): Refined regions have not changed sufficiently; skipping regridding
INFO (CarpetRegrid2): Centre 1 is at position [7.97566,0.479722,-0.000415878] with 8 levels
INFO (CarpetRegrid2): Centre 2 is at position [-7.97566,-0.479722,0.000415878] with 8 levels
INFO (CarpetRegrid2): Refined regions have not changed sufficiently; skipping regridding
INFO (CarpetRegrid2): Centre 1 is at position [7.97566,0.479722,-0.000415878] with 8 levels
INFO (CarpetRegrid2): Centre 2 is at position [-7.97566,-0.479722,0.000415878] with 8 levels
INFO (CarpetRegrid2): Refined regions have not changed sufficiently; skipping regridding
INFO (CarpetRegrid2): Centre 1 is at position [7.97566,0.479722,-0.000415878] with 8 levels
INFO (CarpetRegrid2): Centre 2 is at position [-7.97566,-0.479722,0.000415878] with 8 levels
INFO (CarpetRegrid2): Refined regions have not changed sufficiently; skipping regridding
INFO (CarpetRegrid2): Centre 1 is at position [7.97566,0.479722,-0.000415878] with 8 levels
INFO (CarpetRegrid2): Centre 2 is at position [-7.97566,-0.479722,0.000415878] with 8 levels
INFO (CarpetRegrid2): Refined regions have not changed sufficiently; skipping regridding
      513     8.016 |   92.2975302 |    0.0248562    0.9988687 |       872      1091
      514     8.031 |   92.3647560 |    0.0255032    0.9988687 |       872      1091
      515     8.047 |   92.4336851 |    0.0262135    0.9988687 |       872      1091
      516     8.062 |   92.4757838 |    0.0269857    0.9988687 |       872      1091
      517     8.078 |   92.4829093 |    0.0278180    0.9988687 |       872      1091
      518     8.094 |   92.5518188 |    0.0271754    0.9988687 |       872      1091
      519     8.109 |   92.6144617 |    0.0262428    0.9988687 |       872      1091
------------------------------------------------------------------------------------
Iteration      Time | *me_per_hour |     LEANBSSNMOL::conf_fac | *TISTICS::maxrss_mb
                    |              |      minimum      maximum |   minimum   maximum
------------------------------------------------------------------------------------
      520     8.125 |   92.6571728 |    0.0253710    0.9988687 |       872      1091
      521     8.141 |   92.6010512 |    0.0245618    0.9988687 |       872      1091
      522     8.156 |   92.6694278 |    0.0238172    0.9988687 |       872      1091
      523     8.172 |   92.7367155 |    0.0231386    0.9988687 |       872      1091
      524     8.188 |   92.7776457 |    0.0225276    0.9988687 |       872      1091
      525     8.203 |   92.7862382 |    0.0219855    0.9988687 |       872      1091
      526     8.219 |   92.8516346 |    0.0215134    0.9988687 |       872      1091
      527     8.234 |   92.9186336 |    0.0211125    0.9988687 |       872      1091
      528     8.250 |   92.9468477 |    0.0207836    0.9988687 |       872      1091
      529     8.266 |   92.8419806 |    0.0205274    0.9988687 |       872      1091
      530     8.281 |   92.9068626 |    0.0203444    0.9988687 |       872      1091
      531     8.297 |   92.9731389 |    0.0202350    0.9988687 |       872      1091
      532     8.312 |   93.0134911 |    0.0201993    0.9988687 |       872      1091
      533     8.328 |   93.0192169 |    0.0202375    0.9988687 |       872      1091
      534     8.344 |   93.0843378 |    0.0203492    0.9988687 |       872      1091
      535     8.359 |   93.1498671 |    0.0205344    0.9988687 |       872      1091
      536     8.375 |   93.1935079 |    0.0207923    0.9988687 |       872      1091
      537     8.391 |   93.1369559 |    0.0211225    0.9988687 |       872      1091
      538     8.406 |   93.2024329 |    0.0215241    0.9988687 |       872      1091
      539     8.422 |   93.2676436 |    0.0219961    0.9988687 |       872      1091
------------------------------------------------------------------------------------
Iteration      Time | *me_per_hour |     LEANBSSNMOL::conf_fac | *TISTICS::maxrss_mb
                    |              |      minimum      maximum |   minimum   maximum
------------------------------------------------------------------------------------
      540     8.438 |   93.3055322 |    0.0225375    0.9988687 |       872      1091
      541     8.453 |   93.3104521 |    0.0231470    0.9988687 |       872      1091
      542     8.469 |   93.3765976 |    0.0238233    0.9988687 |       872      1091
      543     8.484 |   93.4374724 |    0.0245648    0.9988687 |       872      1091
      544     8.500 |   93.4434414 |    0.0253699    0.9988687 |       872      1091
      545     8.516 |   93.2851998 |    0.0262369    0.9988687 |       872      1091
      546     8.531 |   93.3407337 |    0.0261328    0.9988687 |       872      1091
      547     8.547 |   93.3961255 |    0.0251964    0.9988687 |       872      1091
      548     8.562 |   93.4268151 |    0.0243229    0.9988687 |       872      1091
      549     8.578 |   93.4175594 |    0.0235142    0.9988687 |       872      1091
      550     8.594 |   93.4757888 |    0.0227721    0.9988687 |       872      1091
      551     8.609 |   93.5399129 |    0.0220983    0.9988687 |       872      1091
      552     8.625 |   93.5796089 |    0.0214943    0.9988687 |       872      1091
      553     8.641 |   93.5185031 |    0.0209615    0.9988687 |       872      1091
      554     8.656 |   93.5800183 |    0.0205010    0.9988687 |       872      1091
      555     8.672 |   93.6428954 |    0.0201139    0.9988687 |       872      1091
      556     8.688 |   93.6799704 |    0.0198011    0.9988687 |       872      1091
      557     8.703 |   93.6856502 |    0.0195631    0.9988687 |       872      1091
      558     8.719 |   93.7483463 |    0.0194006    0.9988687 |       872      1091
      559     8.734 |   93.8105543 |    0.0193137    0.9988687 |       872      1091
------------------------------------------------------------------------------------
Iteration      Time | *me_per_hour |     LEANBSSNMOL::conf_fac | *TISTICS::maxrss_mb
                    |              |      minimum      maximum |   minimum   maximum
------------------------------------------------------------------------------------
      560     8.750 |   93.8337168 |    0.0193027    0.9988687 |       872      1091
      561     8.766 |   93.7293512 |    0.0193674    0.9988687 |       872      1091
      562     8.781 |   93.7910851 |    0.0195077    0.9988687 |       872      1091
      563     8.797 |   93.8496465 |    0.0197232    0.9988687 |       872      1091
      564     8.812 |   93.8857432 |    0.0200132    0.9988687 |       872      1091
      565     8.828 |   93.8896037 |    0.0203771    0.9988687 |       872      1091
      566     8.844 |   93.9512968 |    0.0208139    0.9988687 |       872      1091
      567     8.859 |   94.0117969 |    0.0213225    0.9988687 |       872      1091
      568     8.875 |   94.0520528 |    0.0219018    0.9988687 |       872      1091
      569     8.891 |   93.9971285 |    0.0225504    0.9988687 |       872      1091
      570     8.906 |   94.0574524 |    0.0232667    0.9988687 |       872      1091
      571     8.922 |   94.1184849 |    0.0240492    0.9988687 |       872      1091
      572     8.938 |   94.1534360 |    0.0248960    0.9988687 |       872      1091
      573     8.953 |   94.1547532 |    0.0258053    0.9988687 |       872      1091
      574     8.969 |   94.2159108 |    0.0257406    0.9988687 |       872      1091
      575     8.984 |   94.2732700 |    0.0248285    0.9988687 |       872      1091
      576     9.000 |   94.2186862 |    0.0239814    0.9988687 |       872      1091
INFO (CarpetRegrid2): Centre 1 is at position [7.96803,0.550836,-0.000573527] with 8 levels
INFO (CarpetRegrid2): Centre 2 is at position [-7.96803,-0.550836,0.000573527] with 8 levels
INFO (CarpetRegrid2): Refined regions have not changed sufficiently; skipping regridding
INFO (CarpetRegrid2): Centre 1 is at position [7.96803,0.550836,-0.000573527] with 8 levels
INFO (CarpetRegrid2): Centre 2 is at position [-7.96803,-0.550836,0.000573527] with 8 levels
INFO (CarpetRegrid2): Refined regions have not changed sufficiently; skipping regridding
INFO (CarpetRegrid2): Centre 1 is at position [7.96803,0.550836,-0.000573527] with 8 levels
INFO (CarpetRegrid2): Centre 2 is at position [-7.96803,-0.550836,0.000573527] with 8 levels
INFO (CarpetRegrid2): Refined regions have not changed sufficiently; skipping regridding
INFO (CarpetRegrid2): Centre 1 is at position [7.96803,0.550836,-0.000573527] with 8 levels
INFO (CarpetRegrid2): Centre 2 is at position [-7.96803,-0.550836,0.000573527] with 8 levels
INFO (CarpetRegrid2): Refined regions have not changed sufficiently; skipping regridding
INFO (CarpetRegrid2): Centre 1 is at position [7.96803,0.550836,-0.000573527] with 8 levels
INFO (CarpetRegrid2): Centre 2 is at position [-7.96803,-0.550836,0.000573527] with 8 levels
INFO (CarpetRegrid2): Refined regions have not changed sufficiently; skipping regridding
INFO (CarpetRegrid2): Centre 1 is at position [7.96803,0.550836,-0.000573527] with 8 levels
INFO (CarpetRegrid2): Centre 2 is at position [-7.96803,-0.550836,0.000573527] with 8 levels
INFO (CarpetRegrid2): Refined regions have not changed sufficiently; skipping regridding
INFO (CarpetRegrid2): Centre 1 is at position [7.96803,0.550836,-0.000573527] with 8 levels
INFO (CarpetRegrid2): Centre 2 is at position [-7.96803,-0.550836,0.000573527] with 8 levels
INFO (CarpetRegrid2): Refined regions have not changed sufficiently; skipping regridding
INFO (CarpetRegrid2): Centre 1 is at position [7.96803,0.550836,-0.000573527] with 8 levels
INFO (CarpetRegrid2): Centre 2 is at position [-7.96803,-0.550836,0.000573527] with 8 levels
INFO (CarpetRegrid2): Refined regions have not changed sufficiently; skipping regridding
      577     9.016 |   93.1179831 |    0.0232013    0.9988687 |       872      1091
      578     9.031 |   93.1776929 |    0.0224899    0.9988687 |       872      1091
      579     9.047 |   93.2368658 |    0.0218488    0.9988687 |       872      1091
------------------------------------------------------------------------------------
Iteration      Time | *me_per_hour |     LEANBSSNMOL::conf_fac | *TISTICS::maxrss_mb
                    |              |      minimum      maximum |   minimum   maximum
------------------------------------------------------------------------------------
      580     9.062 |   93.2713465 |    0.0212795    0.9988687 |       872      1091
      581     9.078 |   93.2764796 |    0.0207833    0.9988687 |       872      1091
      582     9.094 |   93.3383166 |    0.0203614    0.9988687 |       872      1091
      583     9.109 |   93.3974359 |    0.0200146    0.9988687 |       872      1091
      584     9.125 |   93.4364440 |    0.0197437    0.9988687 |       872      1091
      585     9.141 |   93.3838663 |    0.0195494    0.9988687 |       872      1091
      586     9.156 |   93.4410678 |    0.0194319    0.9988687 |       872      1091
      587     9.172 |   93.4952753 |    0.0193915    0.9988687 |       872      1091
      588     9.188 |   93.5248332 |    0.0194281    0.9988687 |       872      1091
      589     9.203 |   93.5285277 |    0.0195417    0.9988687 |       872      1091
      590     9.219 |   93.5894373 |    0.0197318    0.9988687 |       872      1091
      591     9.234 |   93.6480612 |    0.0199978    0.9988687 |       872      1091
      592     9.250 |   93.6708595 |    0.0203392    0.9988687 |       872      1091
      593     9.266 |   93.5721409 |    0.0207549    0.9988687 |       872      1091
      594     9.281 |   93.6303930 |    0.0212439    0.9988687 |       872      1091
      595     9.297 |   93.6872757 |    0.0218050    0.9988687 |       872      1091
      596     9.312 |   93.7221041 |    0.0224368    0.9988687 |       872      1091
      597     9.328 |   93.7254833 |    0.0231378    0.9988687 |       872      1091
      598     9.344 |   93.7853543 |    0.0239063    0.9988687 |       872      1091
      599     9.359 |   93.8423352 |    0.0247406    0.9988687 |       872      1091
------------------------------------------------------------------------------------
Iteration      Time | *me_per_hour |     LEANBSSNMOL::conf_fac | *TISTICS::maxrss_mb
                    |              |      minimum      maximum |   minimum   maximum
------------------------------------------------------------------------------------
      600     9.375 |   93.8791942 |    0.0256388    0.9988687 |       872      1091
      601     9.391 |   93.8268397 |    0.0265987    0.9988687 |       872      1091
      602     9.406 |   93.8843084 |    0.0260392    0.9988687 |       872      1091
      603     9.422 |   93.9426263 |    0.0251830    0.9988687 |       872      1091
      604     9.438 |   93.9734744 |    0.0243938    0.9988687 |       872      1091
      605     9.453 |   93.9782019 |    0.0236736    0.9988687 |       872      1091
      606     9.469 |   94.0355311 |    0.0230239    0.9988687 |       872      1091
      607     9.484 |   94.0912529 |    0.0224462    0.9988687 |       872      1091
      608     9.500 |   94.0968827 |    0.0219419    0.9988687 |       872      1091
      609     9.516 |   93.9535769 |    0.0215122    0.9988687 |       872      1091
      610     9.531 |   94.0088895 |    0.0211579    0.9988687 |       872      1091
      611     9.547 |   94.0662927 |    0.0208798    0.9988687 |       872      1091
      612     9.562 |   94.1008383 |    0.0206786    0.9988687 |       872      1091
      613     9.578 |   94.1048113 |    0.0205546    0.9988687 |       872      1091
      614     9.594 |   94.1625200 |    0.0205080    0.9988687 |       872      1091
      615     9.609 |   94.2184852 |    0.0205389    0.9988687 |       872      1091
      616     9.625 |   94.2555894 |    0.0206470    0.9988687 |       872      1091
      617     9.641 |   94.2038322 |    0.0208319    0.9988687 |       872      1091
      618     9.656 |   94.2595696 |    0.0210932    0.9988687 |       872      1091
      619     9.672 |   94.3161987 |    0.0214300    0.9988687 |       872      1091
------------------------------------------------------------------------------------
Iteration      Time | *me_per_hour |     LEANBSSNMOL::conf_fac | *TISTICS::maxrss_mb
                    |              |      minimum      maximum |   minimum   maximum
------------------------------------------------------------------------------------
      620     9.688 |   94.3496039 |    0.0218415    0.9988687 |       872      1091
      621     9.703 |   94.3524735 |    0.0223265    0.9988687 |       872      1091
      622     9.719 |   94.4084636 |    0.0228838    0.9988687 |       872      1091
      623     9.734 |   94.4637495 |    0.0235120    0.9988687 |       872      1091
      624     9.750 |   94.4821247 |    0.0242095    0.9988687 |       872      1091
      625     9.766 |   94.3854951 |    0.0249748    0.9988687 |       872      1091
      626     9.781 |   94.4394875 |    0.0258059    0.9988687 |       872      1091
      627     9.797 |   94.4955741 |    0.0267008    0.9988687 |       872      1091
      628     9.812 |   94.5282555 |    0.0276577    0.9988687 |       872      1091
      629     9.828 |   94.5322059 |    0.0279560    0.9988687 |       872      1091
      630     9.844 |   94.5874975 |    0.0271214    0.9988687 |       872      1091
      631     9.859 |   94.6419567 |    0.0263538    0.9988687 |       872      1091
      632     9.875 |   94.6771891 |    0.0256550    0.9988687 |       872      1091
      633     9.891 |   94.6247654 |    0.0250265    0.9988687 |       872      1091
      634     9.906 |   94.6795934 |    0.0244699    0.9988687 |       872      1091
      635     9.922 |   94.7348835 |    0.0239863    0.9988687 |       872      1091
      636     9.938 |   94.7666889 |    0.0235770    0.9988687 |       872      1091
      637     9.953 |   94.7697676 |    0.0232427    0.9988687 |       872      1091
      638     9.969 |   94.8249566 |    0.0229842    0.9988687 |       872      1091
      639     9.984 |   94.8782046 |    0.0228020    0.9988687 |       872      1091
------------------------------------------------------------------------------------
Iteration      Time | *me_per_hour |     LEANBSSNMOL::conf_fac | *TISTICS::maxrss_mb
                    |              |      minimum      maximum |   minimum   maximum
------------------------------------------------------------------------------------
      640    10.000 |   94.8274842 |    0.0226965    0.9988687 |       872      1091
INFO (CarpetRegrid2): Centre 1 is at position [7.95931,0.623583,-0.000761233] with 8 levels
INFO (CarpetRegrid2): Centre 2 is at position [-7.95931,-0.623583,0.000761233] with 8 levels
INFO (CarpetRegrid2): Regridding level 0 map 0 at iteration 641 time 10
INFO (CarpetRegrid2): Regridding levels 1 and up
INFO (CarpetRegrid2): Enforcing grid structure properties, iteration 0
INFO (CarpetRegrid2): Enforcing grid structure properties, iteration 0
INFO (CarpetRegrid2): Enforcing grid structure properties, iteration 0
INFO (CarpetRegrid2): Enforcing grid structure properties, iteration 0
INFO (CarpetRegrid2): Enforcing grid structure properties, iteration 1
INFO (CarpetRegrid2): Enforcing grid structure properties, iteration 0
INFO (CarpetRegrid2): Enforcing grid structure properties, iteration 0
INFO (CarpetRegrid2): Enforcing grid structure properties, iteration 0
INFO (Carpet): Grid structure (superregions, grid points):
   [0][0][0]   exterior: [0,0,0] : [260,260,260]   ([261,261,261] + PADDING) 17779581
   [1][0][0]   exterior: [215,219,219] : [305,301,301]   ([91,83,83] + PADDING) 626899
   [2][0][0]   exterior: [479,486,487] : [561,554,553]   ([83,69,67] + PADDING) 383709
   [3][0][0]   exterior: [991,1006,1007] : [1089,1074,1073]   ([99,69,67] + PADDING) 457677
   [4][0][0]   exterior: [2016,2045,2048] : [2144,2115,2112]   ([129,71,65] + PADDING) 595335
   [5][0][0]   exterior: [4065,4124,4129] : [4128,4186,4191]   ([64,63,63] + PADDING) 254016
   [5][0][1]   exterior: [4192,4134,4129] : [4255,4196,4191]   ([64,63,63] + PADDING) 254016
   [6][0][0]   exterior: [8163,8281,8291] : [8222,8339,8349]   ([60,59,59] + PADDING) 208860
   [6][0][1]   exterior: [8418,8301,8291] : [8477,8359,8349]   ([60,59,59] + PADDING) 208860
   [7][0][0]   exterior: [16360,16595,16615] : [16410,16645,16665]   ([51,51,51] + PADDING) 132651
   [7][0][1]   exterior: [16870,16635,16615] : [16920,16685,16665]   ([51,51,51] + PADDING) 132651
INFO (Carpet): Grid structure (superregions, coordinates):
   [0][0][0]   exterior: [-520,-520,-520] : [520,520,520] : [4,4,4]
   [1][0][0]   exterior: [-90,-82,-82] : [90,82,82] : [2,2,2]
   [2][0][0]   exterior: [-41,-34,-33] : [41,34,33] : [1,1,1]
   [3][0][0]   exterior: [-24.5,-17,-16.5] : [24.5,17,16.5] : [0.5,0.5,0.5]
   [4][0][0]   exterior: [-16,-8.75,-8] : [16,8.75,8] : [0.25,0.25,0.25]
   [5][0][0]   exterior: [-11.875,-4.5,-3.875] : [-4,3.25,3.875] : [0.125,0.125,0.125]
   [5][0][1]   exterior: [4,-3.25,-3.875] : [11.875,4.5,3.875] : [0.125,0.125,0.125]
   [6][0][0]   exterior: [-9.8125,-2.4375,-1.8125] : [-6.125,1.1875,1.8125] : [0.0625,0.0625,0.0625]
   [6][0][1]   exterior: [6.125,-1.1875,-1.8125] : [9.8125,2.4375,1.8125] : [0.0625,0.0625,0.0625]
   [7][0][0]   exterior: [-8.75,-1.40625,-0.78125] : [-7.1875,0.15625,0.78125] : [0.03125,0.03125,0.03125]
   [7][0][1]   exterior: [7.1875,-0.15625,-0.78125] : [8.75,1.40625,0.78125] : [0.03125,0.03125,0.03125]
INFO (Carpet): Global grid structure statistics:
INFO (Carpet): GF: rhs: 253k active, 493k owned (+95%), 1184k total (+140%), 128 steps/time
INFO (Carpet): GF: vars: 247, pts: 4429M active, 4900M owned (+11%), 7749M total (+58%), 1.0 comp/proc
INFO (Carpet): GA: vars: 1664, pts: 381M active, 381M total (+0%)
INFO (Carpet): Total required memory: 65.892 GByte (for GAs and currently active GFs)
INFO (Carpet): Load balance:  min     avg     max     sdv     max/avg-1
INFO (Carpet): Level  0:      32M     37M     41M      2M owned     11%
INFO (Carpet): Level  1:       1M      1M      1M      0M owned      8%
INFO (Carpet): Level  2:       1M      1M      1M      0M owned     13%
INFO (Carpet): Level  3:       1M      1M      1M      0M owned     10%
INFO (Carpet): Level  4:       1M      1M      1M      0M owned     13%
INFO (Carpet): Level  5:       1M      1M      1M      0M owned      4%
INFO (Carpet): Level  6:       1M      1M      1M      0M owned      5%
INFO (Carpet): Level  7:       0M      1M      1M      0M owned      7%
      641    10.016 |   93.0703140 |    0.0226678    0.9988687 |       873      1091
      642    10.031 |   93.1225724 |    0.0227157    0.9988687 |       873      1091
      643    10.047 |   93.1770092 |    0.0228401    0.9988687 |       873      1091
      644    10.062 |   93.2005658 |    0.0230406    0.9988687 |       873      1091
      645    10.078 |   93.1977034 |    0.0233164    0.9988687 |       873      1091
      646    10.094 |   93.2477100 |    0.0236668    0.9988687 |       873      1091
      647    10.109 |   93.2935769 |    0.0240909    0.9988687 |       873      1091
      648    10.125 |   93.3191263 |    0.0245874    0.9988687 |       873      1091
      649    10.141 |   93.2653540 |    0.0251551    0.9988687 |       873      1091
      650    10.156 |   93.3176319 |    0.0257925    0.9988687 |       873      1091
      651    10.172 |   93.3709494 |    0.0264980    0.9988687 |       873      1091
      652    10.188 |   93.3977173 |    0.0272699    0.9988687 |       873      1091
      653    10.203 |   93.4015391 |    0.0281064    0.9988687 |       873      1091
      654    10.219 |   93.4555197 |    0.0290054    0.9988687 |       873      1091
      655    10.234 |   93.5088431 |    0.0299650    0.9988687 |       873      1091
      656    10.250 |   93.5287169 |    0.0306048    0.9988687 |       873      1091
      657    10.266 |   93.4358338 |    0.0298222    0.9988687 |       873      1091
      658    10.281 |   93.4870693 |    0.0291062    0.9988687 |       873      1091
      659    10.297 |   93.5400528 |    0.0284584    0.9988687 |       873      1091
------------------------------------------------------------------------------------
Iteration      Time | *me_per_hour |     LEANBSSNMOL::conf_fac | *TISTICS::maxrss_mb
                    |              |      minimum      maximum |   minimum   maximum
------------------------------------------------------------------------------------
      660    10.312 |   93.5648914 |    0.0278804    0.9988687 |       873      1091
      661    10.328 |   93.5685620 |    0.0273733    0.9988687 |       873      1091
      662    10.344 |   93.6201047 |    0.0269385    0.9988687 |       873      1091
      663    10.359 |   93.6722083 |    0.0265767    0.9988687 |       873      1091
      664    10.375 |   93.7044325 |    0.0262888    0.9988687 |       873      1091
      665    10.391 |   93.6555779 |    0.0260753    0.9988687 |       873      1091
      666    10.406 |   93.7067905 |    0.0259366    0.9988687 |       873      1091
      667    10.422 |   93.7590029 |    0.0258729    0.9988687 |       873      1091
      668    10.438 |   93.7841292 |    0.0258843    0.9988687 |       873      1091
      669    10.453 |   93.7882551 |    0.0259704    0.9988687 |       873      1091
      670    10.469 |   93.8407456 |    0.0261310    0.9988687 |       873      1091
      671    10.484 |   93.8924446 |    0.0263655    0.9988687 |       873      1091
      672    10.500 |   93.8939053 |    0.0266732    0.9988687 |       873      1091
      673    10.516 |   93.7644929 |    0.0270532    0.9988687 |       873      1091
      674    10.531 |   93.8153221 |    0.0275043    0.9988687 |       873      1091
      675    10.547 |   93.8663331 |    0.0280255    0.9988687 |       873      1091
      676    10.562 |   93.8923286 |    0.0286153    0.9988687 |       873      1091
      677    10.578 |   93.8962963 |    0.0292722    0.9988687 |       873      1091
      678    10.594 |   93.9484058 |    0.0299945    0.9988687 |       873      1091
      679    10.609 |   93.9993701 |    0.0307806    0.9988687 |       873      1091
------------------------------------------------------------------------------------
Iteration      Time | *me_per_hour |     LEANBSSNMOL::conf_fac | *TISTICS::maxrss_mb
                    |              |      minimum      maximum |   minimum   maximum
------------------------------------------------------------------------------------
      680    10.625 |   94.0299992 |    0.0316285    0.9988687 |       873      1091
      681    10.641 |   93.9791117 |    0.0325362    0.9988687 |       873      1091
      682    10.656 |   94.0289369 |    0.0335016    0.9988687 |       873      1091
      683    10.672 |   94.0799832 |    0.0336816    0.9988687 |       873      1091
      684    10.688 |   94.1046086 |    0.0326935    0.9988687 |       873      1091
      685    10.703 |   94.1074343 |    0.0317621    0.9988687 |       873      1091
      686    10.719 |   94.1591609 |    0.0308896    0.9988687 |       873      1091
      687    10.734 |   94.2092785 |    0.0300780    0.9988687 |       873      1091
      688    10.750 |   94.2291773 |    0.0293292    0.9988687 |       873      1091
      689    10.766 |   94.1392558 |    0.0286450    0.9988687 |       873      1091
      690    10.781 |   94.1882127 |    0.0280269    0.9988687 |       873      1091
      691    10.797 |   94.2389926 |    0.0274767    0.9988687 |       873      1091
      692    10.812 |   94.2632776 |    0.0269957    0.9988687 |       873      1091
      693    10.828 |   94.2623811 |    0.0265850    0.9988687 |       873      1091
      694    10.844 |   94.3091126 |    0.0262459    0.9988687 |       873      1091
      695    10.859 |   94.3532668 |    0.0259793    0.9988687 |       873      1091
      696    10.875 |   94.3840045 |    0.0257859    0.9988687 |       873      1091
      697    10.891 |   94.3337166 |    0.0256663    0.9988687 |       873      1091
      698    10.906 |   94.3829676 |    0.0256209    0.9988687 |       873      1091
      699    10.922 |   94.4324639 |    0.0256501    0.9988687 |       873      1091
------------------------------------------------------------------------------------
Iteration      Time | *me_per_hour |     LEANBSSNMOL::conf_fac | *TISTICS::maxrss_mb
                    |              |      minimum      maximum |   minimum   maximum
------------------------------------------------------------------------------------
      700    10.938 |   94.4540248 |    0.0257539    0.9988687 |       873      1091
      701    10.953 |   94.4560439 |    0.0259323    0.9988687 |       873      1091
      702    10.969 |   94.5061843 |    0.0261848    0.9988687 |       873      1091
      703    10.984 |   94.5548133 |    0.0265112    0.9988687 |       873      1091
      704    11.000 |   94.5110890 |    0.0269108    0.9988687 |       873      1091
INFO (CarpetRegrid2): Centre 1 is at position [7.94937,0.697908,-0.000984911] with 8 levels
INFO (CarpetRegrid2): Centre 2 is at position [-7.94937,-0.697908,0.000984911] with 8 levels
INFO (CarpetRegrid2): Refined regions have not changed sufficiently; skipping regridding
INFO (CarpetRegrid2): Centre 1 is at position [7.94937,0.697908,-0.000984911] with 8 levels
INFO (CarpetRegrid2): Centre 2 is at position [-7.94937,-0.697908,0.000984911] with 8 levels
INFO (CarpetRegrid2): Refined regions have not changed sufficiently; skipping regridding
INFO (CarpetRegrid2): Centre 1 is at position [7.94937,0.697908,-0.000984911] with 8 levels
INFO (CarpetRegrid2): Centre 2 is at position [-7.94937,-0.697908,0.000984911] with 8 levels
INFO (CarpetRegrid2): Refined regions have not changed sufficiently; skipping regridding
INFO (CarpetRegrid2): Centre 1 is at position [7.94937,0.697908,-0.000984911] with 8 levels
INFO (CarpetRegrid2): Centre 2 is at position [-7.94937,-0.697908,0.000984911] with 8 levels
INFO (CarpetRegrid2): Refined regions have not changed sufficiently; skipping regridding
INFO (CarpetRegrid2): Centre 1 is at position [7.94937,0.697908,-0.000984911] with 8 levels
INFO (CarpetRegrid2): Centre 2 is at position [-7.94937,-0.697908,0.000984911] with 8 levels
INFO (CarpetRegrid2): Refined regions have not changed sufficiently; skipping regridding
INFO (CarpetRegrid2): Centre 1 is at position [7.94937,0.697908,-0.000984911] with 8 levels
INFO (CarpetRegrid2): Centre 2 is at position [-7.94937,-0.697908,0.000984911] with 8 levels
INFO (CarpetRegrid2): Refined regions have not changed sufficiently; skipping regridding
INFO (CarpetRegrid2): Centre 1 is at position [7.94937,0.697908,-0.000984911] with 8 levels
INFO (CarpetRegrid2): Centre 2 is at position [-7.94937,-0.697908,0.000984911] with 8 levels
INFO (CarpetRegrid2): Refined regions have not changed sufficiently; skipping regridding
INFO (CarpetRegrid2): Centre 1 is at position [7.94937,0.697908,-0.000984911] with 8 levels
INFO (CarpetRegrid2): Centre 2 is at position [-7.94937,-0.697908,0.000984911] with 8 levels
INFO (CarpetRegrid2): Refined regions have not changed sufficiently; skipping regridding
      705    11.016 |   93.6013626 |    0.0273828    0.9988687 |       873      1091
      706    11.031 |   93.6479165 |    0.0279263    0.9988687 |       873      1091
      707    11.047 |   93.6962005 |    0.0285402    0.9988687 |       873      1091
      708    11.062 |   93.7199044 |    0.0292241    0.9988687 |       873      1091
      709    11.078 |   93.7228360 |    0.0299765    0.9988687 |       873      1091
      710    11.094 |   93.7727897 |    0.0295966    0.9988687 |       873      1091
      711    11.109 |   93.8211994 |    0.0285775    0.9988687 |       873      1091
      712    11.125 |   93.8515066 |    0.0276218    0.9988687 |       873      1091
      713    11.141 |   93.8053233 |    0.0267321    0.9988687 |       873      1091
      714    11.156 |   93.8535755 |    0.0259106    0.9988687 |       873      1091
      715    11.172 |   93.9022072 |    0.0251594    0.9988687 |       873      1091
      716    11.188 |   93.9256460 |    0.0244806    0.9988687 |       873      1091
      717    11.203 |   93.9277230 |    0.0238760    0.9988687 |       873      1091
      718    11.219 |   93.9759885 |    0.0233472    0.9988687 |       873      1091
      719    11.234 |   94.0243445 |    0.0228959    0.9988687 |       873      1091
------------------------------------------------------------------------------------
Iteration      Time | *me_per_hour |     LEANBSSNMOL::conf_fac | *TISTICS::maxrss_mb
                    |              |      minimum      maximum |   minimum   maximum
------------------------------------------------------------------------------------
      720    11.250 |   94.0426936 |    0.0225231    0.9988687 |       873      1091
      721    11.266 |   93.9585764 |    0.0222302    0.9988687 |       873      1091
      722    11.281 |   94.0054886 |    0.0220179    0.9988687 |       873      1091
      723    11.297 |   94.0524441 |    0.0218869    0.9988687 |       873      1091
      724    11.312 |   94.0748832 |    0.0218378    0.9988687 |       873      1091
      725    11.328 |   94.0777596 |    0.0218707    0.9988687 |       873      1091
      726    11.344 |   94.1226585 |    0.0219858    0.9988687 |       873      1091
      727    11.359 |   94.1690174 |    0.0221828    0.9988687 |       873      1091
      728    11.375 |   94.1976894 |    0.0224613    0.9988687 |       873      1091
      729    11.391 |   94.1520845 |    0.0228207    0.9988687 |       873      1091
      730    11.406 |   94.1964894 |    0.0232602    0.9988687 |       873      1091
      731    11.422 |   94.2435930 |    0.0237788    0.9988687 |       873      1091
      732    11.438 |   94.2669771 |    0.0243752    0.9988687 |       873      1091
      733    11.453 |   94.2693284 |    0.0250480    0.9988687 |       873      1091
      734    11.469 |   94.3159275 |    0.0257956    0.9988687 |       873      1091
      735    11.484 |   94.3631848 |    0.0266163    0.9988687 |       873      1091
      736    11.500 |   94.3664327 |    0.0274183    0.9988687 |       873      1091
      737    11.516 |   94.2436267 |    0.0263602    0.9988687 |       873      1091
      738    11.531 |   94.2897708 |    0.0253702    0.9988687 |       873      1091
      739    11.547 |   94.3375213 |    0.0244509    0.9988687 |       873      1091
------------------------------------------------------------------------------------
Iteration      Time | *me_per_hour |     LEANBSSNMOL::conf_fac | *TISTICS::maxrss_mb
                    |              |      minimum      maximum |   minimum   maximum
------------------------------------------------------------------------------------
      740    11.562 |   94.3593560 |    0.0236048    0.9988687 |       873      1091
      741    11.578 |   94.3620538 |    0.0228343    0.9988687 |       873      1091
      742    11.594 |   94.4092326 |    0.0221413    0.9988687 |       873      1091
      743    11.609 |   94.4554242 |    0.0215279    0.9988687 |       873      1091
      744    11.625 |   94.4840934 |    0.0209958    0.9988687 |       873      1091
      745    11.641 |   94.4378926 |    0.0205464    0.9988687 |       873      1091
      746    11.656 |   94.4825879 |    0.0201810    0.9988687 |       873      1091
      747    11.672 |   94.5288632 |    0.0199008    0.9988687 |       873      1091
      748    11.688 |   94.5500827 |    0.0197064    0.9988687 |       873      1091
      749    11.703 |   94.5519548 |    0.0195985    0.9988687 |       873      1091
      750    11.719 |   94.5988114 |    0.0195774    0.9988687 |       873      1091
      751    11.734 |   94.6445969 |    0.0196432    0.9988687 |       873      1091
      752    11.750 |   94.6597967 |    0.0197957    0.9988687 |       873      1091
      753    11.766 |   94.5766059 |    0.0200346    0.9988687 |       873      1091
      754    11.781 |   94.6216307 |    0.0203591    0.9988687 |       873      1091
      755    11.797 |   94.6657132 |    0.0207685    0.9988687 |       873      1091
      756    11.812 |   94.6870041 |    0.0212616    0.9988687 |       873      1091
      757    11.828 |   94.6792849 |    0.0218371    0.9988687 |       873      1091
      758    11.844 |   94.7213615 |    0.0224935    0.9988687 |       873      1091
      759    11.859 |   94.7595311 |    0.0232290    0.9988687 |       873      1091
------------------------------------------------------------------------------------
Iteration      Time | *me_per_hour |     LEANBSSNMOL::conf_fac | *TISTICS::maxrss_mb
                    |              |      minimum      maximum |   minimum   maximum
------------------------------------------------------------------------------------
      760    11.875 |   94.7845753 |    0.0240417    0.9988687 |       873      1091
      761    11.891 |   94.7385669 |    0.0249296    0.9988687 |       873      1091
      762    11.906 |   94.7822519 |    0.0258903    0.9988687 |       873      1091
      763    11.922 |   94.8258236 |    0.0255250    0.9988687 |       873      1091
      764    11.938 |   94.8466334 |    0.0245440    0.9988687 |       873      1091
      765    11.953 |   94.8483760 |    0.0236376    0.9988687 |       873      1091
      766    11.969 |   94.8936009 |    0.0228082    0.9988687 |       873      1091
      767    11.984 |   94.9339800 |    0.0220581    0.9988687 |       873      1091
INFO (AHFinderDirect): proc 0: searching for horizon 1/6
INFO (AHFinderDirect): AH 3/6: r=78.9932 at (-0.000000,0.000000,0.000000)
INFO (AHFinderDirect): AH 3/6: area=80424.77104 m_irreducible=39.99999978
INFO (AHFinderDirect): AH 4/6: r=98.9938 at (-0.000000,0.000000,-0.000000)
INFO (AHFinderDirect): AH 4/6: area=125663.7057 m_irreducible=49.99999991
INFO (AHFinderDirect): AH 5/6: r=178.995 at (-0.000000,-0.000000,0.000000)
INFO (AHFinderDirect): AH 5/6: area=407150.4078 m_irreducible=89.99999999
INFO (AHFinderDirect): AH 6/6: r=238.995 at (-0.000000,-0.000000,0.000000)
INFO (AHFinderDirect): AH 6/6: area=723822.9474 m_irreducible=120
INFO (AHFinderDirect): AH 1/6: r=0.39831 at (7.938564,0.769904,-0.001231)
INFO (AHFinderDirect): AH 1/6: area=11.27732333 m_irreducible=0.4736615027
INFO (AHFinderDirect): AH 2/6: r=0.39831 at (-7.938564,-0.769904,0.001231)
INFO (AHFinderDirect): AH 2/6: area=11.27732333 m_irreducible=0.4736615027
INFO (QuasiLocalMeasures): Calculating quasi-local quantities for surface    0
INFO (QuasiLocalMeasures): Importing from spherical surface    0
INFO (QuasiLocalMeasures): Geometric quantities for surface    0:
INFO (QuasiLocalMeasures):    Area A:                            11.2773
INFO (QuasiLocalMeasures):    Irreducible mass M = R/2:         0.473661
INFO (QuasiLocalMeasures):    Areal radius R = sqrt(A/4pi):     0.947322
INFO (QuasiLocalMeasures): Coordinate-dependent quantities for surface    0:
INFO (QuasiLocalMeasures):    Equatorial circumference:             5.95184
INFO (QuasiLocalMeasures):    Polar circumference at phi=0:         5.95450
INFO (QuasiLocalMeasures):    Polar circumference at phi=pi/2:      5.92012
INFO (QuasiLocalMeasures):    No valid spin guess from distortion.
INFO (QuasiLocalMeasures):    (Spin guess is imaginary.)
INFO (QuasiLocalMeasures):    Magnitude of invalid spin guess:     0.493105E-02
INFO (QuasiLocalMeasures):    Mass guess M from distortion:        0.473633
INFO (QuasiLocalMeasures): Isolated Horizon quantities for surface    0:
INFO (QuasiLocalMeasures):    Killing vector field eigenvalue norm:     0.999998
INFO (QuasiLocalMeasures):    Spin J:                                  -0.218555E-05
INFO (QuasiLocalMeasures):    Kerr spin parameter a = J/M:             -0.461416E-05
INFO (QuasiLocalMeasures):    Dimensionless spin parameter a = J/M^2:  -0.974147E-05
INFO (QuasiLocalMeasures):    Spin J from NP:                          -0.153558E-03
INFO (QuasiLocalMeasures):    Spin J from phi-coordinate-vector:         0.00000
INFO (QuasiLocalMeasures):    Mass M:                                   0.473661
INFO (QuasiLocalMeasures): Global quantities for surface    0:
INFO (QuasiLocalMeasures):    ADM energy:                 -1.42538
INFO (QuasiLocalMeasures):    ADM momentum x:            -0.131325E-02
INFO (QuasiLocalMeasures):    ADM momentum y:             0.701177E-02
INFO (QuasiLocalMeasures):    ADM momentum z:            -0.323148E-04
INFO (QuasiLocalMeasures):    ADM angular momentum x:    -0.217269E-04
INFO (QuasiLocalMeasures):    ADM angular momentum y:     0.211926E-03
INFO (QuasiLocalMeasures):    ADM angular momentum z:     0.456991E-01
INFO (QuasiLocalMeasures):    Weinberg energy:                  3.46853
INFO (QuasiLocalMeasures):    Weinberg momentum x:            -0.672804E-02
INFO (QuasiLocalMeasures):    Weinberg momentum y:             0.383647E-01
INFO (QuasiLocalMeasures):    Weinberg momentum z:            -0.171589E-03
INFO (QuasiLocalMeasures):    Weinberg angular momentum x:    -0.157652E-03
INFO (QuasiLocalMeasures):    Weinberg angular momentum y:     0.176738E-02
INFO (QuasiLocalMeasures):    Weinberg angular momentum z:     0.406052
      768    12.000 |   93.3672351 |    0.0213893    0.9988687 |       873      1103
INFO (CarpetRegrid2): Centre 1 is at position [7.93811,0.773632,-0.00123234] with 8 levels
INFO (CarpetRegrid2): Centre 2 is at position [-7.93811,-0.773632,0.00123234] with 8 levels
INFO (CarpetRegrid2): Refined regions have not changed sufficiently; skipping regridding
INFO (CarpetRegrid2): Centre 1 is at position [7.93811,0.773632,-0.00123234] with 8 levels
INFO (CarpetRegrid2): Centre 2 is at position [-7.93811,-0.773632,0.00123234] with 8 levels
INFO (CarpetRegrid2): Refined regions have not changed sufficiently; skipping regridding
INFO (CarpetRegrid2): Centre 1 is at position [7.93811,0.773632,-0.00123234] with 8 levels
INFO (CarpetRegrid2): Centre 2 is at position [-7.93811,-0.773632,0.00123234] with 8 levels
INFO (CarpetRegrid2): Refined regions have not changed sufficiently; skipping regridding
INFO (CarpetRegrid2): Centre 1 is at position [7.93811,0.773632,-0.00123234] with 8 levels
INFO (CarpetRegrid2): Centre 2 is at position [-7.93811,-0.773632,0.00123234] with 8 levels
INFO (CarpetRegrid2): Refined regions have not changed sufficiently; skipping regridding
INFO (CarpetRegrid2): Centre 1 is at position [7.93811,0.773632,-0.00123234] with 8 levels
INFO (CarpetRegrid2): Centre 2 is at position [-7.93811,-0.773632,0.00123234] with 8 levels
INFO (CarpetRegrid2): Refined regions have not changed sufficiently; skipping regridding
INFO (CarpetRegrid2): Centre 1 is at position [7.93811,0.773632,-0.00123234] with 8 levels
INFO (CarpetRegrid2): Centre 2 is at position [-7.93811,-0.773632,0.00123234] with 8 levels
INFO (CarpetRegrid2): Refined regions have not changed sufficiently; skipping regridding
INFO (CarpetRegrid2): Centre 1 is at position [7.93811,0.773632,-0.00123234] with 8 levels
INFO (CarpetRegrid2): Centre 2 is at position [-7.93811,-0.773632,0.00123234] with 8 levels
INFO (CarpetRegrid2): Refined regions have not changed sufficiently; skipping regridding
INFO (CarpetRegrid2): Centre 1 is at position [7.93811,0.773632,-0.00123234] with 8 levels
INFO (CarpetRegrid2): Centre 2 is at position [-7.93811,-0.773632,0.00123234] with 8 levels
INFO (CarpetRegrid2): Refined regions have not changed sufficiently; skipping regridding
      769    12.016 |   92.5225696 |    0.0208037    0.9988687 |       873      1103
      770    12.031 |   92.5672083 |    0.0203028    0.9988687 |       873      1103
      771    12.047 |   92.6129346 |    0.0198881    0.9988687 |       873      1103
      772    12.062 |   92.6357592 |    0.0195606    0.9988687 |       873      1103
      773    12.078 |   92.6401350 |    0.0193213    0.9988687 |       873      1103
      774    12.094 |   92.6863718 |    0.0191707    0.9988687 |       873      1103
      775    12.109 |   92.7316397 |    0.0191091    0.9988687 |       873      1103
      776    12.125 |   92.7595015 |    0.0191368    0.9988687 |       873      1103
      777    12.141 |   92.7186416 |    0.0192536    0.9988687 |       873      1103
      778    12.156 |   92.7626643 |    0.0194590    0.9988687 |       873      1103
      779    12.172 |   92.8082384 |    0.0197523    0.9988687 |       873      1103
------------------------------------------------------------------------------------
Iteration      Time | *me_per_hour |     LEANBSSNMOL::conf_fac | *TISTICS::maxrss_mb
                    |              |      minimum      maximum |   minimum   maximum
------------------------------------------------------------------------------------
      780    12.188 |   92.8275029 |    0.0201327    0.9988687 |       873      1103
      781    12.203 |   92.8283894 |    0.0205991    0.9988687 |       873      1103
      782    12.219 |   92.8709245 |    0.0211500    0.9988687 |       873      1103
      783    12.234 |   92.8921272 |    0.0217839    0.9988687 |       873      1103
      784    12.250 |   92.8873903 |    0.0224990    0.9988687 |       873      1103
      785    12.266 |   92.7950684 |    0.0232932    0.9988687 |       873      1103
      786    12.281 |   92.8368853 |    0.0241645    0.9988687 |       873      1103
      787    12.297 |   92.8816321 |    0.0251104    0.9988687 |       873      1103
      788    12.312 |   92.9020852 |    0.0261284    0.9988687 |       873      1103
      789    12.328 |   92.9063027 |    0.0261856    0.9988687 |       873      1103
      790    12.344 |   92.9515161 |    0.0252565    0.9988687 |       873      1103
      791    12.359 |   92.9958163 |    0.0244043    0.9988687 |       873      1103
      792    12.375 |   93.0224838 |    0.0236311    0.9988687 |       873      1103
      793    12.391 |   92.9814251 |    0.0229392    0.9988687 |       873      1103
      794    12.406 |   93.0252230 |    0.0223302    0.9988687 |       873      1103
      795    12.422 |   93.0691461 |    0.0218058    0.9988687 |       873      1103
      796    12.438 |   93.0902995 |    0.0213674    0.9988687 |       873      1103
      797    12.453 |   93.0941306 |    0.0210161    0.9988687 |       873      1103
      798    12.469 |   93.1389904 |    0.0207527    0.9988687 |       873      1103
      799    12.484 |   93.1827897 |    0.0205779    0.9988687 |       873      1103
------------------------------------------------------------------------------------
Iteration      Time | *me_per_hour |     LEANBSSNMOL::conf_fac | *TISTICS::maxrss_mb
                    |              |      minimum      maximum |   minimum   maximum
------------------------------------------------------------------------------------
      800    12.500 |   93.1877629 |    0.0204919    0.9988687 |       874      1103
      801    12.516 |   93.0823149 |    0.0204950    0.9988687 |       874      1103
      802    12.531 |   93.1240806 |    0.0205869    0.9988687 |       874      1103
      803    12.547 |   93.1680899 |    0.0207672    0.9988687 |       874      1103
      804    12.562 |   93.1897840 |    0.0210352    0.9988687 |       874      1103
      805    12.578 |   93.1927472 |    0.0213900    0.9988687 |       874      1103
      806    12.594 |   93.2363365 |    0.0218304    0.9988687 |       874      1103
      807    12.609 |   93.2763020 |    0.0223551    0.9988687 |       874      1103
      808    12.625 |   93.3026360 |    0.0229624    0.9988687 |       874      1103
      809    12.641 |   93.2620182 |    0.0236506    0.9988687 |       874      1103
      810    12.656 |   93.3044977 |    0.0244177    0.9988687 |       874      1103
      811    12.672 |   93.3457374 |    0.0252613    0.9988687 |       874      1103
      812    12.688 |   93.3648795 |    0.0261793    0.9988687 |       874      1103
      813    12.703 |   93.3685236 |    0.0271692    0.9988687 |       874      1103
      814    12.719 |   93.4110119 |    0.0282281    0.9988687 |       874      1103
      815    12.734 |   93.4538128 |    0.0283529    0.9988687 |       874      1103
      816    12.750 |   93.4708442 |    0.0275127    0.9988687 |       874      1103
      817    12.766 |   93.3977205 |    0.0267497    0.9988687 |       874      1103
      818    12.781 |   93.4385900 |    0.0260661    0.9988687 |       874      1103
      819    12.797 |   93.4813276 |    0.0254634    0.9988687 |       874      1103
------------------------------------------------------------------------------------
Iteration      Time | *me_per_hour |     LEANBSSNMOL::conf_fac | *TISTICS::maxrss_mb
                    |              |      minimum      maximum |   minimum   maximum
------------------------------------------------------------------------------------
      820    12.812 |   93.5000747 |    0.0249433    0.9988687 |       874      1103
      821    12.828 |   93.5009576 |    0.0245069    0.9988687 |       874      1103
      822    12.844 |   93.5434632 |    0.0241554    0.9988687 |       874      1103
      823    12.859 |   93.5855298 |    0.0238894    0.9988687 |       874      1103
      824    12.875 |   93.6104453 |    0.0237097    0.9988687 |       874      1103
      825    12.891 |   93.5689417 |    0.0236163    0.9988687 |       874      1103
      826    12.906 |   93.6090706 |    0.0236095    0.9988687 |       874      1103
      827    12.922 |   93.6519635 |    0.0236889    0.9988687 |       874      1103
      828    12.938 |   93.6700940 |    0.0238541    0.9988687 |       874      1103
      829    12.953 |   93.6732445 |    0.0241044    0.9988687 |       874      1103
      830    12.969 |   93.7160748 |    0.0244389    0.9988687 |       874      1103
      831    12.984 |   93.7578147 |    0.0248565    0.9988687 |       874      1103
      832    13.000 |   93.7190207 |    0.0253557    0.9988687 |       874      1103
INFO (CarpetRegrid2): Centre 1 is at position [7.92575,0.85054,-0.00151355] with 8 levels
INFO (CarpetRegrid2): Centre 2 is at position [-7.92575,-0.85054,0.00151355] with 8 levels
INFO (CarpetRegrid2): Regridding level 0 map 0 at iteration 833 time 13
INFO (CarpetRegrid2): Regridding levels 1 and up
INFO (CarpetRegrid2): Enforcing grid structure properties, iteration 0
INFO (CarpetRegrid2): Enforcing grid structure properties, iteration 0
INFO (CarpetRegrid2): Enforcing grid structure properties, iteration 0
INFO (CarpetRegrid2): Enforcing grid structure properties, iteration 0
INFO (CarpetRegrid2): Enforcing grid structure properties, iteration 1
INFO (CarpetRegrid2): Enforcing grid structure properties, iteration 0
INFO (CarpetRegrid2): Enforcing grid structure properties, iteration 0
INFO (CarpetRegrid2): Enforcing grid structure properties, iteration 0
INFO (Carpet): Grid structure (superregions, grid points):
   [0][0][0]   exterior: [0,0,0] : [260,260,260]   ([261,261,261] + PADDING) 17779581
   [1][0][0]   exterior: [215,219,219] : [305,301,301]   ([91,83,83] + PADDING) 626899
   [2][0][0]   exterior: [479,486,487] : [561,554,553]   ([83,69,67] + PADDING) 383709
   [3][0][0]   exterior: [991,1005,1007] : [1089,1075,1073]   ([99,71,67] + PADDING) 470943
   [4][0][0]   exterior: [2016,2044,2048] : [2144,2116,2112]   ([129,73,65] + PADDING) 612105
   [5][0][0]   exterior: [4065,4122,4129] : [4128,4185,4191]   ([64,64,63] + PADDING) 258048
   [5][0][1]   exterior: [4192,4135,4129] : [4255,4198,4191]   ([64,64,63] + PADDING) 258048
   [6][0][0]   exterior: [8164,8277,8291] : [8222,8336,8349]   ([59,60,59] + PADDING) 208860
   [6][0][1]   exterior: [8418,8304,8291] : [8476,8363,8349]   ([59,60,59] + PADDING) 208860
   [7][0][0]   exterior: [16361,16588,16615] : [16411,16638,16665]   ([51,51,51] + PADDING) 132651
   [7][0][1]   exterior: [16869,16642,16615] : [16919,16692,16665]   ([51,51,51] + PADDING) 132651
INFO (Carpet): Grid structure (superregions, coordinates):
   [0][0][0]   exterior: [-520,-520,-520] : [520,520,520] : [4,4,4]
   [1][0][0]   exterior: [-90,-82,-82] : [90,82,82] : [2,2,2]
   [2][0][0]   exterior: [-41,-34,-33] : [41,34,33] : [1,1,1]
   [3][0][0]   exterior: [-24.5,-17.5,-16.5] : [24.5,17.5,16.5] : [0.5,0.5,0.5]
   [4][0][0]   exterior: [-16,-9,-8] : [16,9,8] : [0.25,0.25,0.25]
   [5][0][0]   exterior: [-11.875,-4.75,-3.875] : [-4,3.125,3.875] : [0.125,0.125,0.125]
   [5][0][1]   exterior: [4,-3.125,-3.875] : [11.875,4.75,3.875] : [0.125,0.125,0.125]
   [6][0][0]   exterior: [-9.75,-2.6875,-1.8125] : [-6.125,1,1.8125] : [0.0625,0.0625,0.0625]
   [6][0][1]   exterior: [6.125,-1,-1.8125] : [9.75,2.6875,1.8125] : [0.0625,0.0625,0.0625]
   [7][0][0]   exterior: [-8.71875,-1.625,-0.78125] : [-7.15625,-0.0625,0.78125] : [0.03125,0.03125,0.03125]
   [7][0][1]   exterior: [7.15625,0.0625,-0.78125] : [8.71875,1.625,0.78125] : [0.03125,0.03125,0.03125]
INFO (Carpet): Global grid structure statistics:
INFO (Carpet): GF: rhs: 254k active, 495k owned (+95%), 1188k total (+140%), 128 steps/time
INFO (Carpet): GF: vars: 247, pts: 4434M active, 4909M owned (+11%), 7766M total (+58%), 1.0 comp/proc
INFO (Carpet): GA: vars: 1664, pts: 381M active, 381M total (+0%)
INFO (Carpet): Total required memory: 66.030 GByte (for GAs and currently active GFs)
INFO (Carpet): Load balance:  min     avg     max     sdv     max/avg-1
INFO (Carpet): Level  0:      32M     37M     41M      2M owned     11%
INFO (Carpet): Level  1:       1M      1M      1M      0M owned      8%
INFO (Carpet): Level  2:       1M      1M      1M      0M owned     13%
INFO (Carpet): Level  3:       1M      1M      1M      0M owned     15%
INFO (Carpet): Level  4:       1M      1M      1M      0M owned     11%
INFO (Carpet): Level  5:       1M      1M      1M      0M owned      2%
INFO (Carpet): Level  6:       1M      1M      1M      0M owned      5%
INFO (Carpet): Level  7:       0M      1M      1M      0M owned      7%
      833    13.016 |   92.3520753 |    0.0259350    0.9988687 |       877      1103
      834    13.031 |   92.3898965 |    0.0265927    0.9988687 |       877      1103
      835    13.047 |   92.4317566 |    0.0273267    0.9988687 |       877      1103
      836    13.062 |   92.4499893 |    0.0281349    0.9988687 |       877      1103
      837    13.078 |   92.4458801 |    0.0290152    0.9988687 |       877      1103
      838    13.094 |   92.4819079 |    0.0299650    0.9988687 |       877      1103
      839    13.109 |   92.5173637 |    0.0309818    0.9988687 |       877      1103
------------------------------------------------------------------------------------
Iteration      Time | *me_per_hour |     LEANBSSNMOL::conf_fac | *TISTICS::maxrss_mb
                    |              |      minimum      maximum |   minimum   maximum
------------------------------------------------------------------------------------
      840    13.125 |   92.5360073 |    0.0320630    0.9988687 |       877      1103
      841    13.141 |   92.4962556 |    0.0319539    0.9988687 |       877      1103
      842    13.156 |   92.5350588 |    0.0312308    0.9988687 |       877      1103
      843    13.172 |   92.5765131 |    0.0305836    0.9988687 |       877      1103
      844    13.188 |   92.5964185 |    0.0300140    0.9988687 |       877      1103
      845    13.203 |   92.5985060 |    0.0295232    0.9988687 |       877      1103
      846    13.219 |   92.6384296 |    0.0291123    0.9988687 |       877      1103
      847    13.234 |   92.6760944 |    0.0287823    0.9988687 |       877      1103
      848    13.250 |   92.6927777 |    0.0285338    0.9988687 |       877      1103
      849    13.266 |   92.6203201 |    0.0283672    0.9988687 |       877      1103
      850    13.281 |   92.6572448 |    0.0282827    0.9988687 |       877      1103
      851    13.297 |   92.6984770 |    0.0282803    0.9988687 |       877      1103
      852    13.312 |   92.7188067 |    0.0283596    0.9988687 |       877      1103
      853    13.328 |   92.7201996 |    0.0284082    0.9988687 |       877      1103
      854    13.344 |   92.7589673 |    0.0282308    0.9988687 |       877      1103
      855    13.359 |   92.7995838 |    0.0281316    0.9988687 |       877      1103
      856    13.375 |   92.8230647 |    0.0281108    0.9988687 |       877      1103
      857    13.391 |   92.7817608 |    0.0281689    0.9988687 |       877      1103
      858    13.406 |   92.8191096 |    0.0283057    0.9988687 |       877      1103
      859    13.422 |   92.8591275 |    0.0285212    0.9988687 |       877      1103
------------------------------------------------------------------------------------
Iteration      Time | *me_per_hour |     LEANBSSNMOL::conf_fac | *TISTICS::maxrss_mb
                    |              |      minimum      maximum |   minimum   maximum
------------------------------------------------------------------------------------
      860    13.438 |   92.8792197 |    0.0288155    0.9988687 |       877      1103
      861    13.453 |   92.8806975 |    0.0291882    0.9988687 |       877      1103
      862    13.469 |   92.9187256 |    0.0296387    0.9988687 |       877      1103
      863    13.484 |   92.9592174 |    0.0301660    0.9988687 |       877      1103
      864    13.500 |   92.9628107 |    0.0307690    0.9988687 |       877      1103
      865    13.516 |   92.8604288 |    0.0314462    0.9988687 |       877      1103
      866    13.531 |   92.8974402 |    0.0320488    0.9988687 |       877      1103
      867    13.547 |   92.9378931 |    0.0309393    0.9988687 |       877      1103
      868    13.562 |   92.9565652 |    0.0298954    0.9988687 |       877      1103
      869    13.578 |   92.9598095 |    0.0289198    0.9988687 |       877      1103
      870    13.594 |   92.9982517 |    0.0280150    0.9988687 |       877      1103
      871    13.609 |   93.0383459 |    0.0271836    0.9988687 |       877      1103
      872    13.625 |   93.0587669 |    0.0264277    0.9988687 |       877      1103
      873    13.641 |   93.0187170 |    0.0257496    0.9988687 |       877      1103
      874    13.656 |   93.0562467 |    0.0251512    0.9988687 |       877      1103
      875    13.672 |   93.0961431 |    0.0246342    0.9988687 |       877      1103
      876    13.688 |   93.1152244 |    0.0242001    0.9988687 |       877      1103
      877    13.703 |   93.1174450 |    0.0238503    0.9988687 |       877      1103
      878    13.719 |   93.1557270 |    0.0235859    0.9988687 |       877      1103
      879    13.734 |   93.1948578 |    0.0234076    0.9988687 |       877      1103
------------------------------------------------------------------------------------
Iteration      Time | *me_per_hour |     LEANBSSNMOL::conf_fac | *TISTICS::maxrss_mb
                    |              |      minimum      maximum |   minimum   maximum
------------------------------------------------------------------------------------
      880    13.750 |   93.2118680 |    0.0233161    0.9988687 |       877      1103
      881    13.766 |   93.1387652 |    0.0233118    0.9988687 |       877      1103
      882    13.781 |   93.1752750 |    0.0233947    0.9988687 |       877      1103
      883    13.797 |   93.2146219 |    0.0235648    0.9988687 |       877      1103
      884    13.812 |   93.2341595 |    0.0238217    0.9988687 |       877      1103
      885    13.828 |   93.2362422 |    0.0241647    0.9988687 |       877      1103
      886    13.844 |   93.2716063 |    0.0245930    0.9988687 |       877      1103
      887    13.859 |   93.3086646 |    0.0251055    0.9988687 |       877      1103
      888    13.875 |   93.3290313 |    0.0257009    0.9988687 |       877      1103
      889    13.891 |   93.2904134 |    0.0263776    0.9988687 |       877      1103
      890    13.906 |   93.3250237 |    0.0271339    0.9988687 |       877      1103
      891    13.922 |   93.3635592 |    0.0279678    0.9988687 |       877      1103
      892    13.938 |   93.3827144 |    0.0280948    0.9988687 |       877      1103
      893    13.953 |   93.3845251 |    0.0270174    0.9988687 |       877      1103
      894    13.969 |   93.4226277 |    0.0260138    0.9988687 |       877      1103
      895    13.984 |   93.4615587 |    0.0250866    0.9988687 |       877      1103
      896    14.000 |   93.4242156 |    0.0242385    0.9988687 |       877      1103
INFO (CarpetRegrid2): Centre 1 is at position [7.91236,0.928405,-0.00184258] with 8 levels
INFO (CarpetRegrid2): Centre 2 is at position [-7.91236,-0.928405,0.00184258] with 8 levels
INFO (CarpetRegrid2): Refined regions have not changed sufficiently; skipping regridding
INFO (CarpetRegrid2): Centre 1 is at position [7.91236,0.928405,-0.00184258] with 8 levels
INFO (CarpetRegrid2): Centre 2 is at position [-7.91236,-0.928405,0.00184258] with 8 levels
INFO (CarpetRegrid2): Refined regions have not changed sufficiently; skipping regridding
INFO (CarpetRegrid2): Centre 1 is at position [7.91236,0.928405,-0.00184258] with 8 levels
INFO (CarpetRegrid2): Centre 2 is at position [-7.91236,-0.928405,0.00184258] with 8 levels
INFO (CarpetRegrid2): Refined regions have not changed sufficiently; skipping regridding
INFO (CarpetRegrid2): Centre 1 is at position [7.91236,0.928405,-0.00184258] with 8 levels
INFO (CarpetRegrid2): Centre 2 is at position [-7.91236,-0.928405,0.00184258] with 8 levels
INFO (CarpetRegrid2): Refined regions have not changed sufficiently; skipping regridding
INFO (CarpetRegrid2): Centre 1 is at position [7.91236,0.928405,-0.00184258] with 8 levels
INFO (CarpetRegrid2): Centre 2 is at position [-7.91236,-0.928405,0.00184258] with 8 levels
INFO (CarpetRegrid2): Refined regions have not changed sufficiently; skipping regridding
INFO (CarpetRegrid2): Centre 1 is at position [7.91236,0.928405,-0.00184258] with 8 levels
INFO (CarpetRegrid2): Centre 2 is at position [-7.91236,-0.928405,0.00184258] with 8 levels
INFO (CarpetRegrid2): Refined regions have not changed sufficiently; skipping regridding
INFO (CarpetRegrid2): Centre 1 is at position [7.91236,0.928405,-0.00184258] with 8 levels
INFO (CarpetRegrid2): Centre 2 is at position [-7.91236,-0.928405,0.00184258] with 8 levels
INFO (CarpetRegrid2): Refined regions have not changed sufficiently; skipping regridding
INFO (CarpetRegrid2): Centre 1 is at position [7.91236,0.928405,-0.00184258] with 8 levels
INFO (CarpetRegrid2): Centre 2 is at position [-7.91236,-0.928405,0.00184258] with 8 levels
INFO (CarpetRegrid2): Refined regions have not changed sufficiently; skipping regridding
      897    14.016 |   92.7210968 |    0.0234719    0.9988687 |       877      1103
      898    14.031 |   92.7563809 |    0.0227890    0.9988687 |       877      1103
      899    14.047 |   92.7951801 |    0.0221917    0.9988687 |       877      1103
------------------------------------------------------------------------------------
Iteration      Time | *me_per_hour |     LEANBSSNMOL::conf_fac | *TISTICS::maxrss_mb
                    |              |      minimum      maximum |   minimum   maximum
------------------------------------------------------------------------------------
      900    14.062 |   92.8143116 |    0.0216817    0.9988687 |       877      1103
      901    14.078 |   92.8164970 |    0.0212605    0.9988687 |       877      1103
      902    14.094 |   92.8542161 |    0.0209293    0.9988687 |       877      1103
      903    14.109 |   92.8927428 |    0.0206891    0.9988687 |       877      1103
      904    14.125 |   92.9159130 |    0.0205405    0.9988687 |       877      1103
      905    14.141 |   92.8783311 |    0.0204840    0.9988687 |       877      1103
      906    14.156 |   92.9142676 |    0.0205197    0.9988687 |       877      1103
      907    14.172 |   92.9532254 |    0.0206474    0.9988687 |       877      1103
      908    14.188 |   92.9721855 |    0.0208667    0.9988687 |       877      1103
      909    14.203 |   92.9737241 |    0.0211770    0.9988687 |       877      1103
      910    14.219 |   93.0110753 |    0.0215773    0.9988687 |       877      1103
      911    14.234 |   93.0493545 |    0.0220664    0.9988687 |       877      1103
      912    14.250 |   93.0650264 |    0.0226429    0.9988687 |       877      1103
      913    14.266 |   92.9970280 |    0.0233051    0.9988687 |       877      1103
      914    14.281 |   93.0325812 |    0.0240511    0.9988687 |       877      1103
      915    14.297 |   93.0711974 |    0.0248788    0.9988687 |       877      1103
      916    14.312 |   93.0902202 |    0.0257859    0.9988687 |       877      1103
      917    14.328 |   93.0923382 |    0.0267698    0.9988687 |       877      1103
      918    14.344 |   93.1279963 |    0.0260921    0.9988687 |       877      1103
      919    14.359 |   93.1663618 |    0.0251057    0.9988687 |       877      1103
------------------------------------------------------------------------------------
Iteration      Time | *me_per_hour |     LEANBSSNMOL::conf_fac | *TISTICS::maxrss_mb
                    |              |      minimum      maximum |   minimum   maximum
------------------------------------------------------------------------------------
      920    14.375 |   93.1879100 |    0.0241993    0.9988687 |       877      1103
      921    14.391 |   93.1510988 |    0.0233754    0.9988687 |       877      1103
      922    14.406 |   93.1864636 |    0.0226363    0.9988687 |       877      1103
      923    14.422 |   93.2245822 |    0.0219841    0.9988687 |       877      1103
      924    14.438 |   93.2436781 |    0.0214206    0.9988687 |       877      1103
      925    14.453 |   93.2461018 |    0.0209473    0.9988687 |       877      1103
      926    14.469 |   93.2821688 |    0.0205655    0.9988687 |       877      1103
      927    14.484 |   93.3194935 |    0.0202761    0.9988687 |       877      1103
      928    14.500 |   93.3211818 |    0.0200799    0.9988687 |       877      1104
      929    14.516 |   93.2267328 |    0.0199773    0.9988687 |       877      1104
      930    14.531 |   93.2602606 |    0.0199685    0.9988687 |       877      1104
      931    14.547 |   93.2979388 |    0.0200534    0.9988687 |       877      1104
      932    14.562 |   93.3162772 |    0.0202314    0.9988687 |       877      1104
      933    14.578 |   93.3178134 |    0.0205020    0.9988687 |       877      1104
      934    14.594 |   93.3533396 |    0.0208641    0.9988687 |       877      1104
      935    14.609 |   93.3906901 |    0.0213166    0.9988687 |       877      1104
      936    14.625 |   93.4115896 |    0.0218579    0.9988687 |       877      1104
      937    14.641 |   93.3752322 |    0.0224865    0.9988687 |       877      1104
      938    14.656 |   93.4102164 |    0.0232002    0.9988687 |       877      1104
      939    14.672 |   93.4452800 |    0.0239970    0.9988687 |       877      1104
------------------------------------------------------------------------------------
Iteration      Time | *me_per_hour |     LEANBSSNMOL::conf_fac | *TISTICS::maxrss_mb
                    |              |      minimum      maximum |   minimum   maximum
------------------------------------------------------------------------------------
      940    14.688 |   93.4629227 |    0.0248746    0.9988687 |       877      1104
      941    14.703 |   93.4645683 |    0.0258304    0.9988687 |       877      1104
      942    14.719 |   93.4997293 |    0.0268616    0.9988687 |       877      1104
      943    14.734 |   93.5361065 |    0.0271492    0.9988687 |       877      1104
      944    14.750 |   93.5500436 |    0.0262170    0.9988687 |       877      1104
      945    14.766 |   93.4842000 |    0.0253658    0.9988687 |       877      1104
      946    14.781 |   93.5165817 |    0.0245978    0.9988687 |       877      1104
      947    14.797 |   93.5476158 |    0.0239150    0.9988687 |       877      1104
      948    14.812 |   93.5627096 |    0.0233194    0.9988687 |       877      1104
      949    14.828 |   93.5569851 |    0.0228124    0.9988687 |       877      1104
      950    14.844 |   93.5893783 |    0.0223953    0.9988687 |       877      1104
      951    14.859 |   93.6261085 |    0.0220690    0.9988687 |       877      1104
      952    14.875 |   93.6465539 |    0.0218344    0.9988687 |       877      1104
      953    14.891 |   93.6085218 |    0.0216919    0.9988687 |       877      1104
      954    14.906 |   93.6420976 |    0.0216416    0.9988687 |       877      1104
      955    14.922 |   93.6788322 |    0.0216834    0.9988687 |       877      1104
      956    14.938 |   93.6954748 |    0.0218170    0.9988687 |       877      1104
      957    14.953 |   93.6962577 |    0.0220417    0.9988687 |       877      1104
      958    14.969 |   93.7314095 |    0.0223567    0.9988687 |       877      1104
      959    14.984 |   93.7672906 |    0.0227606    0.9988687 |       877      1104
------------------------------------------------------------------------------------
Iteration      Time | *me_per_hour |     LEANBSSNMOL::conf_fac | *TISTICS::maxrss_mb
                    |              |      minimum      maximum |   minimum   maximum
------------------------------------------------------------------------------------
      960    15.000 |   93.7372614 |    0.0232522    0.9988687 |       877      1104
INFO (CarpetRegrid2): Centre 1 is at position [7.89847,1.00711,-0.00218707] with 8 levels
INFO (CarpetRegrid2): Centre 2 is at position [-7.89847,-1.00711,0.00218707] with 8 levels
INFO (CarpetRegrid2): Refined regions have not changed sufficiently; skipping regridding
INFO (CarpetRegrid2): Centre 1 is at position [7.89847,1.00711,-0.00218707] with 8 levels
INFO (CarpetRegrid2): Centre 2 is at position [-7.89847,-1.00711,0.00218707] with 8 levels
INFO (CarpetRegrid2): Refined regions have not changed sufficiently; skipping regridding
INFO (CarpetRegrid2): Centre 1 is at position [7.89847,1.00711,-0.00218707] with 8 levels
INFO (CarpetRegrid2): Centre 2 is at position [-7.89847,-1.00711,0.00218707] with 8 levels
INFO (CarpetRegrid2): Refined regions have not changed sufficiently; skipping regridding
INFO (CarpetRegrid2): Centre 1 is at position [7.89847,1.00711,-0.00218707] with 8 levels
INFO (CarpetRegrid2): Centre 2 is at position [-7.89847,-1.00711,0.00218707] with 8 levels
INFO (CarpetRegrid2): Refined regions have not changed sufficiently; skipping regridding
INFO (CarpetRegrid2): Centre 1 is at position [7.89847,1.00711,-0.00218707] with 8 levels
INFO (CarpetRegrid2): Centre 2 is at position [-7.89847,-1.00711,0.00218707] with 8 levels
INFO (CarpetRegrid2): Refined regions have not changed sufficiently; skipping regridding
INFO (CarpetRegrid2): Centre 1 is at position [7.89847,1.00711,-0.00218707] with 8 levels
INFO (CarpetRegrid2): Centre 2 is at position [-7.89847,-1.00711,0.00218707] with 8 levels
INFO (CarpetRegrid2): Refined regions have not changed sufficiently; skipping regridding
INFO (CarpetRegrid2): Centre 1 is at position [7.89847,1.00711,-0.00218707] with 8 levels
INFO (CarpetRegrid2): Centre 2 is at position [-7.89847,-1.00711,0.00218707] with 8 levels
INFO (CarpetRegrid2): Refined regions have not changed sufficiently; skipping regridding
INFO (CarpetRegrid2): Centre 1 is at position [7.89847,1.00711,-0.00218707] with 8 levels
INFO (CarpetRegrid2): Centre 2 is at position [-7.89847,-1.00711,0.00218707] with 8 levels
INFO (CarpetRegrid2): Refined regions have not changed sufficiently; skipping regridding
      961    15.016 |   93.0800646 |    0.0238298    0.9988687 |       877      1104
      962    15.031 |   93.1138883 |    0.0244915    0.9988687 |       877      1104
      963    15.047 |   93.1504444 |    0.0252353    0.9988687 |       877      1104
      964    15.062 |   93.1679354 |    0.0260589    0.9988687 |       877      1104
      965    15.078 |   93.1695523 |    0.0269599    0.9988687 |       877      1104
      966    15.094 |   93.2044235 |    0.0279357    0.9988687 |       877      1104
      967    15.109 |   93.2403018 |    0.0289834    0.9988687 |       877      1104
      968    15.125 |   93.2621797 |    0.0299479    0.9988687 |       877      1104
      969    15.141 |   93.2269483 |    0.0290948    0.9988687 |       877      1104
      970    15.156 |   93.2605203 |    0.0283214    0.9988687 |       877      1104
      971    15.172 |   93.2963063 |    0.0276294    0.9988687 |       877      1104
      972    15.188 |   93.3146001 |    0.0270207    0.9988687 |       877      1104
      973    15.203 |   93.3162369 |    0.0264967    0.9988687 |       877      1104
      974    15.219 |   93.3502961 |    0.0260587    0.9988687 |       877      1104
      975    15.234 |   93.3862486 |    0.0257076    0.9988687 |       877      1104
      976    15.250 |   93.4003123 |    0.0254443    0.9988687 |       877      1104
      977    15.266 |   93.3366811 |    0.0252690    0.9988687 |       877      1104
      978    15.281 |   93.3695356 |    0.0251821    0.9988687 |       877      1104
      979    15.297 |   93.4049115 |    0.0251835    0.9988687 |       877      1104
------------------------------------------------------------------------------------
Iteration      Time | *me_per_hour |     LEANBSSNMOL::conf_fac | *TISTICS::maxrss_mb
                    |              |      minimum      maximum |   minimum   maximum
------------------------------------------------------------------------------------
      980    15.312 |   93.4199489 |    0.0252729    0.9988687 |       877      1104
      981    15.328 |   93.4215248 |    0.0254496    0.9988687 |       877      1104
      982    15.344 |   93.4550300 |    0.0257130    0.9988687 |       877      1104
      983    15.359 |   93.4906195 |    0.0260619    0.9988687 |       877      1104
      984    15.375 |   93.5109253 |    0.0264950    0.9988687 |       877      1104
      985    15.391 |   93.4745044 |    0.0270109    0.9988687 |       877      1104
      986    15.406 |   93.5074620 |    0.0276078    0.9988687 |       877      1104
      987    15.422 |   93.5430960 |    0.0282839    0.9988687 |       877      1104
      988    15.438 |   93.5576705 |    0.0290371    0.9988687 |       877      1104
      989    15.453 |   93.5565964 |    0.0298651    0.9988687 |       877      1104
      990    15.469 |   93.5889088 |    0.0307655    0.9988687 |       877      1104
      991    15.484 |   93.6237792 |    0.0317358    0.9988687 |       877      1104
      992    15.500 |   93.6256183 |    0.0327734    0.9988687 |       877      1104
      993    15.516 |   93.5369758 |    0.0338754    0.9988687 |       877      1104
      994    15.531 |   93.5694640 |    0.0333567    0.9988687 |       877      1104
      995    15.547 |   93.6048315 |    0.0326735    0.9988687 |       877      1104
      996    15.562 |   93.6219995 |    0.0320684    0.9988687 |       877      1104
      997    15.578 |   93.6231050 |    0.0315427    0.9988687 |       877      1104
      998    15.594 |   93.6564427 |    0.0310976    0.9988687 |       877      1104
      999    15.609 |   93.6904155 |    0.0304940    0.9988687 |       877      1104
------------------------------------------------------------------------------------
Iteration      Time | *me_per_hour |     LEANBSSNMOL::conf_fac | *TISTICS::maxrss_mb
                    |              |      minimum      maximum |   minimum   maximum
------------------------------------------------------------------------------------
     1000    15.625 |   93.7109182 |    0.0298145    0.9988687 |       877      1104
     1001    15.641 |   93.6750090 |    0.0292108    0.9988687 |       877      1104
     1002    15.656 |   93.7072632 |    0.0286845    0.9988687 |       877      1104
     1003    15.672 |   93.7419989 |    0.0282373    0.9988687 |       877      1104
     1004    15.688 |   93.7588676 |    0.0278702    0.9988687 |       877      1104
     1005    15.703 |   93.7600707 |    0.0275849    0.9988687 |       877      1104
     1006    15.719 |   93.7921551 |    0.0273825    0.9988687 |       877      1104
     1007    15.734 |   93.8260606 |    0.0272636    0.9988687 |       877      1104
     1008    15.750 |   93.8377037 |    0.0272288    0.9988687 |       877      1104
     1009    15.766 |   93.7740217 |    0.0272783    0.9988687 |       877      1104
     1010    15.781 |   93.8052876 |    0.0274120    0.9988687 |       877      1104
     1011    15.797 |   93.8397107 |    0.0276298    0.9988687 |       877      1104
     1012    15.812 |   93.8554831 |    0.0279312    0.9988687 |       877      1104
     1013    15.828 |   93.8564432 |    0.0283156    0.9988687 |       877      1104
     1014    15.844 |   93.8893496 |    0.0287820    0.9988687 |       877      1104
     1015    15.859 |   93.9235838 |    0.0293293    0.9988687 |       877      1104
     1016    15.875 |   93.9425402 |    0.0299563    0.9988687 |       877      1104
     1017    15.891 |   93.9082659 |    0.0306614    0.9988687 |       877      1104
     1018    15.906 |   93.9402538 |    0.0314429    0.9988687 |       877      1104
     1019    15.922 |   93.9749808 |    0.0304112    0.9988687 |       877      1104
------------------------------------------------------------------------------------
Iteration      Time | *me_per_hour |     LEANBSSNMOL::conf_fac | *TISTICS::maxrss_mb
                    |              |      minimum      maximum |   minimum   maximum
------------------------------------------------------------------------------------
     1020    15.938 |   93.9902863 |    0.0293554    0.9988687 |       877      1104
     1021    15.953 |   93.9915206 |    0.0283722    0.9988687 |       877      1104
     1022    15.969 |   94.0242832 |    0.0274643    0.9988687 |       877      1104
     1023    15.984 |   94.0581775 |    0.0266341    0.9988687 |       877      1104
INFO (AHFinderDirect): proc 0: searching for horizon 1/6
INFO (AHFinderDirect): AH 3/6: r=78.9933 at (0.000000,-0.000000,-0.000000)
INFO (AHFinderDirect): AH 3/6: area=80424.77067 m_irreducible=39.99999969
INFO (AHFinderDirect): AH 4/6: r=98.9938 at (-0.000000,-0.000000,0.000000)
INFO (AHFinderDirect): AH 4/6: area=125663.7055 m_irreducible=49.99999987
INFO (AHFinderDirect): AH 5/6: r=178.995 at (0.000000,0.000000,-0.000000)
INFO (AHFinderDirect): AH 5/6: area=407150.4078 m_irreducible=89.99999999
INFO (AHFinderDirect): AH 6/6: r=238.995 at (0.000000,-0.000000,-0.000000)
INFO (AHFinderDirect): AH 6/6: area=723822.9473 m_irreducible=120
INFO (AHFinderDirect): AH 1/6: r=0.401408 at (7.885367,1.083274,-0.002602)
INFO (AHFinderDirect): AH 1/6: area=11.27571929 m_irreducible=0.4736278156
INFO (AHFinderDirect): AH 2/6: r=0.401408 at (-7.885367,-1.083274,0.002602)
INFO (AHFinderDirect): AH 2/6: area=11.27571929 m_irreducible=0.4736278156
INFO (QuasiLocalMeasures): Calculating quasi-local quantities for surface    0
INFO (QuasiLocalMeasures): Importing from spherical surface    0
INFO (QuasiLocalMeasures): Geometric quantities for surface    0:
INFO (QuasiLocalMeasures):    Area A:                            11.2757
INFO (QuasiLocalMeasures):    Irreducible mass M = R/2:         0.473628
INFO (QuasiLocalMeasures):    Areal radius R = sqrt(A/4pi):     0.947255
INFO (QuasiLocalMeasures): Coordinate-dependent quantities for surface    0:
INFO (QuasiLocalMeasures):    Equatorial circumference:             5.95168
INFO (QuasiLocalMeasures):    Polar circumference at phi=0:         5.95199
INFO (QuasiLocalMeasures):    Polar circumference at phi=pi/2:      5.92321
INFO (QuasiLocalMeasures):    No valid spin guess from distortion.
INFO (QuasiLocalMeasures):    (Spin guess is imaginary.)
INFO (QuasiLocalMeasures):    Magnitude of invalid spin guess:     0.255985E-02
INFO (QuasiLocalMeasures):    Mass guess M from distortion:        0.473620
INFO (QuasiLocalMeasures): Isolated Horizon quantities for surface    0:
INFO (QuasiLocalMeasures):    Killing vector field eigenvalue norm:      1.00000
INFO (QuasiLocalMeasures):    Spin J:                                  -0.344960E-05
INFO (QuasiLocalMeasures):    Kerr spin parameter a = J/M:             -0.728336E-05
INFO (QuasiLocalMeasures):    Dimensionless spin parameter a = J/M^2:  -0.153778E-04
INFO (QuasiLocalMeasures):    Spin J from NP:                          -0.121742E-03
INFO (QuasiLocalMeasures):    Spin J from phi-coordinate-vector:         0.00000
INFO (QuasiLocalMeasures):    Mass M:                                   0.473628
INFO (QuasiLocalMeasures): Global quantities for surface    0:
INFO (QuasiLocalMeasures):    ADM energy:                 -1.39175
INFO (QuasiLocalMeasures):    ADM momentum x:            -0.137878E-02
INFO (QuasiLocalMeasures):    ADM momentum y:             0.687000E-02
INFO (QuasiLocalMeasures):    ADM momentum z:            -0.460558E-04
INFO (QuasiLocalMeasures):    ADM angular momentum x:    -0.360725E-04
INFO (QuasiLocalMeasures):    ADM angular momentum y:     0.295381E-03
INFO (QuasiLocalMeasures):    ADM angular momentum z:     0.434177E-01
INFO (QuasiLocalMeasures):    Weinberg energy:                  3.40384
INFO (QuasiLocalMeasures):    Weinberg momentum x:            -0.651173E-02
INFO (QuasiLocalMeasures):    Weinberg momentum y:             0.365921E-01
INFO (QuasiLocalMeasures):    Weinberg momentum z:            -0.239241E-03
INFO (QuasiLocalMeasures):    Weinberg angular momentum x:    -0.268914E-03
INFO (QuasiLocalMeasures):    Weinberg angular momentum y:     0.249089E-02
INFO (QuasiLocalMeasures):    Weinberg angular momentum z:     0.395940
     1024    16.000 |   92.9291727 |    0.0258842    0.9988687 |       878      1118
INFO (CarpetRegrid2): Centre 1 is at position [7.88504,1.08661,-0.00259762] with 8 levels
INFO (CarpetRegrid2): Centre 2 is at position [-7.88504,-1.08661,0.00259762] with 8 levels
INFO (CarpetRegrid2): Regridding level 0 map 0 at iteration 1025 time 16
INFO (CarpetRegrid2): Regridding levels 1 and up
INFO (CarpetRegrid2): Enforcing grid structure properties, iteration 0
INFO (CarpetRegrid2): Enforcing grid structure properties, iteration 0
INFO (CarpetRegrid2): Enforcing grid structure properties, iteration 0
INFO (CarpetRegrid2): Enforcing grid structure properties, iteration 0
INFO (CarpetRegrid2): Enforcing grid structure properties, iteration 0
INFO (CarpetRegrid2): Enforcing grid structure properties, iteration 1
INFO (CarpetRegrid2): Enforcing grid structure properties, iteration 0
INFO (CarpetRegrid2): Enforcing grid structure properties, iteration 0
INFO (CarpetRegrid2): Enforcing grid structure properties, iteration 1
INFO (Carpet): Grid structure (superregions, grid points):
   [0][0][0]   exterior: [0,0,0] : [260,260,260]   ([261,261,261] + PADDING) 17779581
   [1][0][0]   exterior: [215,218,219] : [305,302,301]   ([91,85,83] + PADDING) 642005
   [2][0][0]   exterior: [479,486,487] : [561,554,553]   ([83,69,67] + PADDING) 383709
   [3][0][0]   exterior: [991,1005,1007] : [1089,1075,1073]   ([99,71,67] + PADDING) 470943
   [4][0][0]   exterior: [2016,2043,2048] : [2081,2051,2112]   ([66,9,65] + PADDING) 38610
   [4][0][1]   exterior: [2016,2052,2048] : [2144,2108,2112]   ([129,57,65] + PADDING) 477945
   [4][0][2]   exterior: [2079,2109,2048] : [2144,2117,2112]   ([66,9,65] + PADDING) 38610
   [5][0][0]   exterior: [4066,4120,4129] : [4128,4183,4191]   ([63,64,63] + PADDING) 254016
   [5][0][1]   exterior: [4192,4137,4129] : [4254,4200,4191]   ([63,64,63] + PADDING) 254016
   [6][0][0]   exterior: [8165,8273,8291] : [8223,8332,8349]   ([59,60,59] + PADDING) 208860
   [6][0][1]   exterior: [8417,8308,8291] : [8475,8367,8349]   ([59,60,59] + PADDING) 208860
   [7][0][0]   exterior: [16363,16580,16615] : [16413,16630,16665]   ([51,51,51] + PADDING) 132651
   [7][0][1]   exterior: [16867,16650,16615] : [16917,16700,16665]   ([51,51,51] + PADDING) 132651
INFO (Carpet): Grid structure (superregions, coordinates):
   [0][0][0]   exterior: [-520,-520,-520] : [520,520,520] : [4,4,4]
   [1][0][0]   exterior: [-90,-84,-82] : [90,84,82] : [2,2,2]
   [2][0][0]   exterior: [-41,-34,-33] : [41,34,33] : [1,1,1]
   [3][0][0]   exterior: [-24.5,-17.5,-16.5] : [24.5,17.5,16.5] : [0.5,0.5,0.5]
   [4][0][0]   exterior: [-16,-9.25,-8] : [0.25,-7.25,8] : [0.25,0.25,0.25]
   [4][0][1]   exterior: [-16,-7,-8] : [16,7,8] : [0.25,0.25,0.25]
   [4][0][2]   exterior: [-0.25,7.25,-8] : [16,9.25,8] : [0.25,0.25,0.25]
   [5][0][0]   exterior: [-11.75,-5,-3.875] : [-4,2.875,3.875] : [0.125,0.125,0.125]
   [5][0][1]   exterior: [4,-2.875,-3.875] : [11.75,5,3.875] : [0.125,0.125,0.125]
   [6][0][0]   exterior: [-9.6875,-2.9375,-1.8125] : [-6.0625,0.75,1.8125] : [0.0625,0.0625,0.0625]
   [6][0][1]   exterior: [6.0625,-0.75,-1.8125] : [9.6875,2.9375,1.8125] : [0.0625,0.0625,0.0625]
   [7][0][0]   exterior: [-8.65625,-1.875,-0.78125] : [-7.09375,-0.3125,0.78125] : [0.03125,0.03125,0.03125]
   [7][0][1]   exterior: [7.09375,0.3125,-0.78125] : [8.65625,1.875,0.78125] : [0.03125,0.03125,0.03125]
INFO (Carpet): Global grid structure statistics:
INFO (Carpet): GF: rhs: 251k active, 491k owned (+96%), 1181k total (+141%), 128 steps/time
INFO (Carpet): GF: vars: 247, pts: 4425M active, 4897M owned (+11%), 7747M total (+58%), 1.0 comp/proc
INFO (Carpet): GA: vars: 1664, pts: 381M active, 381M total (+0%)
INFO (Carpet): Total required memory: 65.873 GByte (for GAs and currently active GFs)
INFO (Carpet): Load balance:  min     avg     max     sdv     max/avg-1
INFO (Carpet): Level  0:      32M     37M     41M      2M owned     11%
INFO (Carpet): Level  1:       1M      1M      1M      0M owned      6%
INFO (Carpet): Level  2:       1M      1M      1M      0M owned     13%
INFO (Carpet): Level  3:       1M      1M      1M      0M owned     15%
INFO (Carpet): Level  4:       1M      1M      1M      0M owned     11%
INFO (Carpet): Level  5:       1M      1M      1M      0M owned      4%
INFO (Carpet): Level  6:       1M      1M      1M      0M owned      5%
INFO (Carpet): Level  7:       0M      1M      1M      0M owned      7%
     1025    16.016 |   91.7171216 |    0.0252164    0.9988687 |       881      1125
     1026    16.031 |   91.7485643 |    0.0246329    0.9988687 |       881      1125
     1027    16.047 |   91.7771937 |    0.0241353    0.9988687 |       881      1125
     1028    16.062 |   91.7961304 |    0.0237251    0.9988687 |       881      1125
     1029    16.078 |   91.7928090 |    0.0234034    0.9988687 |       881      1125
     1030    16.094 |   91.8244969 |    0.0231713    0.9988687 |       881      1125
     1031    16.109 |   91.8587967 |    0.0230295    0.9988687 |       881      1125
     1032    16.125 |   91.8764010 |    0.0229785    0.9988687 |       881      1126
     1033    16.141 |   91.8466327 |    0.0230184    0.9988687 |       881      1126
     1034    16.156 |   91.8796427 |    0.0231491    0.9988687 |       881      1126
     1035    16.172 |   91.9132666 |    0.0233704    0.9988687 |       881      1126
     1036    16.188 |   91.9348613 |    0.0236817    0.9988687 |       881      1126
     1037    16.203 |   91.9387215 |    0.0240820    0.9988687 |       881      1126
     1038    16.219 |   91.9728567 |    0.0245703    0.9988687 |       881      1126
     1039    16.234 |   92.0051120 |    0.0251453    0.9988687 |       881      1126
------------------------------------------------------------------------------------
Iteration      Time | *me_per_hour |     LEANBSSNMOL::conf_fac | *TISTICS::maxrss_mb
                    |              |      minimum      maximum |   minimum   maximum
------------------------------------------------------------------------------------
     1040    16.250 |   92.0188158 |    0.0258053    0.9988687 |       881      1126
     1041    16.266 |   91.9645338 |    0.0265486    0.9988687 |       881      1126
     1042    16.281 |   91.9979744 |    0.0273731    0.9988687 |       881      1126
     1043    16.297 |   92.0319467 |    0.0282768    0.9988687 |       881      1126
     1044    16.312 |   92.0531052 |    0.0274153    0.9988687 |       881      1126
     1045    16.328 |   92.0568893 |    0.0263786    0.9988687 |       881      1126
     1046    16.344 |   92.0906890 |    0.0254208    0.9988687 |       881      1126
     1047    16.359 |   92.1242801 |    0.0245445    0.9988687 |       881      1126
     1048    16.375 |   92.1429104 |    0.0237523    0.9988687 |       881      1126
     1049    16.391 |   92.1151026 |    0.0230464    0.9988687 |       881      1126
     1050    16.406 |   92.1479048 |    0.0224289    0.9988687 |       881      1126
     1051    16.422 |   92.1809088 |    0.0219016    0.9988687 |       881      1126
     1052    16.438 |   92.2003294 |    0.0214659    0.9988687 |       881      1126
     1053    16.453 |   92.2023509 |    0.0211231    0.9988687 |       881      1126
     1054    16.469 |   92.2348538 |    0.0208742    0.9988687 |       881      1126
     1055    16.484 |   92.2672150 |    0.0207198    0.9988687 |       881      1126
     1056    16.500 |   92.2693632 |    0.0206603    0.9988687 |       881      1126
     1057    16.516 |   92.1887830 |    0.0206959    0.9988687 |       881      1126
     1058    16.531 |   92.2190979 |    0.0208264    0.9988687 |       881      1126
     1059    16.547 |   92.2527949 |    0.0210513    0.9988687 |       881      1126
------------------------------------------------------------------------------------
Iteration      Time | *me_per_hour |     LEANBSSNMOL::conf_fac | *TISTICS::maxrss_mb
                    |              |      minimum      maximum |   minimum   maximum
------------------------------------------------------------------------------------
     1060    16.562 |   92.2722662 |    0.0213699    0.9988687 |       881      1126
     1061    16.578 |   92.2753991 |    0.0217811    0.9988687 |       881      1126
     1062    16.594 |   92.3072509 |    0.0222837    0.9988687 |       881      1126
     1063    16.609 |   92.3386566 |    0.0228761    0.9988687 |       881      1126
     1064    16.625 |   92.3568150 |    0.0235566    0.9988687 |       881      1126
     1065    16.641 |   92.3270301 |    0.0243232    0.9988687 |       881      1126
     1066    16.656 |   92.3575736 |    0.0251736    0.9988687 |       881      1126
     1067    16.672 |   92.3910374 |    0.0261053    0.9988687 |       881      1126
     1068    16.688 |   92.4112700 |    0.0271159    0.9988687 |       881      1126
     1069    16.703 |   92.4139698 |    0.0262037    0.9988687 |       881      1126
     1070    16.719 |   92.4459687 |    0.0252294    0.9988687 |       881      1126
     1071    16.734 |   92.4785489 |    0.0243385    0.9988687 |       881      1126
     1072    16.750 |   92.4906806 |    0.0235334    0.9988687 |       881      1126
     1073    16.766 |   92.4353740 |    0.0228165    0.9988687 |       882      1126
     1074    16.781 |   92.4668841 |    0.0221898    0.9988687 |       882      1126
     1075    16.797 |   92.4999527 |    0.0216550    0.9988687 |       882      1126
     1076    16.812 |   92.5182670 |    0.0212135    0.9988687 |       882      1126
     1077    16.828 |   92.5218283 |    0.0208667    0.9988687 |       882      1126
     1078    16.844 |   92.5532568 |    0.0206153    0.9988687 |       882      1126
     1079    16.859 |   92.5819959 |    0.0204600    0.9988687 |       882      1126
------------------------------------------------------------------------------------
Iteration      Time | *me_per_hour |     LEANBSSNMOL::conf_fac | *TISTICS::maxrss_mb
                    |              |      minimum      maximum |   minimum   maximum
------------------------------------------------------------------------------------
     1080    16.875 |   92.5989352 |    0.0204011    0.9988687 |       882      1126
     1081    16.891 |   92.5711735 |    0.0204386    0.9988687 |       882      1126
     1082    16.906 |   92.6029200 |    0.0205722    0.9988687 |       882      1126
     1083    16.922 |   92.6349573 |    0.0208013    0.9988687 |       882      1126
     1084    16.938 |   92.6546180 |    0.0211251    0.9988687 |       882      1126
     1085    16.953 |   92.6584727 |    0.0215424    0.9988687 |       882      1126
     1086    16.969 |   92.6910250 |    0.0220519    0.9988687 |       882      1126
     1087    16.984 |   92.7234633 |    0.0226518    0.9988687 |       882      1126
     1088    17.000 |   92.6918184 |    0.0233403    0.9988687 |       882      1126
INFO (CarpetRegrid2): Centre 1 is at position [7.87166,1.16696,-0.00302484] with 8 levels
INFO (CarpetRegrid2): Centre 2 is at position [-7.87166,-1.16696,0.00302484] with 8 levels
INFO (CarpetRegrid2): Refined regions have not changed sufficiently; skipping regridding
INFO (CarpetRegrid2): Centre 1 is at position [7.87166,1.16696,-0.00302484] with 8 levels
INFO (CarpetRegrid2): Centre 2 is at position [-7.87166,-1.16696,0.00302484] with 8 levels
INFO (CarpetRegrid2): Refined regions have not changed sufficiently; skipping regridding
INFO (CarpetRegrid2): Centre 1 is at position [7.87166,1.16696,-0.00302484] with 8 levels
INFO (CarpetRegrid2): Centre 2 is at position [-7.87166,-1.16696,0.00302484] with 8 levels
INFO (CarpetRegrid2): Refined regions have not changed sufficiently; skipping regridding
INFO (CarpetRegrid2): Centre 1 is at position [7.87166,1.16696,-0.00302484] with 8 levels
INFO (CarpetRegrid2): Centre 2 is at position [-7.87166,-1.16696,0.00302484] with 8 levels
INFO (CarpetRegrid2): Refined regions have not changed sufficiently; skipping regridding
INFO (CarpetRegrid2): Centre 1 is at position [7.87166,1.16696,-0.00302484] with 8 levels
INFO (CarpetRegrid2): Centre 2 is at position [-7.87166,-1.16696,0.00302484] with 8 levels
INFO (CarpetRegrid2): Refined regions have not changed sufficiently; skipping regridding
INFO (CarpetRegrid2): Centre 1 is at position [7.87166,1.16696,-0.00302484] with 8 levels
INFO (CarpetRegrid2): Centre 2 is at position [-7.87166,-1.16696,0.00302484] with 8 levels
INFO (CarpetRegrid2): Refined regions have not changed sufficiently; skipping regridding
INFO (CarpetRegrid2): Centre 1 is at position [7.87166,1.16696,-0.00302484] with 8 levels
INFO (CarpetRegrid2): Centre 2 is at position [-7.87166,-1.16696,0.00302484] with 8 levels
INFO (CarpetRegrid2): Refined regions have not changed sufficiently; skipping regridding
INFO (CarpetRegrid2): Centre 1 is at position [7.87166,1.16696,-0.00302484] with 8 levels
INFO (CarpetRegrid2): Centre 2 is at position [-7.87166,-1.16696,0.00302484] with 8 levels
INFO (CarpetRegrid2): Refined regions have not changed sufficiently; skipping regridding
     1089    17.016 |   92.1222530 |    0.0241151    0.9988687 |       882      1126
     1090    17.031 |   92.1525160 |    0.0249740    0.9988687 |       882      1126
     1091    17.047 |   92.1822351 |    0.0259145    0.9988687 |       882      1126
     1092    17.062 |   92.2010259 |    0.0269337    0.9988687 |       882      1126
     1093    17.078 |   92.2045567 |    0.0278123    0.9988687 |       882      1126
     1094    17.094 |   92.2363105 |    0.0268578    0.9988687 |       882      1126
     1095    17.109 |   92.2683186 |    0.0259866    0.9988687 |       882      1126
     1096    17.125 |   92.2861334 |    0.0252010    0.9988687 |       882      1126
     1097    17.141 |   92.2595034 |    0.0245033    0.9988687 |       882      1126
     1098    17.156 |   92.2911587 |    0.0238952    0.9988687 |       882      1126
     1099    17.172 |   92.3234479 |    0.0233785    0.9988687 |       882      1126
------------------------------------------------------------------------------------
Iteration      Time | *me_per_hour |     LEANBSSNMOL::conf_fac | *TISTICS::maxrss_mb
                    |              |      minimum      maximum |   minimum   maximum
------------------------------------------------------------------------------------
     1100    17.188 |   92.3437218 |    0.0229545    0.9988687 |       882      1126
     1101    17.203 |   92.3473252 |    0.0226243    0.9988687 |       882      1126
     1102    17.219 |   92.3778178 |    0.0223885    0.9988687 |       882      1126
     1103    17.234 |   92.4098814 |    0.0222478    0.9988687 |       882      1126
     1104    17.250 |   92.4219280 |    0.0222023    0.9988687 |       882      1126
     1105    17.266 |   92.3709122 |    0.0222518    0.9988687 |       882      1126
     1106    17.281 |   92.4016003 |    0.0223959    0.9988687 |       882      1126
     1107    17.297 |   92.4328031 |    0.0226341    0.9988687 |       882      1126
     1108    17.312 |   92.4524377 |    0.0229653    0.9988687 |       882      1126
     1109    17.328 |   92.4558670 |    0.0233882    0.9988687 |       882      1126
     1110    17.344 |   92.4873758 |    0.0239014    0.9988687 |       882      1126
     1111    17.359 |   92.5188110 |    0.0245032    0.9988687 |       882      1126
     1112    17.375 |   92.5312050 |    0.0251915    0.9988687 |       882      1126
     1113    17.391 |   92.5044831 |    0.0259642    0.9988687 |       882      1126
     1114    17.406 |   92.5351596 |    0.0268189    0.9988687 |       882      1126
     1115    17.422 |   92.5667470 |    0.0277531    0.9988687 |       882      1126
     1116    17.438 |   92.5863941 |    0.0287638    0.9988687 |       882      1126
     1117    17.453 |   92.5895135 |    0.0298483    0.9988687 |       882      1126
     1118    17.469 |   92.6211138 |    0.0302528    0.9988687 |       882      1126
     1119    17.484 |   92.6519970 |    0.0294373    0.9988687 |       882      1126
------------------------------------------------------------------------------------
Iteration      Time | *me_per_hour |     LEANBSSNMOL::conf_fac | *TISTICS::maxrss_mb
                    |              |      minimum      maximum |   minimum   maximum
------------------------------------------------------------------------------------
     1120    17.500 |   92.6532602 |    0.0287053    0.9988687 |       882      1126
     1121    17.516 |   92.5772078 |    0.0280589    0.9988687 |       882      1126
     1122    17.531 |   92.6072697 |    0.0274998    0.9988687 |       882      1126
     1123    17.547 |   92.6386740 |    0.0270293    0.9988687 |       882      1126
     1124    17.562 |   92.6569702 |    0.0266486    0.9988687 |       882      1126
     1125    17.578 |   92.6597878 |    0.0263585    0.9988687 |       882      1126
     1126    17.594 |   92.6909699 |    0.0261596    0.9988687 |       882      1126
     1127    17.609 |   92.7211669 |    0.0260522    0.9988687 |       882      1126
     1128    17.625 |   92.7382856 |    0.0260363    0.9988687 |       882      1126
     1129    17.641 |   92.7111776 |    0.0261116    0.9988687 |       882      1126
     1130    17.656 |   92.7420868 |    0.0262777    0.9988687 |       882      1126
     1131    17.672 |   92.7732310 |    0.0265337    0.9988687 |       882      1126
     1132    17.688 |   92.7919582 |    0.0268785    0.9988687 |       882      1126
     1133    17.703 |   92.7945953 |    0.0273108    0.9988687 |       882      1126
     1134    17.719 |   92.8243527 |    0.0278291    0.9988687 |       882      1126
     1135    17.734 |   92.8545353 |    0.0284317    0.9988687 |       882      1126
     1136    17.750 |   92.8671972 |    0.0291164    0.9988687 |       882      1126
     1137    17.766 |   92.8154779 |    0.0298812    0.9988687 |       882      1126
     1138    17.781 |   92.8426071 |    0.0307237    0.9988687 |       882      1126
     1139    17.797 |   92.8692409 |    0.0316413    0.9988687 |       882      1126
------------------------------------------------------------------------------------
Iteration      Time | *me_per_hour |     LEANBSSNMOL::conf_fac | *TISTICS::maxrss_mb
                    |              |      minimum      maximum |   minimum   maximum
------------------------------------------------------------------------------------
     1140    17.812 |   92.8862809 |    0.0326314    0.9988687 |       882      1126
     1141    17.828 |   92.8832113 |    0.0336912    0.9988687 |       882      1126
     1142    17.844 |   92.9134647 |    0.0348177    0.9988687 |       882      1126
     1143    17.859 |   92.9440225 |    0.0343373    0.9988687 |       882      1126
     1144    17.875 |   92.9603785 |    0.0332581    0.9988687 |       882      1126
     1145    17.891 |   92.9337971 |    0.0322469    0.9988687 |       882      1126
     1146    17.906 |   92.9636786 |    0.0313066    0.9988687 |       882      1126
     1147    17.922 |   92.9943965 |    0.0304396    0.9988687 |       882      1126
     1148    17.938 |   93.0124644 |    0.0296485    0.9988687 |       882      1126
     1149    17.953 |   93.0152019 |    0.0289354    0.9988687 |       882      1126
     1150    17.969 |   93.0457754 |    0.0283024    0.9988687 |       882      1126
     1151    17.984 |   93.0754913 |    0.0277515    0.9988687 |       882      1126
     1152    18.000 |   93.0434210 |    0.0272844    0.9988687 |       882      1126
INFO (CarpetRegrid2): Centre 1 is at position [7.85671,1.24798,-0.00352465] with 8 levels
INFO (CarpetRegrid2): Centre 2 is at position [-7.85671,-1.24798,0.00352465] with 8 levels
INFO (CarpetRegrid2): Regridding level 0 map 0 at iteration 1153 time 18
INFO (CarpetRegrid2): Regridding levels 1 and up
INFO (CarpetRegrid2): Enforcing grid structure properties, iteration 0
INFO (CarpetRegrid2): Enforcing grid structure properties, iteration 0
INFO (CarpetRegrid2): Enforcing grid structure properties, iteration 0
INFO (CarpetRegrid2): Enforcing grid structure properties, iteration 0
INFO (CarpetRegrid2): Enforcing grid structure properties, iteration 0
INFO (CarpetRegrid2): Enforcing grid structure properties, iteration 1
INFO (CarpetRegrid2): Enforcing grid structure properties, iteration 0
INFO (CarpetRegrid2): Enforcing grid structure properties, iteration 0
INFO (CarpetRegrid2): Enforcing grid structure properties, iteration 1
INFO (Carpet): Grid structure (superregions, grid points):
   [0][0][0]   exterior: [0,0,0] : [260,260,260]   ([261,261,261] + PADDING) 17779581
   [1][0][0]   exterior: [215,218,219] : [305,302,301]   ([91,85,83] + PADDING) 642005
   [2][0][0]   exterior: [479,486,487] : [561,554,553]   ([83,69,67] + PADDING) 383709
   [3][0][0]   exterior: [991,1005,1007] : [1089,1075,1073]   ([99,71,67] + PADDING) 470943
   [4][0][0]   exterior: [2016,2043,2048] : [2081,2052,2112]   ([66,10,65] + PADDING) 42900
   [4][0][1]   exterior: [2016,2053,2048] : [2144,2107,2112]   ([129,55,65] + PADDING) 461175
   [4][0][2]   exterior: [2079,2108,2048] : [2144,2117,2112]   ([66,10,65] + PADDING) 42900
   [5][0][0]   exterior: [4066,4119,4129] : [4129,4181,4191]   ([64,63,63] + PADDING) 254016
   [5][0][1]   exterior: [4191,4139,4129] : [4254,4201,4191]   ([64,63,63] + PADDING) 254016
   [6][0][0]   exterior: [8165,8271,8291] : [8224,8329,8349]   ([60,59,59] + PADDING) 208860
   [6][0][1]   exterior: [8416,8311,8291] : [8475,8369,8349]   ([60,59,59] + PADDING) 208860
   [7][0][0]   exterior: [16364,16575,16615] : [16414,16625,16665]   ([51,51,51] + PADDING) 132651
   [7][0][1]   exterior: [16866,16655,16615] : [16916,16705,16665]   ([51,51,51] + PADDING) 132651
INFO (Carpet): Grid structure (superregions, coordinates):
   [0][0][0]   exterior: [-520,-520,-520] : [520,520,520] : [4,4,4]
   [1][0][0]   exterior: [-90,-84,-82] : [90,84,82] : [2,2,2]
   [2][0][0]   exterior: [-41,-34,-33] : [41,34,33] : [1,1,1]
   [3][0][0]   exterior: [-24.5,-17.5,-16.5] : [24.5,17.5,16.5] : [0.5,0.5,0.5]
   [4][0][0]   exterior: [-16,-9.25,-8] : [0.25,-7,8] : [0.25,0.25,0.25]
   [4][0][1]   exterior: [-16,-6.75,-8] : [16,6.75,8] : [0.25,0.25,0.25]
   [4][0][2]   exterior: [-0.25,7,-8] : [16,9.25,8] : [0.25,0.25,0.25]
   [5][0][0]   exterior: [-11.75,-5.125,-3.875] : [-3.875,2.625,3.875] : [0.125,0.125,0.125]
   [5][0][1]   exterior: [3.875,-2.625,-3.875] : [11.75,5.125,3.875] : [0.125,0.125,0.125]
   [6][0][0]   exterior: [-9.6875,-3.0625,-1.8125] : [-6,0.5625,1.8125] : [0.0625,0.0625,0.0625]
   [6][0][1]   exterior: [6,-0.5625,-1.8125] : [9.6875,3.0625,1.8125] : [0.0625,0.0625,0.0625]
   [7][0][0]   exterior: [-8.625,-2.03125,-0.78125] : [-7.0625,-0.46875,0.78125] : [0.03125,0.03125,0.03125]
   [7][0][1]   exterior: [7.0625,0.46875,-0.78125] : [8.625,2.03125,0.78125] : [0.03125,0.03125,0.03125]
INFO (Carpet): Global grid structure statistics:
INFO (Carpet): GF: rhs: 251k active, 490k owned (+96%), 1180k total (+141%), 128 steps/time
INFO (Carpet): GF: vars: 247, pts: 4424M active, 4895M owned (+11%), 7743M total (+58%), 1.0 comp/proc
INFO (Carpet): GA: vars: 1664, pts: 381M active, 381M total (+0%)
INFO (Carpet): Total required memory: 65.840 GByte (for GAs and currently active GFs)
INFO (Carpet): Load balance:  min     avg     max     sdv     max/avg-1
INFO (Carpet): Level  0:      32M     37M     41M      2M owned     11%
INFO (Carpet): Level  1:       1M      1M      1M      0M owned      6%
INFO (Carpet): Level  2:       1M      1M      1M      0M owned     13%
INFO (Carpet): Level  3:       1M      1M      1M      0M owned     15%
INFO (Carpet): Level  4:       1M      1M      1M      0M owned     12%
INFO (Carpet): Level  5:       1M      1M      1M      0M owned      4%
INFO (Carpet): Level  6:       1M      1M      1M      0M owned      5%
INFO (Carpet): Level  7:       0M      1M      1M      0M owned      7%
     1153    18.016 |   92.0889294 |    0.0269025    0.9988687 |       885      1127
     1154    18.031 |   92.1180765 |    0.0266071    0.9988687 |       885      1127
     1155    18.047 |   92.1480349 |    0.0263991    0.9988687 |       885      1127
     1156    18.062 |   92.1671638 |    0.0262794    0.9988687 |       885      1127
     1157    18.078 |   92.1686391 |    0.0262485    0.9988687 |       885      1127
     1158    18.094 |   92.1987736 |    0.0263066    0.9988687 |       885      1127
     1159    18.109 |   92.2288514 |    0.0264538    0.9988687 |       885      1127
------------------------------------------------------------------------------------
Iteration      Time | *me_per_hour |     LEANBSSNMOL::conf_fac | *TISTICS::maxrss_mb
                    |              |      minimum      maximum |   minimum   maximum
------------------------------------------------------------------------------------
     1160    18.125 |   92.2465389 |    0.0266898    0.9988687 |       885      1127
     1161    18.141 |   92.2207296 |    0.0270141    0.9988687 |       885      1127
     1162    18.156 |   92.2482131 |    0.0274259    0.9988687 |       885      1127
     1163    18.172 |   92.2783476 |    0.0279243    0.9988687 |       885      1127
     1164    18.188 |   92.2966541 |    0.0285080    0.9988687 |       885      1127
     1165    18.203 |   92.2990383 |    0.0291755    0.9988687 |       885      1127
     1166    18.219 |   92.3287396 |    0.0299251    0.9988687 |       885      1127
     1167    18.234 |   92.3587864 |    0.0301973    0.9988687 |       885      1127
     1168    18.250 |   92.3681059 |    0.0290732    0.9988687 |       885      1127
     1169    18.266 |   92.3202759 |    0.0280246    0.9988687 |       885      1127
     1170    18.281 |   92.3483248 |    0.0270546    0.9988687 |       885      1127
     1171    18.297 |   92.3784088 |    0.0261659    0.9988687 |       885      1127
     1172    18.312 |   92.3972530 |    0.0253613    0.9988687 |       885      1127
     1173    18.328 |   92.3955538 |    0.0246431    0.9988687 |       885      1127
     1174    18.344 |   92.4214355 |    0.0240136    0.9988687 |       885      1127
     1175    18.359 |   92.4511831 |    0.0234746    0.9988687 |       885      1127
     1176    18.375 |   92.4702147 |    0.0230277    0.9988687 |       886      1127
     1177    18.391 |   92.4437408 |    0.0226745    0.9988687 |       886      1127
     1178    18.406 |   92.4735874 |    0.0224160    0.9988687 |       886      1127
     1179    18.422 |   92.5030694 |    0.0222531    0.9988687 |       886      1127
------------------------------------------------------------------------------------
Iteration      Time | *me_per_hour |     LEANBSSNMOL::conf_fac | *TISTICS::maxrss_mb
                    |              |      minimum      maximum |   minimum   maximum
------------------------------------------------------------------------------------
     1180    18.438 |   92.5218712 |    0.0221861    0.9988687 |       886      1127
     1181    18.453 |   92.5255453 |    0.0222155    0.9988687 |       886      1127
     1182    18.469 |   92.5543608 |    0.0223410    0.9988687 |       886      1127
     1183    18.484 |   92.5835452 |    0.0225624    0.9988687 |       886      1127
     1184    18.500 |   92.5850066 |    0.0228789    0.9988687 |       886      1127
     1185    18.516 |   92.5161635 |    0.0232897    0.9988687 |       886      1127
     1186    18.531 |   92.5448944 |    0.0237934    0.9988687 |       886      1127
     1187    18.547 |   92.5729439 |    0.0243885    0.9988687 |       886      1127
     1188    18.562 |   92.5922344 |    0.0250733    0.9988687 |       886      1127
     1189    18.578 |   92.5954973 |    0.0258458    0.9988687 |       886      1127
     1190    18.594 |   92.6245810 |    0.0267037    0.9988687 |       886      1127
     1191    18.609 |   92.6540631 |    0.0276445    0.9988687 |       886      1127
     1192    18.625 |   92.6718988 |    0.0273985    0.9988687 |       886      1127
     1193    18.641 |   92.6460885 |    0.0263835    0.9988687 |       886      1127
     1194    18.656 |   92.6749377 |    0.0254529    0.9988687 |       886      1127
     1195    18.672 |   92.7043856 |    0.0246096    0.9988687 |       886      1127
     1196    18.688 |   92.7227789 |    0.0238558    0.9988687 |       886      1127
     1197    18.703 |   92.7258409 |    0.0231940    0.9988687 |       886      1127
     1198    18.719 |   92.7546062 |    0.0226260    0.9988687 |       886      1127
     1199    18.734 |   92.7824830 |    0.0221535    0.9988687 |       886      1127
------------------------------------------------------------------------------------
Iteration      Time | *me_per_hour |     LEANBSSNMOL::conf_fac | *TISTICS::maxrss_mb
                    |              |      minimum      maximum |   minimum   maximum
------------------------------------------------------------------------------------
     1200    18.750 |   92.7936632 |    0.0217778    0.9988687 |       886      1127
     1201    18.766 |   92.7467572 |    0.0215001    0.9988687 |       886      1127
     1202    18.781 |   92.7743931 |    0.0213209    0.9988687 |       886      1127
     1203    18.797 |   92.8036395 |    0.0212407    0.9988687 |       886      1127
     1204    18.812 |   92.8222533 |    0.0212597    0.9988687 |       886      1127
     1205    18.828 |   92.8252591 |    0.0213776    0.9988687 |       886      1127
     1206    18.844 |   92.8544692 |    0.0215938    0.9988687 |       886      1127
     1207    18.859 |   92.8831875 |    0.0219075    0.9988687 |       886      1127
     1208    18.875 |   92.9014598 |    0.0223175    0.9988687 |       886      1127
     1209    18.891 |   92.8763721 |    0.0228225    0.9988687 |       886      1127
     1210    18.906 |   92.9047684 |    0.0234207    0.9988687 |       886      1127
     1211    18.922 |   92.9336103 |    0.0241100    0.9988687 |       886      1127
     1212    18.938 |   92.9515836 |    0.0248884    0.9988687 |       886      1127
     1213    18.953 |   92.9548041 |    0.0257534    0.9988687 |       886      1127
     1214    18.969 |   92.9821656 |    0.0267021    0.9988687 |       886      1127
     1215    18.984 |   93.0101884 |    0.0277319    0.9988687 |       886      1127
     1216    19.000 |   92.9829712 |    0.0288396    0.9988687 |       886      1127
INFO (CarpetRegrid2): Centre 1 is at position [7.83849,1.32933,-0.00405974] with 8 levels
INFO (CarpetRegrid2): Centre 2 is at position [-7.83849,-1.32933,0.00405974] with 8 levels
INFO (CarpetRegrid2): Refined regions have not changed sufficiently; skipping regridding
INFO (CarpetRegrid2): Centre 1 is at position [7.83849,1.32933,-0.00405974] with 8 levels
INFO (CarpetRegrid2): Centre 2 is at position [-7.83849,-1.32933,0.00405974] with 8 levels
INFO (CarpetRegrid2): Refined regions have not changed sufficiently; skipping regridding
INFO (CarpetRegrid2): Centre 1 is at position [7.83849,1.32933,-0.00405974] with 8 levels
INFO (CarpetRegrid2): Centre 2 is at position [-7.83849,-1.32933,0.00405974] with 8 levels
INFO (CarpetRegrid2): Refined regions have not changed sufficiently; skipping regridding
INFO (CarpetRegrid2): Centre 1 is at position [7.83849,1.32933,-0.00405974] with 8 levels
INFO (CarpetRegrid2): Centre 2 is at position [-7.83849,-1.32933,0.00405974] with 8 levels
INFO (CarpetRegrid2): Refined regions have not changed sufficiently; skipping regridding
INFO (CarpetRegrid2): Centre 1 is at position [7.83849,1.32933,-0.00405974] with 8 levels
INFO (CarpetRegrid2): Centre 2 is at position [-7.83849,-1.32933,0.00405974] with 8 levels
INFO (CarpetRegrid2): Refined regions have not changed sufficiently; skipping regridding
INFO (CarpetRegrid2): Centre 1 is at position [7.83849,1.32933,-0.00405974] with 8 levels
INFO (CarpetRegrid2): Centre 2 is at position [-7.83849,-1.32933,0.00405974] with 8 levels
INFO (CarpetRegrid2): Refined regions have not changed sufficiently; skipping regridding
INFO (CarpetRegrid2): Centre 1 is at position [7.83849,1.32933,-0.00405974] with 8 levels
INFO (CarpetRegrid2): Centre 2 is at position [-7.83849,-1.32933,0.00405974] with 8 levels
INFO (CarpetRegrid2): Refined regions have not changed sufficiently; skipping regridding
INFO (CarpetRegrid2): Centre 1 is at position [7.83849,1.32933,-0.00405974] with 8 levels
INFO (CarpetRegrid2): Centre 2 is at position [-7.83849,-1.32933,0.00405974] with 8 levels
INFO (CarpetRegrid2): Refined regions have not changed sufficiently; skipping regridding
     1217    19.016 |   92.4727748 |    0.0279893    0.9988687 |       886      1127
     1218    19.031 |   92.5010490 |    0.0271633    0.9988687 |       886      1127
     1219    19.047 |   92.5300475 |    0.0264261    0.9988687 |       886      1127
------------------------------------------------------------------------------------
Iteration      Time | *me_per_hour |     LEANBSSNMOL::conf_fac | *TISTICS::maxrss_mb
                    |              |      minimum      maximum |   minimum   maximum
------------------------------------------------------------------------------------
     1220    19.062 |   92.5471972 |    0.0257799    0.9988687 |       886      1127
     1221    19.078 |   92.5505641 |    0.0252264    0.9988687 |       886      1127
     1222    19.094 |   92.5795001 |    0.0247671    0.9988687 |       886      1127
     1223    19.109 |   92.6082519 |    0.0244032    0.9988687 |       886      1127
     1224    19.125 |   92.6254955 |    0.0241355    0.9988687 |       886      1127
     1225    19.141 |   92.6015218 |    0.0239646    0.9988687 |       886      1127
     1226    19.156 |   92.6297344 |    0.0238907    0.9988687 |       886      1127
     1227    19.172 |   92.6583873 |    0.0239138    0.9988687 |       886      1127
     1228    19.188 |   92.6767259 |    0.0240335    0.9988687 |       886      1127
     1229    19.203 |   92.6803022 |    0.0242491    0.9988687 |       886      1127
     1230    19.219 |   92.7089469 |    0.0245596    0.9988687 |       886      1127
     1231    19.234 |   92.7353932 |    0.0249637    0.9988687 |       886      1127
     1232    19.250 |   92.7480651 |    0.0254600    0.9988687 |       886      1127
     1233    19.266 |   92.7023069 |    0.0260466    0.9988687 |       886      1127
     1234    19.281 |   92.7290602 |    0.0267215    0.9988687 |       886      1127
     1235    19.297 |   92.7573230 |    0.0274824    0.9988687 |       886      1127
     1236    19.312 |   92.7727331 |    0.0283268    0.9988687 |       886      1127
     1237    19.328 |   92.7694635 |    0.0292520    0.9988687 |       886      1127
     1238    19.344 |   92.7953035 |    0.0302552    0.9988687 |       886      1127
     1239    19.359 |   92.8193461 |    0.0313334    0.9988687 |       886      1127
------------------------------------------------------------------------------------
Iteration      Time | *me_per_hour |     LEANBSSNMOL::conf_fac | *TISTICS::maxrss_mb
                    |              |      minimum      maximum |   minimum   maximum
------------------------------------------------------------------------------------
     1240    19.375 |   92.8370166 |    0.0324833    0.9988687 |       886      1127
     1241    19.391 |   92.8109431 |    0.0329601    0.9988687 |       886      1127
     1242    19.406 |   92.8396121 |    0.0322857    0.9988687 |       886      1127
     1243    19.422 |   92.8675682 |    0.0316975    0.9988687 |       886      1127
     1244    19.438 |   92.8860614 |    0.0311969    0.9988687 |       886      1127
     1245    19.453 |   92.8895413 |    0.0307850    0.9988687 |       886      1127
     1246    19.469 |   92.9174105 |    0.0304628    0.9988687 |       886      1127
     1247    19.484 |   92.9453683 |    0.0302310    0.9988687 |       886      1127
     1248    19.500 |   92.9474232 |    0.0300898    0.9988687 |       886      1127
     1249    19.516 |   92.8817244 |    0.0300392    0.9988687 |       886      1127
     1250    19.531 |   92.9083051 |    0.0300763    0.9988687 |       886      1127
     1251    19.547 |   92.9364182 |    0.0295889    0.9988687 |       886      1127
     1252    19.562 |   92.9542939 |    0.0291855    0.9988687 |       886      1127
     1253    19.578 |   92.9569173 |    0.0288675    0.9988687 |       886      1127
     1254    19.594 |   92.9848170 |    0.0286361    0.9988687 |       886      1127
     1255    19.609 |   93.0121050 |    0.0284922    0.9988687 |       886      1127
     1256    19.625 |   93.0290926 |    0.0284365    0.9988687 |       886      1127
     1257    19.641 |   93.0042736 |    0.0284693    0.9988687 |       886      1127
     1258    19.656 |   93.0319092 |    0.0285910    0.9988687 |       886      1127
     1259    19.672 |   93.0592081 |    0.0288013    0.9988687 |       886      1127
------------------------------------------------------------------------------------
Iteration      Time | *me_per_hour |     LEANBSSNMOL::conf_fac | *TISTICS::maxrss_mb
                    |              |      minimum      maximum |   minimum   maximum
------------------------------------------------------------------------------------
     1260    19.688 |   93.0777524 |    0.0290999    0.9988687 |       886      1127
     1261    19.703 |   93.0795029 |    0.0294861    0.9988687 |       886      1127
     1262    19.719 |   93.1072179 |    0.0299592    0.9988687 |       886      1127
     1263    19.734 |   93.1345515 |    0.0305180    0.9988687 |       886      1127
     1264    19.750 |   93.1467854 |    0.0311610    0.9988687 |       886      1127
     1265    19.766 |   93.1013266 |    0.0318503    0.9988687 |       886      1127
     1266    19.781 |   93.1275746 |    0.0306782    0.9988687 |       886      1127
     1267    19.797 |   93.1552738 |    0.0295801    0.9988687 |       886      1127
     1268    19.812 |   93.1726434 |    0.0285593    0.9988687 |       886      1127
     1269    19.828 |   93.1759299 |    0.0276188    0.9988687 |       886      1127
     1270    19.844 |   93.2033259 |    0.0267613    0.9988687 |       886      1127
     1271    19.859 |   93.2301853 |    0.0259895    0.9988687 |       886      1127
     1272    19.875 |   93.2469852 |    0.0253058    0.9988687 |       886      1127
     1273    19.891 |   93.2224513 |    0.0247123    0.9988687 |       886      1127
     1274    19.906 |   93.2497585 |    0.0242109    0.9988687 |       886      1127
     1275    19.922 |   93.2769980 |    0.0238031    0.9988687 |       886      1127
     1276    19.938 |   93.2950323 |    0.0234904    0.9988687 |       886      1127
     1277    19.953 |   93.2981546 |    0.0232736    0.9988687 |       886      1127
     1278    19.969 |   93.3255237 |    0.0231536    0.9988687 |       886      1127
     1279    19.984 |   93.3524125 |    0.0231306    0.9988687 |       886      1127
INFO (AHFinderDirect): proc 0: searching for horizon 1/6
INFO (AHFinderDirect): AH 3/6: r=78.9933 at (0.000000,-0.000000,0.000000)
INFO (AHFinderDirect): AH 3/6: area=80424.77026 m_irreducible=39.99999958
INFO (AHFinderDirect): AH 4/6: r=98.9938 at (-0.000000,-0.000000,0.000000)
INFO (AHFinderDirect): AH 4/6: area=125663.7053 m_irreducible=49.99999984
INFO (AHFinderDirect): AH 5/6: r=178.995 at (-0.000000,0.000000,-0.000000)
INFO (AHFinderDirect): AH 5/6: area=407150.4078 m_irreducible=89.99999999
INFO (AHFinderDirect): AH 6/6: r=238.995 at (0.000000,-0.000000,-0.000000)
INFO (AHFinderDirect): AH 6/6: area=723822.9473 m_irreducible=120
INFO (AHFinderDirect): AH 1/6: r=0.403579 at (7.818501,1.407507,-0.004703)
INFO (AHFinderDirect): AH 1/6: area=11.27600873 m_irreducible=0.4736338945
INFO (AHFinderDirect): AH 2/6: r=0.403579 at (-7.818501,-1.407507,0.004703)
INFO (AHFinderDirect): AH 2/6: area=11.27600873 m_irreducible=0.4736338945
INFO (QuasiLocalMeasures): Calculating quasi-local quantities for surface    0
INFO (QuasiLocalMeasures): Importing from spherical surface    0
INFO (QuasiLocalMeasures): Geometric quantities for surface    0:
INFO (QuasiLocalMeasures):    Area A:                            11.2760
INFO (QuasiLocalMeasures):    Irreducible mass M = R/2:         0.473633
INFO (QuasiLocalMeasures):    Areal radius R = sqrt(A/4pi):     0.947267
INFO (QuasiLocalMeasures): Coordinate-dependent quantities for surface    0:
INFO (QuasiLocalMeasures):    Equatorial circumference:             5.95164
INFO (QuasiLocalMeasures):    Polar circumference at phi=0:         5.95935
INFO (QuasiLocalMeasures):    Polar circumference at phi=pi/2:      5.92537
INFO (QuasiLocalMeasures):    No valid spin guess from distortion.
INFO (QuasiLocalMeasures):    (Spin guess is imaginary.)
INFO (QuasiLocalMeasures):    Magnitude of invalid spin guess:     0.378194E-02
INFO (QuasiLocalMeasures):    Mass guess M from distortion:        0.473617
INFO (QuasiLocalMeasures): Isolated Horizon quantities for surface    0:
INFO (QuasiLocalMeasures):    Killing vector field eigenvalue norm:     0.999999
INFO (QuasiLocalMeasures):    Spin J:                                  -0.279103E-05
INFO (QuasiLocalMeasures):    Kerr spin parameter a = J/M:             -0.589280E-05
INFO (QuasiLocalMeasures):    Dimensionless spin parameter a = J/M^2:  -0.124417E-04
INFO (QuasiLocalMeasures):    Spin J from NP:                          -0.208000E-03
INFO (QuasiLocalMeasures):    Spin J from phi-coordinate-vector:         0.00000
INFO (QuasiLocalMeasures):    Mass M:                                   0.473633
INFO (QuasiLocalMeasures): Global quantities for surface    0:
INFO (QuasiLocalMeasures):    ADM energy:                 -1.37224
INFO (QuasiLocalMeasures):    ADM momentum x:            -0.214177E-02
INFO (QuasiLocalMeasures):    ADM momentum y:             0.680981E-02
INFO (QuasiLocalMeasures):    ADM momentum z:            -0.720885E-04
INFO (QuasiLocalMeasures):    ADM angular momentum x:    -0.678100E-04
INFO (QuasiLocalMeasures):    ADM angular momentum y:     0.465169E-03
INFO (QuasiLocalMeasures):    ADM angular momentum z:     0.440095E-01
INFO (QuasiLocalMeasures):    Weinberg energy:                  3.36578
INFO (QuasiLocalMeasures):    Weinberg momentum x:            -0.126361E-01
INFO (QuasiLocalMeasures):    Weinberg momentum y:             0.355906E-01
INFO (QuasiLocalMeasures):    Weinberg momentum z:            -0.365951E-03
INFO (QuasiLocalMeasures):    Weinberg angular momentum x:    -0.509978E-03
INFO (QuasiLocalMeasures):    Weinberg angular momentum y:     0.382364E-02
INFO (QuasiLocalMeasures):    Weinberg angular momentum z:     0.397728
------------------------------------------------------------------------------------
Iteration      Time | *me_per_hour |     LEANBSSNMOL::conf_fac | *TISTICS::maxrss_mb
                    |              |      minimum      maximum |   minimum   maximum
------------------------------------------------------------------------------------
     1280    20.000 |   92.4937058 |    0.0232049    0.9988687 |       887      1136
INFO (CarpetRegrid2): Centre 1 is at position [7.81729,1.41072,-0.0046801] with 8 levels
INFO (CarpetRegrid2): Centre 2 is at position [-7.81729,-1.41072,0.0046801] with 8 levels
INFO (CarpetRegrid2): Regridding level 0 map 0 at iteration 1281 time 20
INFO (CarpetRegrid2): Regridding levels 1 and up
INFO (CarpetRegrid2): Enforcing grid structure properties, iteration 0
INFO (CarpetRegrid2): Enforcing grid structure properties, iteration 0
INFO (CarpetRegrid2): Enforcing grid structure properties, iteration 0
INFO (CarpetRegrid2): Enforcing grid structure properties, iteration 0
INFO (CarpetRegrid2): Enforcing grid structure properties, iteration 0
INFO (CarpetRegrid2): Enforcing grid structure properties, iteration 1
INFO (CarpetRegrid2): Enforcing grid structure properties, iteration 0
INFO (CarpetRegrid2): Enforcing grid structure properties, iteration 0
INFO (CarpetRegrid2): Enforcing grid structure properties, iteration 1
INFO (Carpet): Grid structure (superregions, grid points):
   [0][0][0]   exterior: [0,0,0] : [260,260,260]   ([261,261,261] + PADDING) 17779581
   [1][0][0]   exterior: [215,218,219] : [305,302,301]   ([91,85,83] + PADDING) 642005
   [2][0][0]   exterior: [479,485,487] : [561,555,553]   ([83,71,67] + PADDING) 394831
   [3][0][0]   exterior: [991,1004,1007] : [1089,1076,1073]   ([99,73,67] + PADDING) 484209
   [4][0][0]   exterior: [2016,2042,2048] : [2081,2052,2112]   ([66,11,65] + PADDING) 47190
   [4][0][1]   exterior: [2016,2053,2048] : [2144,2107,2112]   ([129,55,65] + PADDING) 461175
   [4][0][2]   exterior: [2079,2108,2048] : [2144,2118,2112]   ([66,11,65] + PADDING) 47190
   [5][0][0]   exterior: [4066,4117,4129] : [4129,4180,4191]   ([64,64,63] + PADDING) 258048
   [5][0][1]   exterior: [4191,4140,4129] : [4254,4203,4191]   ([64,64,63] + PADDING) 258048
   [6][0][0]   exterior: [8166,8268,8291] : [8224,8327,8349]   ([59,60,59] + PADDING) 208860
   [6][0][1]   exterior: [8416,8313,8291] : [8474,8372,8349]   ([59,60,59] + PADDING) 208860
   [7][0][0]   exterior: [16365,16570,16615] : [16415,16620,16665]   ([51,51,51] + PADDING) 132651
   [7][0][1]   exterior: [16865,16660,16615] : [16915,16710,16665]   ([51,51,51] + PADDING) 132651
INFO (Carpet): Grid structure (superregions, coordinates):
   [0][0][0]   exterior: [-520,-520,-520] : [520,520,520] : [4,4,4]
   [1][0][0]   exterior: [-90,-84,-82] : [90,84,82] : [2,2,2]
   [2][0][0]   exterior: [-41,-35,-33] : [41,35,33] : [1,1,1]
   [3][0][0]   exterior: [-24.5,-18,-16.5] : [24.5,18,16.5] : [0.5,0.5,0.5]
   [4][0][0]   exterior: [-16,-9.5,-8] : [0.25,-7,8] : [0.25,0.25,0.25]
   [4][0][1]   exterior: [-16,-6.75,-8] : [16,6.75,8] : [0.25,0.25,0.25]
   [4][0][2]   exterior: [-0.25,7,-8] : [16,9.5,8] : [0.25,0.25,0.25]
   [5][0][0]   exterior: [-11.75,-5.375,-3.875] : [-3.875,2.5,3.875] : [0.125,0.125,0.125]
   [5][0][1]   exterior: [3.875,-2.5,-3.875] : [11.75,5.375,3.875] : [0.125,0.125,0.125]
   [6][0][0]   exterior: [-9.625,-3.25,-1.8125] : [-6,0.4375,1.8125] : [0.0625,0.0625,0.0625]
   [6][0][1]   exterior: [6,-0.4375,-1.8125] : [9.625,3.25,1.8125] : [0.0625,0.0625,0.0625]
   [7][0][0]   exterior: [-8.59375,-2.1875,-0.78125] : [-7.03125,-0.625,0.78125] : [0.03125,0.03125,0.03125]
   [7][0][1]   exterior: [7.03125,0.625,-0.78125] : [8.59375,2.1875,0.78125] : [0.03125,0.03125,0.03125]
INFO (Carpet): Global grid structure statistics:
INFO (Carpet): GF: rhs: 252k active, 492k owned (+96%), 1184k total (+140%), 128 steps/time
INFO (Carpet): GF: vars: 247, pts: 4429M active, 4905M owned (+11%), 7761M total (+58%), 1.0 comp/proc
INFO (Carpet): GA: vars: 1664, pts: 381M active, 381M total (+0%)
INFO (Carpet): Total required memory: 65.986 GByte (for GAs and currently active GFs)
INFO (Carpet): Load balance:  min     avg     max     sdv     max/avg-1
INFO (Carpet): Level  0:      32M     37M     41M      2M owned     11%
INFO (Carpet): Level  1:       1M      1M      1M      0M owned      6%
INFO (Carpet): Level  2:       1M      1M      1M      0M owned     10%
INFO (Carpet): Level  3:       1M      1M      1M      0M owned     12%
INFO (Carpet): Level  4:       1M      1M      1M      0M owned     11%
INFO (Carpet): Level  5:       1M      1M      1M      0M owned      2%
INFO (Carpet): Level  6:       1M      1M      1M      0M owned      5%
INFO (Carpet): Level  7:       0M      1M      1M      0M owned      7%
     1281    20.016 |   91.5786968 |    0.0233762    0.9988687 |       887      1136
     1282    20.031 |   91.6032909 |    0.0236439    0.9988687 |       887      1136
     1283    20.047 |   91.6306914 |    0.0240073    0.9988687 |       887      1136
     1284    20.062 |   91.6476533 |    0.0244652    0.9988687 |       887      1136
     1285    20.078 |   91.6508955 |    0.0250163    0.9988687 |       887      1136
     1286    20.094 |   91.6773612 |    0.0256588    0.9988687 |       887      1136
     1287    20.109 |   91.7043705 |    0.0263908    0.9988687 |       887      1136
     1288    20.125 |   91.7213752 |    0.0272101    0.9988687 |       887      1136
     1289    20.141 |   91.6976457 |    0.0281143    0.9988687 |       887      1136
     1290    20.156 |   91.7241036 |    0.0284156    0.9988687 |       887      1136
     1291    20.172 |   91.7512209 |    0.0274028    0.9988687 |       887      1136
     1292    20.188 |   91.7686752 |    0.0264750    0.9988687 |       887      1136
     1293    20.203 |   91.7691296 |    0.0256351    0.9988687 |       887      1136
     1294    20.219 |   91.7956253 |    0.0248853    0.9988687 |       887      1136
     1295    20.234 |   91.8224510 |    0.0242281    0.9988687 |       887      1136
     1296    20.250 |   91.8330689 |    0.0236653    0.9988687 |       887      1136
     1297    20.266 |   91.7883456 |    0.0231985    0.9988687 |       887      1136
     1298    20.281 |   91.8144067 |    0.0228290    0.9988687 |       887      1136
     1299    20.297 |   91.8416085 |    0.0225580    0.9988687 |       887      1136
------------------------------------------------------------------------------------
Iteration      Time | *me_per_hour |     LEANBSSNMOL::conf_fac | *TISTICS::maxrss_mb
                    |              |      minimum      maximum |   minimum   maximum
------------------------------------------------------------------------------------
     1300    20.312 |   91.8586624 |    0.0223860    0.9988687 |       887      1136
     1301    20.328 |   91.8622867 |    0.0223134    0.9988687 |       887      1136
     1302    20.344 |   91.8883995 |    0.0223402    0.9988687 |       887      1136
     1303    20.359 |   91.9140559 |    0.0224662    0.9988687 |       887      1136
     1304    20.375 |   91.9312528 |    0.0226907    0.9988687 |       887      1136
     1305    20.391 |   91.9079928 |    0.0230129    0.9988687 |       887      1136
     1306    20.406 |   91.9345184 |    0.0234314    0.9988687 |       887      1136
     1307    20.422 |   91.9611989 |    0.0239448    0.9988687 |       887      1136
     1308    20.438 |   91.9787780 |    0.0245513    0.9988687 |       887      1136
     1309    20.453 |   91.9814042 |    0.0252488    0.9988687 |       887      1136
     1310    20.469 |   92.0068320 |    0.0260350    0.9988687 |       887      1136
     1311    20.484 |   92.0329459 |    0.0269074    0.9988687 |       887      1136
     1312    20.500 |   92.0369336 |    0.0278633    0.9988687 |       887      1136
     1313    20.516 |   91.9682318 |    0.0288995    0.9988687 |       887      1136
     1314    20.531 |   91.9933767 |    0.0300132    0.9988687 |       887      1136
     1315    20.547 |   92.0182263 |    0.0298246    0.9988687 |       887      1136
     1316    20.562 |   92.0338692 |    0.0290583    0.9988687 |       887      1136
     1317    20.578 |   92.0356536 |    0.0283810    0.9988687 |       887      1136
     1318    20.594 |   92.0602137 |    0.0277946    0.9988687 |       887      1136
     1319    20.609 |   92.0863944 |    0.0273006    0.9988687 |       887      1136
------------------------------------------------------------------------------------
Iteration      Time | *me_per_hour |     LEANBSSNMOL::conf_fac | *TISTICS::maxrss_mb
                    |              |      minimum      maximum |   minimum   maximum
------------------------------------------------------------------------------------
     1320    20.625 |   92.1001120 |    0.0269001    0.9988687 |       887      1136
     1321    20.641 |   92.0752547 |    0.0265943    0.9988687 |       887      1136
     1322    20.656 |   92.0992856 |    0.0263838    0.9988687 |       887      1136
     1323    20.672 |   92.1254113 |    0.0262687    0.9988687 |       887      1136
     1324    20.688 |   92.1393282 |    0.0262493    0.9988687 |       887      1136
     1325    20.703 |   92.1421120 |    0.0263252    0.9988687 |       887      1136
     1326    20.719 |   92.1652996 |    0.0264957    0.9988687 |       887      1136
     1327    20.734 |   92.1878761 |    0.0267601    0.9988687 |       887      1136
     1328    20.750 |   92.1943224 |    0.0271171    0.9988687 |       887      1136
     1329    20.766 |   92.1448067 |    0.0275653    0.9988687 |       887      1136
     1330    20.781 |   92.1705796 |    0.0281029    0.9988687 |       887      1136
     1331    20.797 |   92.1965505 |    0.0287281    0.9988687 |       887      1136
     1332    20.812 |   92.2109845 |    0.0294385    0.9988687 |       887      1136
     1333    20.828 |   92.2142716 |    0.0302319    0.9988687 |       887      1136
     1334    20.844 |   92.2396841 |    0.0311056    0.9988687 |       887      1136
     1335    20.859 |   92.2645861 |    0.0320568    0.9988687 |       887      1136
     1336    20.875 |   92.2817408 |    0.0330826    0.9988687 |       887      1136
     1337    20.891 |   92.2579966 |    0.0341800    0.9988687 |       887      1136
     1338    20.906 |   92.2819453 |    0.0353456    0.9988687 |       887      1136
     1339    20.922 |   92.3067350 |    0.0355877    0.9988687 |       887      1136
------------------------------------------------------------------------------------
Iteration      Time | *me_per_hour |     LEANBSSNMOL::conf_fac | *TISTICS::maxrss_mb
                    |              |      minimum      maximum |   minimum   maximum
------------------------------------------------------------------------------------
     1340    20.938 |   92.3215015 |    0.0343961    0.9988687 |       887      1136
     1341    20.953 |   92.3250716 |    0.0332724    0.9988687 |       887      1136
     1342    20.969 |   92.3505525 |    0.0322197    0.9988687 |       887      1136
     1343    20.984 |   92.3752989 |    0.0312409    0.9988687 |       887      1136
     1344    21.000 |   92.3520588 |    0.0303390    0.9988687 |       887      1136
INFO (CarpetRegrid2): Centre 1 is at position [7.79406,1.49205,-0.00537324] with 8 levels
INFO (CarpetRegrid2): Centre 2 is at position [-7.79406,-1.49205,0.00537324] with 8 levels
INFO (CarpetRegrid2): Refined regions have not changed sufficiently; skipping regridding
INFO (CarpetRegrid2): Centre 1 is at position [7.79406,1.49205,-0.00537324] with 8 levels
INFO (CarpetRegrid2): Centre 2 is at position [-7.79406,-1.49205,0.00537324] with 8 levels
INFO (CarpetRegrid2): Refined regions have not changed sufficiently; skipping regridding
INFO (CarpetRegrid2): Centre 1 is at position [7.79406,1.49205,-0.00537324] with 8 levels
INFO (CarpetRegrid2): Centre 2 is at position [-7.79406,-1.49205,0.00537324] with 8 levels
INFO (CarpetRegrid2): Refined regions have not changed sufficiently; skipping regridding
INFO (CarpetRegrid2): Centre 1 is at position [7.79406,1.49205,-0.00537324] with 8 levels
INFO (CarpetRegrid2): Centre 2 is at position [-7.79406,-1.49205,0.00537324] with 8 levels
INFO (CarpetRegrid2): Refined regions have not changed sufficiently; skipping regridding
INFO (CarpetRegrid2): Centre 1 is at position [7.79406,1.49205,-0.00537324] with 8 levels
INFO (CarpetRegrid2): Centre 2 is at position [-7.79406,-1.49205,0.00537324] with 8 levels
INFO (CarpetRegrid2): Refined regions have not changed sufficiently; skipping regridding
INFO (CarpetRegrid2): Centre 1 is at position [7.79406,1.49205,-0.00537324] with 8 levels
INFO (CarpetRegrid2): Centre 2 is at position [-7.79406,-1.49205,0.00537324] with 8 levels
INFO (CarpetRegrid2): Refined regions have not changed sufficiently; skipping regridding
INFO (CarpetRegrid2): Centre 1 is at position [7.79406,1.49205,-0.00537324] with 8 levels
INFO (CarpetRegrid2): Centre 2 is at position [-7.79406,-1.49205,0.00537324] with 8 levels
INFO (CarpetRegrid2): Refined regions have not changed sufficiently; skipping regridding
INFO (CarpetRegrid2): Centre 1 is at position [7.79406,1.49205,-0.00537324] with 8 levels
INFO (CarpetRegrid2): Centre 2 is at position [-7.79406,-1.49205,0.00537324] with 8 levels
INFO (CarpetRegrid2): Refined regions have not changed sufficiently; skipping regridding
     1345    21.016 |   91.8941059 |    0.0295166    0.9988687 |       887      1136
     1346    21.031 |   91.9172438 |    0.0287762    0.9988687 |       887      1136
     1347    21.047 |   91.9432453 |    0.0281202    0.9988687 |       887      1136
     1348    21.062 |   91.9599019 |    0.0275506    0.9988687 |       887      1136
     1349    21.078 |   91.9630502 |    0.0270692    0.9988687 |       887      1136
     1350    21.094 |   91.9871637 |    0.0266776    0.9988687 |       887      1136
     1351    21.109 |   92.0120968 |    0.0263772    0.9988687 |       887      1136
     1352    21.125 |   92.0289286 |    0.0261690    0.9988687 |       887      1136
     1353    21.141 |   92.0064270 |    0.0260539    0.9988687 |       887      1136
     1354    21.156 |   92.0310554 |    0.0260322    0.9988687 |       887      1136
     1355    21.172 |   92.0565769 |    0.0261043    0.9988687 |       887      1136
     1356    21.188 |   92.0731627 |    0.0262699    0.9988687 |       887      1136
     1357    21.203 |   92.0758695 |    0.0265288    0.9988687 |       887      1136
     1358    21.219 |   92.1005244 |    0.0268803    0.9988687 |       887      1136
     1359    21.234 |   92.1261592 |    0.0273235    0.9988687 |       887      1136
------------------------------------------------------------------------------------
Iteration      Time | *me_per_hour |     LEANBSSNMOL::conf_fac | *TISTICS::maxrss_mb
                    |              |      minimum      maximum |   minimum   maximum
------------------------------------------------------------------------------------
     1360    21.250 |   92.1353660 |    0.0278570    0.9988687 |       888      1136
     1361    21.266 |   92.0937349 |    0.0284795    0.9988687 |       888      1136
     1362    21.281 |   92.1170669 |    0.0291891    0.9988687 |       888      1136
     1363    21.297 |   92.1428328 |    0.0299839    0.9988687 |       888      1136
     1364    21.312 |   92.1570381 |    0.0296159    0.9988687 |       888      1136
     1365    21.328 |   92.1601042 |    0.0285551    0.9988687 |       888      1136
     1366    21.344 |   92.1801660 |    0.0275762    0.9988687 |       888      1136
     1367    21.359 |   92.2020595 |    0.0266821    0.9988687 |       888      1136
     1368    21.375 |   92.2186817 |    0.0258757    0.9988687 |       888      1136
     1369    21.391 |   92.1951995 |    0.0251592    0.9988687 |       888      1136
     1370    21.406 |   92.2203334 |    0.0245348    0.9988687 |       888      1136
     1371    21.422 |   92.2459040 |    0.0240045    0.9988687 |       888      1136
     1372    21.438 |   92.2623167 |    0.0235698    0.9988687 |       888      1136
     1373    21.453 |   92.2650606 |    0.0232321    0.9988687 |       888      1136
     1374    21.469 |   92.2903489 |    0.0229922    0.9988687 |       888      1136
     1375    21.484 |   92.3152617 |    0.0228509    0.9988687 |       888      1136
     1376    21.500 |   92.3189640 |    0.0228085    0.9988687 |       888      1136
     1377    21.516 |   92.2569915 |    0.0228651    0.9988687 |       888      1136
     1378    21.531 |   92.2800935 |    0.0230203    0.9988687 |       888      1136
     1379    21.547 |   92.3055533 |    0.0232735    0.9988687 |       888      1136
------------------------------------------------------------------------------------
Iteration      Time | *me_per_hour |     LEANBSSNMOL::conf_fac | *TISTICS::maxrss_mb
                    |              |      minimum      maximum |   minimum   maximum
------------------------------------------------------------------------------------
     1380    21.562 |   92.3218236 |    0.0236237    0.9988687 |       888      1136
     1381    21.578 |   92.3245749 |    0.0240698    0.9988687 |       888      1136
     1382    21.594 |   92.3492974 |    0.0246103    0.9988687 |       888      1136
     1383    21.609 |   92.3735077 |    0.0252433    0.9988687 |       888      1136
     1384    21.625 |   92.3896609 |    0.0259668    0.9988687 |       888      1136
     1385    21.641 |   92.3669160 |    0.0267784    0.9988687 |       888      1136
     1386    21.656 |   92.3912119 |    0.0276757    0.9988687 |       888      1136
     1387    21.672 |   92.4162540 |    0.0286559    0.9988687 |       888      1136
     1388    21.688 |   92.4331726 |    0.0297159    0.9988687 |       888      1136
     1389    21.703 |   92.4366146 |    0.0289563    0.9988687 |       888      1136
     1390    21.719 |   92.4596835 |    0.0281384    0.9988687 |       888      1136
     1391    21.734 |   92.4843619 |    0.0274099    0.9988687 |       888      1136
     1392    21.750 |   92.4947964 |    0.0267727    0.9988687 |       888      1136
     1393    21.766 |   92.4525674 |    0.0262286    0.9988687 |       888      1136
     1394    21.781 |   92.4767892 |    0.0257792    0.9988687 |       888      1136
     1395    21.797 |   92.5018385 |    0.0254255    0.9988687 |       888      1136
     1396    21.812 |   92.5178620 |    0.0251684    0.9988687 |       888      1136
     1397    21.828 |   92.5215478 |    0.0250085    0.9988687 |       888      1136
     1398    21.844 |   92.5452723 |    0.0249460    0.9988687 |       888      1136
     1399    21.859 |   92.5699768 |    0.0249808    0.9988687 |       888      1136
------------------------------------------------------------------------------------
Iteration      Time | *me_per_hour |     LEANBSSNMOL::conf_fac | *TISTICS::maxrss_mb
                    |              |      minimum      maximum |   minimum   maximum
------------------------------------------------------------------------------------
     1400    21.875 |   92.5858524 |    0.0251124    0.9988687 |       888      1136
     1401    21.891 |   92.5634969 |    0.0253402    0.9988687 |       888      1136
     1402    21.906 |   92.5877659 |    0.0256631    0.9988687 |       888      1136
     1403    21.922 |   92.6126426 |    0.0260797    0.9988687 |       888      1136
     1404    21.938 |   92.6263577 |    0.0265886    0.9988687 |       888      1136
     1405    21.953 |   92.6292282 |    0.0271879    0.9988687 |       888      1136
     1406    21.969 |   92.6532830 |    0.0278753    0.9988687 |       888      1136
     1407    21.984 |   92.6778482 |    0.0286487    0.9988687 |       888      1136
     1408    22.000 |   92.6548949 |    0.0295055    0.9988687 |       888      1136
INFO (CarpetRegrid2): Centre 1 is at position [7.76951,1.57339,-0.00616812] with 8 levels
INFO (CarpetRegrid2): Centre 2 is at position [-7.76951,-1.57339,0.00616812] with 8 levels
INFO (CarpetRegrid2): Regridding level 0 map 0 at iteration 1409 time 22
INFO (CarpetRegrid2): Regridding levels 1 and up
INFO (CarpetRegrid2): Enforcing grid structure properties, iteration 0
INFO (CarpetRegrid2): Enforcing grid structure properties, iteration 0
INFO (CarpetRegrid2): Enforcing grid structure properties, iteration 0
INFO (CarpetRegrid2): Enforcing grid structure properties, iteration 0
INFO (CarpetRegrid2): Enforcing grid structure properties, iteration 0
INFO (CarpetRegrid2): Enforcing grid structure properties, iteration 1
INFO (CarpetRegrid2): Enforcing grid structure properties, iteration 0
INFO (CarpetRegrid2): Enforcing grid structure properties, iteration 0
INFO (CarpetRegrid2): Enforcing grid structure properties, iteration 1
INFO (Carpet): Grid structure (superregions, grid points):
   [0][0][0]   exterior: [0,0,0] : [260,260,260]   ([261,261,261] + PADDING) 17779581
   [1][0][0]   exterior: [215,218,219] : [305,302,301]   ([91,85,83] + PADDING) 642005
   [2][0][0]   exterior: [479,485,487] : [561,555,553]   ([83,71,67] + PADDING) 394831
   [3][0][0]   exterior: [991,1004,1007] : [1089,1076,1073]   ([99,73,67] + PADDING) 484209
   [4][0][0]   exterior: [2016,2041,2048] : [2081,2053,2112]   ([66,13,65] + PADDING) 55770
   [4][0][1]   exterior: [2016,2054,2048] : [2144,2106,2112]   ([129,53,65] + PADDING) 444405
   [4][0][2]   exterior: [2079,2107,2048] : [2144,2119,2112]   ([66,13,65] + PADDING) 55770
   [5][0][0]   exterior: [4066,4116,4129] : [4129,4179,4191]   ([64,64,63] + PADDING) 258048
   [5][0][1]   exterior: [4191,4141,4129] : [4254,4204,4191]   ([64,64,63] + PADDING) 258048
   [6][0][0]   exterior: [8166,8266,8291] : [8225,8324,8349]   ([60,59,59] + PADDING) 208860
   [6][0][1]   exterior: [8415,8316,8291] : [8474,8374,8349]   ([60,59,59] + PADDING) 208860
   [7][0][0]   exterior: [16366,16565,16615] : [16416,16615,16665]   ([51,51,51] + PADDING) 132651
   [7][0][1]   exterior: [16864,16665,16615] : [16914,16715,16665]   ([51,51,51] + PADDING) 132651
INFO (Carpet): Grid structure (superregions, coordinates):
   [0][0][0]   exterior: [-520,-520,-520] : [520,520,520] : [4,4,4]
   [1][0][0]   exterior: [-90,-84,-82] : [90,84,82] : [2,2,2]
   [2][0][0]   exterior: [-41,-35,-33] : [41,35,33] : [1,1,1]
   [3][0][0]   exterior: [-24.5,-18,-16.5] : [24.5,18,16.5] : [0.5,0.5,0.5]
   [4][0][0]   exterior: [-16,-9.75,-8] : [0.25,-6.75,8] : [0.25,0.25,0.25]
   [4][0][1]   exterior: [-16,-6.5,-8] : [16,6.5,8] : [0.25,0.25,0.25]
   [4][0][2]   exterior: [-0.25,6.75,-8] : [16,9.75,8] : [0.25,0.25,0.25]
   [5][0][0]   exterior: [-11.75,-5.5,-3.875] : [-3.875,2.375,3.875] : [0.125,0.125,0.125]
   [5][0][1]   exterior: [3.875,-2.375,-3.875] : [11.75,5.5,3.875] : [0.125,0.125,0.125]
   [6][0][0]   exterior: [-9.625,-3.375,-1.8125] : [-5.9375,0.25,1.8125] : [0.0625,0.0625,0.0625]
   [6][0][1]   exterior: [5.9375,-0.25,-1.8125] : [9.625,3.375,1.8125] : [0.0625,0.0625,0.0625]
   [7][0][0]   exterior: [-8.5625,-2.34375,-0.78125] : [-7,-0.78125,0.78125] : [0.03125,0.03125,0.03125]
   [7][0][1]   exterior: [7,0.78125,-0.78125] : [8.5625,2.34375,0.78125] : [0.03125,0.03125,0.03125]
INFO (Carpet): Global grid structure statistics:
INFO (Carpet): GF: rhs: 252k active, 492k owned (+96%), 1183k total (+140%), 128 steps/time
INFO (Carpet): GF: vars: 247, pts: 4429M active, 4905M owned (+11%), 7760M total (+58%), 1.0 comp/proc
INFO (Carpet): GA: vars: 1664, pts: 381M active, 381M total (+0%)
INFO (Carpet): Total required memory: 65.979 GByte (for GAs and currently active GFs)
INFO (Carpet): Load balance:  min     avg     max     sdv     max/avg-1
INFO (Carpet): Level  0:      32M     37M     41M      2M owned     11%
INFO (Carpet): Level  1:       1M      1M      1M      0M owned      6%
INFO (Carpet): Level  2:       1M      1M      1M      0M owned     10%
INFO (Carpet): Level  3:       1M      1M      1M      0M owned     12%
INFO (Carpet): Level  4:       1M      1M      1M      0M owned     11%
INFO (Carpet): Level  5:       1M      1M      1M      0M owned      2%
INFO (Carpet): Level  6:       1M      1M      1M      0M owned      5%
INFO (Carpet): Level  7:       0M      1M      1M      0M owned      7%
     1409    22.016 |   91.8822933 |    0.0304428    0.9988687 |       891      1136
     1410    22.031 |   91.9043239 |    0.0314578    0.9988687 |       891      1136
     1411    22.047 |   91.9288814 |    0.0325474    0.9988687 |       891      1136
     1412    22.062 |   91.9460525 |    0.0337083    0.9988687 |       891      1136
     1413    22.078 |   91.9371450 |    0.0343832    0.9988687 |       891      1136
     1414    22.094 |   91.9547059 |    0.0337748    0.9988687 |       891      1136
     1415    22.109 |   91.9724681 |    0.0332530    0.9988687 |       891      1136
     1416    22.125 |   91.9862323 |    0.0328191    0.9988687 |       891      1136
     1417    22.141 |   91.9660397 |    0.0324740    0.9988687 |       891      1136
     1418    22.156 |   91.9899773 |    0.0322186    0.9988687 |       891      1136
     1419    22.172 |   92.0143769 |    0.0320530    0.9988687 |       891      1136
------------------------------------------------------------------------------------
Iteration      Time | *me_per_hour |     LEANBSSNMOL::conf_fac | *TISTICS::maxrss_mb
                    |              |      minimum      maximum |   minimum   maximum
------------------------------------------------------------------------------------
     1420    22.188 |   92.0320692 |    0.0315491    0.9988687 |       891      1136
     1421    22.203 |   92.0351146 |    0.0308682    0.9988687 |       891      1136
     1422    22.219 |   92.0583136 |    0.0302697    0.9988687 |       891      1136
     1423    22.234 |   92.0793572 |    0.0297555    0.9988687 |       891      1136
     1424    22.250 |   92.0856311 |    0.0293273    0.9988687 |       891      1136
     1425    22.266 |   92.0180588 |    0.0289866    0.9988687 |       891      1136
     1426    22.281 |   92.0336663 |    0.0287346    0.9988687 |       891      1136
     1427    22.297 |   92.0572638 |    0.0285722    0.9988687 |       891      1136
     1428    22.312 |   92.0738393 |    0.0285002    0.9988687 |       891      1136
     1429    22.328 |   92.0737246 |    0.0285190    0.9988687 |       891      1136
     1430    22.344 |   92.0954515 |    0.0286287    0.9988687 |       891      1136
     1431    22.359 |   92.1186372 |    0.0288292    0.9988687 |       891      1136
     1432    22.375 |   92.1315822 |    0.0291201    0.9988687 |       891      1136
     1433    22.391 |   92.1112405 |    0.0295007    0.9988687 |       891      1136
     1434    22.406 |   92.1347575 |    0.0299701    0.9988687 |       891      1136
     1435    22.422 |   92.1592661 |    0.0305271    0.9988687 |       891      1136
     1436    22.438 |   92.1773521 |    0.0311701    0.9988687 |       891      1136
     1437    22.453 |   92.1796516 |    0.0318976    0.9988687 |       891      1136
     1438    22.469 |   92.2025199 |    0.0308914    0.9988687 |       891      1136
     1439    22.484 |   92.2261560 |    0.0298194    0.9988687 |       891      1136
------------------------------------------------------------------------------------
Iteration      Time | *me_per_hour |     LEANBSSNMOL::conf_fac | *TISTICS::maxrss_mb
                    |              |      minimum      maximum |   minimum   maximum
------------------------------------------------------------------------------------
     1440    22.500 |   92.2270325 |    0.0288274    0.9988687 |       891      1136
     1441    22.516 |   92.1685740 |    0.0279181    0.9988687 |       891      1136
     1442    22.531 |   92.1911677 |    0.0270944    0.9988687 |       891      1136
     1443    22.547 |   92.2151719 |    0.0263587    0.9988687 |       891      1136
     1444    22.562 |   92.2318996 |    0.0257133    0.9988687 |       891      1136
     1445    22.578 |   92.2334370 |    0.0251601    0.9988687 |       891      1136
     1446    22.594 |   92.2571628 |    0.0247010    0.9988687 |       891      1136
     1447    22.609 |   92.2806847 |    0.0243372    0.9988687 |       891      1136
     1448    22.625 |   92.2949046 |    0.0240699    0.9988687 |       891      1136
     1449    22.641 |   92.2741573 |    0.0239000    0.9988687 |       891      1136
     1450    22.656 |   92.2968155 |    0.0238279    0.9988687 |       891      1136
     1451    22.672 |   92.3204128 |    0.0238537    0.9988687 |       891      1137
     1452    22.688 |   92.3379125 |    0.0239775    0.9988687 |       891      1137
     1453    22.703 |   92.3401186 |    0.0241986    0.9988687 |       891      1137
     1454    22.719 |   92.3632535 |    0.0245163    0.9988687 |       891      1137
     1455    22.734 |   92.3872132 |    0.0249296    0.9988687 |       891      1137
     1456    22.750 |   92.3952940 |    0.0254372    0.9988687 |       891      1137
     1457    22.766 |   92.3578827 |    0.0260372    0.9988687 |       891      1137
     1458    22.781 |   92.3804629 |    0.0267280    0.9988687 |       891      1137
     1459    22.797 |   92.4042573 |    0.0275072    0.9988687 |       891      1137
------------------------------------------------------------------------------------
Iteration      Time | *me_per_hour |     LEANBSSNMOL::conf_fac | *TISTICS::maxrss_mb
                    |              |      minimum      maximum |   minimum   maximum
------------------------------------------------------------------------------------
     1460    22.812 |   92.4217723 |    0.0283726    0.9988687 |       891      1137
     1461    22.828 |   92.4239997 |    0.0293214    0.9988687 |       891      1137
     1462    22.844 |   92.4472965 |    0.0298471    0.9988687 |       891      1137
     1463    22.859 |   92.4706968 |    0.0289347    0.9988687 |       891      1137
     1464    22.875 |   92.4848125 |    0.0281093    0.9988687 |       891      1137
     1465    22.891 |   92.4649268 |    0.0273733    0.9988687 |       891      1137
     1466    22.906 |   92.4866542 |    0.0267288    0.9988687 |       891      1137
     1467    22.922 |   92.5105666 |    0.0261776    0.9988687 |       891      1137
     1468    22.938 |   92.5269931 |    0.0257213    0.9988687 |       891      1137
     1469    22.953 |   92.5288151 |    0.0253611    0.9988687 |       891      1137
     1470    22.969 |   92.5510963 |    0.0250979    0.9988687 |       891      1137
     1471    22.984 |   92.5724254 |    0.0249323    0.9988687 |       891      1137
     1472    23.000 |   92.5480731 |    0.0248647    0.9988687 |       891      1137
INFO (CarpetRegrid2): Centre 1 is at position [7.74383,1.65481,-0.00711194] with 8 levels
INFO (CarpetRegrid2): Centre 2 is at position [-7.74383,-1.65481,0.00711194] with 8 levels
INFO (CarpetRegrid2): Refined regions have not changed sufficiently; skipping regridding
INFO (CarpetRegrid2): Centre 1 is at position [7.74383,1.65481,-0.00711194] with 8 levels
INFO (CarpetRegrid2): Centre 2 is at position [-7.74383,-1.65481,0.00711194] with 8 levels
INFO (CarpetRegrid2): Refined regions have not changed sufficiently; skipping regridding
INFO (CarpetRegrid2): Centre 1 is at position [7.74383,1.65481,-0.00711194] with 8 levels
INFO (CarpetRegrid2): Centre 2 is at position [-7.74383,-1.65481,0.00711194] with 8 levels
INFO (CarpetRegrid2): Refined regions have not changed sufficiently; skipping regridding
INFO (CarpetRegrid2): Centre 1 is at position [7.74383,1.65481,-0.00711194] with 8 levels
INFO (CarpetRegrid2): Centre 2 is at position [-7.74383,-1.65481,0.00711194] with 8 levels
INFO (CarpetRegrid2): Refined regions have not changed sufficiently; skipping regridding
INFO (CarpetRegrid2): Centre 1 is at position [7.74383,1.65481,-0.00711194] with 8 levels
INFO (CarpetRegrid2): Centre 2 is at position [-7.74383,-1.65481,0.00711194] with 8 levels
INFO (CarpetRegrid2): Refined regions have not changed sufficiently; skipping regridding
INFO (CarpetRegrid2): Centre 1 is at position [7.74383,1.65481,-0.00711194] with 8 levels
INFO (CarpetRegrid2): Centre 2 is at position [-7.74383,-1.65481,0.00711194] with 8 levels
INFO (CarpetRegrid2): Refined regions have not changed sufficiently; skipping regridding
INFO (CarpetRegrid2): Centre 1 is at position [7.74383,1.65481,-0.00711194] with 8 levels
INFO (CarpetRegrid2): Centre 2 is at position [-7.74383,-1.65481,0.00711194] with 8 levels
INFO (CarpetRegrid2): Refined regions have not changed sufficiently; skipping regridding
INFO (CarpetRegrid2): Centre 1 is at position [7.74383,1.65481,-0.00711194] with 8 levels
INFO (CarpetRegrid2): Centre 2 is at position [-7.74383,-1.65481,0.00711194] with 8 levels
INFO (CarpetRegrid2): Refined regions have not changed sufficiently; skipping regridding
     1473    23.016 |   92.1312059 |    0.0248949    0.9988687 |       891      1137
     1474    23.031 |   92.1531848 |    0.0250225    0.9988687 |       891      1137
     1475    23.047 |   92.1752782 |    0.0252471    0.9988687 |       891      1137
     1476    23.062 |   92.1932300 |    0.0255674    0.9988687 |       891      1137
     1477    23.078 |   92.1959544 |    0.0259823    0.9988687 |       891      1137
     1478    23.094 |   92.2191553 |    0.0264902    0.9988687 |       891      1137
     1479    23.109 |   92.2415457 |    0.0270893    0.9988687 |       891      1137
------------------------------------------------------------------------------------
Iteration      Time | *me_per_hour |     LEANBSSNMOL::conf_fac | *TISTICS::maxrss_mb
                    |              |      minimum      maximum |   minimum   maximum
------------------------------------------------------------------------------------
     1480    23.125 |   92.2558457 |    0.0277775    0.9988687 |       891      1137
     1481    23.141 |   92.2344783 |    0.0285525    0.9988687 |       891      1137
     1482    23.156 |   92.2572442 |    0.0294116    0.9988687 |       891      1137
     1483    23.172 |   92.2804896 |    0.0303523    0.9988687 |       891      1137
     1484    23.188 |   92.2986224 |    0.0313715    0.9988687 |       891      1137
     1485    23.203 |   92.3003952 |    0.0324661    0.9988687 |       891      1137
     1486    23.219 |   92.3227625 |    0.0336330    0.9988687 |       891      1137
     1487    23.234 |   92.3461470 |    0.0336607    0.9988687 |       891      1137
     1488    23.250 |   92.3548089 |    0.0330605    0.9988687 |       891      1137
     1489    23.266 |   92.3189912 |    0.0325484    0.9988687 |       891      1137
     1490    23.281 |   92.3414771 |    0.0321256    0.9988687 |       891      1137
     1491    23.297 |   92.3638438 |    0.0317931    0.9988687 |       891      1137
     1492    23.312 |   92.3819072 |    0.0315515    0.9988687 |       891      1137
     1493    23.328 |   92.3847970 |    0.0314013    0.9988687 |       891      1137
     1494    23.344 |   92.4077542 |    0.0313425    0.9988687 |       891      1137
     1495    23.359 |   92.4305123 |    0.0313749    0.9988687 |       891      1137
     1496    23.375 |   92.4446281 |    0.0314980    0.9988687 |       891      1137
     1497    23.391 |   92.4257167 |    0.0313760    0.9988687 |       891      1137
     1498    23.406 |   92.4476583 |    0.0309486    0.9988687 |       891      1137
     1499    23.422 |   92.4706065 |    0.0306071    0.9988687 |       891      1137
------------------------------------------------------------------------------------
Iteration      Time | *me_per_hour |     LEANBSSNMOL::conf_fac | *TISTICS::maxrss_mb
                    |              |      minimum      maximum |   minimum   maximum
------------------------------------------------------------------------------------
     1500    23.438 |   92.4878432 |    0.0303529    0.9988687 |       891      1137
     1501    23.453 |   92.4906227 |    0.0301870    0.9988687 |       891      1137
     1502    23.469 |   92.5104305 |    0.0301101    0.9988687 |       891      1137
     1503    23.484 |   92.5332046 |    0.0301227    0.9988687 |       891      1137
     1504    23.500 |   92.5362757 |    0.0302250    0.9988687 |       891      1137
     1505    23.516 |   92.4823306 |    0.0304169    0.9988687 |       891      1137
     1506    23.531 |   92.5038187 |    0.0306981    0.9988687 |       891      1137
     1507    23.547 |   92.5271788 |    0.0310679    0.9988687 |       891      1137
     1508    23.562 |   92.5438078 |    0.0315255    0.9988687 |       891      1137
     1509    23.578 |   92.5461128 |    0.0320698    0.9988687 |       891      1137
     1510    23.594 |   92.5686641 |    0.0326992    0.9988687 |       891      1137
     1511    23.609 |   92.5914070 |    0.0327531    0.9988687 |       891      1137
     1512    23.625 |   92.6052814 |    0.0316267    0.9988687 |       891      1137
     1513    23.641 |   92.5856079 |    0.0305770    0.9988687 |       891      1137
     1514    23.656 |   92.6076505 |    0.0296071    0.9988687 |       891      1137
     1515    23.672 |   92.6304486 |    0.0287200    0.9988687 |       891      1137
     1516    23.688 |   92.6471196 |    0.0279184    0.9988687 |       891      1137
     1517    23.703 |   92.6499509 |    0.0272046    0.9988687 |       891      1137
     1518    23.719 |   92.6723821 |    0.0265809    0.9988687 |       891      1137
     1519    23.734 |   92.6949031 |    0.0260492    0.9988687 |       891      1137
------------------------------------------------------------------------------------
Iteration      Time | *me_per_hour |     LEANBSSNMOL::conf_fac | *TISTICS::maxrss_mb
                    |              |      minimum      maximum |   minimum   maximum
------------------------------------------------------------------------------------
     1520    23.750 |   92.7029856 |    0.0256113    0.9988687 |       891      1137
     1521    23.766 |   92.6661047 |    0.0252684    0.9988687 |       891      1137
     1522    23.781 |   92.6869378 |    0.0250217    0.9988687 |       891      1137
     1523    23.797 |   92.7095778 |    0.0248719    0.9988687 |       891      1137
     1524    23.812 |   92.7254733 |    0.0248195    0.9988687 |       891      1137
     1525    23.828 |   92.7281901 |    0.0248645    0.9988687 |       891      1137
     1526    23.844 |   92.7492347 |    0.0250069    0.9988687 |       891      1137
     1527    23.859 |   92.7715778 |    0.0252461    0.9988687 |       891      1137
     1528    23.875 |   92.7843983 |    0.0255814    0.9988687 |       891      1137
     1529    23.891 |   92.7651763 |    0.0260116    0.9988687 |       891      1137
     1530    23.906 |   92.7871733 |    0.0265353    0.9988687 |       891      1137
     1531    23.922 |   92.8096316 |    0.0271509    0.9988687 |       891      1137
     1532    23.938 |   92.8269581 |    0.0278564    0.9988687 |       891      1137
     1533    23.953 |   92.8244927 |    0.0286497    0.9988687 |       891      1137
     1534    23.969 |   92.8369654 |    0.0295283    0.9988687 |       891      1137
     1535    23.984 |   92.8502479 |    0.0304895    0.9988687 |       891      1137
INFO (AHFinderDirect): proc 0: searching for horizon 1/6
INFO (AHFinderDirect): AH 3/6: r=78.9934 at (0.000000,0.000000,0.000000)
INFO (AHFinderDirect): AH 3/6: area=80424.76981 m_irreducible=39.99999947
INFO (AHFinderDirect): AH 4/6: r=98.9939 at (0.000000,0.000000,-0.000000)
INFO (AHFinderDirect): AH 4/6: area=125663.7051 m_irreducible=49.9999998
INFO (AHFinderDirect): AH 5/6: r=178.995 at (0.000000,0.000000,-0.000000)
INFO (AHFinderDirect): AH 5/6: area=407150.4077 m_irreducible=89.99999998
INFO (AHFinderDirect): AH 6/6: r=238.995 at (0.000000,0.000000,0.000000)
INFO (AHFinderDirect): AH 6/6: area=723822.9473 m_irreducible=120
INFO (AHFinderDirect): AH 1/6: r=0.403182 at (7.717919,1.733225,-0.008248)
INFO (AHFinderDirect): AH 1/6: area=11.2757335 m_irreducible=0.4736281141
INFO (AHFinderDirect): AH 2/6: r=0.403182 at (-7.717919,-1.733225,0.008248)
INFO (AHFinderDirect): AH 2/6: area=11.2757335 m_irreducible=0.4736281141
INFO (QuasiLocalMeasures): Calculating quasi-local quantities for surface    0
INFO (QuasiLocalMeasures): Importing from spherical surface    0
INFO (QuasiLocalMeasures): Geometric quantities for surface    0:
INFO (QuasiLocalMeasures):    Area A:                            11.2757
INFO (QuasiLocalMeasures):    Irreducible mass M = R/2:         0.473628
INFO (QuasiLocalMeasures):    Areal radius R = sqrt(A/4pi):     0.947255
INFO (QuasiLocalMeasures): Coordinate-dependent quantities for surface    0:
INFO (QuasiLocalMeasures):    Equatorial circumference:             5.95159
INFO (QuasiLocalMeasures):    Polar circumference at phi=0:         5.95688
INFO (QuasiLocalMeasures):    Polar circumference at phi=pi/2:      5.92539
INFO (QuasiLocalMeasures):    No valid spin guess from distortion.
INFO (QuasiLocalMeasures):    (Spin guess is imaginary.)
INFO (QuasiLocalMeasures):    Magnitude of invalid spin guess:     0.357657E-02
INFO (QuasiLocalMeasures):    Mass guess M from distortion:        0.473613
INFO (QuasiLocalMeasures): Isolated Horizon quantities for surface    0:
INFO (QuasiLocalMeasures):    Killing vector field eigenvalue norm:     0.999993
INFO (QuasiLocalMeasures):    Spin J:                                  -0.266942E-05
INFO (QuasiLocalMeasures):    Kerr spin parameter a = J/M:             -0.563612E-05
INFO (QuasiLocalMeasures):    Dimensionless spin parameter a = J/M^2:  -0.118999E-04
INFO (QuasiLocalMeasures):    Spin J from NP:                          -0.148269E-03
INFO (QuasiLocalMeasures):    Spin J from phi-coordinate-vector:         0.00000
INFO (QuasiLocalMeasures):    Mass M:                                   0.473628
INFO (QuasiLocalMeasures): Global quantities for surface    0:
INFO (QuasiLocalMeasures):    ADM energy:                 -1.38019
INFO (QuasiLocalMeasures):    ADM momentum x:            -0.270813E-02
INFO (QuasiLocalMeasures):    ADM momentum y:             0.659679E-02
INFO (QuasiLocalMeasures):    ADM momentum z:            -0.149764E-03
INFO (QuasiLocalMeasures):    ADM angular momentum x:    -0.188305E-03
INFO (QuasiLocalMeasures):    ADM angular momentum y:     0.992854E-03
INFO (QuasiLocalMeasures):    ADM angular momentum z:     0.431709E-01
INFO (QuasiLocalMeasures):    Weinberg energy:                  3.37967
INFO (QuasiLocalMeasures):    Weinberg momentum x:            -0.132139E-01
INFO (QuasiLocalMeasures):    Weinberg momentum y:             0.349988E-01
INFO (QuasiLocalMeasures):    Weinberg momentum z:            -0.759248E-03
INFO (QuasiLocalMeasures):    Weinberg angular momentum x:    -0.134859E-02
INFO (QuasiLocalMeasures):    Weinberg angular momentum y:     0.759714E-02
INFO (QuasiLocalMeasures):    Weinberg angular momentum z:     0.395815
     1536    24.000 |   92.1475529 |    0.0301125    0.9988687 |       891      1145
INFO (CarpetRegrid2): Centre 1 is at position [7.71705,1.7364,-0.00822855] with 8 levels
INFO (CarpetRegrid2): Centre 2 is at position [-7.71705,-1.7364,0.00822855] with 8 levels
INFO (CarpetRegrid2): Regridding level 0 map 0 at iteration 1537 time 24
INFO (CarpetRegrid2): Regridding levels 1 and up
INFO (CarpetRegrid2): Enforcing grid structure properties, iteration 0
INFO (CarpetRegrid2): Enforcing grid structure properties, iteration 0
INFO (CarpetRegrid2): Enforcing grid structure properties, iteration 0
INFO (CarpetRegrid2): Enforcing grid structure properties, iteration 0
INFO (CarpetRegrid2): Enforcing grid structure properties, iteration 0
INFO (CarpetRegrid2): Enforcing grid structure properties, iteration 1
INFO (CarpetRegrid2): Enforcing grid structure properties, iteration 0
INFO (CarpetRegrid2): Enforcing grid structure properties, iteration 0
INFO (CarpetRegrid2): Enforcing grid structure properties, iteration 1
INFO (Carpet): Grid structure (superregions, grid points):
   [0][0][0]   exterior: [0,0,0] : [260,260,260]   ([261,261,261] + PADDING) 17779581
   [1][0][0]   exterior: [215,218,219] : [305,302,301]   ([91,85,83] + PADDING) 642005
   [2][0][0]   exterior: [479,485,487] : [561,555,553]   ([83,71,67] + PADDING) 394831
   [3][0][0]   exterior: [992,1004,1007] : [1088,1076,1073]   ([97,73,67] + PADDING) 474427
   [4][0][0]   exterior: [2017,2041,2048] : [2082,2054,2112]   ([66,14,65] + PADDING) 60060
   [4][0][1]   exterior: [2017,2055,2048] : [2143,2105,2112]   ([127,51,65] + PADDING) 421005
   [4][0][2]   exterior: [2078,2106,2048] : [2143,2119,2112]   ([66,14,65] + PADDING) 60060
   [5][0][0]   exterior: [4067,4115,4129] : [4130,4177,4191]   ([64,63,63] + PADDING) 254016
   [5][0][1]   exterior: [4190,4143,4129] : [4253,4205,4191]   ([64,63,63] + PADDING) 254016
   [6][0][0]   exterior: [8167,8263,8291] : [8226,8321,8349]   ([60,59,59] + PADDING) 208860
   [6][0][1]   exterior: [8414,8319,8291] : [8473,8377,8349]   ([60,59,59] + PADDING) 208860
   [7][0][0]   exterior: [16368,16559,16615] : [16418,16609,16665]   ([51,51,51] + PADDING) 132651
   [7][0][1]   exterior: [16862,16671,16615] : [16912,16721,16665]   ([51,51,51] + PADDING) 132651
INFO (Carpet): Grid structure (superregions, coordinates):
   [0][0][0]   exterior: [-520,-520,-520] : [520,520,520] : [4,4,4]
   [1][0][0]   exterior: [-90,-84,-82] : [90,84,82] : [2,2,2]
   [2][0][0]   exterior: [-41,-35,-33] : [41,35,33] : [1,1,1]
   [3][0][0]   exterior: [-24,-18,-16.5] : [24,18,16.5] : [0.5,0.5,0.5]
   [4][0][0]   exterior: [-15.75,-9.75,-8] : [0.5,-6.5,8] : [0.25,0.25,0.25]
   [4][0][1]   exterior: [-15.75,-6.25,-8] : [15.75,6.25,8] : [0.25,0.25,0.25]
   [4][0][2]   exterior: [-0.5,6.5,-8] : [15.75,9.75,8] : [0.25,0.25,0.25]
   [5][0][0]   exterior: [-11.625,-5.625,-3.875] : [-3.75,2.125,3.875] : [0.125,0.125,0.125]
   [5][0][1]   exterior: [3.75,-2.125,-3.875] : [11.625,5.625,3.875] : [0.125,0.125,0.125]
   [6][0][0]   exterior: [-9.5625,-3.5625,-1.8125] : [-5.875,0.0625,1.8125] : [0.0625,0.0625,0.0625]
   [6][0][1]   exterior: [5.875,-0.0625,-1.8125] : [9.5625,3.5625,1.8125] : [0.0625,0.0625,0.0625]
   [7][0][0]   exterior: [-8.5,-2.53125,-0.78125] : [-6.9375,-0.96875,0.78125] : [0.03125,0.03125,0.03125]
   [7][0][1]   exterior: [6.9375,0.96875,-0.78125] : [8.5,2.53125,0.78125] : [0.03125,0.03125,0.03125]
INFO (Carpet): Global grid structure statistics:
INFO (Carpet): GF: rhs: 250k active, 490k owned (+96%), 1179k total (+141%), 128 steps/time
INFO (Carpet): GF: vars: 247, pts: 4424M active, 4897M owned (+11%), 7743M total (+58%), 1.0 comp/proc
INFO (Carpet): GA: vars: 1664, pts: 381M active, 381M total (+0%)
INFO (Carpet): Total required memory: 65.843 GByte (for GAs and currently active GFs)
INFO (Carpet): Load balance:  min     avg     max     sdv     max/avg-1
INFO (Carpet): Level  0:      32M     37M     41M      2M owned     11%
INFO (Carpet): Level  1:       1M      1M      1M      0M owned      6%
INFO (Carpet): Level  2:       1M      1M      1M      0M owned     10%
INFO (Carpet): Level  3:       1M      1M      1M      0M owned     13%
INFO (Carpet): Level  4:       1M      1M      1M      0M owned     10%
INFO (Carpet): Level  5:       1M      1M      1M      0M owned      4%
INFO (Carpet): Level  6:       1M      1M      1M      0M owned      5%
INFO (Carpet): Level  7:       0M      1M      1M      0M owned      7%
     1537    24.016 |   91.4109052 |    0.0292411    0.9988687 |       892      1145
     1538    24.031 |   91.4329743 |    0.0284576    0.9988687 |       892      1145
     1539    24.047 |   91.4557041 |    0.0277644    0.9988687 |       892      1145
------------------------------------------------------------------------------------
Iteration      Time | *me_per_hour |     LEANBSSNMOL::conf_fac | *TISTICS::maxrss_mb
                    |              |      minimum      maximum |   minimum   maximum
------------------------------------------------------------------------------------
     1540    24.062 |   91.4744543 |    0.0271634    0.9988687 |       892      1145
     1541    24.078 |   91.4777656 |    0.0266564    0.9988687 |       892      1145
     1542    24.094 |   91.5007344 |    0.0262447    0.9988687 |       892      1145
     1543    24.109 |   91.5236843 |    0.0259295    0.9988687 |       892      1145
     1544    24.125 |   91.5367740 |    0.0257115    0.9988687 |       892      1145
     1545    24.141 |   91.5199984 |    0.0255913    0.9988687 |       892      1145
     1546    24.156 |   91.5424977 |    0.0255689    0.9988687 |       892      1145
     1547    24.172 |   91.5654244 |    0.0256442    0.9988687 |       892      1145
     1548    24.188 |   91.5834872 |    0.0258167    0.9988687 |       892      1145
     1549    24.203 |   91.5868408 |    0.0260855    0.9988687 |       892      1145
     1550    24.219 |   91.6089357 |    0.0264496    0.9988687 |       892      1145
     1551    24.234 |   91.6290030 |    0.0269076    0.9988687 |       892      1145
     1552    24.250 |   91.6362021 |    0.0274578    0.9988687 |       892      1145
     1553    24.266 |   91.6014782 |    0.0280981    0.9988687 |       892      1145
     1554    24.281 |   91.6231069 |    0.0288266    0.9988687 |       892      1145
     1555    24.297 |   91.6461469 |    0.0296406    0.9988687 |       892      1145
     1556    24.312 |   91.6650507 |    0.0305375    0.9988687 |       892      1145
     1557    24.328 |   91.6672888 |    0.0315146    0.9988687 |       892      1145
     1558    24.344 |   91.6893521 |    0.0325688    0.9988687 |       892      1145
     1559    24.359 |   91.7121500 |    0.0336969    0.9988687 |       892      1145
------------------------------------------------------------------------------------
Iteration      Time | *me_per_hour |     LEANBSSNMOL::conf_fac | *TISTICS::maxrss_mb
                    |              |      minimum      maximum |   minimum   maximum
------------------------------------------------------------------------------------
     1560    24.375 |   91.7249837 |    0.0346408    0.9988687 |       892      1145
     1561    24.391 |   91.7094553 |    0.0340167    0.9988687 |       892      1145
     1562    24.406 |   91.7322925 |    0.0334801    0.9988687 |       892      1145
     1563    24.422 |   91.7549596 |    0.0330323    0.9988687 |       892      1145
     1564    24.438 |   91.7741343 |    0.0326746    0.9988687 |       892      1145
     1565    24.453 |   91.7769449 |    0.0324075    0.9988687 |       892      1145
     1566    24.469 |   91.7993620 |    0.0322316    0.9988687 |       892      1145
     1567    24.484 |   91.8213613 |    0.0321471    0.9988687 |       892      1145
     1568    24.500 |   91.8245951 |    0.0321538    0.9988687 |       892      1145
     1569    24.516 |   91.7727907 |    0.0322513    0.9988687 |       892      1145
     1570    24.531 |   91.7935508 |    0.0322773    0.9988687 |       892      1145
     1571    24.547 |   91.8154899 |    0.0318065    0.9988687 |       892      1145
     1572    24.562 |   91.8343525 |    0.0314212    0.9988687 |       892      1145
     1573    24.578 |   91.8371226 |    0.0311228    0.9988687 |       892      1145
     1574    24.594 |   91.8585961 |    0.0309125    0.9988687 |       892      1145
     1575    24.609 |   91.8797262 |    0.0307912    0.9988687 |       892      1145
     1576    24.625 |   91.8923437 |    0.0307593    0.9988687 |       892      1145
     1577    24.641 |   91.8756277 |    0.0308174    0.9988687 |       892      1145
     1578    24.656 |   91.8978387 |    0.0309653    0.9988687 |       892      1145
     1579    24.672 |   91.9196398 |    0.0312030    0.9988687 |       892      1145
------------------------------------------------------------------------------------
Iteration      Time | *me_per_hour |     LEANBSSNMOL::conf_fac | *TISTICS::maxrss_mb
                    |              |      minimum      maximum |   minimum   maximum
------------------------------------------------------------------------------------
     1580    24.688 |   91.9377822 |    0.0315299    0.9988687 |       892      1145
     1581    24.703 |   91.9381666 |    0.0319452    0.9988687 |       892      1145
     1582    24.719 |   91.9602577 |    0.0324479    0.9988687 |       892      1145
     1583    24.734 |   91.9817438 |    0.0330368    0.9988687 |       892      1145
     1584    24.750 |   91.9898561 |    0.0337103    0.9988687 |       892      1145
     1585    24.766 |   91.9565686 |    0.0327358    0.9988687 |       892      1145
     1586    24.781 |   91.9790260 |    0.0316682    0.9988687 |       892      1145
     1587    24.797 |   92.0014702 |    0.0306797    0.9988687 |       892      1145
     1588    24.812 |   92.0187445 |    0.0297733    0.9988687 |       892      1145
     1589    24.828 |   92.0220417 |    0.0289518    0.9988687 |       892      1145
     1590    24.844 |   92.0442535 |    0.0282175    0.9988687 |       892      1145
     1591    24.859 |   92.0665120 |    0.0275729    0.9988687 |       892      1145
     1592    24.875 |   92.0778459 |    0.0270200    0.9988687 |       892      1145
     1593    24.891 |   92.0614796 |    0.0265604    0.9988687 |       892      1145
     1594    24.906 |   92.0836622 |    0.0261956    0.9988687 |       892      1145
     1595    24.922 |   92.1057236 |    0.0259267    0.9988687 |       892      1145
     1596    24.938 |   92.1232055 |    0.0257546    0.9988687 |       892      1145
     1597    24.953 |   92.1265030 |    0.0256799    0.9988687 |       892      1145
     1598    24.969 |   92.1461521 |    0.0257026    0.9988687 |       892      1145
     1599    24.984 |   92.1670279 |    0.0258227    0.9988687 |       892      1145
------------------------------------------------------------------------------------
Iteration      Time | *me_per_hour |     LEANBSSNMOL::conf_fac | *TISTICS::maxrss_mb
                    |              |      minimum      maximum |   minimum   maximum
------------------------------------------------------------------------------------
     1600    25.000 |   92.1466680 |    0.0260397    0.9988687 |       892      1145
INFO (CarpetRegrid2): Centre 1 is at position [7.68912,1.81815,-0.00952927] with 8 levels
INFO (CarpetRegrid2): Centre 2 is at position [-7.68912,-1.81815,0.00952927] with 8 levels
INFO (CarpetRegrid2): Refined regions have not changed sufficiently; skipping regridding
INFO (CarpetRegrid2): Centre 1 is at position [7.68912,1.81815,-0.00952927] with 8 levels
INFO (CarpetRegrid2): Centre 2 is at position [-7.68912,-1.81815,0.00952927] with 8 levels
INFO (CarpetRegrid2): Refined regions have not changed sufficiently; skipping regridding
INFO (CarpetRegrid2): Centre 1 is at position [7.68912,1.81815,-0.00952927] with 8 levels
INFO (CarpetRegrid2): Centre 2 is at position [-7.68912,-1.81815,0.00952927] with 8 levels
INFO (CarpetRegrid2): Refined regions have not changed sufficiently; skipping regridding
INFO (CarpetRegrid2): Centre 1 is at position [7.68912,1.81815,-0.00952927] with 8 levels
INFO (CarpetRegrid2): Centre 2 is at position [-7.68912,-1.81815,0.00952927] with 8 levels
INFO (CarpetRegrid2): Refined regions have not changed sufficiently; skipping regridding
INFO (CarpetRegrid2): Centre 1 is at position [7.68912,1.81815,-0.00952927] with 8 levels
INFO (CarpetRegrid2): Centre 2 is at position [-7.68912,-1.81815,0.00952927] with 8 levels
INFO (CarpetRegrid2): Refined regions have not changed sufficiently; skipping regridding
INFO (CarpetRegrid2): Centre 1 is at position [7.68912,1.81815,-0.00952927] with 8 levels
INFO (CarpetRegrid2): Centre 2 is at position [-7.68912,-1.81815,0.00952927] with 8 levels
INFO (CarpetRegrid2): Refined regions have not changed sufficiently; skipping regridding
INFO (CarpetRegrid2): Centre 1 is at position [7.68912,1.81815,-0.00952927] with 8 levels
INFO (CarpetRegrid2): Centre 2 is at position [-7.68912,-1.81815,0.00952927] with 8 levels
INFO (CarpetRegrid2): Refined regions have not changed sufficiently; skipping regridding
INFO (CarpetRegrid2): Centre 1 is at position [7.68912,1.81815,-0.00952927] with 8 levels
INFO (CarpetRegrid2): Centre 2 is at position [-7.68912,-1.81815,0.00952927] with 8 levels
INFO (CarpetRegrid2): Refined regions have not changed sufficiently; skipping regridding
     1601    25.016 |   91.7691790 |    0.0263529    0.9988687 |       892      1145
     1602    25.031 |   91.7889836 |    0.0267613    0.9988687 |       892      1145
     1603    25.047 |   91.8112690 |    0.0272635    0.9988687 |       892      1145
     1604    25.062 |   91.8284755 |    0.0278579    0.9988687 |       892      1145
     1605    25.078 |   91.8318754 |    0.0285426    0.9988687 |       892      1145
     1606    25.094 |   91.8536419 |    0.0293154    0.9988687 |       892      1145
     1607    25.109 |   91.8754790 |    0.0301740    0.9988687 |       892      1145
     1608    25.125 |   91.8884047 |    0.0311156    0.9988687 |       892      1145
     1609    25.141 |   91.8727582 |    0.0314988    0.9988687 |       892      1145
     1610    25.156 |   91.8950432 |    0.0306346    0.9988687 |       892      1145
     1611    25.172 |   91.9168667 |    0.0298579    0.9988687 |       892      1145
     1612    25.188 |   91.9348672 |    0.0291710    0.9988687 |       892      1145
     1613    25.203 |   91.9381407 |    0.0285759    0.9988687 |       892      1145
     1614    25.219 |   91.9601871 |    0.0280743    0.9988687 |       892      1145
     1615    25.234 |   91.9817244 |    0.0276675    0.9988687 |       892      1145
     1616    25.250 |   91.9895610 |    0.0273568    0.9988687 |       892      1145
     1617    25.266 |   91.9494157 |    0.0271428    0.9988687 |       892      1145
     1618    25.281 |   91.9614976 |    0.0270259    0.9988687 |       892      1145
     1619    25.297 |   91.9740799 |    0.0270063    0.9988687 |       892      1145
------------------------------------------------------------------------------------
Iteration      Time | *me_per_hour |     LEANBSSNMOL::conf_fac | *TISTICS::maxrss_mb
                    |              |      minimum      maximum |   minimum   maximum
------------------------------------------------------------------------------------
     1620    25.312 |   91.9830122 |    0.0270838    0.9988687 |       892      1145
     1621    25.328 |   91.9813148 |    0.0272579    0.9988687 |       892      1145
     1622    25.344 |   92.0020064 |    0.0275278    0.9988687 |       892      1145
     1623    25.359 |   92.0237164 |    0.0278922    0.9988687 |       892      1145
     1624    25.375 |   92.0362238 |    0.0283498    0.9988687 |       892      1145
     1625    25.391 |   92.0202386 |    0.0288989    0.9988687 |       892      1145
     1626    25.406 |   92.0421883 |    0.0295376    0.9988687 |       892      1145
     1627    25.422 |   92.0627048 |    0.0302635    0.9988687 |       892      1145
     1628    25.438 |   92.0800355 |    0.0310743    0.9988687 |       892      1145
     1629    25.453 |   92.0817127 |    0.0319673    0.9988687 |       892      1145
     1630    25.469 |   92.1031829 |    0.0329397    0.9988687 |       892      1145
     1631    25.484 |   92.1247588 |    0.0339885    0.9988687 |       892      1145
     1632    25.500 |   92.1286868 |    0.0351105    0.9988687 |       892      1145
     1633    25.516 |   92.0794581 |    0.0363024    0.9988687 |       892      1145
     1634    25.531 |   92.1003262 |    0.0360817    0.9988687 |       892      1145
     1635    25.547 |   92.1214436 |    0.0355780    0.9988687 |       892      1145
     1636    25.562 |   92.1398048 |    0.0351622    0.9988687 |       892      1145
     1637    25.578 |   92.1418089 |    0.0348353    0.9988687 |       892      1145
     1638    25.594 |   92.1637590 |    0.0345979    0.9988687 |       892      1145
     1639    25.609 |   92.1849678 |    0.0344504    0.9988687 |       892      1145
------------------------------------------------------------------------------------
Iteration      Time | *me_per_hour |     LEANBSSNMOL::conf_fac | *TISTICS::maxrss_mb
                    |              |      minimum      maximum |   minimum   maximum
------------------------------------------------------------------------------------
     1640    25.625 |   92.1979569 |    0.0340271    0.9988687 |       892      1145
     1641    25.641 |   92.1804665 |    0.0333069    0.9988687 |       892      1145
     1642    25.656 |   92.2017359 |    0.0326685    0.9988687 |       892      1145
     1643    25.672 |   92.2234654 |    0.0321140    0.9988687 |       892      1145
     1644    25.688 |   92.2403096 |    0.0316453    0.9988687 |       892      1145
     1645    25.703 |   92.2432026 |    0.0312640    0.9988687 |       892      1145
     1646    25.719 |   92.2649773 |    0.0309714    0.9988687 |       892      1145
     1647    25.734 |   92.2862863 |    0.0307686    0.9988687 |       892      1145
     1648    25.750 |   92.2947666 |    0.0306565    0.9988687 |       892      1145
     1649    25.766 |   92.2622390 |    0.0306355    0.9988687 |       892      1145
     1650    25.781 |   92.2833156 |    0.0307060    0.9988687 |       892      1145
     1651    25.797 |   92.3049505 |    0.0308678    0.9988687 |       892      1145
     1652    25.812 |   92.3220469 |    0.0311207    0.9988687 |       892      1145
     1653    25.828 |   92.3247280 |    0.0314641    0.9988687 |       892      1145
     1654    25.844 |   92.3464136 |    0.0318971    0.9988687 |       892      1145
     1655    25.859 |   92.3671582 |    0.0324185    0.9988687 |       892      1145
     1656    25.875 |   92.3794643 |    0.0330269    0.9988687 |       892      1145
     1657    25.891 |   92.3638965 |    0.0337207    0.9988687 |       892      1145
     1658    25.906 |   92.3855576 |    0.0332974    0.9988687 |       892      1145
     1659    25.922 |   92.4071242 |    0.0322568    0.9988687 |       892      1145
------------------------------------------------------------------------------------
Iteration      Time | *me_per_hour |     LEANBSSNMOL::conf_fac | *TISTICS::maxrss_mb
                    |              |      minimum      maximum |   minimum   maximum
------------------------------------------------------------------------------------
     1660    25.938 |   92.4245090 |    0.0312969    0.9988687 |       892      1145
     1661    25.953 |   92.4262448 |    0.0304205    0.9988687 |       892      1145
     1662    25.969 |   92.4476609 |    0.0296304    0.9988687 |       892      1145
     1663    25.984 |   92.4687699 |    0.0289290    0.9988687 |       892      1145
     1664    26.000 |   92.4433696 |    0.0283183    0.9988687 |       892      1145
INFO (CarpetRegrid2): Centre 1 is at position [7.65999,1.90008,-0.0110075] with 8 levels
INFO (CarpetRegrid2): Centre 2 is at position [-7.65999,-1.90008,0.0110075] with 8 levels
INFO (CarpetRegrid2): Regridding level 0 map 0 at iteration 1665 time 26
INFO (CarpetRegrid2): Regridding levels 1 and up
INFO (CarpetRegrid2): Enforcing grid structure properties, iteration 0
INFO (CarpetRegrid2): Enforcing grid structure properties, iteration 0
INFO (CarpetRegrid2): Enforcing grid structure properties, iteration 0
INFO (CarpetRegrid2): Enforcing grid structure properties, iteration 0
INFO (CarpetRegrid2): Enforcing grid structure properties, iteration 0
INFO (CarpetRegrid2): Enforcing grid structure properties, iteration 1
INFO (CarpetRegrid2): Enforcing grid structure properties, iteration 0
INFO (CarpetRegrid2): Enforcing grid structure properties, iteration 0
INFO (CarpetRegrid2): Enforcing grid structure properties, iteration 1
INFO (Carpet): Grid structure (superregions, grid points):
   [0][0][0]   exterior: [0,0,0] : [260,260,260]   ([261,261,261] + PADDING) 17779581
   [1][0][0]   exterior: [215,218,219] : [305,302,301]   ([91,85,83] + PADDING) 642005
   [2][0][0]   exterior: [479,485,487] : [561,555,553]   ([83,71,67] + PADDING) 394831
   [3][0][0]   exterior: [992,1003,1007] : [1088,1077,1073]   ([97,75,67] + PADDING) 487425
   [4][0][0]   exterior: [2017,2040,2048] : [2082,2054,2112]   ([66,15,65] + PADDING) 64350
   [4][0][1]   exterior: [2017,2055,2048] : [2143,2105,2112]   ([127,51,65] + PADDING) 421005
   [4][0][2]   exterior: [2078,2106,2048] : [2143,2120,2112]   ([66,15,65] + PADDING) 64350
   [5][0][0]   exterior: [4067,4113,4129] : [4130,4176,4191]   ([64,64,63] + PADDING) 258048
   [5][0][1]   exterior: [4190,4144,4129] : [4253,4207,4191]   ([64,64,63] + PADDING) 258048
   [6][0][0]   exterior: [8168,8260,8291] : [8227,8319,8349]   ([60,60,59] + PADDING) 212400
   [6][0][1]   exterior: [8413,8321,8291] : [8472,8380,8349]   ([60,60,59] + PADDING) 212400
   [7][0][0]   exterior: [16370,16554,16615] : [16420,16604,16665]   ([51,51,51] + PADDING) 132651
   [7][0][1]   exterior: [16860,16676,16615] : [16910,16726,16665]   ([51,51,51] + PADDING) 132651
INFO (Carpet): Grid structure (superregions, coordinates):
   [0][0][0]   exterior: [-520,-520,-520] : [520,520,520] : [4,4,4]
   [1][0][0]   exterior: [-90,-84,-82] : [90,84,82] : [2,2,2]
   [2][0][0]   exterior: [-41,-35,-33] : [41,35,33] : [1,1,1]
   [3][0][0]   exterior: [-24,-18.5,-16.5] : [24,18.5,16.5] : [0.5,0.5,0.5]
   [4][0][0]   exterior: [-15.75,-10,-8] : [0.5,-6.5,8] : [0.25,0.25,0.25]
   [4][0][1]   exterior: [-15.75,-6.25,-8] : [15.75,6.25,8] : [0.25,0.25,0.25]
   [4][0][2]   exterior: [-0.5,6.5,-8] : [15.75,10,8] : [0.25,0.25,0.25]
   [5][0][0]   exterior: [-11.625,-5.875,-3.875] : [-3.75,2,3.875] : [0.125,0.125,0.125]
   [5][0][1]   exterior: [3.75,-2,-3.875] : [11.625,5.875,3.875] : [0.125,0.125,0.125]
   [6][0][0]   exterior: [-9.5,-3.75,-1.8125] : [-5.8125,-0.0625,1.8125] : [0.0625,0.0625,0.0625]
   [6][0][1]   exterior: [5.8125,0.0625,-1.8125] : [9.5,3.75,1.8125] : [0.0625,0.0625,0.0625]
   [7][0][0]   exterior: [-8.4375,-2.6875,-0.78125] : [-6.875,-1.125,0.78125] : [0.03125,0.03125,0.03125]
   [7][0][1]   exterior: [6.875,1.125,-0.78125] : [8.4375,2.6875,0.78125] : [0.03125,0.03125,0.03125]
INFO (Carpet): Global grid structure statistics:
INFO (Carpet): GF: rhs: 252k active, 494k owned (+96%), 1186k total (+140%), 128 steps/time
INFO (Carpet): GF: vars: 247, pts: 4429M active, 4906M owned (+11%), 7759M total (+58%), 1.0 comp/proc
INFO (Carpet): GA: vars: 1664, pts: 381M active, 381M total (+0%)
INFO (Carpet): Total required memory: 65.974 GByte (for GAs and currently active GFs)
INFO (Carpet): Load balance:  min     avg     max     sdv     max/avg-1
INFO (Carpet): Level  0:      32M     37M     41M      2M owned     11%
INFO (Carpet): Level  1:       1M      1M      1M      0M owned      6%
INFO (Carpet): Level  2:       1M      1M      1M      0M owned     10%
INFO (Carpet): Level  3:       1M      1M      1M      0M owned     10%
INFO (Carpet): Level  4:       1M      1M      1M      0M owned      8%
INFO (Carpet): Level  5:       1M      1M      1M      0M owned      2%
INFO (Carpet): Level  6:       1M      1M      1M      0M owned      3%
INFO (Carpet): Level  7:       0M      1M      1M      0M owned      7%
     1665    26.016 |   91.7770850 |    0.0278003    0.9988687 |       892      1145
     1666    26.031 |   91.7972710 |    0.0273767    0.9988687 |       892      1145
     1667    26.047 |   91.8172160 |    0.0270486    0.9988687 |       892      1145
     1668    26.062 |   91.8343471 |    0.0268170    0.9988687 |       892      1145
     1669    26.078 |   91.8364397 |    0.0266827    0.9988687 |       892      1145
     1670    26.094 |   91.8572528 |    0.0266460    0.9988687 |       892      1145
     1671    26.109 |   91.8782224 |    0.0267069    0.9988687 |       892      1145
     1672    26.125 |   91.8849481 |    0.0268651    0.9988687 |       892      1145
     1673    26.141 |   91.8696379 |    0.0271201    0.9988687 |       892      1145
     1674    26.156 |   91.8901380 |    0.0274708    0.9988687 |       892      1145
     1675    26.172 |   91.9108018 |    0.0279162    0.9988687 |       892      1145
     1676    26.188 |   91.9286154 |    0.0284547    0.9988687 |       892      1145
     1677    26.203 |   91.9311422 |    0.0290844    0.9988687 |       892      1145
     1678    26.219 |   91.9523849 |    0.0298034    0.9988687 |       892      1145
     1679    26.234 |   91.9729616 |    0.0306094    0.9988687 |       892      1145
------------------------------------------------------------------------------------
Iteration      Time | *me_per_hour |     LEANBSSNMOL::conf_fac | *TISTICS::maxrss_mb
                    |              |      minimum      maximum |   minimum   maximum
------------------------------------------------------------------------------------
     1680    26.250 |   91.9809754 |    0.0314997    0.9988687 |       892      1145
     1681    26.266 |   91.9472535 |    0.0324718    0.9988687 |       892      1145
     1682    26.281 |   91.9670850 |    0.0333240    0.9988687 |       892      1145
     1683    26.297 |   91.9877674 |    0.0325286    0.9988687 |       892      1145
     1684    26.312 |   92.0047062 |    0.0318211    0.9988687 |       892      1145
     1685    26.328 |   92.0069308 |    0.0312035    0.9988687 |       892      1145
     1686    26.344 |   92.0273847 |    0.0306775    0.9988687 |       892      1145
     1687    26.359 |   92.0477503 |    0.0302447    0.9988687 |       892      1145
     1688    26.375 |   92.0562215 |    0.0299060    0.9988687 |       892      1145
     1689    26.391 |   92.0411430 |    0.0296625    0.9988687 |       892      1145
     1690    26.406 |   92.0622424 |    0.0295145    0.9988687 |       892      1145
     1691    26.422 |   92.0829531 |    0.0294622    0.9988687 |       892      1145
     1692    26.438 |   92.0989801 |    0.0295056    0.9988687 |       892      1145
     1693    26.453 |   92.1014365 |    0.0296441    0.9988687 |       892      1146
     1694    26.469 |   92.1225648 |    0.0298771    0.9988687 |       892      1146
     1695    26.484 |   92.1429285 |    0.0302034    0.9988687 |       892      1146
     1696    26.500 |   92.1451493 |    0.0306218    0.9988687 |       892      1146
     1697    26.516 |   92.0980634 |    0.0311306    0.9988687 |       892      1146
     1698    26.531 |   92.1185725 |    0.0317280    0.9988687 |       892      1146
     1699    26.547 |   92.1387588 |    0.0324117    0.9988687 |       892      1146
------------------------------------------------------------------------------------
Iteration      Time | *me_per_hour |     LEANBSSNMOL::conf_fac | *TISTICS::maxrss_mb
                    |              |      minimum      maximum |   minimum   maximum
------------------------------------------------------------------------------------
     1700    26.562 |   92.1559073 |    0.0331796    0.9988687 |       892      1146
     1701    26.578 |   92.1585065 |    0.0340289    0.9988687 |       892      1146
     1702    26.594 |   92.1794169 |    0.0349570    0.9988687 |       892      1146
     1703    26.609 |   92.1999162 |    0.0359609    0.9988687 |       892      1146
     1704    26.625 |   92.2110302 |    0.0370376    0.9988687 |       892      1146
     1705    26.641 |   92.1938476 |    0.0381839    0.9988687 |       892      1146
     1706    26.656 |   92.2141923 |    0.0393965    0.9988687 |       892      1146
     1707    26.672 |   92.2348861 |    0.0387044    0.9988687 |       892      1146
     1708    26.688 |   92.2518965 |    0.0375673    0.9988687 |       892      1146
     1709    26.703 |   92.2546123 |    0.0365003    0.9988687 |       892      1146
     1710    26.719 |   92.2750928 |    0.0355066    0.9988687 |       892      1146
     1711    26.734 |   92.2954135 |    0.0345889    0.9988687 |       892      1146
     1712    26.750 |   92.3038006 |    0.0337502    0.9988687 |       892      1146
     1713    26.766 |   92.2712518 |    0.0329928    0.9988687 |       892      1146
     1714    26.781 |   92.2882547 |    0.0323193    0.9988687 |       892      1146
     1715    26.797 |   92.3086359 |    0.0317318    0.9988687 |       892      1146
     1716    26.812 |   92.3251963 |    0.0312322    0.9988687 |       892      1146
     1717    26.828 |   92.3276832 |    0.0308221    0.9988687 |       892      1146
     1718    26.844 |   92.3485483 |    0.0305028    0.9988687 |       892      1146
     1719    26.859 |   92.3687956 |    0.0302757    0.9988687 |       892      1146
------------------------------------------------------------------------------------
Iteration      Time | *me_per_hour |     LEANBSSNMOL::conf_fac | *TISTICS::maxrss_mb
                    |              |      minimum      maximum |   minimum   maximum
------------------------------------------------------------------------------------
     1720    26.875 |   92.3804497 |    0.0301413    0.9988687 |       892      1146
     1721    26.891 |   92.3652992 |    0.0301003    0.9988687 |       892      1146
     1722    26.906 |   92.3858323 |    0.0301529    0.9988687 |       892      1146
     1723    26.922 |   92.4060285 |    0.0302990    0.9988687 |       892      1146
     1724    26.938 |   92.4153405 |    0.0305383    0.9988687 |       892      1146
     1725    26.953 |   92.4051320 |    0.0308700    0.9988687 |       892      1146
     1726    26.969 |   92.4176877 |    0.0312932    0.9988687 |       892      1146
     1727    26.984 |   92.4310851 |    0.0318067    0.9988687 |       892      1146
     1728    27.000 |   92.4108015 |    0.0324089    0.9988687 |       892      1146
INFO (CarpetRegrid2): Centre 1 is at position [7.62951,1.98216,-0.012626] with 8 levels
INFO (CarpetRegrid2): Centre 2 is at position [-7.62951,-1.98216,0.012626] with 8 levels
INFO (CarpetRegrid2): Refined regions have not changed sufficiently; skipping regridding
INFO (CarpetRegrid2): Centre 1 is at position [7.62951,1.98216,-0.012626] with 8 levels
INFO (CarpetRegrid2): Centre 2 is at position [-7.62951,-1.98216,0.012626] with 8 levels
INFO (CarpetRegrid2): Refined regions have not changed sufficiently; skipping regridding
INFO (CarpetRegrid2): Centre 1 is at position [7.62951,1.98216,-0.012626] with 8 levels
INFO (CarpetRegrid2): Centre 2 is at position [-7.62951,-1.98216,0.012626] with 8 levels
INFO (CarpetRegrid2): Refined regions have not changed sufficiently; skipping regridding
INFO (CarpetRegrid2): Centre 1 is at position [7.62951,1.98216,-0.012626] with 8 levels
INFO (CarpetRegrid2): Centre 2 is at position [-7.62951,-1.98216,0.012626] with 8 levels
INFO (CarpetRegrid2): Refined regions have not changed sufficiently; skipping regridding
INFO (CarpetRegrid2): Centre 1 is at position [7.62951,1.98216,-0.012626] with 8 levels
INFO (CarpetRegrid2): Centre 2 is at position [-7.62951,-1.98216,0.012626] with 8 levels
INFO (CarpetRegrid2): Refined regions have not changed sufficiently; skipping regridding
INFO (CarpetRegrid2): Centre 1 is at position [7.62951,1.98216,-0.012626] with 8 levels
INFO (CarpetRegrid2): Centre 2 is at position [-7.62951,-1.98216,0.012626] with 8 levels
INFO (CarpetRegrid2): Refined regions have not changed sufficiently; skipping regridding
INFO (CarpetRegrid2): Centre 1 is at position [7.62951,1.98216,-0.012626] with 8 levels
INFO (CarpetRegrid2): Centre 2 is at position [-7.62951,-1.98216,0.012626] with 8 levels
INFO (CarpetRegrid2): Refined regions have not changed sufficiently; skipping regridding
INFO (CarpetRegrid2): Centre 1 is at position [7.62951,1.98216,-0.012626] with 8 levels
INFO (CarpetRegrid2): Centre 2 is at position [-7.62951,-1.98216,0.012626] with 8 levels
INFO (CarpetRegrid2): Refined regions have not changed sufficiently; skipping regridding
     1729    27.016 |   92.0586654 |    0.0330980    0.9988687 |       892      1146
     1730    27.031 |   92.0790181 |    0.0338721    0.9988687 |       892      1146
     1731    27.047 |   92.0991941 |    0.0338026    0.9988687 |       892      1146
     1732    27.062 |   92.1165656 |    0.0328486    0.9988687 |       892      1146
     1733    27.078 |   92.1189837 |    0.0319785    0.9988687 |       892      1146
     1734    27.094 |   92.1397875 |    0.0311949    0.9988687 |       892      1146
     1735    27.109 |   92.1596645 |    0.0305000    0.9988687 |       892      1146
     1736    27.125 |   92.1714916 |    0.0298961    0.9988687 |       892      1146
     1737    27.141 |   92.1555010 |    0.0293849    0.9988687 |       892      1146
     1738    27.156 |   92.1758932 |    0.0289680    0.9988687 |       892      1146
     1739    27.172 |   92.1959886 |    0.0286465    0.9988687 |       892      1146
------------------------------------------------------------------------------------
Iteration      Time | *me_per_hour |     LEANBSSNMOL::conf_fac | *TISTICS::maxrss_mb
                    |              |      minimum      maximum |   minimum   maximum
------------------------------------------------------------------------------------
     1740    27.188 |   92.2130110 |    0.0284213    0.9988687 |       892      1146
     1741    27.203 |   92.2157135 |    0.0282930    0.9988687 |       892      1146
     1742    27.219 |   92.2361252 |    0.0282619    0.9988687 |       892      1146
     1743    27.234 |   92.2556755 |    0.0283279    0.9988687 |       892      1146
     1744    27.250 |   92.2640040 |    0.0284906    0.9988687 |       892      1146
     1745    27.266 |   92.2308809 |    0.0287492    0.9988687 |       892      1146
     1746    27.281 |   92.2509554 |    0.0291029    0.9988687 |       892      1146
     1747    27.297 |   92.2704109 |    0.0295502    0.9988687 |       892      1146
     1748    27.312 |   92.2867079 |    0.0300896    0.9988687 |       892      1146
     1749    27.328 |   92.2889292 |    0.0307193    0.9988687 |       892      1146
     1750    27.344 |   92.3084975 |    0.0314369    0.9988687 |       892      1146
     1751    27.359 |   92.3284717 |    0.0322403    0.9988687 |       892      1146
     1752    27.375 |   92.3393345 |    0.0331269    0.9988687 |       892      1146
     1753    27.391 |   92.3239677 |    0.0340937    0.9988687 |       892      1146
     1754    27.406 |   92.3438356 |    0.0351379    0.9988687 |       892      1146
     1755    27.422 |   92.3638221 |    0.0362564    0.9988687 |       892      1146
     1756    27.438 |   92.3802129 |    0.0356086    0.9988687 |       892      1146
     1757    27.453 |   92.3830153 |    0.0350388    0.9988687 |       892      1146
     1758    27.469 |   92.4033474 |    0.0345584    0.9988687 |       892      1146
     1759    27.484 |   92.4205273 |    0.0341684    0.9988687 |       892      1146
------------------------------------------------------------------------------------
Iteration      Time | *me_per_hour |     LEANBSSNMOL::conf_fac | *TISTICS::maxrss_mb
                    |              |      minimum      maximum |   minimum   maximum
------------------------------------------------------------------------------------
     1760    27.500 |   92.4211697 |    0.0338699    0.9988687 |       892      1146
     1761    27.516 |   92.3717300 |    0.0336635    0.9988687 |       892      1146
     1762    27.531 |   92.3917333 |    0.0335495    0.9988687 |       892      1146
     1763    27.547 |   92.4113392 |    0.0335279    0.9988687 |       892      1146
     1764    27.562 |   92.4278398 |    0.0335983    0.9988687 |       892      1146
     1765    27.578 |   92.4304469 |    0.0337603    0.9988687 |       892      1146
     1766    27.594 |   92.4505811 |    0.0340130    0.9988687 |       892      1146
     1767    27.609 |   92.4701329 |    0.0343551    0.9988687 |       892      1146
     1768    27.625 |   92.4812327 |    0.0347853    0.9988687 |       892      1146
     1769    27.641 |   92.4653383 |    0.0353018    0.9988687 |       892      1146
     1770    27.656 |   92.4846301 |    0.0359029    0.9988687 |       892      1146
     1771    27.672 |   92.5043465 |    0.0358788    0.9988687 |       892      1146
     1772    27.688 |   92.5202307 |    0.0358478    0.9988687 |       892      1146
     1773    27.703 |   92.5223105 |    0.0359036    0.9988687 |       892      1146
     1774    27.719 |   92.5419216 |    0.0360465    0.9988687 |       892      1146
     1775    27.734 |   92.5615558 |    0.0362762    0.9988687 |       892      1146
     1776    27.750 |   92.5687290 |    0.0365922    0.9988687 |       892      1146
     1777    27.766 |   92.5367711 |    0.0369939    0.9988687 |       892      1146
     1778    27.781 |   92.5563324 |    0.0374802    0.9988687 |       892      1146
     1779    27.797 |   92.5758583 |    0.0380500    0.9988687 |       892      1146
------------------------------------------------------------------------------------
Iteration      Time | *me_per_hour |     LEANBSSNMOL::conf_fac | *TISTICS::maxrss_mb
                    |              |      minimum      maximum |   minimum   maximum
------------------------------------------------------------------------------------
     1780    27.812 |   92.5898411 |    0.0370687    0.9988687 |       892      1146
     1781    27.828 |   92.5920196 |    0.0360108    0.9988687 |       892      1146
     1782    27.844 |   92.6117792 |    0.0350296    0.9988687 |       892      1146
     1783    27.859 |   92.6312428 |    0.0341279    0.9988687 |       892      1146
     1784    27.875 |   92.6421436 |    0.0333085    0.9988687 |       892      1146
     1785    27.891 |   92.6267570 |    0.0325738    0.9988687 |       892      1146
     1786    27.906 |   92.6466335 |    0.0319262    0.9988687 |       892      1146
     1787    27.922 |   92.6661159 |    0.0313677    0.9988687 |       892      1146
     1788    27.938 |   92.6812981 |    0.0308999    0.9988687 |       892      1146
     1789    27.953 |   92.6829431 |    0.0305244    0.9988687 |       892      1146
     1790    27.969 |   92.7029891 |    0.0302423    0.9988687 |       892      1146
     1791    27.984 |   92.7220941 |    0.0300544    0.9988687 |       892      1146
INFO (AHFinderDirect): proc 0: searching for horizon 1/6
INFO (AHFinderDirect): AH 3/6: r=78.9935 at (-0.000000,-0.000000,0.000000)
INFO (AHFinderDirect): AH 3/6: area=80424.76931 m_irreducible=39.99999935
INFO (AHFinderDirect): AH 4/6: r=98.9939 at (-0.000000,-0.000000,0.000000)
INFO (AHFinderDirect): AH 4/6: area=125663.7049 m_irreducible=49.99999975
INFO (AHFinderDirect): AH 5/6: r=178.995 at (0.000000,0.000000,-0.000000)
INFO (AHFinderDirect): AH 5/6: area=407150.4077 m_irreducible=89.99999998
INFO (AHFinderDirect): AH 6/6: r=238.995 at (0.000000,-0.000000,0.000000)
INFO (AHFinderDirect): AH 6/6: area=723822.9473 m_irreducible=120
INFO (AHFinderDirect): AH 1/6: r=0.404241 at (7.598702,2.061274,-0.014285)
INFO (AHFinderDirect): AH 1/6: area=11.27570711 m_irreducible=0.4736275598
INFO (AHFinderDirect): AH 2/6: r=0.404241 at (-7.598702,-2.061274,0.014285)
INFO (AHFinderDirect): AH 2/6: area=11.27570711 m_irreducible=0.4736275598
INFO (QuasiLocalMeasures): Calculating quasi-local quantities for surface    0
INFO (QuasiLocalMeasures): Importing from spherical surface    0
INFO (QuasiLocalMeasures): Geometric quantities for surface    0:
INFO (QuasiLocalMeasures):    Area A:                            11.2757
INFO (QuasiLocalMeasures):    Irreducible mass M = R/2:         0.473627
INFO (QuasiLocalMeasures):    Areal radius R = sqrt(A/4pi):     0.947254
INFO (QuasiLocalMeasures): Coordinate-dependent quantities for surface    0:
INFO (QuasiLocalMeasures):    Equatorial circumference:             5.95142
INFO (QuasiLocalMeasures):    Polar circumference at phi=0:         5.95887
INFO (QuasiLocalMeasures):    Polar circumference at phi=pi/2:      5.92670
INFO (QuasiLocalMeasures):    No valid spin guess from distortion.
INFO (QuasiLocalMeasures):    (Spin guess is imaginary.)
INFO (QuasiLocalMeasures):    Magnitude of invalid spin guess:     0.485928E-02
INFO (QuasiLocalMeasures):    Mass guess M from distortion:        0.473599
INFO (QuasiLocalMeasures): Isolated Horizon quantities for surface    0:
INFO (QuasiLocalMeasures):    Killing vector field eigenvalue norm:     0.999998
INFO (QuasiLocalMeasures):    Spin J:                                  -0.104977E-04
INFO (QuasiLocalMeasures):    Kerr spin parameter a = J/M:             -0.221646E-04
INFO (QuasiLocalMeasures):    Dimensionless spin parameter a = J/M^2:  -0.467975E-04
INFO (QuasiLocalMeasures):    Spin J from NP:                          -0.157533E-03
INFO (QuasiLocalMeasures):    Spin J from phi-coordinate-vector:         0.00000
INFO (QuasiLocalMeasures):    Mass M:                                   0.473627
INFO (QuasiLocalMeasures): Global quantities for surface    0:
INFO (QuasiLocalMeasures):    ADM energy:                 -1.36808
INFO (QuasiLocalMeasures):    ADM momentum x:            -0.306184E-02
INFO (QuasiLocalMeasures):    ADM momentum y:             0.647902E-02
INFO (QuasiLocalMeasures):    ADM momentum z:            -0.204546E-03
INFO (QuasiLocalMeasures):    ADM angular momentum x:    -0.288186E-03
INFO (QuasiLocalMeasures):    ADM angular momentum y:     0.132662E-02
INFO (QuasiLocalMeasures):    ADM angular momentum z:     0.428083E-01
INFO (QuasiLocalMeasures):    Weinberg energy:                  3.35918
INFO (QuasiLocalMeasures):    Weinberg momentum x:            -0.154861E-01
INFO (QuasiLocalMeasures):    Weinberg momentum y:             0.340254E-01
INFO (QuasiLocalMeasures):    Weinberg momentum z:            -0.106591E-02
INFO (QuasiLocalMeasures):    Weinberg angular momentum x:    -0.218711E-02
INFO (QuasiLocalMeasures):    Weinberg angular momentum y:     0.106062E-01
INFO (QuasiLocalMeasures):    Weinberg angular momentum z:     0.394416
     1792    28.000 |   92.1102506 |    0.0299615    0.9988687 |       893      1153
INFO (CarpetRegrid2): Centre 1 is at position [7.59756,2.0643,-0.0143437] with 8 levels
INFO (CarpetRegrid2): Centre 2 is at position [-7.59756,-2.0643,0.0143437] with 8 levels
INFO (CarpetRegrid2): Regridding level 0 map 0 at iteration 1793 time 28
INFO (CarpetRegrid2): Regridding levels 1 and up
INFO (CarpetRegrid2): Enforcing grid structure properties, iteration 0
INFO (CarpetRegrid2): Enforcing grid structure properties, iteration 0
INFO (CarpetRegrid2): Enforcing grid structure properties, iteration 0
INFO (CarpetRegrid2): Enforcing grid structure properties, iteration 0
INFO (CarpetRegrid2): Enforcing grid structure properties, iteration 0
INFO (CarpetRegrid2): Enforcing grid structure properties, iteration 1
INFO (CarpetRegrid2): Enforcing grid structure properties, iteration 0
INFO (CarpetRegrid2): Enforcing grid structure properties, iteration 0
INFO (CarpetRegrid2): Enforcing grid structure properties, iteration 1
INFO (Carpet): Grid structure (superregions, grid points):
   [0][0][0]   exterior: [0,0,0] : [260,260,260]   ([261,261,261] + PADDING) 17779581
   [1][0][0]   exterior: [215,218,219] : [305,302,301]   ([91,85,83] + PADDING) 642005
   [2][0][0]   exterior: [479,485,487] : [561,555,553]   ([83,71,67] + PADDING) 394831
   [3][0][0]   exterior: [992,1003,1007] : [1088,1077,1073]   ([97,75,67] + PADDING) 487425
   [4][0][0]   exterior: [2017,2039,2048] : [2082,2055,2112]   ([66,17,65] + PADDING) 72930
   [4][0][1]   exterior: [2017,2056,2048] : [2143,2104,2112]   ([127,49,65] + PADDING) 404495
   [4][0][2]   exterior: [2078,2105,2048] : [2143,2121,2112]   ([66,17,65] + PADDING) 72930
   [5][0][0]   exterior: [4068,4112,4129] : [4131,4175,4191]   ([64,64,63] + PADDING) 258048
   [5][0][1]   exterior: [4189,4145,4129] : [4252,4208,4191]   ([64,64,63] + PADDING) 258048
   [6][0][0]   exterior: [8169,8258,8291] : [8228,8316,8349]   ([60,59,59] + PADDING) 208860
   [6][0][1]   exterior: [8412,8324,8291] : [8471,8382,8349]   ([60,59,59] + PADDING) 208860
   [7][0][0]   exterior: [16372,16549,16615] : [16422,16599,16665]   ([51,51,51] + PADDING) 132651
   [7][0][1]   exterior: [16858,16681,16615] : [16908,16731,16665]   ([51,51,51] + PADDING) 132651
INFO (Carpet): Grid structure (superregions, coordinates):
   [0][0][0]   exterior: [-520,-520,-520] : [520,520,520] : [4,4,4]
   [1][0][0]   exterior: [-90,-84,-82] : [90,84,82] : [2,2,2]
   [2][0][0]   exterior: [-41,-35,-33] : [41,35,33] : [1,1,1]
   [3][0][0]   exterior: [-24,-18.5,-16.5] : [24,18.5,16.5] : [0.5,0.5,0.5]
   [4][0][0]   exterior: [-15.75,-10.25,-8] : [0.5,-6.25,8] : [0.25,0.25,0.25]
   [4][0][1]   exterior: [-15.75,-6,-8] : [15.75,6,8] : [0.25,0.25,0.25]
   [4][0][2]   exterior: [-0.5,6.25,-8] : [15.75,10.25,8] : [0.25,0.25,0.25]
   [5][0][0]   exterior: [-11.5,-6,-3.875] : [-3.625,1.875,3.875] : [0.125,0.125,0.125]
   [5][0][1]   exterior: [3.625,-1.875,-3.875] : [11.5,6,3.875] : [0.125,0.125,0.125]
   [6][0][0]   exterior: [-9.4375,-3.875,-1.8125] : [-5.75,-0.25,1.8125] : [0.0625,0.0625,0.0625]
   [6][0][1]   exterior: [5.75,0.25,-1.8125] : [9.4375,3.875,1.8125] : [0.0625,0.0625,0.0625]
   [7][0][0]   exterior: [-8.375,-2.84375,-0.78125] : [-6.8125,-1.28125,0.78125] : [0.03125,0.03125,0.03125]
   [7][0][1]   exterior: [6.8125,1.28125,-0.78125] : [8.375,2.84375,0.78125] : [0.03125,0.03125,0.03125]
INFO (Carpet): Global grid structure statistics:
INFO (Carpet): GF: rhs: 251k active, 492k owned (+96%), 1183k total (+140%), 128 steps/time
INFO (Carpet): GF: vars: 247, pts: 4428M active, 4904M owned (+11%), 7756M total (+58%), 1.0 comp/proc
INFO (Carpet): GA: vars: 1664, pts: 381M active, 381M total (+0%)
INFO (Carpet): Total required memory: 65.951 GByte (for GAs and currently active GFs)
INFO (Carpet): Load balance:  min     avg     max     sdv     max/avg-1
INFO (Carpet): Level  0:      32M     37M     41M      2M owned     11%
INFO (Carpet): Level  1:       1M      1M      1M      0M owned      6%
INFO (Carpet): Level  2:       1M      1M      1M      0M owned     10%
INFO (Carpet): Level  3:       1M      1M      1M      0M owned     10%
INFO (Carpet): Level  4:       1M      1M      1M      0M owned     11%
INFO (Carpet): Level  5:       1M      1M      1M      0M owned      2%
INFO (Carpet): Level  6:       1M      1M      1M      0M owned      5%
INFO (Carpet): Level  7:       0M      1M      1M      0M owned      7%
     1793    28.016 |   91.4798532 |    0.0299637    0.9988687 |       893      1153
     1794    28.031 |   91.4983636 |    0.0300610    0.9988687 |       893      1153
     1795    28.047 |   91.5176263 |    0.0302529    0.9988687 |       893      1153
     1796    28.062 |   91.5304719 |    0.0305390    0.9988687 |       893      1153
     1797    28.078 |   91.5317178 |    0.0309182    0.9988687 |       893      1153
     1798    28.094 |   91.5499270 |    0.0313892    0.9988687 |       893      1153
     1799    28.109 |   91.5695043 |    0.0319505    0.9988687 |       893      1153
------------------------------------------------------------------------------------
Iteration      Time | *me_per_hour |     LEANBSSNMOL::conf_fac | *TISTICS::maxrss_mb
                    |              |      minimum      maximum |   minimum   maximum
------------------------------------------------------------------------------------
     1800    28.125 |   91.5786181 |    0.0326004    0.9988687 |       893      1153
     1801    28.141 |   91.5622769 |    0.0333367    0.9988687 |       893      1153
     1802    28.156 |   91.5812941 |    0.0341573    0.9988687 |       893      1153
     1803    28.172 |   91.6006672 |    0.0350595    0.9988687 |       893      1153
     1804    28.188 |   91.6129486 |    0.0353262    0.9988687 |       893      1153
     1805    28.203 |   91.6155582 |    0.0345324    0.9988687 |       893      1153
     1806    28.219 |   91.6344582 |    0.0338253    0.9988687 |       893      1153
     1807    28.234 |   91.6499878 |    0.0332069    0.9988687 |       893      1153
     1808    28.250 |   91.6516745 |    0.0326790    0.9988687 |       893      1153
     1809    28.266 |   91.5968278 |    0.0322430    0.9988687 |       893      1153
     1810    28.281 |   91.6080218 |    0.0319001    0.9988687 |       893      1153
     1811    28.297 |   91.6273960 |    0.0316512    0.9988687 |       893      1153
     1812    28.312 |   91.6390379 |    0.0314969    0.9988687 |       893      1153
     1813    28.328 |   91.6394873 |    0.0314373    0.9988687 |       893      1153
     1814    28.344 |   91.6584323 |    0.0314723    0.9988687 |       893      1153
     1815    28.359 |   91.6770155 |    0.0316017    0.9988687 |       893      1153
     1816    28.375 |   91.6875359 |    0.0318246    0.9988687 |       893      1153
     1817    28.391 |   91.6714845 |    0.0321402    0.9988687 |       893      1153
     1818    28.406 |   91.6905426 |    0.0325471    0.9988687 |       893      1153
     1819    28.422 |   91.7097375 |    0.0330437    0.9988687 |       893      1153
------------------------------------------------------------------------------------
Iteration      Time | *me_per_hour |     LEANBSSNMOL::conf_fac | *TISTICS::maxrss_mb
                    |              |      minimum      maximum |   minimum   maximum
------------------------------------------------------------------------------------
     1820    28.438 |   91.7228952 |    0.0336283    0.9988687 |       893      1153
     1821    28.453 |   91.7251723 |    0.0342988    0.9988687 |       893      1153
     1822    28.469 |   91.7439775 |    0.0350528    0.9988687 |       893      1153
     1823    28.484 |   91.7629511 |    0.0358880    0.9988687 |       893      1153
     1824    28.500 |   91.7649813 |    0.0368016    0.9988687 |       893      1153
     1825    28.516 |   91.7199555 |    0.0377907    0.9988687 |       893      1153
     1826    28.531 |   91.7385023 |    0.0388523    0.9988687 |       893      1153
     1827    28.547 |   91.7571327 |    0.0399834    0.9988687 |       893      1153
     1828    28.562 |   91.7702933 |    0.0411806    0.9988687 |       893      1153
     1829    28.578 |   91.7724622 |    0.0409107    0.9988687 |       893      1153
     1830    28.594 |   91.7911807 |    0.0405386    0.9988687 |       893      1153
     1831    28.609 |   91.8101723 |    0.0397217    0.9988687 |       893      1153
     1832    28.625 |   91.8215733 |    0.0387472    0.9988687 |       893      1153
     1833    28.641 |   91.8036938 |    0.0378471    0.9988687 |       893      1153
     1834    28.656 |   91.8213075 |    0.0370239    0.9988687 |       893      1153
     1835    28.672 |   91.8395770 |    0.0362800    0.9988687 |       893      1153
     1836    28.688 |   91.8519667 |    0.0356179    0.9988687 |       893      1153
     1837    28.703 |   91.8543746 |    0.0350396    0.9988687 |       893      1153
     1838    28.719 |   91.8730334 |    0.0345460    0.9988687 |       893      1153
     1839    28.734 |   91.8918891 |    0.0340933    0.9988687 |       893      1153
------------------------------------------------------------------------------------
Iteration      Time | *me_per_hour |     LEANBSSNMOL::conf_fac | *TISTICS::maxrss_mb
                    |              |      minimum      maximum |   minimum   maximum
------------------------------------------------------------------------------------
     1840    28.750 |   91.8993986 |    0.0337283    0.9988687 |       893      1153
     1841    28.766 |   91.8690652 |    0.0334523    0.9988687 |       893      1153
     1842    28.781 |   91.8869937 |    0.0332662    0.9988687 |       893      1153
     1843    28.797 |   91.9054888 |    0.0331709    0.9988687 |       893      1153
     1844    28.812 |   91.9183981 |    0.0331666    0.9988687 |       893      1153
     1845    28.828 |   91.9200953 |    0.0332536    0.9988687 |       893      1153
     1846    28.844 |   91.9386348 |    0.0334317    0.9988687 |       893      1153
     1847    28.859 |   91.9574550 |    0.0337003    0.9988687 |       893      1153
     1848    28.875 |   91.9687860 |    0.0340589    0.9988687 |       893      1153
     1849    28.891 |   91.9511755 |    0.0345064    0.9988687 |       893      1153
     1850    28.906 |   91.9684247 |    0.0350415    0.9988687 |       893      1153
     1851    28.922 |   91.9875147 |    0.0356628    0.9988687 |       893      1153
     1852    28.938 |   91.9989582 |    0.0363683    0.9988687 |       893      1153
     1853    28.953 |   91.9994950 |    0.0357735    0.9988687 |       893      1153
     1854    28.969 |   92.0169472 |    0.0348188    0.9988687 |       893      1153
     1855    28.984 |   92.0358985 |    0.0339466    0.9988687 |       893      1153
     1856    29.000 |   92.0179589 |    0.0331593    0.9988687 |       893      1153
INFO (CarpetRegrid2): Centre 1 is at position [7.56411,2.1464,-0.0161173] with 8 levels
INFO (CarpetRegrid2): Centre 2 is at position [-7.56411,-2.1464,0.0161173] with 8 levels
INFO (CarpetRegrid2): Refined regions have not changed sufficiently; skipping regridding
INFO (CarpetRegrid2): Centre 1 is at position [7.56411,2.1464,-0.0161173] with 8 levels
INFO (CarpetRegrid2): Centre 2 is at position [-7.56411,-2.1464,0.0161173] with 8 levels
INFO (CarpetRegrid2): Refined regions have not changed sufficiently; skipping regridding
INFO (CarpetRegrid2): Centre 1 is at position [7.56411,2.1464,-0.0161173] with 8 levels
INFO (CarpetRegrid2): Centre 2 is at position [-7.56411,-2.1464,0.0161173] with 8 levels
INFO (CarpetRegrid2): Refined regions have not changed sufficiently; skipping regridding
INFO (CarpetRegrid2): Centre 1 is at position [7.56411,2.1464,-0.0161173] with 8 levels
INFO (CarpetRegrid2): Centre 2 is at position [-7.56411,-2.1464,0.0161173] with 8 levels
INFO (CarpetRegrid2): Refined regions have not changed sufficiently; skipping regridding
INFO (CarpetRegrid2): Centre 1 is at position [7.56411,2.1464,-0.0161173] with 8 levels
INFO (CarpetRegrid2): Centre 2 is at position [-7.56411,-2.1464,0.0161173] with 8 levels
INFO (CarpetRegrid2): Refined regions have not changed sufficiently; skipping regridding
INFO (CarpetRegrid2): Centre 1 is at position [7.56411,2.1464,-0.0161173] with 8 levels
INFO (CarpetRegrid2): Centre 2 is at position [-7.56411,-2.1464,0.0161173] with 8 levels
INFO (CarpetRegrid2): Refined regions have not changed sufficiently; skipping regridding
INFO (CarpetRegrid2): Centre 1 is at position [7.56411,2.1464,-0.0161173] with 8 levels
INFO (CarpetRegrid2): Centre 2 is at position [-7.56411,-2.1464,0.0161173] with 8 levels
INFO (CarpetRegrid2): Refined regions have not changed sufficiently; skipping regridding
INFO (CarpetRegrid2): Centre 1 is at position [7.56411,2.1464,-0.0161173] with 8 levels
INFO (CarpetRegrid2): Centre 2 is at position [-7.56411,-2.1464,0.0161173] with 8 levels
INFO (CarpetRegrid2): Refined regions have not changed sufficiently; skipping regridding
     1857    29.016 |   91.6136829 |    0.0324593    0.9988687 |       893      1153
     1858    29.031 |   91.6321485 |    0.0318489    0.9988687 |       893      1153
     1859    29.047 |   91.6510195 |    0.0313297    0.9988687 |       893      1153
------------------------------------------------------------------------------------
Iteration      Time | *me_per_hour |     LEANBSSNMOL::conf_fac | *TISTICS::maxrss_mb
                    |              |      minimum      maximum |   minimum   maximum
------------------------------------------------------------------------------------
     1860    29.062 |   91.6627024 |    0.0309034    0.9988687 |       893      1153
     1861    29.078 |   91.6651958 |    0.0305712    0.9988687 |       893      1153
     1862    29.094 |   91.6835421 |    0.0303341    0.9988687 |       893      1153
     1863    29.109 |   91.7024532 |    0.0301927    0.9988687 |       893      1153
     1864    29.125 |   91.7133056 |    0.0301474    0.9988687 |       893      1153
     1865    29.141 |   91.6936411 |    0.0301982    0.9988687 |       893      1153
     1866    29.156 |   91.7082044 |    0.0303448    0.9988687 |       893      1153
     1867    29.172 |   91.7229353 |    0.0305865    0.9988687 |       893      1153
     1868    29.188 |   91.7333751 |    0.0309225    0.9988687 |       893      1153
     1869    29.203 |   91.7316145 |    0.0313515    0.9988687 |       893      1153
     1870    29.219 |   91.7498467 |    0.0318720    0.9988687 |       893      1153
     1871    29.234 |   91.7681597 |    0.0324823    0.9988687 |       893      1153
     1872    29.250 |   91.7744449 |    0.0331803    0.9988687 |       893      1153
     1873    29.266 |   91.7431168 |    0.0339638    0.9988687 |       893      1153
     1874    29.281 |   91.7613860 |    0.0348303    0.9988687 |       893      1153
     1875    29.297 |   91.7797427 |    0.0357769    0.9988687 |       893      1153
     1876    29.312 |   91.7924098 |    0.0368010    0.9988687 |       893      1153
     1877    29.328 |   91.7948335 |    0.0375315    0.9988687 |       893      1153
     1878    29.344 |   91.8129439 |    0.0369037    0.9988687 |       893      1153
     1879    29.359 |   91.8313169 |    0.0363637    0.9988687 |       893      1153
------------------------------------------------------------------------------------
Iteration      Time | *me_per_hour |     LEANBSSNMOL::conf_fac | *TISTICS::maxrss_mb
                    |              |      minimum      maximum |   minimum   maximum
------------------------------------------------------------------------------------
     1880    29.375 |   91.8420615 |    0.0359129    0.9988687 |       893      1153
     1881    29.391 |   91.8266320 |    0.0355525    0.9988687 |       893      1153
     1882    29.406 |   91.8447721 |    0.0352834    0.9988687 |       893      1153
     1883    29.422 |   91.8636242 |    0.0351061    0.9988687 |       893      1153
     1884    29.438 |   91.8760156 |    0.0350209    0.9988687 |       893      1153
     1885    29.453 |   91.8781918 |    0.0350278    0.9988687 |       893      1153
     1886    29.469 |   91.8963933 |    0.0351263    0.9988687 |       893      1153
     1887    29.484 |   91.9148754 |    0.0353159    0.9988687 |       893      1153
     1888    29.500 |   91.9169506 |    0.0355956    0.9988687 |       893      1153
     1889    29.516 |   91.8734840 |    0.0359642    0.9988687 |       893      1153
     1890    29.531 |   91.8913446 |    0.0357237    0.9988687 |       893      1153
     1891    29.547 |   91.9093451 |    0.0354137    0.9988687 |       893      1153
     1892    29.562 |   91.9217696 |    0.0351914    0.9988687 |       893      1153
     1893    29.578 |   91.9231858 |    0.0350578    0.9988687 |       893      1153
     1894    29.594 |   91.9404849 |    0.0350135    0.9988687 |       893      1153
     1895    29.609 |   91.9589737 |    0.0350590    0.9988687 |       893      1153
     1896    29.625 |   91.9694092 |    0.0351943    0.9988687 |       893      1153
     1897    29.641 |   91.9542690 |    0.0354192    0.9988687 |       893      1153
     1898    29.656 |   91.9723496 |    0.0357333    0.9988687 |       893      1153
     1899    29.672 |   91.9908191 |    0.0361358    0.9988687 |       893      1153
------------------------------------------------------------------------------------
Iteration      Time | *me_per_hour |     LEANBSSNMOL::conf_fac | *TISTICS::maxrss_mb
                    |              |      minimum      maximum |   minimum   maximum
------------------------------------------------------------------------------------
     1900    29.688 |   92.0036354 |    0.0366258    0.9988687 |       893      1153
     1901    29.703 |   92.0058899 |    0.0370911    0.9988687 |       893      1153
     1902    29.719 |   92.0237346 |    0.0359484    0.9988687 |       893      1153
     1903    29.734 |   92.0419092 |    0.0348821    0.9988687 |       893      1153
     1904    29.750 |   92.0493592 |    0.0338954    0.9988687 |       893      1153
     1905    29.766 |   92.0197118 |    0.0329912    0.9988687 |       893      1153
     1906    29.781 |   92.0376694 |    0.0321725    0.9988687 |       893      1153
     1907    29.797 |   92.0558437 |    0.0314417    0.9988687 |       893      1153
     1908    29.812 |   92.0681693 |    0.0308011    0.9988687 |       893      1153
     1909    29.828 |   92.0701863 |    0.0302529    0.9988687 |       893      1153
     1910    29.844 |   92.0881713 |    0.0297988    0.9988687 |       893      1153
     1911    29.859 |   92.1064657 |    0.0294402    0.9988687 |       893      1153
     1912    29.875 |   92.1175292 |    0.0291783    0.9988687 |       893      1153
     1913    29.891 |   92.1024031 |    0.0290140    0.9988687 |       893      1153
     1914    29.906 |   92.1201976 |    0.0289476    0.9988687 |       893      1153
     1915    29.922 |   92.1329690 |    0.0289796    0.9988687 |       893      1153
     1916    29.938 |   92.1416883 |    0.0291095    0.9988687 |       893      1153
     1917    29.953 |   92.1340175 |    0.0293371    0.9988687 |       893      1153
     1918    29.969 |   92.1445148 |    0.0296615    0.9988687 |       893      1153
     1919    29.984 |   92.1602015 |    0.0300816    0.9988687 |       893      1153
------------------------------------------------------------------------------------
Iteration      Time | *me_per_hour |     LEANBSSNMOL::conf_fac | *TISTICS::maxrss_mb
                    |              |      minimum      maximum |   minimum   maximum
------------------------------------------------------------------------------------
     1920    30.000 |   92.1436873 |    0.0305960    0.9988687 |       893      1153
INFO (CarpetRegrid2): Centre 1 is at position [7.5292,2.22839,-0.0179189] with 8 levels
INFO (CarpetRegrid2): Centre 2 is at position [-7.5292,-2.22839,0.0179189] with 8 levels
INFO (CarpetRegrid2): Regridding level 0 map 0 at iteration 1921 time 30
INFO (CarpetRegrid2): Regridding levels 1 and up
INFO (CarpetRegrid2): Enforcing grid structure properties, iteration 0
INFO (CarpetRegrid2): Enforcing grid structure properties, iteration 0
INFO (CarpetRegrid2): Enforcing grid structure properties, iteration 0
INFO (CarpetRegrid2): Enforcing grid structure properties, iteration 0
INFO (CarpetRegrid2): Enforcing grid structure properties, iteration 0
INFO (CarpetRegrid2): Enforcing grid structure properties, iteration 1
INFO (CarpetRegrid2): Enforcing grid structure properties, iteration 0
INFO (CarpetRegrid2): Enforcing grid structure properties, iteration 0
INFO (CarpetRegrid2): Enforcing grid structure properties, iteration 1
INFO (Carpet): Grid structure (superregions, grid points):
   [0][0][0]   exterior: [0,0,0] : [260,260,260]   ([261,261,261] + PADDING) 17779581
   [1][0][0]   exterior: [215,218,219] : [305,302,301]   ([91,85,83] + PADDING) 642005
   [2][0][0]   exterior: [479,485,487] : [561,555,553]   ([83,71,67] + PADDING) 394831
   [3][0][0]   exterior: [992,1003,1007] : [1088,1077,1073]   ([97,75,67] + PADDING) 487425
   [4][0][0]   exterior: [2078,2056,2047] : [2143,2121,2047]   ([66,66,1] + PADDING) 4356
   [4][0][1]   exterior: [2017,2039,2048] : [2082,2055,2112]   ([66,17,65] + PADDING) 72930
   [4][0][2]   exterior: [2017,2056,2048] : [2143,2104,2112]   ([127,49,65] + PADDING) 404495
   [4][0][3]   exterior: [2078,2105,2048] : [2143,2121,2112]   ([66,17,65] + PADDING) 72930
   [4][0][4]   exterior: [2017,2039,2113] : [2082,2104,2113]   ([66,66,1] + PADDING) 4356
   [5][0][0]   exterior: [4189,4146,4128] : [4252,4209,4191]   ([64,64,64] + PADDING) 262144
   [5][0][1]   exterior: [4068,4111,4129] : [4131,4174,4192]   ([64,64,64] + PADDING) 262144
   [6][0][0]   exterior: [8411,8326,8290] : [8470,8385,8349]   ([60,60,60] + PADDING) 216000
   [6][0][1]   exterior: [8170,8255,8291] : [8229,8314,8350]   ([60,60,60] + PADDING) 216000
   [7][0][0]   exterior: [16856,16686,16614] : [16906,16736,16664]   ([51,51,51] + PADDING) 132651
   [7][0][1]   exterior: [16374,16544,16616] : [16424,16594,16666]   ([51,51,51] + PADDING) 132651
INFO (Carpet): Grid structure (superregions, coordinates):
   [0][0][0]   exterior: [-520,-520,-520] : [520,520,520] : [4,4,4]
   [1][0][0]   exterior: [-90,-84,-82] : [90,84,82] : [2,2,2]
   [2][0][0]   exterior: [-41,-35,-33] : [41,35,33] : [1,1,1]
   [3][0][0]   exterior: [-24,-18.5,-16.5] : [24,18.5,16.5] : [0.5,0.5,0.5]
   [4][0][0]   exterior: [-0.5,-6,-8.25] : [15.75,10.25,-8.25] : [0.25,0.25,0.25]
   [4][0][1]   exterior: [-15.75,-10.25,-8] : [0.5,-6.25,8] : [0.25,0.25,0.25]
   [4][0][2]   exterior: [-15.75,-6,-8] : [15.75,6,8] : [0.25,0.25,0.25]
   [4][0][3]   exterior: [-0.5,6.25,-8] : [15.75,10.25,8] : [0.25,0.25,0.25]
   [4][0][4]   exterior: [-15.75,-10.25,8.25] : [0.5,6,8.25] : [0.25,0.25,0.25]
   [5][0][0]   exterior: [3.625,-1.75,-4] : [11.5,6.125,3.875] : [0.125,0.125,0.125]
   [5][0][1]   exterior: [-11.5,-6.125,-3.875] : [-3.625,1.75,4] : [0.125,0.125,0.125]
   [6][0][0]   exterior: [5.6875,0.375,-1.875] : [9.375,4.0625,1.8125] : [0.0625,0.0625,0.0625]
   [6][0][1]   exterior: [-9.375,-4.0625,-1.8125] : [-5.6875,-0.375,1.875] : [0.0625,0.0625,0.0625]
   [7][0][0]   exterior: [6.75,1.4375,-0.8125] : [8.3125,3,0.75] : [0.03125,0.03125,0.03125]
   [7][0][1]   exterior: [-8.3125,-3,-0.75] : [-6.75,-1.4375,0.8125] : [0.03125,0.03125,0.03125]
INFO (Carpet): Global grid structure statistics:
INFO (Carpet): GF: rhs: 254k active, 497k owned (+96%), 1195k total (+140%), 128 steps/time
INFO (Carpet): GF: vars: 247, pts: 4432M active, 4912M owned (+11%), 7784M total (+58%), 1.0 comp/proc
INFO (Carpet): GA: vars: 1664, pts: 381M active, 381M total (+0%)
INFO (Carpet): Total required memory: 66.167 GByte (for GAs and currently active GFs)
INFO (Carpet): Load balance:  min     avg     max     sdv     max/avg-1
INFO (Carpet): Level  0:      32M     37M     41M      2M owned     11%
INFO (Carpet): Level  1:       1M      1M      1M      0M owned      6%
INFO (Carpet): Level  2:       1M      1M      1M      0M owned     10%
INFO (Carpet): Level  3:       1M      1M      1M      0M owned     10%
INFO (Carpet): Level  4:       1M      1M      1M      0M owned      9%
INFO (Carpet): Level  5:       1M      1M      1M      0M owned      5%
INFO (Carpet): Level  6:       1M      1M      1M      0M owned      1%
INFO (Carpet): Level  7:       0M      1M      1M      0M owned      7%
     1921    30.016 |   91.5500755 |    0.0312029    0.9988687 |       908      1153
     1922    30.031 |   91.5661396 |    0.0319004    0.9988687 |       908      1153
     1923    30.047 |   91.5826741 |    0.0326862    0.9988687 |       908      1153
     1924    30.062 |   91.5935523 |    0.0335578    0.9988687 |       908      1153
     1925    30.078 |   91.5941959 |    0.0345125    0.9988687 |       908      1153
     1926    30.094 |   91.6114426 |    0.0347135    0.9988687 |       908      1153
     1927    30.109 |   91.6286318 |    0.0339666    0.9988687 |       908      1153
     1928    30.125 |   91.6374703 |    0.0333097    0.9988687 |       908      1153
     1929    30.141 |   91.6179522 |    0.0327448    0.9988687 |       908      1154
     1930    30.156 |   91.6350833 |    0.0322734    0.9988687 |       908      1154
     1931    30.172 |   91.6522532 |    0.0318969    0.9988687 |       908      1154
     1932    30.188 |   91.6635667 |    0.0316164    0.9988687 |       908      1154
     1933    30.203 |   91.6639974 |    0.0314325    0.9988687 |       908      1154
     1934    30.219 |   91.6810349 |    0.0313456    0.9988687 |       908      1154
     1935    30.234 |   91.6981326 |    0.0313556    0.9988687 |       908      1154
     1936    30.250 |   91.7031523 |    0.0314623    0.9988687 |       908      1154
     1937    30.266 |   91.6694899 |    0.0316650    0.9988687 |       908      1154
     1938    30.281 |   91.6861132 |    0.0319628    0.9988687 |       908      1154
     1939    30.297 |   91.7032445 |    0.0323544    0.9988687 |       908      1154
------------------------------------------------------------------------------------
Iteration      Time | *me_per_hour |     LEANBSSNMOL::conf_fac | *TISTICS::maxrss_mb
                    |              |      minimum      maximum |   minimum   maximum
------------------------------------------------------------------------------------
     1940    30.312 |   91.7144620 |    0.0328382    0.9988687 |       908      1154
     1941    30.328 |   91.7150740 |    0.0334125    0.9988687 |       908      1154
     1942    30.344 |   91.7323853 |    0.0340752    0.9988687 |       908      1154
     1943    30.359 |   91.7494180 |    0.0348238    0.9988687 |       908      1154
     1944    30.375 |   91.7583483 |    0.0356559    0.9988687 |       908      1154
     1945    30.391 |   91.7375348 |    0.0365687    0.9988687 |       908      1154
     1946    30.406 |   91.7533421 |    0.0373375    0.9988687 |       908      1154
     1947    30.422 |   91.7704451 |    0.0375319    0.9988687 |       908      1154
     1948    30.438 |   91.7813785 |    0.0378141    0.9988687 |       908      1154
     1949    30.453 |   91.7823242 |    0.0381835    0.9988687 |       908      1154
     1950    30.469 |   91.7985097 |    0.0381118    0.9988687 |       908      1154
     1951    30.484 |   91.8153887 |    0.0368846    0.9988687 |       908      1154
     1952    30.500 |   91.8151856 |    0.0357301    0.9988687 |       908      1154
     1953    30.516 |   91.7693204 |    0.0346515    0.9988687 |       908      1154
     1954    30.531 |   91.7865249 |    0.0336523    0.9988687 |       908      1154
     1955    30.547 |   91.8034648 |    0.0327355    0.9988687 |       908      1154
     1956    30.562 |   91.8145964 |    0.0319040    0.9988687 |       908      1154
     1957    30.578 |   91.8150027 |    0.0311607    0.9988687 |       908      1154
     1958    30.594 |   91.8322403 |    0.0305078    0.9988687 |       908      1154
     1959    30.609 |   91.8489567 |    0.0299477    0.9988687 |       908      1154
------------------------------------------------------------------------------------
Iteration      Time | *me_per_hour |     LEANBSSNMOL::conf_fac | *TISTICS::maxrss_mb
                    |              |      minimum      maximum |   minimum   maximum
------------------------------------------------------------------------------------
     1960    30.625 |   91.8575521 |    0.0294821    0.9988687 |       908      1154
     1961    30.641 |   91.8388966 |    0.0291128    0.9988687 |       908      1154
     1962    30.656 |   91.8554536 |    0.0288409    0.9988687 |       908      1154
     1963    30.672 |   91.8722397 |    0.0286675    0.9988687 |       908      1154
     1964    30.688 |   91.8839957 |    0.0285932    0.9988687 |       908      1154
     1965    30.703 |   91.8844763 |    0.0286183    0.9988687 |       908      1154
     1966    30.719 |   91.9015385 |    0.0287428    0.9988687 |       908      1154
     1967    30.734 |   91.9181567 |    0.0289662    0.9988687 |       908      1154
     1968    30.750 |   91.9219174 |    0.0292879    0.9988687 |       908      1154
     1969    30.766 |   91.8874218 |    0.0297069    0.9988687 |       908      1154
     1970    30.781 |   91.9041282 |    0.0302218    0.9988687 |       908      1154
     1971    30.797 |   91.9209740 |    0.0308309    0.9988687 |       908      1154
     1972    30.812 |   91.9326514 |    0.0315323    0.9988687 |       908      1154
     1973    30.828 |   91.9332792 |    0.0323237    0.9988687 |       908      1154
     1974    30.844 |   91.9502155 |    0.0332026    0.9988687 |       908      1154
     1975    30.859 |   91.9669394 |    0.0329861    0.9988687 |       908      1154
     1976    30.875 |   91.9756244 |    0.0321354    0.9988687 |       908      1154
     1977    30.891 |   91.9567226 |    0.0313757    0.9988687 |       908      1154
     1978    30.906 |   91.9730695 |    0.0307092    0.9988687 |       908      1154
     1979    30.922 |   91.9895369 |    0.0301382    0.9988687 |       908      1154
------------------------------------------------------------------------------------
Iteration      Time | *me_per_hour |     LEANBSSNMOL::conf_fac | *TISTICS::maxrss_mb
                    |              |      minimum      maximum |   minimum   maximum
------------------------------------------------------------------------------------
     1980    30.938 |   92.0004341 |    0.0296642    0.9988687 |       908      1154
     1981    30.953 |   92.0014169 |    0.0292888    0.9988687 |       908      1154
     1982    30.969 |   92.0182131 |    0.0290130    0.9988687 |       908      1154
     1983    30.984 |   92.0349061 |    0.0288376    0.9988687 |       908      1154
     1984    31.000 |   92.0154421 |    0.0287630    0.9988687 |       908      1154
INFO (CarpetRegrid2): Centre 1 is at position [7.49287,2.31024,-0.019733] with 8 levels
INFO (CarpetRegrid2): Centre 2 is at position [-7.49287,-2.31024,0.019733] with 8 levels
INFO (CarpetRegrid2): Refined regions have not changed sufficiently; skipping regridding
INFO (CarpetRegrid2): Centre 1 is at position [7.49287,2.31024,-0.019733] with 8 levels
INFO (CarpetRegrid2): Centre 2 is at position [-7.49287,-2.31024,0.019733] with 8 levels
INFO (CarpetRegrid2): Refined regions have not changed sufficiently; skipping regridding
INFO (CarpetRegrid2): Centre 1 is at position [7.49287,2.31024,-0.019733] with 8 levels
INFO (CarpetRegrid2): Centre 2 is at position [-7.49287,-2.31024,0.019733] with 8 levels
INFO (CarpetRegrid2): Refined regions have not changed sufficiently; skipping regridding
INFO (CarpetRegrid2): Centre 1 is at position [7.49287,2.31024,-0.019733] with 8 levels
INFO (CarpetRegrid2): Centre 2 is at position [-7.49287,-2.31024,0.019733] with 8 levels
INFO (CarpetRegrid2): Refined regions have not changed sufficiently; skipping regridding
INFO (CarpetRegrid2): Centre 1 is at position [7.49287,2.31024,-0.019733] with 8 levels
INFO (CarpetRegrid2): Centre 2 is at position [-7.49287,-2.31024,0.019733] with 8 levels
INFO (CarpetRegrid2): Refined regions have not changed sufficiently; skipping regridding
INFO (CarpetRegrid2): Centre 1 is at position [7.49287,2.31024,-0.019733] with 8 levels
INFO (CarpetRegrid2): Centre 2 is at position [-7.49287,-2.31024,0.019733] with 8 levels
INFO (CarpetRegrid2): Refined regions have not changed sufficiently; skipping regridding
INFO (CarpetRegrid2): Centre 1 is at position [7.49287,2.31024,-0.019733] with 8 levels
INFO (CarpetRegrid2): Centre 2 is at position [-7.49287,-2.31024,0.019733] with 8 levels
INFO (CarpetRegrid2): Refined regions have not changed sufficiently; skipping regridding
INFO (CarpetRegrid2): Centre 1 is at position [7.49287,2.31024,-0.019733] with 8 levels
INFO (CarpetRegrid2): Centre 2 is at position [-7.49287,-2.31024,0.019733] with 8 levels
INFO (CarpetRegrid2): Refined regions have not changed sufficiently; skipping regridding
     1985    31.016 |   91.7045504 |    0.0287892    0.9988687 |       908      1154
     1986    31.031 |   91.7206680 |    0.0289158    0.9988687 |       908      1154
     1987    31.047 |   91.7371854 |    0.0291423    0.9988687 |       908      1154
     1988    31.062 |   91.7487638 |    0.0294676    0.9988687 |       908      1154
     1989    31.078 |   91.7493766 |    0.0298904    0.9988687 |       908      1154
     1990    31.094 |   91.7663173 |    0.0304090    0.9988687 |       908      1154
     1991    31.109 |   91.7828554 |    0.0310216    0.9988687 |       908      1154
     1992    31.125 |   91.7912195 |    0.0317258    0.9988687 |       908      1154
     1993    31.141 |   91.7714972 |    0.0325192    0.9988687 |       908      1154
     1994    31.156 |   91.7885587 |    0.0333990    0.9988687 |       908      1154
     1995    31.172 |   91.8051973 |    0.0343624    0.9988687 |       908      1154
     1996    31.188 |   91.8161867 |    0.0354060    0.9988687 |       908      1154
     1997    31.203 |   91.8170781 |    0.0365267    0.9988687 |       908      1154
     1998    31.219 |   91.8339341 |    0.0377210    0.9988687 |       908      1154
     1999    31.234 |   91.8501341 |    0.0389852    0.9988687 |       908      1154
------------------------------------------------------------------------------------
Iteration      Time | *me_per_hour |     LEANBSSNMOL::conf_fac | *TISTICS::maxrss_mb
                    |              |      minimum      maximum |   minimum   maximum
------------------------------------------------------------------------------------
     2000    31.250 |   91.8539296 |    0.0380726    0.9988687 |       908      1154
     2001    31.266 |   91.8218179 |    0.0368484    0.9988687 |       908      1154
     2002    31.281 |   91.8385506 |    0.0356968    0.9988687 |       908      1154
     2003    31.297 |   91.8546743 |    0.0346212    0.9988687 |       908      1154
     2004    31.312 |   91.8654855 |    0.0336250    0.9988687 |       908      1154
     2005    31.328 |   91.8661329 |    0.0327114    0.9988687 |       908      1154
     2006    31.344 |   91.8828479 |    0.0318834    0.9988687 |       908      1154
     2007    31.359 |   91.8989379 |    0.0311438    0.9988687 |       908      1154
     2008    31.375 |   91.9060282 |    0.0304950    0.9988687 |       908      1154
     2009    31.391 |   91.8786769 |    0.0299394    0.9988687 |       908      1154
     2010    31.406 |   91.8884684 |    0.0294789    0.9988687 |       908      1154
     2011    31.422 |   91.8987112 |    0.0291151    0.9988687 |       908      1154
     2012    31.438 |   91.9056670 |    0.0288496    0.9988687 |       908      1154
     2013    31.453 |   91.9063244 |    0.0286832    0.9988687 |       908      1154
     2014    31.469 |   91.9226077 |    0.0286167    0.9988687 |       908      1154
     2015    31.484 |   91.9390074 |    0.0286504    0.9988687 |       908      1154
     2016    31.500 |   91.9387428 |    0.0287844    0.9988687 |       909      1154
     2017    31.516 |   91.8943963 |    0.0290183    0.9988687 |       909      1154
     2018    31.531 |   91.9111794 |    0.0293514    0.9988687 |       909      1154
     2019    31.547 |   91.9271960 |    0.0297827    0.9988687 |       909      1154
------------------------------------------------------------------------------------
Iteration      Time | *me_per_hour |     LEANBSSNMOL::conf_fac | *TISTICS::maxrss_mb
                    |              |      minimum      maximum |   minimum   maximum
------------------------------------------------------------------------------------
     2020    31.562 |   91.9355042 |    0.0303109    0.9988687 |       909      1154
     2021    31.578 |   91.9360031 |    0.0309343    0.9988687 |       909      1154
     2022    31.594 |   91.9527673 |    0.0316510    0.9988687 |       909      1154
     2023    31.609 |   91.9690878 |    0.0324586    0.9988687 |       909      1154
     2024    31.625 |   91.9775212 |    0.0319738    0.9988687 |       909      1154
     2025    31.641 |   91.9589801 |    0.0310370    0.9988687 |       909      1154
     2026    31.656 |   91.9742185 |    0.0301914    0.9988687 |       909      1154
     2027    31.672 |   91.9908056 |    0.0294396    0.9988687 |       909      1154
     2028    31.688 |   92.0018267 |    0.0287841    0.9988687 |       909      1154
     2029    31.703 |   92.0022945 |    0.0282270    0.9988687 |       909      1154
     2030    31.719 |   92.0189793 |    0.0277702    0.9988687 |       909      1154
     2031    31.734 |   92.0351546 |    0.0274150    0.9988687 |       909      1154
     2032    31.750 |   92.0397232 |    0.0271626    0.9988687 |       909      1154
     2033    31.766 |   92.0083032 |    0.0270136    0.9988687 |       909      1154
     2034    31.781 |   92.0246521 |    0.0269685    0.9988687 |       909      1154
     2035    31.797 |   92.0410255 |    0.0270272    0.9988687 |       909      1154
     2036    31.812 |   92.0510343 |    0.0271893    0.9988687 |       909      1154
     2037    31.828 |   92.0517385 |    0.0274541    0.9988687 |       909      1154
     2038    31.844 |   92.0681926 |    0.0278205    0.9988687 |       909      1154
     2039    31.859 |   92.0843632 |    0.0282870    0.9988687 |       909      1154
------------------------------------------------------------------------------------
Iteration      Time | *me_per_hour |     LEANBSSNMOL::conf_fac | *TISTICS::maxrss_mb
                    |              |      minimum      maximum |   minimum   maximum
------------------------------------------------------------------------------------
     2040    31.875 |   92.0928680 |    0.0288518    0.9988687 |       909      1154
     2041    31.891 |   92.0743016 |    0.0295128    0.9988687 |       909      1154
     2042    31.906 |   92.0901177 |    0.0302677    0.9988687 |       909      1154
     2043    31.922 |   92.1065950 |    0.0311137    0.9988687 |       909      1154
     2044    31.938 |   92.1173285 |    0.0320480    0.9988687 |       909      1154
     2045    31.953 |   92.1181533 |    0.0330674    0.9988687 |       909      1154
     2046    31.969 |   92.1344600 |    0.0341685    0.9988687 |       909      1154
     2047    31.984 |   92.1505630 |    0.0353479    0.9988687 |       909      1154
INFO (AHFinderDirect): proc 0: searching for horizon 1/6
INFO (AHFinderDirect): AH 3/6: r=78.9936 at (0.000000,0.000000,-0.000000)
INFO (AHFinderDirect): AH 3/6: area=80424.76872 m_irreducible=39.9999992
INFO (AHFinderDirect): AH 4/6: r=98.994 at (0.000000,-0.000000,-0.000000)
INFO (AHFinderDirect): AH 4/6: area=125663.7047 m_irreducible=49.9999997
INFO (AHFinderDirect): AH 5/6: r=178.995 at (0.000000,-0.000000,-0.000000)
INFO (AHFinderDirect): AH 5/6: area=407150.4077 m_irreducible=89.99999998
INFO (AHFinderDirect): AH 6/6: r=238.995 at (0.000000,-0.000000,-0.000000)
INFO (AHFinderDirect): AH 6/6: area=723822.9473 m_irreducible=120
INFO (AHFinderDirect): AH 1/6: r=0.404918 at (7.456559,2.389035,-0.021492)
INFO (AHFinderDirect): AH 1/6: area=11.27499173 m_irreducible=0.4736125352
INFO (AHFinderDirect): AH 2/6: r=0.404918 at (-7.456559,-2.389035,0.021492)
INFO (AHFinderDirect): AH 2/6: area=11.27499173 m_irreducible=0.4736125352
INFO (QuasiLocalMeasures): Calculating quasi-local quantities for surface    0
INFO (QuasiLocalMeasures): Importing from spherical surface    0
INFO (QuasiLocalMeasures): Geometric quantities for surface    0:
INFO (QuasiLocalMeasures):    Area A:                            11.2750
INFO (QuasiLocalMeasures):    Irreducible mass M = R/2:         0.473612
INFO (QuasiLocalMeasures):    Areal radius R = sqrt(A/4pi):     0.947224
INFO (QuasiLocalMeasures): Coordinate-dependent quantities for surface    0:
INFO (QuasiLocalMeasures):    Equatorial circumference:             5.95141
INFO (QuasiLocalMeasures):    Polar circumference at phi=0:         5.96089
INFO (QuasiLocalMeasures):    Polar circumference at phi=pi/2:      5.92775
INFO (QuasiLocalMeasures):    No valid spin guess from distortion.
INFO (QuasiLocalMeasures):    (Spin guess is imaginary.)
INFO (QuasiLocalMeasures):    Magnitude of invalid spin guess:     0.345331E-02
INFO (QuasiLocalMeasures):    Mass guess M from distortion:        0.473598
INFO (QuasiLocalMeasures): Isolated Horizon quantities for surface    0:
INFO (QuasiLocalMeasures):    Killing vector field eigenvalue norm:      1.00026
INFO (QuasiLocalMeasures):    Spin J:                                  -0.237635E-04
INFO (QuasiLocalMeasures):    Kerr spin parameter a = J/M:             -0.501750E-04
INFO (QuasiLocalMeasures):    Dimensionless spin parameter a = J/M^2:  -0.105941E-03
INFO (QuasiLocalMeasures):    Spin J from NP:                          -0.174818E-03
INFO (QuasiLocalMeasures):    Spin J from phi-coordinate-vector:         0.00000
INFO (QuasiLocalMeasures):    Mass M:                                   0.473612
INFO (QuasiLocalMeasures): Global quantities for surface    0:
INFO (QuasiLocalMeasures):    ADM energy:                 -1.36240
INFO (QuasiLocalMeasures):    ADM momentum x:            -0.353916E-02
INFO (QuasiLocalMeasures):    ADM momentum y:             0.631241E-02
INFO (QuasiLocalMeasures):    ADM momentum z:            -0.147345E-03
INFO (QuasiLocalMeasures):    ADM angular momentum x:    -0.164987E-03
INFO (QuasiLocalMeasures):    ADM angular momentum y:     0.872056E-03
INFO (QuasiLocalMeasures):    ADM angular momentum z:     0.425797E-01
INFO (QuasiLocalMeasures):    Weinberg energy:                  3.34786
INFO (QuasiLocalMeasures):    Weinberg momentum x:            -0.178355E-01
INFO (QuasiLocalMeasures):    Weinberg momentum y:             0.329480E-01
INFO (QuasiLocalMeasures):    Weinberg momentum z:            -0.781867E-03
INFO (QuasiLocalMeasures):    Weinberg angular momentum x:    -0.165135E-02
INFO (QuasiLocalMeasures):    Weinberg angular momentum y:     0.853549E-02
INFO (QuasiLocalMeasures):    Weinberg angular momentum z:     0.392784
     2048    32.000 |   91.6166489 |    0.0365577    0.9988687 |       909      1206
INFO (CarpetRegrid2): Centre 1 is at position [7.45515,2.39194,-0.0215612] with 8 levels
INFO (CarpetRegrid2): Centre 2 is at position [-7.45515,-2.39194,0.0215612] with 8 levels
INFO (CarpetRegrid2): Regridding level 0 map 0 at iteration 2049 time 32
INFO (CarpetRegrid2): Regridding levels 1 and up
INFO (CarpetRegrid2): Enforcing grid structure properties, iteration 0
INFO (CarpetRegrid2): Enforcing grid structure properties, iteration 0
INFO (CarpetRegrid2): Enforcing grid structure properties, iteration 0
INFO (CarpetRegrid2): Enforcing grid structure properties, iteration 0
INFO (CarpetRegrid2): Enforcing grid structure properties, iteration 0
INFO (CarpetRegrid2): Enforcing grid structure properties, iteration 1
INFO (CarpetRegrid2): Enforcing grid structure properties, iteration 0
INFO (CarpetRegrid2): Enforcing grid structure properties, iteration 0
INFO (CarpetRegrid2): Enforcing grid structure properties, iteration 1
INFO (Carpet): Grid structure (superregions, grid points):
   [0][0][0]   exterior: [0,0,0] : [260,260,260]   ([261,261,261] + PADDING) 17779581
   [1][0][0]   exterior: [215,218,219] : [305,302,301]   ([91,85,83] + PADDING) 642005
   [2][0][0]   exterior: [479,484,487] : [561,556,553]   ([83,73,67] + PADDING) 405953
   [3][0][0]   exterior: [992,1002,1007] : [1088,1078,1073]   ([97,77,67] + PADDING) 500423
   [4][0][0]   exterior: [2077,2057,2047] : [2142,2122,2047]   ([66,66,1] + PADDING) 4356
   [4][0][1]   exterior: [2018,2038,2048] : [2083,2056,2112]   ([66,19,65] + PADDING) 81510
   [4][0][2]   exterior: [2018,2057,2048] : [2142,2103,2112]   ([125,47,65] + PADDING) 381875
   [4][0][3]   exterior: [2077,2104,2048] : [2142,2122,2112]   ([66,19,65] + PADDING) 81510
   [4][0][4]   exterior: [2018,2038,2113] : [2083,2103,2113]   ([66,66,1] + PADDING) 4356
   [5][0][0]   exterior: [4188,4148,4128] : [4251,4211,4191]   ([64,64,64] + PADDING) 262144
   [5][0][1]   exterior: [4069,4109,4129] : [4132,4172,4192]   ([64,64,64] + PADDING) 262144
   [6][0][0]   exterior: [8410,8329,8290] : [8469,8388,8349]   ([60,60,60] + PADDING) 216000
   [6][0][1]   exterior: [8171,8252,8291] : [8230,8311,8350]   ([60,60,60] + PADDING) 216000
   [7][0][0]   exterior: [16854,16692,16614] : [16904,16742,16664]   ([51,51,51] + PADDING) 132651
   [7][0][1]   exterior: [16376,16538,16616] : [16426,16588,16666]   ([51,51,51] + PADDING) 132651
INFO (Carpet): Grid structure (superregions, coordinates):
   [0][0][0]   exterior: [-520,-520,-520] : [520,520,520] : [4,4,4]
   [1][0][0]   exterior: [-90,-84,-82] : [90,84,82] : [2,2,2]
   [2][0][0]   exterior: [-41,-36,-33] : [41,36,33] : [1,1,1]
   [3][0][0]   exterior: [-24,-19,-16.5] : [24,19,16.5] : [0.5,0.5,0.5]
   [4][0][0]   exterior: [-0.75,-5.75,-8.25] : [15.5,10.5,-8.25] : [0.25,0.25,0.25]
   [4][0][1]   exterior: [-15.5,-10.5,-8] : [0.75,-6,8] : [0.25,0.25,0.25]
   [4][0][2]   exterior: [-15.5,-5.75,-8] : [15.5,5.75,8] : [0.25,0.25,0.25]
   [4][0][3]   exterior: [-0.75,6,-8] : [15.5,10.5,8] : [0.25,0.25,0.25]
   [4][0][4]   exterior: [-15.5,-10.5,8.25] : [0.75,5.75,8.25] : [0.25,0.25,0.25]
   [5][0][0]   exterior: [3.5,-1.5,-4] : [11.375,6.375,3.875] : [0.125,0.125,0.125]
   [5][0][1]   exterior: [-11.375,-6.375,-3.875] : [-3.5,1.5,4] : [0.125,0.125,0.125]
   [6][0][0]   exterior: [5.625,0.5625,-1.875] : [9.3125,4.25,1.8125] : [0.0625,0.0625,0.0625]
   [6][0][1]   exterior: [-9.3125,-4.25,-1.8125] : [-5.625,-0.5625,1.875] : [0.0625,0.0625,0.0625]
   [7][0][0]   exterior: [6.6875,1.625,-0.8125] : [8.25,3.1875,0.75] : [0.03125,0.03125,0.03125]
   [7][0][1]   exterior: [-8.25,-3.1875,-0.75] : [-6.6875,-1.625,0.8125] : [0.03125,0.03125,0.03125]
INFO (Carpet): Global grid structure statistics:
INFO (Carpet): GF: rhs: 254k active, 497k owned (+96%), 1196k total (+140%), 128 steps/time
INFO (Carpet): GF: vars: 247, pts: 4435M active, 4917M owned (+11%), 7792M total (+58%), 1.0 comp/proc
INFO (Carpet): GA: vars: 1664, pts: 381M active, 381M total (+0%)
INFO (Carpet): Total required memory: 66.237 GByte (for GAs and currently active GFs)
INFO (Carpet): Load balance:  min     avg     max     sdv     max/avg-1
INFO (Carpet): Level  0:      32M     37M     41M      2M owned     11%
INFO (Carpet): Level  1:       1M      1M      1M      0M owned      6%
INFO (Carpet): Level  2:       1M      1M      1M      0M owned     15%
INFO (Carpet): Level  3:       1M      1M      1M      0M owned     10%
INFO (Carpet): Level  4:       1M      1M      1M      0M owned     10%
INFO (Carpet): Level  5:       1M      1M      1M      0M owned      5%
INFO (Carpet): Level  6:       1M      1M      1M      0M owned      1%
INFO (Carpet): Level  7:       0M      1M      1M      0M owned      7%
     2049    32.016 |   91.0184118 |    0.0360552    0.9988687 |       909      1247
     2050    32.031 |   91.0341665 |    0.0356466    0.9988687 |       909      1247
     2051    32.047 |   91.0499474 |    0.0353329    0.9988687 |       909      1247
     2052    32.062 |   91.0614615 |    0.0351149    0.9988687 |       909      1247
     2053    32.078 |   91.0624483 |    0.0344281    0.9988687 |       909      1247
     2054    32.094 |   91.0793995 |    0.0334486    0.9988687 |       909      1247
     2055    32.109 |   91.0954060 |    0.0325526    0.9988687 |       909      1247
     2056    32.125 |   91.1019261 |    0.0317430    0.9988687 |       909      1248
     2057    32.141 |   91.0850078 |    0.0310228    0.9988687 |       909      1248
     2058    32.156 |   91.1006377 |    0.0303943    0.9988687 |       909      1248
     2059    32.172 |   91.1165104 |    0.0298600    0.9988687 |       909      1248
------------------------------------------------------------------------------------
Iteration      Time | *me_per_hour |     LEANBSSNMOL::conf_fac | *TISTICS::maxrss_mb
                    |              |      minimum      maximum |   minimum   maximum
------------------------------------------------------------------------------------
     2060    32.188 |   91.1278223 |    0.0294218    0.9988687 |       909      1248
     2061    32.203 |   91.1286400 |    0.0290813    0.9988687 |       909      1248
     2062    32.219 |   91.1452464 |    0.0288400    0.9988687 |       909      1248
     2063    32.234 |   91.1613387 |    0.0286988    0.9988687 |       909      1248
     2064    32.250 |   91.1630732 |    0.0286585    0.9988687 |       909      1250
     2065    32.266 |   91.1317619 |    0.0287193    0.9988687 |       909      1250
     2066    32.281 |   91.1480397 |    0.0288813    0.9988687 |       909      1250
     2067    32.297 |   91.1633396 |    0.0291440    0.9988687 |       909      1250
     2068    32.312 |   91.1753689 |    0.0295068    0.9988687 |       909      1250
     2069    32.328 |   91.1761152 |    0.0299684    0.9988687 |       909      1250
     2070    32.344 |   91.1929392 |    0.0305277    0.9988687 |       909      1250
     2071    32.359 |   91.2088817 |    0.0311827    0.9988687 |       909      1250
     2072    32.375 |   91.2159282 |    0.0319314    0.9988687 |       909      1252
     2073    32.391 |   91.1980705 |    0.0313380    0.9988687 |       909      1252
     2074    32.406 |   91.2145147 |    0.0303338    0.9988687 |       909      1252
     2075    32.422 |   91.2295927 |    0.0294207    0.9988687 |       909      1252
     2076    32.438 |   91.2409915 |    0.0286017    0.9988687 |       909      1252
     2077    32.453 |   91.2424844 |    0.0278797    0.9988687 |       909      1252
     2078    32.469 |   91.2588320 |    0.0272571    0.9988687 |       909      1252
     2079    32.484 |   91.2745702 |    0.0267359    0.9988687 |       909      1252
------------------------------------------------------------------------------------
Iteration      Time | *me_per_hour |     LEANBSSNMOL::conf_fac | *TISTICS::maxrss_mb
                    |              |      minimum      maximum |   minimum   maximum
------------------------------------------------------------------------------------
     2080    32.500 |   91.2712056 |    0.0263178    0.9988687 |       909      1252
     2081    32.516 |   91.2272990 |    0.0260044    0.9988687 |       909      1252
     2082    32.531 |   91.2432555 |    0.0257965    0.9988687 |       909      1252
     2083    32.547 |   91.2593396 |    0.0256948    0.9988687 |       909      1252
     2084    32.562 |   91.2706320 |    0.0256995    0.9988687 |       909      1252
     2085    32.578 |   91.2713045 |    0.0258104    0.9988687 |       909      1252
     2086    32.594 |   91.2877478 |    0.0260270    0.9988687 |       909      1252
     2087    32.609 |   91.3033893 |    0.0263484    0.9988687 |       909      1252
     2088    32.625 |   91.3084962 |    0.0267733    0.9988687 |       909      1252
     2089    32.641 |   91.2906650 |    0.0273000    0.9988687 |       909      1252
     2090    32.656 |   91.3069618 |    0.0279266    0.9988687 |       909      1252
     2091    32.672 |   91.3225265 |    0.0286507    0.9988687 |       909      1252
     2092    32.688 |   91.3334447 |    0.0294698    0.9988687 |       909      1252
     2093    32.703 |   91.3301522 |    0.0303808    0.9988687 |       909      1252
     2094    32.719 |   91.3384725 |    0.0313808    0.9988687 |       909      1252
     2095    32.734 |   91.3485270 |    0.0324663    0.9988687 |       909      1252
     2096    32.750 |   91.3465778 |    0.0336338    0.9988687 |       909      1252
     2097    32.766 |   91.3138515 |    0.0348794    0.9988687 |       909      1252
     2098    32.781 |   91.3302588 |    0.0343508    0.9988687 |       909      1252
     2099    32.797 |   91.3456387 |    0.0338971    0.9988687 |       909      1252
------------------------------------------------------------------------------------
Iteration      Time | *me_per_hour |     LEANBSSNMOL::conf_fac | *TISTICS::maxrss_mb
                    |              |      minimum      maximum |   minimum   maximum
------------------------------------------------------------------------------------
     2100    32.812 |   91.3568283 |    0.0335410    0.9988687 |       909      1252
     2101    32.828 |   91.3578062 |    0.0332835    0.9988687 |       909      1252
     2102    32.844 |   91.3736507 |    0.0331252    0.9988687 |       909      1252
     2103    32.859 |   91.3892475 |    0.0330661    0.9988687 |       909      1252
     2104    32.875 |   91.3945925 |    0.0328805    0.9988687 |       909      1252
     2105    32.891 |   91.3772741 |    0.0320153    0.9988687 |       909      1252
     2106    32.906 |   91.3929567 |    0.0312385    0.9988687 |       909      1252
     2107    32.922 |   91.4084531 |    0.0305529    0.9988687 |       909      1252
     2108    32.938 |   91.4186417 |    0.0299610    0.9988687 |       909      1252
     2109    32.953 |   91.4196021 |    0.0294651    0.9988687 |       909      1252
     2110    32.969 |   91.4353486 |    0.0290670    0.9988687 |       909      1252
     2111    32.984 |   91.4508863 |    0.0287685    0.9988687 |       909      1252
     2112    33.000 |   91.4314165 |    0.0285707    0.9988687 |       909      1252
INFO (CarpetRegrid2): Centre 1 is at position [7.41604,2.47349,-0.0234144] with 8 levels
INFO (CarpetRegrid2): Centre 2 is at position [-7.41604,-2.47349,0.0234144] with 8 levels
INFO (CarpetRegrid2): Refined regions have not changed sufficiently; skipping regridding
INFO (CarpetRegrid2): Centre 1 is at position [7.41604,2.47349,-0.0234144] with 8 levels
INFO (CarpetRegrid2): Centre 2 is at position [-7.41604,-2.47349,0.0234144] with 8 levels
INFO (CarpetRegrid2): Refined regions have not changed sufficiently; skipping regridding
INFO (CarpetRegrid2): Centre 1 is at position [7.41604,2.47349,-0.0234144] with 8 levels
INFO (CarpetRegrid2): Centre 2 is at position [-7.41604,-2.47349,0.0234144] with 8 levels
INFO (CarpetRegrid2): Refined regions have not changed sufficiently; skipping regridding
INFO (CarpetRegrid2): Centre 1 is at position [7.41604,2.47349,-0.0234144] with 8 levels
INFO (CarpetRegrid2): Centre 2 is at position [-7.41604,-2.47349,0.0234144] with 8 levels
INFO (CarpetRegrid2): Refined regions have not changed sufficiently; skipping regridding
INFO (CarpetRegrid2): Centre 1 is at position [7.41604,2.47349,-0.0234144] with 8 levels
INFO (CarpetRegrid2): Centre 2 is at position [-7.41604,-2.47349,0.0234144] with 8 levels
INFO (CarpetRegrid2): Refined regions have not changed sufficiently; skipping regridding
INFO (CarpetRegrid2): Centre 1 is at position [7.41604,2.47349,-0.0234144] with 8 levels
INFO (CarpetRegrid2): Centre 2 is at position [-7.41604,-2.47349,0.0234144] with 8 levels
INFO (CarpetRegrid2): Refined regions have not changed sufficiently; skipping regridding
INFO (CarpetRegrid2): Centre 1 is at position [7.41604,2.47349,-0.0234144] with 8 levels
INFO (CarpetRegrid2): Centre 2 is at position [-7.41604,-2.47349,0.0234144] with 8 levels
INFO (CarpetRegrid2): Refined regions have not changed sufficiently; skipping regridding
INFO (CarpetRegrid2): Centre 1 is at position [7.41604,2.47349,-0.0234144] with 8 levels
INFO (CarpetRegrid2): Centre 2 is at position [-7.41604,-2.47349,0.0234144] with 8 levels
INFO (CarpetRegrid2): Refined regions have not changed sufficiently; skipping regridding
     2113    33.016 |   91.1390659 |    0.0284746    0.9988687 |       909      1252
     2114    33.031 |   91.1538681 |    0.0284808    0.9988687 |       909      1252
     2115    33.047 |   91.1693923 |    0.0285895    0.9988687 |       909      1252
     2116    33.062 |   91.1804917 |    0.0288004    0.9988687 |       909      1252
     2117    33.078 |   91.1806236 |    0.0291131    0.9988687 |       909      1252
     2118    33.094 |   91.1965532 |    0.0295268    0.9988687 |       909      1252
     2119    33.109 |   91.2121148 |    0.0300401    0.9988687 |       909      1252
------------------------------------------------------------------------------------
Iteration      Time | *me_per_hour |     LEANBSSNMOL::conf_fac | *TISTICS::maxrss_mb
                    |              |      minimum      maximum |   minimum   maximum
------------------------------------------------------------------------------------
     2120    33.125 |   91.2186009 |    0.0306514    0.9988687 |       909      1252
     2121    33.141 |   91.2017513 |    0.0313590    0.9988687 |       909      1252
     2122    33.156 |   91.2177473 |    0.0308617    0.9988687 |       909      1252
     2123    33.172 |   91.2335667 |    0.0298074    0.9988687 |       909      1252
     2124    33.188 |   91.2442801 |    0.0288445    0.9988687 |       909      1252
     2125    33.203 |   91.2451460 |    0.0279763    0.9988687 |       909      1252
     2126    33.219 |   91.2613159 |    0.0272058    0.9988687 |       909      1252
     2127    33.234 |   91.2769650 |    0.0265356    0.9988687 |       909      1252
     2128    33.250 |   91.2803023 |    0.0259681    0.9988687 |       909      1252
     2129    33.266 |   91.2493419 |    0.0255052    0.9988687 |       909      1252
     2130    33.281 |   91.2625549 |    0.0251485    0.9988687 |       909      1252
     2131    33.297 |   91.2782216 |    0.0248993    0.9988687 |       909      1252
     2132    33.312 |   91.2866487 |    0.0247582    0.9988687 |       909      1252
     2133    33.328 |   91.2875898 |    0.0247258    0.9988687 |       909      1252
     2134    33.344 |   91.3028841 |    0.0248019    0.9988687 |       909      1252
     2135    33.359 |   91.3185238 |    0.0249863    0.9988687 |       909      1252
     2136    33.375 |   91.3239414 |    0.0252781    0.9988687 |       909      1252
     2137    33.391 |   91.3073264 |    0.0256761    0.9988687 |       909      1252
     2138    33.406 |   91.3232701 |    0.0261788    0.9988687 |       909      1252
     2139    33.422 |   91.3386884 |    0.0267842    0.9988687 |       909      1252
------------------------------------------------------------------------------------
Iteration      Time | *me_per_hour |     LEANBSSNMOL::conf_fac | *TISTICS::maxrss_mb
                    |              |      minimum      maximum |   minimum   maximum
------------------------------------------------------------------------------------
     2140    33.438 |   91.3496447 |    0.0274900    0.9988687 |       909      1252
     2141    33.453 |   91.3498840 |    0.0282937    0.9988687 |       909      1252
     2142    33.469 |   91.3659853 |    0.0291924    0.9988687 |       909      1252
     2143    33.484 |   91.3813219 |    0.0301829    0.9988687 |       909      1252
     2144    33.500 |   91.3803136 |    0.0312617    0.9988687 |       909      1252
     2145    33.516 |   91.3386718 |    0.0324254    0.9988687 |       909      1252
     2146    33.531 |   91.3539300 |    0.0336699    0.9988687 |       909      1252
     2147    33.547 |   91.3689721 |    0.0333750    0.9988687 |       909      1252
     2148    33.562 |   91.3800360 |    0.0328951    0.9988687 |       909      1252
     2149    33.578 |   91.3810281 |    0.0325149    0.9988687 |       909      1252
     2150    33.594 |   91.3970871 |    0.0322354    0.9988687 |       909      1252
     2151    33.609 |   91.4123299 |    0.0320573    0.9988687 |       909      1252
     2152    33.625 |   91.4188930 |    0.0319808    0.9988687 |       910      1252
     2153    33.641 |   91.4026101 |    0.0320060    0.9988687 |       910      1252
     2154    33.656 |   91.4182059 |    0.0318009    0.9988687 |       910      1252
     2155    33.672 |   91.4326871 |    0.0309807    0.9988687 |       910      1252
     2156    33.688 |   91.4427496 |    0.0302520    0.9988687 |       910      1252
     2157    33.703 |   91.4439772 |    0.0296176    0.9988687 |       910      1252
     2158    33.719 |   91.4587030 |    0.0290799    0.9988687 |       910      1252
     2159    33.734 |   91.4738177 |    0.0286410    0.9988687 |       910      1252
------------------------------------------------------------------------------------
Iteration      Time | *me_per_hour |     LEANBSSNMOL::conf_fac | *TISTICS::maxrss_mb
                    |              |      minimum      maximum |   minimum   maximum
------------------------------------------------------------------------------------
     2160    33.750 |   91.4785364 |    0.0283027    0.9988687 |       910      1252
     2161    33.766 |   91.4493820 |    0.0280665    0.9988687 |       910      1252
     2162    33.781 |   91.4650637 |    0.0279335    0.9988687 |       910      1252
     2163    33.797 |   91.4802640 |    0.0279043    0.9988687 |       910      1252
     2164    33.812 |   91.4913422 |    0.0279793    0.9988687 |       910      1252
     2165    33.828 |   91.4917345 |    0.0281586    0.9988687 |       910      1252
     2166    33.844 |   91.5077704 |    0.0284416    0.9988687 |       910      1252
     2167    33.859 |   91.5226912 |    0.0288277    0.9988687 |       910      1252
     2168    33.875 |   91.5291601 |    0.0293157    0.9988687 |       910      1252
     2169    33.891 |   91.5131110 |    0.0299040    0.9988687 |       910      1252
     2170    33.906 |   91.5284149 |    0.0305908    0.9988687 |       910      1252
     2171    33.922 |   91.5434321 |    0.0304202    0.9988687 |       910      1252
     2172    33.938 |   91.5540252 |    0.0293339    0.9988687 |       910      1252
     2173    33.953 |   91.5551024 |    0.0283398    0.9988687 |       910      1252
     2174    33.969 |   91.5707512 |    0.0274414    0.9988687 |       910      1252
     2175    33.984 |   91.5854855 |    0.0266419    0.9988687 |       910      1252
     2176    34.000 |   91.5688805 |    0.0259439    0.9988687 |       910      1252
INFO (CarpetRegrid2): Centre 1 is at position [7.37556,2.55483,-0.0253152] with 8 levels
INFO (CarpetRegrid2): Centre 2 is at position [-7.37556,-2.55483,0.0253152] with 8 levels
INFO (CarpetRegrid2): Regridding level 0 map 0 at iteration 2177 time 34
INFO (CarpetRegrid2): Regridding levels 1 and up
INFO (CarpetRegrid2): Enforcing grid structure properties, iteration 0
INFO (CarpetRegrid2): Enforcing grid structure properties, iteration 0
INFO (CarpetRegrid2): Enforcing grid structure properties, iteration 0
INFO (CarpetRegrid2): Enforcing grid structure properties, iteration 0
INFO (CarpetRegrid2): Enforcing grid structure properties, iteration 0
INFO (CarpetRegrid2): Enforcing grid structure properties, iteration 1
INFO (CarpetRegrid2): Enforcing grid structure properties, iteration 0
INFO (CarpetRegrid2): Enforcing grid structure properties, iteration 0
INFO (CarpetRegrid2): Enforcing grid structure properties, iteration 1
INFO (Carpet): Grid structure (superregions, grid points):
   [0][0][0]   exterior: [0,0,0] : [260,260,260]   ([261,261,261] + PADDING) 17779581
   [1][0][0]   exterior: [215,218,219] : [305,302,301]   ([91,85,83] + PADDING) 642005
   [2][0][0]   exterior: [479,484,487] : [561,556,553]   ([83,73,67] + PADDING) 405953
   [3][0][0]   exterior: [992,1002,1007] : [1088,1078,1073]   ([97,77,67] + PADDING) 500423
   [4][0][0]   exterior: [2077,2058,2047] : [2142,2123,2047]   ([66,66,1] + PADDING) 4356
   [4][0][1]   exterior: [2018,2037,2048] : [2083,2057,2112]   ([66,21,65] + PADDING) 90090
   [4][0][2]   exterior: [2018,2058,2048] : [2142,2102,2112]   ([125,45,65] + PADDING) 365625
   [4][0][3]   exterior: [2077,2103,2048] : [2142,2123,2112]   ([66,21,65] + PADDING) 90090
   [4][0][4]   exterior: [2018,2037,2113] : [2083,2102,2113]   ([66,66,1] + PADDING) 4356
   [5][0][0]   exterior: [4188,4149,4128] : [4250,4212,4191]   ([63,64,64] + PADDING) 258048
   [5][0][1]   exterior: [4070,4108,4129] : [4132,4171,4192]   ([63,64,64] + PADDING) 258048
   [6][0][0]   exterior: [8409,8332,8290] : [8467,8390,8349]   ([59,59,60] + PADDING) 208860
   [6][0][1]   exterior: [8173,8250,8291] : [8231,8308,8350]   ([59,59,60] + PADDING) 208860
   [7][0][0]   exterior: [16851,16697,16614] : [16901,16747,16664]   ([51,51,51] + PADDING) 132651
   [7][0][1]   exterior: [16379,16533,16616] : [16429,16583,16666]   ([51,51,51] + PADDING) 132651
INFO (Carpet): Grid structure (superregions, coordinates):
   [0][0][0]   exterior: [-520,-520,-520] : [520,520,520] : [4,4,4]
   [1][0][0]   exterior: [-90,-84,-82] : [90,84,82] : [2,2,2]
   [2][0][0]   exterior: [-41,-36,-33] : [41,36,33] : [1,1,1]
   [3][0][0]   exterior: [-24,-19,-16.5] : [24,19,16.5] : [0.5,0.5,0.5]
   [4][0][0]   exterior: [-0.75,-5.5,-8.25] : [15.5,10.75,-8.25] : [0.25,0.25,0.25]
   [4][0][1]   exterior: [-15.5,-10.75,-8] : [0.75,-5.75,8] : [0.25,0.25,0.25]
   [4][0][2]   exterior: [-15.5,-5.5,-8] : [15.5,5.5,8] : [0.25,0.25,0.25]
   [4][0][3]   exterior: [-0.75,5.75,-8] : [15.5,10.75,8] : [0.25,0.25,0.25]
   [4][0][4]   exterior: [-15.5,-10.75,8.25] : [0.75,5.5,8.25] : [0.25,0.25,0.25]
   [5][0][0]   exterior: [3.5,-1.375,-4] : [11.25,6.5,3.875] : [0.125,0.125,0.125]
   [5][0][1]   exterior: [-11.25,-6.5,-3.875] : [-3.5,1.375,4] : [0.125,0.125,0.125]
   [6][0][0]   exterior: [5.5625,0.75,-1.875] : [9.1875,4.375,1.8125] : [0.0625,0.0625,0.0625]
   [6][0][1]   exterior: [-9.1875,-4.375,-1.8125] : [-5.5625,-0.75,1.875] : [0.0625,0.0625,0.0625]
   [7][0][0]   exterior: [6.59375,1.78125,-0.8125] : [8.15625,3.34375,0.75] : [0.03125,0.03125,0.03125]
   [7][0][1]   exterior: [-8.15625,-3.34375,-0.75] : [-6.59375,-1.78125,0.8125] : [0.03125,0.03125,0.03125]
INFO (Carpet): Global grid structure statistics:
INFO (Carpet): GF: rhs: 252k active, 493k owned (+96%), 1188k total (+141%), 128 steps/time
INFO (Carpet): GF: vars: 247, pts: 4432M active, 4911M owned (+11%), 7783M total (+58%), 1.0 comp/proc
INFO (Carpet): GA: vars: 1664, pts: 381M active, 381M total (+0%)
INFO (Carpet): Total required memory: 66.165 GByte (for GAs and currently active GFs)
INFO (Carpet): Load balance:  min     avg     max     sdv     max/avg-1
INFO (Carpet): Level  0:      32M     37M     41M      2M owned     11%
INFO (Carpet): Level  1:       1M      1M      1M      0M owned      6%
INFO (Carpet): Level  2:       1M      1M      1M      0M owned     15%
INFO (Carpet): Level  3:       1M      1M      1M      0M owned     10%
INFO (Carpet): Level  4:       1M      1M      1M      0M owned     11%
INFO (Carpet): Level  5:       1M      1M      1M      0M owned      2%
INFO (Carpet): Level  6:       1M      1M      1M      0M owned      5%
INFO (Carpet): Level  7:       0M      1M      1M      0M owned      7%
     2177    34.016 |   91.0571435 |    0.0253500    0.9988687 |       910      1159
     2178    34.031 |   91.0726187 |    0.0248624    0.9988687 |       910      1159
     2179    34.047 |   91.0882730 |    0.0244827    0.9988687 |       910      1159
------------------------------------------------------------------------------------
Iteration      Time | *me_per_hour |     LEANBSSNMOL::conf_fac | *TISTICS::maxrss_mb
                    |              |      minimum      maximum |   minimum   maximum
------------------------------------------------------------------------------------
     2180    34.062 |   91.0979219 |    0.0242122    0.9988687 |       910      1159
     2181    34.078 |   91.0999402 |    0.0240518    0.9988687 |       910      1159
     2182    34.094 |   91.1152969 |    0.0240021    0.9988687 |       910      1159
     2183    34.109 |   91.1312518 |    0.0240631    0.9988687 |       910      1159
     2184    34.125 |   91.1383338 |    0.0242344    0.9988687 |       910      1159
     2185    34.141 |   91.1227180 |    0.0245154    0.9988687 |       910      1159
     2186    34.156 |   91.1333670 |    0.0249048    0.9988687 |       910      1159
     2187    34.172 |   91.1442966 |    0.0254011    0.9988687 |       910      1159
     2188    34.188 |   91.1510972 |    0.0260023    0.9988687 |       910      1159
     2189    34.203 |   91.1453027 |    0.0267061    0.9988687 |       910      1159
     2190    34.219 |   91.1579101 |    0.0275100    0.9988687 |       910      1159
     2191    34.234 |   91.1736903 |    0.0284109    0.9988687 |       910      1159
     2192    34.250 |   91.1778045 |    0.0294057    0.9988687 |       910      1159
     2193    34.266 |   91.1488098 |    0.0304908    0.9988687 |       910      1159
     2194    34.281 |   91.1642978 |    0.0316625    0.9988687 |       910      1159
     2195    34.297 |   91.1799021 |    0.0329168    0.9988687 |       910      1159
     2196    34.312 |   91.1903165 |    0.0330814    0.9988687 |       910      1159
     2197    34.328 |   91.1920052 |    0.0325980    0.9988687 |       910      1159
     2198    34.344 |   91.2080462 |    0.0322157    0.9988687 |       910      1159
     2199    34.359 |   91.2235652 |    0.0319356    0.9988687 |       910      1159
------------------------------------------------------------------------------------
Iteration      Time | *me_per_hour |     LEANBSSNMOL::conf_fac | *TISTICS::maxrss_mb
                    |              |      minimum      maximum |   minimum   maximum
------------------------------------------------------------------------------------
     2200    34.375 |   91.2308319 |    0.0317584    0.9988687 |       910      1159
     2201    34.391 |   91.2159394 |    0.0316844    0.9988687 |       910      1159
     2202    34.406 |   91.2313608 |    0.0317135    0.9988687 |       910      1159
     2203    34.422 |   91.2469929 |    0.0310208    0.9988687 |       910      1159
     2204    34.438 |   91.2583549 |    0.0301706    0.9988687 |       910      1159
     2205    34.453 |   91.2603482 |    0.0294135    0.9988687 |       910      1159
     2206    34.469 |   91.2763349 |    0.0287524    0.9988687 |       910      1159
     2207    34.484 |   91.2920203 |    0.0281898    0.9988687 |       910      1159
     2208    34.500 |   91.2913081 |    0.0277280    0.9988687 |       910      1159
     2209    34.516 |   91.2515221 |    0.0273689    0.9988687 |       910      1159
     2210    34.531 |   91.2673447 |    0.0271140    0.9988687 |       910      1159
     2211    34.547 |   91.2821302 |    0.0269646    0.9988687 |       910      1159
     2212    34.562 |   91.2911392 |    0.0269214    0.9988687 |       910      1159
     2213    34.578 |   91.2930817 |    0.0269848    0.9988687 |       910      1159
     2214    34.594 |   91.3090612 |    0.0271549    0.9988687 |       910      1159
     2215    34.609 |   91.3242946 |    0.0274312    0.9988687 |       910      1159
     2216    34.625 |   91.3316303 |    0.0278130    0.9988687 |       910      1159
     2217    34.641 |   91.3163209 |    0.0282991    0.9988687 |       910      1159
     2218    34.656 |   91.3318723 |    0.0288879    0.9988687 |       910      1159
     2219    34.672 |   91.3475886 |    0.0295775    0.9988687 |       910      1159
------------------------------------------------------------------------------------
Iteration      Time | *me_per_hour |     LEANBSSNMOL::conf_fac | *TISTICS::maxrss_mb
                    |              |      minimum      maximum |   minimum   maximum
------------------------------------------------------------------------------------
     2220    34.688 |   91.3579554 |    0.0299923    0.9988687 |       910      1159
     2221    34.703 |   91.3597304 |    0.0288940    0.9988687 |       910      1159
     2222    34.719 |   91.3751705 |    0.0278895    0.9988687 |       910      1159
     2223    34.734 |   91.3906356 |    0.0269822    0.9988687 |       910      1159
     2224    34.750 |   91.3942433 |    0.0261755    0.9988687 |       910      1159
     2225    34.766 |   91.3665418 |    0.0254721    0.9988687 |       910      1159
     2226    34.781 |   91.3821586 |    0.0248746    0.9988687 |       910      1159
     2227    34.797 |   91.3976420 |    0.0243852    0.9988687 |       910      1159
     2228    34.812 |   91.4079774 |    0.0240057    0.9988687 |       910      1159
     2229    34.828 |   91.4089385 |    0.0237372    0.9988687 |       910      1159
     2230    34.844 |   91.4231183 |    0.0235809    0.9988687 |       910      1159
     2231    34.859 |   91.4381179 |    0.0235370    0.9988687 |       910      1159
     2232    34.875 |   91.4447323 |    0.0236058    0.9988687 |       910      1159
     2233    34.891 |   91.4285329 |    0.0237867    0.9988687 |       910      1159
     2234    34.906 |   91.4439537 |    0.0240790    0.9988687 |       910      1159
     2235    34.922 |   91.4590327 |    0.0244814    0.9988687 |       910      1159
     2236    34.938 |   91.4694418 |    0.0249923    0.9988687 |       910      1159
     2237    34.953 |   91.4715002 |    0.0256096    0.9988687 |       910      1159
     2238    34.969 |   91.4870234 |    0.0263310    0.9988687 |       910      1159
     2239    34.984 |   91.5023806 |    0.0271537    0.9988687 |       910      1159
------------------------------------------------------------------------------------
Iteration      Time | *me_per_hour |     LEANBSSNMOL::conf_fac | *TISTICS::maxrss_mb
                    |              |      minimum      maximum |   minimum   maximum
------------------------------------------------------------------------------------
     2240    35.000 |   91.4855194 |    0.0280745    0.9988687 |       910      1159
INFO (CarpetRegrid2): Centre 1 is at position [7.33368,2.63595,-0.0272791] with 8 levels
INFO (CarpetRegrid2): Centre 2 is at position [-7.33368,-2.63595,0.0272791] with 8 levels
INFO (CarpetRegrid2): Refined regions have not changed sufficiently; skipping regridding
INFO (CarpetRegrid2): Centre 1 is at position [7.33368,2.63595,-0.0272791] with 8 levels
INFO (CarpetRegrid2): Centre 2 is at position [-7.33368,-2.63595,0.0272791] with 8 levels
INFO (CarpetRegrid2): Refined regions have not changed sufficiently; skipping regridding
INFO (CarpetRegrid2): Centre 1 is at position [7.33368,2.63595,-0.0272791] with 8 levels
INFO (CarpetRegrid2): Centre 2 is at position [-7.33368,-2.63595,0.0272791] with 8 levels
INFO (CarpetRegrid2): Refined regions have not changed sufficiently; skipping regridding
INFO (CarpetRegrid2): Centre 1 is at position [7.33368,2.63595,-0.0272791] with 8 levels
INFO (CarpetRegrid2): Centre 2 is at position [-7.33368,-2.63595,0.0272791] with 8 levels
INFO (CarpetRegrid2): Refined regions have not changed sufficiently; skipping regridding
INFO (CarpetRegrid2): Centre 1 is at position [7.33368,2.63595,-0.0272791] with 8 levels
INFO (CarpetRegrid2): Centre 2 is at position [-7.33368,-2.63595,0.0272791] with 8 levels
INFO (CarpetRegrid2): Refined regions have not changed sufficiently; skipping regridding
INFO (CarpetRegrid2): Centre 1 is at position [7.33368,2.63595,-0.0272791] with 8 levels
INFO (CarpetRegrid2): Centre 2 is at position [-7.33368,-2.63595,0.0272791] with 8 levels
INFO (CarpetRegrid2): Refined regions have not changed sufficiently; skipping regridding
INFO (CarpetRegrid2): Centre 1 is at position [7.33368,2.63595,-0.0272791] with 8 levels
INFO (CarpetRegrid2): Centre 2 is at position [-7.33368,-2.63595,0.0272791] with 8 levels
INFO (CarpetRegrid2): Refined regions have not changed sufficiently; skipping regridding
INFO (CarpetRegrid2): Centre 1 is at position [7.33368,2.63595,-0.0272791] with 8 levels
INFO (CarpetRegrid2): Centre 2 is at position [-7.33368,-2.63595,0.0272791] with 8 levels
INFO (CarpetRegrid2): Refined regions have not changed sufficiently; skipping regridding
     2241    35.016 |   91.2124873 |    0.0290902    0.9988687 |       910      1159
     2242    35.031 |   91.2276546 |    0.0301971    0.9988687 |       910      1159
     2243    35.047 |   91.2428527 |    0.0313914    0.9988687 |       910      1159
     2244    35.062 |   91.2534132 |    0.0326689    0.9988687 |       910      1159
     2245    35.078 |   91.2554647 |    0.0335621    0.9988687 |       910      1159
     2246    35.094 |   91.2709736 |    0.0331003    0.9988687 |       910      1159
     2247    35.109 |   91.2863585 |    0.0327404    0.9988687 |       910      1159
     2248    35.125 |   91.2935996 |    0.0324835    0.9988687 |       910      1159
     2249    35.141 |   91.2785989 |    0.0323302    0.9988687 |       910      1160
     2250    35.156 |   91.2927545 |    0.0317011    0.9988687 |       910      1160
     2251    35.172 |   91.3066929 |    0.0306542    0.9988687 |       910      1160
     2252    35.188 |   91.3177044 |    0.0296964    0.9988687 |       910      1160
     2253    35.203 |   91.3193084 |    0.0288315    0.9988687 |       910      1160
     2254    35.219 |   91.3350690 |    0.0280625    0.9988687 |       910      1160
     2255    35.234 |   91.3503416 |    0.0273926    0.9988687 |       910      1160
     2256    35.250 |   91.3546304 |    0.0268242    0.9988687 |       910      1160
     2257    35.266 |   91.3276548 |    0.0263597    0.9988687 |       910      1160
     2258    35.281 |   91.3429752 |    0.0260011    0.9988687 |       910      1160
     2259    35.297 |   91.3576835 |    0.0257499    0.9988687 |       910      1160
------------------------------------------------------------------------------------
Iteration      Time | *me_per_hour |     LEANBSSNMOL::conf_fac | *TISTICS::maxrss_mb
                    |              |      minimum      maximum |   minimum   maximum
------------------------------------------------------------------------------------
     2260    35.312 |   91.3686841 |    0.0256073    0.9988687 |       910      1160
     2261    35.328 |   91.3701292 |    0.0255740    0.9988687 |       910      1160
     2262    35.344 |   91.3856555 |    0.0256504    0.9988687 |       910      1160
     2263    35.359 |   91.4008453 |    0.0258363    0.9988687 |       910      1160
     2264    35.375 |   91.4078445 |    0.0261314    0.9988687 |       910      1160
     2265    35.391 |   91.3931872 |    0.0265346    0.9988687 |       910      1160
     2266    35.406 |   91.4081884 |    0.0270447    0.9988687 |       910      1160
     2267    35.422 |   91.4235003 |    0.0276600    0.9988687 |       910      1160
     2268    35.438 |   91.4346514 |    0.0283784    0.9988687 |       910      1160
     2269    35.453 |   91.4365095 |    0.0291974    0.9988687 |       910      1160
     2270    35.469 |   91.4519635 |    0.0286252    0.9988687 |       910      1160
     2271    35.484 |   91.4671381 |    0.0276348    0.9988687 |       910      1160
     2272    35.500 |   91.4661854 |    0.0267438    0.9988687 |       910      1160
     2273    35.516 |   91.4279218 |    0.0259555    0.9988687 |       910      1160
     2274    35.531 |   91.4431068 |    0.0252727    0.9988687 |       910      1160
     2275    35.547 |   91.4580326 |    0.0246979    0.9988687 |       910      1160
     2276    35.562 |   91.4683721 |    0.0242332    0.9988687 |       910      1160
     2277    35.578 |   91.4701106 |    0.0238801    0.9988687 |       910      1160
     2278    35.594 |   91.4854628 |    0.0236401    0.9988687 |       910      1160
     2279    35.609 |   91.5004787 |    0.0235138    0.9988687 |       910      1160
------------------------------------------------------------------------------------
Iteration      Time | *me_per_hour |     LEANBSSNMOL::conf_fac | *TISTICS::maxrss_mb
                    |              |      minimum      maximum |   minimum   maximum
------------------------------------------------------------------------------------
     2280    35.625 |   91.5076083 |    0.0235015    0.9988687 |       910      1160
     2281    35.641 |   91.4926040 |    0.0236033    0.9988687 |       910      1160
     2282    35.656 |   91.5075481 |    0.0238184    0.9988687 |       910      1160
     2283    35.672 |   91.5227980 |    0.0241459    0.9988687 |       910      1160
     2284    35.688 |   91.5331128 |    0.0245845    0.9988687 |       910      1160
     2285    35.703 |   91.5346037 |    0.0251322    0.9988687 |       910      1160
     2286    35.719 |   91.5496334 |    0.0257868    0.9988687 |       910      1160
     2287    35.734 |   91.5647078 |    0.0265457    0.9988687 |       910      1160
     2288    35.750 |   91.5689493 |    0.0274060    0.9988687 |       910      1160
     2289    35.766 |   91.5416815 |    0.0283645    0.9988687 |       910      1160
     2290    35.781 |   91.5560854 |    0.0294174    0.9988687 |       910      1160
     2291    35.797 |   91.5711327 |    0.0305611    0.9988687 |       910      1160
     2292    35.812 |   91.5820001 |    0.0317915    0.9988687 |       910      1160
     2293    35.828 |   91.5838967 |    0.0331043    0.9988687 |       910      1160
     2294    35.844 |   91.5992061 |    0.0344951    0.9988687 |       910      1160
     2295    35.859 |   91.6104861 |    0.0345985    0.9988687 |       910      1160
     2296    35.875 |   91.6138259 |    0.0336430    0.9988687 |       910      1160
     2297    35.891 |   91.5906897 |    0.0323386    0.9988687 |       910      1160
     2298    35.906 |   91.5999066 |    0.0311156    0.9988687 |       910      1160
     2299    35.922 |   91.6147216 |    0.0299782    0.9988687 |       910      1160
------------------------------------------------------------------------------------
Iteration      Time | *me_per_hour |     LEANBSSNMOL::conf_fac | *TISTICS::maxrss_mb
                    |              |      minimum      maximum |   minimum   maximum
------------------------------------------------------------------------------------
     2300    35.938 |   91.6248678 |    0.0289305    0.9988687 |       910      1160
     2301    35.953 |   91.6263486 |    0.0279764    0.9988687 |       910      1160
     2302    35.969 |   91.6413430 |    0.0271193    0.9988687 |       910      1160
     2303    35.984 |   91.6563359 |    0.0263627    0.9988687 |       910      1160
INFO (AHFinderDirect): proc 0: searching for horizon 1/6
INFO (AHFinderDirect): AH 3/6: r=78.9938 at (0.000000,0.000000,0.000000)
INFO (AHFinderDirect): AH 3/6: area=80424.76801 m_irreducible=39.99999902
INFO (AHFinderDirect): AH 4/6: r=98.994 at (0.000000,-0.000000,-0.000000)
INFO (AHFinderDirect): AH 4/6: area=125663.7044 m_irreducible=49.99999965
INFO (AHFinderDirect): AH 5/6: r=178.995 at (-0.000000,0.000000,-0.000000)
INFO (AHFinderDirect): AH 5/6: area=407150.4076 m_irreducible=89.99999997
INFO (AHFinderDirect): AH 6/6: r=238.995 at (-0.000000,0.000000,-0.000000)
INFO (AHFinderDirect): AH 6/6: area=723822.9473 m_irreducible=120
INFO (AHFinderDirect): AH 1/6: r=0.405432 at (7.291956,2.714000,-0.029221)
INFO (AHFinderDirect): AH 1/6: area=11.2760808 m_irreducible=0.473635408
INFO (AHFinderDirect): AH 2/6: r=0.405432 at (-7.291956,-2.714000,0.029221)
INFO (AHFinderDirect): AH 2/6: area=11.2760808 m_irreducible=0.473635408
INFO (QuasiLocalMeasures): Calculating quasi-local quantities for surface    0
INFO (QuasiLocalMeasures): Importing from spherical surface    0
INFO (QuasiLocalMeasures): Geometric quantities for surface    0:
INFO (QuasiLocalMeasures):    Area A:                            11.2761
INFO (QuasiLocalMeasures):    Irreducible mass M = R/2:         0.473635
INFO (QuasiLocalMeasures):    Areal radius R = sqrt(A/4pi):     0.947270
INFO (QuasiLocalMeasures): Coordinate-dependent quantities for surface    0:
INFO (QuasiLocalMeasures):    Equatorial circumference:             5.95154
INFO (QuasiLocalMeasures):    Polar circumference at phi=0:         5.96338
INFO (QuasiLocalMeasures):    Polar circumference at phi=pi/2:      5.92905
INFO (QuasiLocalMeasures):    No valid spin guess from distortion.
INFO (QuasiLocalMeasures):    (Spin guess is imaginary.)
INFO (QuasiLocalMeasures):    Magnitude of invalid spin guess:     0.477341E-02
INFO (QuasiLocalMeasures):    Mass guess M from distortion:        0.473608
INFO (QuasiLocalMeasures): Isolated Horizon quantities for surface    0:
INFO (QuasiLocalMeasures):    Killing vector field eigenvalue norm:     0.999865
INFO (QuasiLocalMeasures):    Spin J:                                   0.104318E-04
INFO (QuasiLocalMeasures):    Kerr spin parameter a = J/M:              0.220250E-04
INFO (QuasiLocalMeasures):    Dimensionless spin parameter a = J/M^2:   0.465020E-04
INFO (QuasiLocalMeasures):    Spin J from NP:                          -0.117836E-03
INFO (QuasiLocalMeasures):    Spin J from phi-coordinate-vector:         0.00000
INFO (QuasiLocalMeasures):    Mass M:                                   0.473635
INFO (QuasiLocalMeasures): Global quantities for surface    0:
INFO (QuasiLocalMeasures):    ADM energy:                 -1.35824
INFO (QuasiLocalMeasures):    ADM momentum x:            -0.396452E-02
INFO (QuasiLocalMeasures):    ADM momentum y:             0.611966E-02
INFO (QuasiLocalMeasures):    ADM momentum z:            -0.186410E-03
INFO (QuasiLocalMeasures):    ADM angular momentum x:    -0.274676E-03
INFO (QuasiLocalMeasures):    ADM angular momentum y:     0.116093E-02
INFO (QuasiLocalMeasures):    ADM angular momentum z:     0.423724E-01
INFO (QuasiLocalMeasures):    Weinberg energy:                  3.34070
INFO (QuasiLocalMeasures):    Weinberg momentum x:            -0.199871E-01
INFO (QuasiLocalMeasures):    Weinberg momentum y:             0.319112E-01
INFO (QuasiLocalMeasures):    Weinberg momentum z:            -0.956614E-03
INFO (QuasiLocalMeasures):    Weinberg angular momentum x:    -0.228088E-02
INFO (QuasiLocalMeasures):    Weinberg angular momentum y:     0.101557E-01
INFO (QuasiLocalMeasures):    Weinberg angular momentum z:     0.391514
     2304    36.000 |   91.2028276 |    0.0257094    0.9988687 |       911      1218
INFO (CarpetRegrid2): Centre 1 is at position [7.29029,2.71679,-0.0293065] with 8 levels
INFO (CarpetRegrid2): Centre 2 is at position [-7.29029,-2.71679,0.0293065] with 8 levels
INFO (CarpetRegrid2): Regridding level 0 map 0 at iteration 2305 time 36
INFO (CarpetRegrid2): Regridding levels 1 and up
INFO (CarpetRegrid2): Enforcing grid structure properties, iteration 0
INFO (CarpetRegrid2): Enforcing grid structure properties, iteration 0
INFO (CarpetRegrid2): Enforcing grid structure properties, iteration 0
INFO (CarpetRegrid2): Enforcing grid structure properties, iteration 0
INFO (CarpetRegrid2): Enforcing grid structure properties, iteration 0
INFO (CarpetRegrid2): Enforcing grid structure properties, iteration 1
INFO (CarpetRegrid2): Enforcing grid structure properties, iteration 0
INFO (CarpetRegrid2): Enforcing grid structure properties, iteration 0
INFO (CarpetRegrid2): Enforcing grid structure properties, iteration 1
INFO (Carpet): Grid structure (superregions, grid points):
   [0][0][0]   exterior: [0,0,0] : [260,260,260]   ([261,261,261] + PADDING) 17779581
   [1][0][0]   exterior: [215,218,219] : [305,302,301]   ([91,85,83] + PADDING) 642005
   [2][0][0]   exterior: [479,484,487] : [561,556,553]   ([83,73,67] + PADDING) 405953
   [3][0][0]   exterior: [992,1002,1007] : [1088,1078,1073]   ([97,77,67] + PADDING) 500423
   [4][0][0]   exterior: [2077,2058,2047] : [2142,2123,2047]   ([66,66,1] + PADDING) 4356
   [4][0][1]   exterior: [2018,2037,2048] : [2083,2057,2112]   ([66,21,65] + PADDING) 90090
   [4][0][2]   exterior: [2018,2058,2048] : [2142,2102,2112]   ([125,45,65] + PADDING) 365625
   [4][0][3]   exterior: [2077,2103,2048] : [2142,2123,2112]   ([66,21,65] + PADDING) 90090
   [4][0][4]   exterior: [2018,2037,2113] : [2083,2102,2113]   ([66,66,1] + PADDING) 4356
   [5][0][0]   exterior: [4187,4150,4128] : [4250,4213,4191]   ([64,64,64] + PADDING) 262144
   [5][0][1]   exterior: [4070,4107,4129] : [4133,4170,4192]   ([64,64,64] + PADDING) 262144
   [6][0][0]   exterior: [8407,8334,8290] : [8466,8393,8349]   ([60,60,60] + PADDING) 216000
   [6][0][1]   exterior: [8174,8247,8291] : [8233,8306,8350]   ([60,60,60] + PADDING) 216000
   [7][0][0]   exterior: [16848,16702,16614] : [16898,16752,16664]   ([51,51,51] + PADDING) 132651
   [7][0][1]   exterior: [16382,16528,16616] : [16432,16578,16666]   ([51,51,51] + PADDING) 132651
INFO (Carpet): Grid structure (superregions, coordinates):
   [0][0][0]   exterior: [-520,-520,-520] : [520,520,520] : [4,4,4]
   [1][0][0]   exterior: [-90,-84,-82] : [90,84,82] : [2,2,2]
   [2][0][0]   exterior: [-41,-36,-33] : [41,36,33] : [1,1,1]
   [3][0][0]   exterior: [-24,-19,-16.5] : [24,19,16.5] : [0.5,0.5,0.5]
   [4][0][0]   exterior: [-0.75,-5.5,-8.25] : [15.5,10.75,-8.25] : [0.25,0.25,0.25]
   [4][0][1]   exterior: [-15.5,-10.75,-8] : [0.75,-5.75,8] : [0.25,0.25,0.25]
   [4][0][2]   exterior: [-15.5,-5.5,-8] : [15.5,5.5,8] : [0.25,0.25,0.25]
   [4][0][3]   exterior: [-0.75,5.75,-8] : [15.5,10.75,8] : [0.25,0.25,0.25]
   [4][0][4]   exterior: [-15.5,-10.75,8.25] : [0.75,5.5,8.25] : [0.25,0.25,0.25]
   [5][0][0]   exterior: [3.375,-1.25,-4] : [11.25,6.625,3.875] : [0.125,0.125,0.125]
   [5][0][1]   exterior: [-11.25,-6.625,-3.875] : [-3.375,1.25,4] : [0.125,0.125,0.125]
   [6][0][0]   exterior: [5.4375,0.875,-1.875] : [9.125,4.5625,1.8125] : [0.0625,0.0625,0.0625]
   [6][0][1]   exterior: [-9.125,-4.5625,-1.8125] : [-5.4375,-0.875,1.875] : [0.0625,0.0625,0.0625]
   [7][0][0]   exterior: [6.5,1.9375,-0.8125] : [8.0625,3.5,0.75] : [0.03125,0.03125,0.03125]
   [7][0][1]   exterior: [-8.0625,-3.5,-0.75] : [-6.5,-1.9375,0.8125] : [0.03125,0.03125,0.03125]
INFO (Carpet): Global grid structure statistics:
INFO (Carpet): GF: rhs: 254k active, 497k owned (+96%), 1196k total (+141%), 128 steps/time
INFO (Carpet): GF: vars: 247, pts: 4434M active, 4917M owned (+11%), 7794M total (+59%), 1.0 comp/proc
INFO (Carpet): GA: vars: 1664, pts: 381M active, 381M total (+0%)
INFO (Carpet): Total required memory: 66.249 GByte (for GAs and currently active GFs)
INFO (Carpet): Load balance:  min     avg     max     sdv     max/avg-1
INFO (Carpet): Level  0:      32M     37M     41M      2M owned     11%
INFO (Carpet): Level  1:       1M      1M      1M      0M owned      6%
INFO (Carpet): Level  2:       1M      1M      1M      0M owned     15%
INFO (Carpet): Level  3:       1M      1M      1M      0M owned     10%
INFO (Carpet): Level  4:       1M      1M      1M      0M owned     11%
INFO (Carpet): Level  5:       1M      1M      1M      0M owned      5%
INFO (Carpet): Level  6:       1M      1M      1M      0M owned      1%
INFO (Carpet): Level  7:       0M      1M      1M      0M owned      7%
     2305    36.016 |   90.7272442 |    0.0251621    0.9988687 |       914      1165
     2306    36.031 |   90.7385645 |    0.0247230    0.9988687 |       914      1165
     2307    36.047 |   90.7526467 |    0.0243939    0.9988687 |       914      1165
     2308    36.062 |   90.7628829 |    0.0241763    0.9988687 |       914      1165
     2309    36.078 |   90.7632257 |    0.0240712    0.9988687 |       914      1165
     2310    36.094 |   90.7758461 |    0.0240791    0.9988687 |       914      1165
     2311    36.109 |   90.7898800 |    0.0242001    0.9988687 |       914      1165
     2312    36.125 |   90.7967479 |    0.0244340    0.9988687 |       914      1165
     2313    36.141 |   90.7803072 |    0.0247798    0.9988687 |       914      1165
     2314    36.156 |   90.7929684 |    0.0252365    0.9988687 |       914      1165
     2315    36.172 |   90.8071872 |    0.0258024    0.9988687 |       914      1165
     2316    36.188 |   90.8174657 |    0.0264754    0.9988687 |       914      1165
     2317    36.203 |   90.8163395 |    0.0272532    0.9988687 |       914      1165
     2318    36.219 |   90.8297968 |    0.0281330    0.9988687 |       914      1165
     2319    36.234 |   90.8441534 |    0.0288245    0.9988687 |       914      1165
------------------------------------------------------------------------------------
Iteration      Time | *me_per_hour |     LEANBSSNMOL::conf_fac | *TISTICS::maxrss_mb
                    |              |      minimum      maximum |   minimum   maximum
------------------------------------------------------------------------------------
     2320    36.250 |   90.8479246 |    0.0278844    0.9988687 |       914      1165
     2321    36.266 |   90.8209270 |    0.0270461    0.9988687 |       914      1165
     2322    36.281 |   90.8351357 |    0.0263129    0.9988687 |       914      1165
     2323    36.297 |   90.8489430 |    0.0256873    0.9988687 |       914      1165
     2324    36.312 |   90.8601198 |    0.0251717    0.9988687 |       914      1165
     2325    36.328 |   90.8609505 |    0.0247678    0.9988687 |       914      1165
     2326    36.344 |   90.8741538 |    0.0244770    0.9988687 |       914      1165
     2327    36.359 |   90.8874382 |    0.0243004    0.9988687 |       914      1165
     2328    36.375 |   90.8943842 |    0.0242382    0.9988687 |       914      1165
     2329    36.391 |   90.8786532 |    0.0242906    0.9988687 |       914      1165
     2330    36.406 |   90.8929682 |    0.0244572    0.9988687 |       914      1165
     2331    36.422 |   90.9072964 |    0.0247369    0.9988687 |       914      1165
     2332    36.438 |   90.9178986 |    0.0251286    0.9988687 |       914      1165
     2333    36.453 |   90.9186333 |    0.0256304    0.9988687 |       914      1165
     2334    36.469 |   90.9328438 |    0.0262402    0.9988687 |       914      1165
     2335    36.484 |   90.9471089 |    0.0269554    0.9988687 |       914      1165
     2336    36.500 |   90.9467717 |    0.0277732    0.9988687 |       914      1165
     2337    36.516 |   90.9073871 |    0.0286903    0.9988687 |       914      1165
     2338    36.531 |   90.9217117 |    0.0297031    0.9988687 |       914      1165
     2339    36.547 |   90.9357622 |    0.0308080    0.9988687 |       914      1165
------------------------------------------------------------------------------------
Iteration      Time | *me_per_hour |     LEANBSSNMOL::conf_fac | *TISTICS::maxrss_mb
                    |              |      minimum      maximum |   minimum   maximum
------------------------------------------------------------------------------------
     2340    36.562 |   90.9462214 |    0.0320007    0.9988687 |       914      1165
     2341    36.578 |   90.9468861 |    0.0332772    0.9988687 |       914      1165
     2342    36.594 |   90.9612809 |    0.0336537    0.9988687 |       914      1165
     2343    36.609 |   90.9755763 |    0.0339634    0.9988687 |       914      1165
     2344    36.625 |   90.9805812 |    0.0332734    0.9988687 |       914      1165
     2345    36.641 |   90.9657595 |    0.0319084    0.9988687 |       914      1165
     2346    36.656 |   90.9796813 |    0.0306253    0.9988687 |       914      1165
     2347    36.672 |   90.9939309 |    0.0294285    0.9988687 |       914      1165
     2348    36.688 |   91.0042644 |    0.0283223    0.9988687 |       914      1165
     2349    36.703 |   91.0053280 |    0.0273108    0.9988687 |       914      1165
     2350    36.719 |   91.0193190 |    0.0263977    0.9988687 |       914      1165
     2351    36.734 |   91.0334170 |    0.0255865    0.9988687 |       914      1165
     2352    36.750 |   91.0377628 |    0.0248803    0.9988687 |       914      1165
     2353    36.766 |   91.0103619 |    0.0242819    0.9988687 |       914      1165
     2354    36.781 |   91.0240494 |    0.0237935    0.9988687 |       914      1165
     2355    36.797 |   91.0378701 |    0.0234172    0.9988687 |       914      1165
     2356    36.812 |   91.0485946 |    0.0231545    0.9988687 |       914      1165
     2357    36.828 |   91.0482441 |    0.0230065    0.9988687 |       914      1165
     2358    36.844 |   91.0624216 |    0.0229738    0.9988687 |       914      1165
     2359    36.859 |   91.0766569 |    0.0230565    0.9988687 |       914      1165
------------------------------------------------------------------------------------
Iteration      Time | *me_per_hour |     LEANBSSNMOL::conf_fac | *TISTICS::maxrss_mb
                    |              |      minimum      maximum |   minimum   maximum
------------------------------------------------------------------------------------
     2360    36.875 |   91.0826977 |    0.0232543    0.9988687 |       915      1165
     2361    36.891 |   91.0674893 |    0.0235666    0.9988687 |       915      1165
     2362    36.906 |   91.0813436 |    0.0239920    0.9988687 |       915      1165
     2363    36.922 |   91.0953386 |    0.0245290    0.9988687 |       915      1165
     2364    36.938 |   91.1057740 |    0.0251756    0.9988687 |       915      1165
     2365    36.953 |   91.1066161 |    0.0259292    0.9988687 |       915      1165
     2366    36.969 |   91.1208914 |    0.0267870    0.9988687 |       915      1165
     2367    36.984 |   91.1347605 |    0.0277459    0.9988687 |       915      1165
     2368    37.000 |   91.1185166 |    0.0288024    0.9988687 |       915      1165
INFO (CarpetRegrid2): Centre 1 is at position [7.24538,2.79729,-0.0314178] with 8 levels
INFO (CarpetRegrid2): Centre 2 is at position [-7.24538,-2.79729,0.0314178] with 8 levels
INFO (CarpetRegrid2): Refined regions have not changed sufficiently; skipping regridding
INFO (CarpetRegrid2): Centre 1 is at position [7.24538,2.79729,-0.0314178] with 8 levels
INFO (CarpetRegrid2): Centre 2 is at position [-7.24538,-2.79729,0.0314178] with 8 levels
INFO (CarpetRegrid2): Refined regions have not changed sufficiently; skipping regridding
INFO (CarpetRegrid2): Centre 1 is at position [7.24538,2.79729,-0.0314178] with 8 levels
INFO (CarpetRegrid2): Centre 2 is at position [-7.24538,-2.79729,0.0314178] with 8 levels
INFO (CarpetRegrid2): Refined regions have not changed sufficiently; skipping regridding
INFO (CarpetRegrid2): Centre 1 is at position [7.24538,2.79729,-0.0314178] with 8 levels
INFO (CarpetRegrid2): Centre 2 is at position [-7.24538,-2.79729,0.0314178] with 8 levels
INFO (CarpetRegrid2): Refined regions have not changed sufficiently; skipping regridding
INFO (CarpetRegrid2): Centre 1 is at position [7.24538,2.79729,-0.0314178] with 8 levels
INFO (CarpetRegrid2): Centre 2 is at position [-7.24538,-2.79729,0.0314178] with 8 levels
INFO (CarpetRegrid2): Refined regions have not changed sufficiently; skipping regridding
INFO (CarpetRegrid2): Centre 1 is at position [7.24538,2.79729,-0.0314178] with 8 levels
INFO (CarpetRegrid2): Centre 2 is at position [-7.24538,-2.79729,0.0314178] with 8 levels
INFO (CarpetRegrid2): Refined regions have not changed sufficiently; skipping regridding
INFO (CarpetRegrid2): Centre 1 is at position [7.24538,2.79729,-0.0314178] with 8 levels
INFO (CarpetRegrid2): Centre 2 is at position [-7.24538,-2.79729,0.0314178] with 8 levels
INFO (CarpetRegrid2): Refined regions have not changed sufficiently; skipping regridding
INFO (CarpetRegrid2): Centre 1 is at position [7.24538,2.79729,-0.0314178] with 8 levels
INFO (CarpetRegrid2): Centre 2 is at position [-7.24538,-2.79729,0.0314178] with 8 levels
INFO (CarpetRegrid2): Refined regions have not changed sufficiently; skipping regridding
     2369    37.016 |   90.8607607 |    0.0292154    0.9988687 |       915      1165
     2370    37.031 |   90.8744099 |    0.0284671    0.9988687 |       915      1165
     2371    37.047 |   90.8881868 |    0.0278246    0.9988687 |       915      1165
     2372    37.062 |   90.8989542 |    0.0272903    0.9988687 |       915      1165
     2373    37.078 |   90.8996838 |    0.0268661    0.9988687 |       915      1165
     2374    37.094 |   90.9135186 |    0.0265532    0.9988687 |       915      1165
     2375    37.109 |   90.9224109 |    0.0263526    0.9988687 |       915      1165
     2376    37.125 |   90.9250456 |    0.0262650    0.9988687 |       915      1165
     2377    37.141 |   90.9025129 |    0.0262902    0.9988687 |       915      1165
     2378    37.156 |   90.9121370 |    0.0264280    0.9988687 |       915      1165
     2379    37.172 |   90.9259253 |    0.0266774    0.9988687 |       915      1165
------------------------------------------------------------------------------------
Iteration      Time | *me_per_hour |     LEANBSSNMOL::conf_fac | *TISTICS::maxrss_mb
                    |              |      minimum      maximum |   minimum   maximum
------------------------------------------------------------------------------------
     2380    37.188 |   90.9363867 |    0.0270372    0.9988687 |       915      1165
     2381    37.203 |   90.9371407 |    0.0275057    0.9988687 |       915      1165
     2382    37.219 |   90.9513103 |    0.0280807    0.9988687 |       915      1165
     2383    37.234 |   90.9654400 |    0.0287599    0.9988687 |       915      1165
     2384    37.250 |   90.9698440 |    0.0295404    0.9988687 |       915      1165
     2385    37.266 |   90.9429455 |    0.0303164    0.9988687 |       915      1165
     2386    37.281 |   90.9567872 |    0.0300818    0.9988687 |       915      1165
     2387    37.297 |   90.9709126 |    0.0299521    0.9988687 |       915      1165
     2388    37.312 |   90.9803420 |    0.0299281    0.9988687 |       915      1165
     2389    37.328 |   90.9808931 |    0.0300104    0.9988687 |       915      1165
     2390    37.344 |   90.9950431 |    0.0301989    0.9988687 |       915      1165
     2391    37.359 |   91.0086299 |    0.0304932    0.9988687 |       915      1165
     2392    37.375 |   91.0155299 |    0.0308926    0.9988687 |       915      1165
     2393    37.391 |   91.0006285 |    0.0313959    0.9988687 |       915      1165
     2394    37.406 |   91.0137224 |    0.0306475    0.9988687 |       915      1165
     2395    37.422 |   91.0277272 |    0.0294207    0.9988687 |       915      1165
     2396    37.438 |   91.0379731 |    0.0282854    0.9988687 |       915      1165
     2397    37.453 |   91.0387146 |    0.0272457    0.9988687 |       915      1165
     2398    37.469 |   91.0528882 |    0.0263056    0.9988687 |       915      1165
     2399    37.484 |   91.0661717 |    0.0254684    0.9988687 |       915      1165
------------------------------------------------------------------------------------
Iteration      Time | *me_per_hour |     LEANBSSNMOL::conf_fac | *TISTICS::maxrss_mb
                    |              |      minimum      maximum |   minimum   maximum
------------------------------------------------------------------------------------
     2400    37.500 |   91.0658469 |    0.0247374    0.9988687 |       915      1165
     2401    37.516 |   91.0285673 |    0.0241154    0.9988687 |       915      1165
     2402    37.531 |   91.0425983 |    0.0236046    0.9988687 |       915      1165
     2403    37.547 |   91.0565643 |    0.0232071    0.9988687 |       915      1165
     2404    37.562 |   91.0667285 |    0.0229244    0.9988687 |       915      1165
     2405    37.578 |   91.0676387 |    0.0227575    0.9988687 |       915      1165
     2406    37.594 |   91.0817152 |    0.0227070    0.9988687 |       915      1165
     2407    37.609 |   91.0955535 |    0.0227731    0.9988687 |       915      1165
     2408    37.625 |   91.1022357 |    0.0229553    0.9988687 |       915      1165
     2409    37.641 |   91.0872134 |    0.0232530    0.9988687 |       915      1165
     2410    37.656 |   91.1009661 |    0.0236647    0.9988687 |       915      1165
     2411    37.672 |   91.1149040 |    0.0241889    0.9988687 |       915      1165
     2412    37.688 |   91.1246627 |    0.0248234    0.9988687 |       915      1165
     2413    37.703 |   91.1258321 |    0.0255657    0.9988687 |       915      1165
     2414    37.719 |   91.1394785 |    0.0264128    0.9988687 |       915      1165
     2415    37.734 |   91.1533836 |    0.0273616    0.9988687 |       915      1165
     2416    37.750 |   91.1573207 |    0.0284084    0.9988687 |       915      1165
     2417    37.766 |   91.1312486 |    0.0295495    0.9988687 |       915      1166
     2418    37.781 |   91.1450315 |    0.0307806    0.9988687 |       915      1166
     2419    37.797 |   91.1582818 |    0.0313003    0.9988687 |       915      1166
------------------------------------------------------------------------------------
Iteration      Time | *me_per_hour |     LEANBSSNMOL::conf_fac | *TISTICS::maxrss_mb
                    |              |      minimum      maximum |   minimum   maximum
------------------------------------------------------------------------------------
     2420    37.812 |   91.1684625 |    0.0307777    0.9988687 |       915      1166
     2421    37.828 |   91.1690904 |    0.0303619    0.9988687 |       915      1166
     2422    37.844 |   91.1822361 |    0.0300540    0.9988687 |       915      1166
     2423    37.859 |   91.1948031 |    0.0298549    0.9988687 |       915      1166
     2424    37.875 |   91.2017346 |    0.0297652    0.9988687 |       915      1166
     2425    37.891 |   91.1870303 |    0.0297847    0.9988687 |       915      1166
     2426    37.906 |   91.2007171 |    0.0299132    0.9988687 |       915      1166
     2427    37.922 |   91.2139654 |    0.0301496    0.9988687 |       915      1166
     2428    37.938 |   91.2243769 |    0.0300892    0.9988687 |       915      1166
     2429    37.953 |   91.2251393 |    0.0293164    0.9988687 |       915      1166
     2430    37.969 |   91.2389377 |    0.0286433    0.9988687 |       915      1166
     2431    37.984 |   91.2520508 |    0.0280729    0.9988687 |       915      1166
     2432    38.000 |   91.2377232 |    0.0276074    0.9988687 |       915      1166
INFO (CarpetRegrid2): Centre 1 is at position [7.19902,2.87744,-0.033609] with 8 levels
INFO (CarpetRegrid2): Centre 2 is at position [-7.19902,-2.87744,0.033609] with 8 levels
INFO (CarpetRegrid2): Regridding level 0 map 0 at iteration 2433 time 38
INFO (CarpetRegrid2): Regridding levels 1 and up
INFO (CarpetRegrid2): Enforcing grid structure properties, iteration 0
INFO (CarpetRegrid2): Enforcing grid structure properties, iteration 0
INFO (CarpetRegrid2): Enforcing grid structure properties, iteration 0
INFO (CarpetRegrid2): Enforcing grid structure properties, iteration 0
INFO (CarpetRegrid2): Enforcing grid structure properties, iteration 0
INFO (CarpetRegrid2): Enforcing grid structure properties, iteration 1
INFO (CarpetRegrid2): Enforcing grid structure properties, iteration 0
INFO (CarpetRegrid2): Enforcing grid structure properties, iteration 0
INFO (CarpetRegrid2): Enforcing grid structure properties, iteration 1
INFO (Carpet): Grid structure (superregions, grid points):
   [0][0][0]   exterior: [0,0,0] : [260,260,260]   ([261,261,261] + PADDING) 17779581
   [1][0][0]   exterior: [215,218,219] : [305,302,301]   ([91,85,83] + PADDING) 642005
   [2][0][0]   exterior: [480,484,487] : [560,556,553]   ([81,73,67] + PADDING) 396171
   [3][0][0]   exterior: [993,1001,1007] : [1087,1079,1073]   ([95,79,67] + PADDING) 502835
   [4][0][0]   exterior: [2076,2059,2047] : [2141,2124,2047]   ([66,66,1] + PADDING) 4356
   [4][0][1]   exterior: [2019,2036,2048] : [2084,2058,2112]   ([66,23,65] + PADDING) 98670
   [4][0][2]   exterior: [2019,2059,2048] : [2141,2101,2112]   ([123,43,65] + PADDING) 343785
   [4][0][3]   exterior: [2076,2102,2048] : [2141,2124,2112]   ([66,23,65] + PADDING) 98670
   [4][0][4]   exterior: [2019,2036,2113] : [2084,2101,2113]   ([66,66,1] + PADDING) 4356
   [5][0][0]   exterior: [4186,4152,4128] : [4249,4214,4191]   ([64,63,64] + PADDING) 258048
   [5][0][1]   exterior: [4071,4106,4129] : [4134,4168,4192]   ([64,63,64] + PADDING) 258048
   [6][0][0]   exterior: [8406,8337,8290] : [8464,8395,8349]   ([59,59,60] + PADDING) 208860
   [6][0][1]   exterior: [8176,8245,8291] : [8234,8303,8350]   ([59,59,60] + PADDING) 208860
   [7][0][0]   exterior: [16845,16707,16614] : [16895,16757,16664]   ([51,51,51] + PADDING) 132651
   [7][0][1]   exterior: [16385,16523,16616] : [16435,16573,16666]   ([51,51,51] + PADDING) 132651
INFO (Carpet): Grid structure (superregions, coordinates):
   [0][0][0]   exterior: [-520,-520,-520] : [520,520,520] : [4,4,4]
   [1][0][0]   exterior: [-90,-84,-82] : [90,84,82] : [2,2,2]
   [2][0][0]   exterior: [-40,-36,-33] : [40,36,33] : [1,1,1]
   [3][0][0]   exterior: [-23.5,-19.5,-16.5] : [23.5,19.5,16.5] : [0.5,0.5,0.5]
   [4][0][0]   exterior: [-1,-5.25,-8.25] : [15.25,11,-8.25] : [0.25,0.25,0.25]
   [4][0][1]   exterior: [-15.25,-11,-8] : [1,-5.5,8] : [0.25,0.25,0.25]
   [4][0][2]   exterior: [-15.25,-5.25,-8] : [15.25,5.25,8] : [0.25,0.25,0.25]
   [4][0][3]   exterior: [-1,5.5,-8] : [15.25,11,8] : [0.25,0.25,0.25]
   [4][0][4]   exterior: [-15.25,-11,8.25] : [1,5.25,8.25] : [0.25,0.25,0.25]
   [5][0][0]   exterior: [3.25,-1,-4] : [11.125,6.75,3.875] : [0.125,0.125,0.125]
   [5][0][1]   exterior: [-11.125,-6.75,-3.875] : [-3.25,1,4] : [0.125,0.125,0.125]
   [6][0][0]   exterior: [5.375,1.0625,-1.875] : [9,4.6875,1.8125] : [0.0625,0.0625,0.0625]
   [6][0][1]   exterior: [-9,-4.6875,-1.8125] : [-5.375,-1.0625,1.875] : [0.0625,0.0625,0.0625]
   [7][0][0]   exterior: [6.40625,2.09375,-0.8125] : [7.96875,3.65625,0.75] : [0.03125,0.03125,0.03125]
   [7][0][1]   exterior: [-7.96875,-3.65625,-0.75] : [-6.40625,-2.09375,0.8125] : [0.03125,0.03125,0.03125]
INFO (Carpet): Global grid structure statistics:
INFO (Carpet): GF: rhs: 251k active, 492k owned (+96%), 1187k total (+141%), 128 steps/time
INFO (Carpet): GF: vars: 247, pts: 4430M active, 4908M owned (+11%), 7779M total (+58%), 1.0 comp/proc
INFO (Carpet): GA: vars: 1664, pts: 381M active, 381M total (+0%)
INFO (Carpet): Total required memory: 66.127 GByte (for GAs and currently active GFs)
INFO (Carpet): Load balance:  min     avg     max     sdv     max/avg-1
INFO (Carpet): Level  0:      32M     37M     41M      2M owned     11%
INFO (Carpet): Level  1:       1M      1M      1M      0M owned      6%
INFO (Carpet): Level  2:       1M      1M      1M      0M owned     10%
INFO (Carpet): Level  3:       1M      1M      1M      0M owned      9%
INFO (Carpet): Level  4:       1M      1M      1M      0M owned      8%
INFO (Carpet): Level  5:       1M      1M      1M      0M owned      2%
INFO (Carpet): Level  6:       1M      1M      1M      0M owned      5%
INFO (Carpet): Level  7:       0M      1M      1M      0M owned      7%
     2433    38.016 |   90.7568905 |    0.0272488    0.9988687 |       915      1166
     2434    38.031 |   90.7700477 |    0.0269987    0.9988687 |       915      1166
     2435    38.047 |   90.7840232 |    0.0268584    0.9988687 |       915      1166
     2436    38.062 |   90.7942312 |    0.0268284    0.9988687 |       915      1166
     2437    38.078 |   90.7956558 |    0.0269092    0.9988687 |       915      1166
     2438    38.094 |   90.8093042 |    0.0271007    0.9988687 |       915      1166
     2439    38.109 |   90.8225760 |    0.0274022    0.9988687 |       915      1166
------------------------------------------------------------------------------------
Iteration      Time | *me_per_hour |     LEANBSSNMOL::conf_fac | *TISTICS::maxrss_mb
                    |              |      minimum      maximum |   minimum   maximum
------------------------------------------------------------------------------------
     2440    38.125 |   90.8296870 |    0.0278129    0.9988687 |       915      1166
     2441    38.141 |   90.8162412 |    0.0283313    0.9988687 |       915      1166
     2442    38.156 |   90.8295551 |    0.0289555    0.9988687 |       915      1166
     2443    38.172 |   90.8436592 |    0.0296835    0.9988687 |       915      1166
     2444    38.188 |   90.8540563 |    0.0292697    0.9988687 |       915      1166
     2445    38.203 |   90.8550882 |    0.0282375    0.9988687 |       915      1166
     2446    38.219 |   90.8687307 |    0.0273051    0.9988687 |       915      1166
     2447    38.234 |   90.8827701 |    0.0264760    0.9988687 |       915      1166
     2448    38.250 |   90.8842555 |    0.0257533    0.9988687 |       915      1166
     2449    38.266 |   90.8602563 |    0.0251395    0.9988687 |       915      1166
     2450    38.281 |   90.8733842 |    0.0246369    0.9988687 |       915      1166
     2451    38.297 |   90.8876216 |    0.0242474    0.9988687 |       915      1166
     2452    38.312 |   90.8978641 |    0.0239724    0.9988687 |       915      1166
     2453    38.328 |   90.8988192 |    0.0238127    0.9988687 |       915      1166
     2454    38.344 |   90.9125168 |    0.0237689    0.9988687 |       915      1166
     2455    38.359 |   90.9265488 |    0.0238409    0.9988687 |       915      1166
     2456    38.375 |   90.9330402 |    0.0240282    0.9988687 |       915      1166
     2457    38.391 |   90.9192919 |    0.0243300    0.9988687 |       915      1166
     2458    38.406 |   90.9330022 |    0.0247448    0.9988687 |       915      1166
     2459    38.422 |   90.9470700 |    0.0252708    0.9988687 |       915      1166
------------------------------------------------------------------------------------
Iteration      Time | *me_per_hour |     LEANBSSNMOL::conf_fac | *TISTICS::maxrss_mb
                    |              |      minimum      maximum |   minimum   maximum
------------------------------------------------------------------------------------
     2460    38.438 |   90.9576562 |    0.0259057    0.9988687 |       915      1166
     2461    38.453 |   90.9593206 |    0.0266471    0.9988687 |       915      1166
     2462    38.469 |   90.9726967 |    0.0274919    0.9988687 |       915      1166
     2463    38.484 |   90.9867019 |    0.0284367    0.9988687 |       915      1166
     2464    38.500 |   90.9854936 |    0.0294780    0.9988687 |       915      1166
     2465    38.516 |   90.9512957 |    0.0306119    0.9988687 |       915      1166
     2466    38.531 |   90.9646683 |    0.0318343    0.9988687 |       915      1166
     2467    38.547 |   90.9779312 |    0.0331408    0.9988687 |       915      1166
     2468    38.562 |   90.9880768 |    0.0345269    0.9988687 |       915      1166
     2469    38.578 |   90.9894789 |    0.0354897    0.9988687 |       915      1166
     2470    38.594 |   91.0030854 |    0.0346056    0.9988687 |       915      1166
     2471    38.609 |   91.0166519 |    0.0332735    0.9988687 |       915      1166
     2472    38.625 |   91.0239102 |    0.0320232    0.9988687 |       915      1166
     2473    38.641 |   91.0102313 |    0.0308589    0.9988687 |       915      1166
     2474    38.656 |   91.0228378 |    0.0297848    0.9988687 |       915      1166
     2475    38.672 |   91.0318648 |    0.0288049    0.9988687 |       915      1166
     2476    38.688 |   91.0392219 |    0.0279227    0.9988687 |       915      1166
     2477    38.703 |   91.0343240 |    0.0271417    0.9988687 |       915      1166
     2478    38.719 |   91.0435629 |    0.0264649    0.9988687 |       915      1166
     2479    38.734 |   91.0551315 |    0.0258949    0.9988687 |       915      1166
------------------------------------------------------------------------------------
Iteration      Time | *me_per_hour |     LEANBSSNMOL::conf_fac | *TISTICS::maxrss_mb
                    |              |      minimum      maximum |   minimum   maximum
------------------------------------------------------------------------------------
     2480    38.750 |   91.0561991 |    0.0254339    0.9988687 |       915      1166
     2481    38.766 |   91.0318839 |    0.0250839    0.9988687 |       915      1166
     2482    38.781 |   91.0451753 |    0.0248462    0.9988687 |       915      1166
     2483    38.797 |   91.0589635 |    0.0247219    0.9988687 |       915      1166
     2484    38.812 |   91.0696323 |    0.0247115    0.9988687 |       915      1166
     2485    38.828 |   91.0712174 |    0.0248151    0.9988687 |       915      1166
     2486    38.844 |   91.0843304 |    0.0250322    0.9988687 |       915      1166
     2487    38.859 |   91.0983866 |    0.0253622    0.9988687 |       915      1166
     2488    38.875 |   91.1054116 |    0.0258038    0.9988687 |       915      1166
     2489    38.891 |   91.0924189 |    0.0263552    0.9988687 |       915      1166
     2490    38.906 |   91.1050041 |    0.0270144    0.9988687 |       915      1166
     2491    38.922 |   91.1190512 |    0.0277789    0.9988687 |       915      1166
     2492    38.938 |   91.1293566 |    0.0286459    0.9988687 |       915      1166
     2493    38.953 |   91.1308830 |    0.0296121    0.9988687 |       915      1166
     2494    38.969 |   91.1443859 |    0.0299296    0.9988687 |       915      1166
     2495    38.984 |   91.1580280 |    0.0291448    0.9988687 |       915      1166
     2496    39.000 |   91.1434081 |    0.0284648    0.9988687 |       916      1166
INFO (CarpetRegrid2): Centre 1 is at position [7.1513,2.95723,-0.035879] with 8 levels
INFO (CarpetRegrid2): Centre 2 is at position [-7.1513,-2.95723,0.035879] with 8 levels
INFO (CarpetRegrid2): Refined regions have not changed sufficiently; skipping regridding
INFO (CarpetRegrid2): Centre 1 is at position [7.1513,2.95723,-0.035879] with 8 levels
INFO (CarpetRegrid2): Centre 2 is at position [-7.1513,-2.95723,0.035879] with 8 levels
INFO (CarpetRegrid2): Refined regions have not changed sufficiently; skipping regridding
INFO (CarpetRegrid2): Centre 1 is at position [7.1513,2.95723,-0.035879] with 8 levels
INFO (CarpetRegrid2): Centre 2 is at position [-7.1513,-2.95723,0.035879] with 8 levels
INFO (CarpetRegrid2): Refined regions have not changed sufficiently; skipping regridding
INFO (CarpetRegrid2): Centre 1 is at position [7.1513,2.95723,-0.035879] with 8 levels
INFO (CarpetRegrid2): Centre 2 is at position [-7.1513,-2.95723,0.035879] with 8 levels
INFO (CarpetRegrid2): Refined regions have not changed sufficiently; skipping regridding
INFO (CarpetRegrid2): Centre 1 is at position [7.1513,2.95723,-0.035879] with 8 levels
INFO (CarpetRegrid2): Centre 2 is at position [-7.1513,-2.95723,0.035879] with 8 levels
INFO (CarpetRegrid2): Refined regions have not changed sufficiently; skipping regridding
INFO (CarpetRegrid2): Centre 1 is at position [7.1513,2.95723,-0.035879] with 8 levels
INFO (CarpetRegrid2): Centre 2 is at position [-7.1513,-2.95723,0.035879] with 8 levels
INFO (CarpetRegrid2): Refined regions have not changed sufficiently; skipping regridding
INFO (CarpetRegrid2): Centre 1 is at position [7.1513,2.95723,-0.035879] with 8 levels
INFO (CarpetRegrid2): Centre 2 is at position [-7.1513,-2.95723,0.035879] with 8 levels
INFO (CarpetRegrid2): Refined regions have not changed sufficiently; skipping regridding
INFO (CarpetRegrid2): Centre 1 is at position [7.1513,2.95723,-0.035879] with 8 levels
INFO (CarpetRegrid2): Centre 2 is at position [-7.1513,-2.95723,0.035879] with 8 levels
INFO (CarpetRegrid2): Refined regions have not changed sufficiently; skipping regridding
     2497    39.016 |   90.9028958 |    0.0278921    0.9988687 |       916      1166
     2498    39.031 |   90.9160282 |    0.0274288    0.9988687 |       916      1166
     2499    39.047 |   90.9292855 |    0.0270762    0.9988687 |       916      1166
------------------------------------------------------------------------------------
Iteration      Time | *me_per_hour |     LEANBSSNMOL::conf_fac | *TISTICS::maxrss_mb
                    |              |      minimum      maximum |   minimum   maximum
------------------------------------------------------------------------------------
     2500    39.062 |   90.9401376 |    0.0268358    0.9988687 |       916      1166
     2501    39.078 |   90.9414913 |    0.0267080    0.9988687 |       916      1166
     2502    39.094 |   90.9549214 |    0.0266931    0.9988687 |       916      1166
     2503    39.109 |   90.9686899 |    0.0267910    0.9988687 |       916      1166
     2504    39.125 |   90.9758751 |    0.0270010    0.9988687 |       916      1166
     2505    39.141 |   90.9631108 |    0.0273219    0.9988687 |       916      1166
     2506    39.156 |   90.9763622 |    0.0277522    0.9988687 |       916      1166
     2507    39.172 |   90.9902812 |    0.0282900    0.9988687 |       916      1166
     2508    39.188 |   91.0005591 |    0.0289330    0.9988687 |       916      1166
     2509    39.203 |   91.0023395 |    0.0296784    0.9988687 |       916      1166
     2510    39.219 |   91.0156268 |    0.0305233    0.9988687 |       916      1166
     2511    39.234 |   91.0293119 |    0.0314643    0.9988687 |       916      1166
     2512    39.250 |   91.0328378 |    0.0319453    0.9988687 |       916      1166
     2513    39.266 |   91.0085618 |    0.0318467    0.9988687 |       916      1166
     2514    39.281 |   91.0217889 |    0.0318526    0.9988687 |       916      1166
     2515    39.297 |   91.0346548 |    0.0319633    0.9988687 |       916      1166
     2516    39.312 |   91.0443500 |    0.0321787    0.9988687 |       916      1166
     2517    39.328 |   91.0458189 |    0.0324984    0.9988687 |       916      1166
     2518    39.344 |   91.0592441 |    0.0329213    0.9988687 |       916      1166
     2519    39.359 |   91.0727021 |    0.0325263    0.9988687 |       916      1166
------------------------------------------------------------------------------------
Iteration      Time | *me_per_hour |     LEANBSSNMOL::conf_fac | *TISTICS::maxrss_mb
                    |              |      minimum      maximum |   minimum   maximum
------------------------------------------------------------------------------------
     2520    39.375 |   91.0796699 |    0.0312887    0.9988687 |       916      1166
     2521    39.391 |   91.0662588 |    0.0301407    0.9988687 |       916      1166
     2522    39.406 |   91.0795625 |    0.0290863    0.9988687 |       916      1166
     2523    39.422 |   91.0932456 |    0.0281293    0.9988687 |       916      1166
     2524    39.438 |   91.1035049 |    0.0272734    0.9988687 |       916      1166
     2525    39.453 |   91.1051373 |    0.0265216    0.9988687 |       916      1166
     2526    39.469 |   91.1185514 |    0.0258768    0.9988687 |       916      1166
     2527    39.484 |   91.1320976 |    0.0253415    0.9988687 |       916      1166
     2528    39.500 |   91.1318527 |    0.0249176    0.9988687 |       916      1166
     2529    39.516 |   91.0992525 |    0.0246068    0.9988687 |       916      1166
     2530    39.531 |   91.1123408 |    0.0244102    0.9988687 |       916      1166
     2531    39.547 |   91.1258017 |    0.0243284    0.9988687 |       916      1166
     2532    39.562 |   91.1354393 |    0.0243618    0.9988687 |       916      1166
     2533    39.578 |   91.1370763 |    0.0245100    0.9988687 |       916      1166
     2534    39.594 |   91.1502360 |    0.0247724    0.9988687 |       916      1166
     2535    39.609 |   91.1638016 |    0.0251479    0.9988687 |       916      1166
     2536    39.625 |   91.1709894 |    0.0256348    0.9988687 |       916      1166
     2537    39.641 |   91.1577007 |    0.0262312    0.9988687 |       916      1166
     2538    39.656 |   91.1703229 |    0.0269347    0.9988687 |       916      1166
     2539    39.672 |   91.1840668 |    0.0277425    0.9988687 |       916      1166
------------------------------------------------------------------------------------
Iteration      Time | *me_per_hour |     LEANBSSNMOL::conf_fac | *TISTICS::maxrss_mb
                    |              |      minimum      maximum |   minimum   maximum
------------------------------------------------------------------------------------
     2540    39.688 |   91.1941240 |    0.0286515    0.9988687 |       916      1166
     2541    39.703 |   91.1954908 |    0.0296582    0.9988687 |       916      1166
     2542    39.719 |   91.2079744 |    0.0307590    0.9988687 |       916      1166
     2543    39.734 |   91.2214123 |    0.0319499    0.9988687 |       916      1166
     2544    39.750 |   91.2254951 |    0.0332266    0.9988687 |       916      1166
     2545    39.766 |   91.2018209 |    0.0328374    0.9988687 |       916      1166
     2546    39.781 |   91.2147173 |    0.0324432    0.9988687 |       916      1166
     2547    39.797 |   91.2281778 |    0.0321551    0.9988687 |       916      1166
     2548    39.812 |   91.2382656 |    0.0319740    0.9988687 |       916      1166
     2549    39.828 |   91.2399279 |    0.0319002    0.9988687 |       916      1166
     2550    39.844 |   91.2524717 |    0.0319337    0.9988687 |       916      1166
     2551    39.859 |   91.2656164 |    0.0320739    0.9988687 |       916      1166
     2552    39.875 |   91.2723328 |    0.0321627    0.9988687 |       916      1166
     2553    39.891 |   91.2588835 |    0.0312804    0.9988687 |       916      1166
     2554    39.906 |   91.2717589 |    0.0304944    0.9988687 |       916      1166
     2555    39.922 |   91.2852691 |    0.0298079    0.9988687 |       916      1166
     2556    39.938 |   91.2949341 |    0.0292235    0.9988687 |       916      1166
     2557    39.953 |   91.2962758 |    0.0287435    0.9988687 |       916      1166
     2558    39.969 |   91.3094244 |    0.0283699    0.9988687 |       916      1166
     2559    39.984 |   91.3228072 |    0.0281043    0.9988687 |       916      1166
INFO (AHFinderDirect): proc 0: searching for horizon 1/6
INFO (AHFinderDirect): AH 3/6: r=78.994 at (0.000000,0.000000,0.000000)
INFO (AHFinderDirect): AH 3/6: area=80424.7671 m_irreducible=39.9999988
INFO (AHFinderDirect): AH 4/6: r=98.9941 at (0.000000,-0.000000,0.000000)
INFO (AHFinderDirect): AH 4/6: area=125663.7041 m_irreducible=49.99999959
INFO (AHFinderDirect): AH 5/6: r=178.995 at (0.000000,-0.000000,-0.000000)
INFO (AHFinderDirect): AH 5/6: area=407150.4076 m_irreducible=89.99999997
INFO (AHFinderDirect): AH 6/6: r=238.995 at (-0.000000,-0.000000,0.000000)
INFO (AHFinderDirect): AH 6/6: area=723822.9473 m_irreducible=120
INFO (AHFinderDirect): AH 1/6: r=0.405851 at (7.104141,3.034010,-0.038212)
INFO (AHFinderDirect): AH 1/6: area=11.27586012 m_irreducible=0.4736307734
INFO (AHFinderDirect): AH 2/6: r=0.405851 at (-7.104141,-3.034010,0.038212)
INFO (AHFinderDirect): AH 2/6: area=11.27586012 m_irreducible=0.4736307734
INFO (QuasiLocalMeasures): Calculating quasi-local quantities for surface    0
INFO (QuasiLocalMeasures): Importing from spherical surface    0
INFO (QuasiLocalMeasures): Geometric quantities for surface    0:
INFO (QuasiLocalMeasures):    Area A:                            11.2758
INFO (QuasiLocalMeasures):    Irreducible mass M = R/2:         0.473630
INFO (QuasiLocalMeasures):    Areal radius R = sqrt(A/4pi):     0.947261
INFO (QuasiLocalMeasures): Coordinate-dependent quantities for surface    0:
INFO (QuasiLocalMeasures):    Equatorial circumference:             5.95166
INFO (QuasiLocalMeasures):    Polar circumference at phi=0:         5.96521
INFO (QuasiLocalMeasures):    Polar circumference at phi=pi/2:      5.93036
INFO (QuasiLocalMeasures):    No valid spin guess from distortion.
INFO (QuasiLocalMeasures):    (Spin guess is imaginary.)
INFO (QuasiLocalMeasures):    Magnitude of invalid spin guess:     0.326276E-02
INFO (QuasiLocalMeasures):    Mass guess M from distortion:        0.473618
INFO (QuasiLocalMeasures): Isolated Horizon quantities for surface    0:
INFO (QuasiLocalMeasures):    Killing vector field eigenvalue norm:     0.999883
INFO (QuasiLocalMeasures):    Spin J:                                   0.601360E-05
INFO (QuasiLocalMeasures):    Kerr spin parameter a = J/M:              0.126968E-04
INFO (QuasiLocalMeasures):    Dimensionless spin parameter a = J/M^2:   0.268074E-04
INFO (QuasiLocalMeasures):    Spin J from NP:                          -0.118976E-03
INFO (QuasiLocalMeasures):    Spin J from phi-coordinate-vector:         0.00000
INFO (QuasiLocalMeasures):    Mass M:                                   0.473630
INFO (QuasiLocalMeasures): Global quantities for surface    0:
INFO (QuasiLocalMeasures):    ADM energy:                 -1.35468
INFO (QuasiLocalMeasures):    ADM momentum x:            -0.440658E-02
INFO (QuasiLocalMeasures):    ADM momentum y:             0.590303E-02
INFO (QuasiLocalMeasures):    ADM momentum z:            -0.229139E-03
INFO (QuasiLocalMeasures):    ADM angular momentum x:    -0.393999E-03
INFO (QuasiLocalMeasures):    ADM angular momentum y:     0.142879E-02
INFO (QuasiLocalMeasures):    ADM angular momentum z:     0.421970E-01
INFO (QuasiLocalMeasures):    Weinberg energy:                  3.33412
INFO (QuasiLocalMeasures):    Weinberg momentum x:            -0.221394E-01
INFO (QuasiLocalMeasures):    Weinberg momentum y:             0.307065E-01
INFO (QuasiLocalMeasures):    Weinberg momentum z:            -0.118021E-02
INFO (QuasiLocalMeasures):    Weinberg angular momentum x:    -0.318225E-02
INFO (QuasiLocalMeasures):    Weinberg angular momentum y:     0.122172E-01
INFO (QuasiLocalMeasures):    Weinberg angular momentum z:     0.389855
------------------------------------------------------------------------------------
Iteration      Time | *me_per_hour |     LEANBSSNMOL::conf_fac | *TISTICS::maxrss_mb
                    |              |      minimum      maximum |   minimum   maximum
------------------------------------------------------------------------------------
     2560    40.000 |   90.8192890 |    0.0279478    0.9988687 |       916      1223
INFO (CarpetRegrid2): Centre 1 is at position [7.10223,3.03667,-0.0382307] with 8 levels
INFO (CarpetRegrid2): Centre 2 is at position [-7.10223,-3.03667,0.0382307] with 8 levels
INFO (CarpetRegrid2): Regridding level 0 map 0 at iteration 2561 time 40
INFO (CarpetRegrid2): Regridding levels 1 and up
INFO (CarpetRegrid2): Enforcing grid structure properties, iteration 0
INFO (CarpetRegrid2): Enforcing grid structure properties, iteration 0
INFO (CarpetRegrid2): Enforcing grid structure properties, iteration 0
INFO (CarpetRegrid2): Enforcing grid structure properties, iteration 0
INFO (CarpetRegrid2): Enforcing grid structure properties, iteration 0
INFO (CarpetRegrid2): Enforcing grid structure properties, iteration 1
INFO (CarpetRegrid2): Enforcing grid structure properties, iteration 0
INFO (CarpetRegrid2): Enforcing grid structure properties, iteration 0
INFO (CarpetRegrid2): Enforcing grid structure properties, iteration 1
INFO (Carpet): Grid structure (superregions, grid points):
   [0][0][0]   exterior: [0,0,0] : [260,260,260]   ([261,261,261] + PADDING) 17779581
   [1][0][0]   exterior: [215,217,219] : [305,303,301]   ([91,87,83] + PADDING) 657111
   [2][0][0]   exterior: [480,484,487] : [560,556,553]   ([81,73,67] + PADDING) 396171
   [3][0][0]   exterior: [993,1001,1007] : [1087,1079,1073]   ([95,79,67] + PADDING) 502835
   [4][0][0]   exterior: [2076,2060,2047] : [2141,2125,2047]   ([66,66,1] + PADDING) 4356
   [4][0][1]   exterior: [2019,2035,2048] : [2084,2059,2112]   ([66,25,65] + PADDING) 107250
   [4][0][2]   exterior: [2019,2060,2048] : [2141,2100,2112]   ([123,41,65] + PADDING) 327795
   [4][0][3]   exterior: [2076,2101,2048] : [2141,2125,2112]   ([66,25,65] + PADDING) 107250
   [4][0][4]   exterior: [2019,2035,2113] : [2084,2100,2113]   ([66,66,1] + PADDING) 4356
   [5][0][0]   exterior: [4185,4153,4128] : [4248,4216,4191]   ([64,64,64] + PADDING) 262144
   [5][0][1]   exterior: [4072,4104,4129] : [4135,4167,4192]   ([64,64,64] + PADDING) 262144
   [6][0][0]   exterior: [8404,8339,8290] : [8463,8398,8349]   ([60,60,60] + PADDING) 216000
   [6][0][1]   exterior: [8177,8242,8291] : [8236,8301,8350]   ([60,60,60] + PADDING) 216000
   [7][0][0]   exterior: [16842,16712,16614] : [16892,16762,16664]   ([51,51,51] + PADDING) 132651
   [7][0][1]   exterior: [16388,16518,16616] : [16438,16568,16666]   ([51,51,51] + PADDING) 132651
INFO (Carpet): Grid structure (superregions, coordinates):
   [0][0][0]   exterior: [-520,-520,-520] : [520,520,520] : [4,4,4]
   [1][0][0]   exterior: [-90,-86,-82] : [90,86,82] : [2,2,2]
   [2][0][0]   exterior: [-40,-36,-33] : [40,36,33] : [1,1,1]
   [3][0][0]   exterior: [-23.5,-19.5,-16.5] : [23.5,19.5,16.5] : [0.5,0.5,0.5]
   [4][0][0]   exterior: [-1,-5,-8.25] : [15.25,11.25,-8.25] : [0.25,0.25,0.25]
   [4][0][1]   exterior: [-15.25,-11.25,-8] : [1,-5.25,8] : [0.25,0.25,0.25]
   [4][0][2]   exterior: [-15.25,-5,-8] : [15.25,5,8] : [0.25,0.25,0.25]
   [4][0][3]   exterior: [-1,5.25,-8] : [15.25,11.25,8] : [0.25,0.25,0.25]
   [4][0][4]   exterior: [-15.25,-11.25,8.25] : [1,5,8.25] : [0.25,0.25,0.25]
   [5][0][0]   exterior: [3.125,-0.875,-4] : [11,7,3.875] : [0.125,0.125,0.125]
   [5][0][1]   exterior: [-11,-7,-3.875] : [-3.125,0.875,4] : [0.125,0.125,0.125]
   [6][0][0]   exterior: [5.25,1.1875,-1.875] : [8.9375,4.875,1.8125] : [0.0625,0.0625,0.0625]
   [6][0][1]   exterior: [-8.9375,-4.875,-1.8125] : [-5.25,-1.1875,1.875] : [0.0625,0.0625,0.0625]
   [7][0][0]   exterior: [6.3125,2.25,-0.8125] : [7.875,3.8125,0.75] : [0.03125,0.03125,0.03125]
   [7][0][1]   exterior: [-7.875,-3.8125,-0.75] : [-6.3125,-2.25,0.8125] : [0.03125,0.03125,0.03125]
INFO (Carpet): Global grid structure statistics:
INFO (Carpet): GF: rhs: 254k active, 497k owned (+96%), 1196k total (+141%), 128 steps/time
INFO (Carpet): GF: vars: 247, pts: 4435M active, 4918M owned (+11%), 7796M total (+59%), 1.0 comp/proc
INFO (Carpet): GA: vars: 1664, pts: 381M active, 381M total (+0%)
INFO (Carpet): Total required memory: 66.265 GByte (for GAs and currently active GFs)
INFO (Carpet): Load balance:  min     avg     max     sdv     max/avg-1
INFO (Carpet): Level  0:      32M     37M     41M      2M owned     11%
INFO (Carpet): Level  1:       1M      1M      2M      0M owned      9%
INFO (Carpet): Level  2:       1M      1M      1M      0M owned     10%
INFO (Carpet): Level  3:       1M      1M      1M      0M owned      9%
INFO (Carpet): Level  4:       1M      1M      1M      0M owned      9%
INFO (Carpet): Level  5:       1M      1M      1M      0M owned      5%
INFO (Carpet): Level  6:       1M      1M      1M      0M owned      1%
INFO (Carpet): Level  7:       0M      1M      1M      0M owned      7%
     2561    40.016 |   90.1400334 |    0.0279012    0.9988687 |       916      1262
     2562    40.031 |   90.1529403 |    0.0279647    0.9988687 |       916      1262
     2563    40.047 |   90.1655869 |    0.0281383    0.9988687 |       916      1262
     2564    40.062 |   90.1756661 |    0.0284213    0.9988687 |       916      1262
     2565    40.078 |   90.1769763 |    0.0288128    0.9988687 |       916      1262
     2566    40.094 |   90.1900786 |    0.0293113    0.9988687 |       916      1262
     2567    40.109 |   90.2030139 |    0.0299152    0.9988687 |       916      1262
     2568    40.125 |   90.2096682 |    0.0306221    0.9988687 |       916      1263
     2569    40.141 |   90.1961194 |    0.0314295    0.9988687 |       917      1263
     2570    40.156 |   90.2097568 |    0.0305797    0.9988687 |       917      1263
     2571    40.172 |   90.2220819 |    0.0296929    0.9988687 |       917      1263
     2572    40.188 |   90.2320961 |    0.0289081    0.9988687 |       917      1263
     2573    40.203 |   90.2331342 |    0.0282280    0.9988687 |       917      1263
     2574    40.219 |   90.2468120 |    0.0276552    0.9988687 |       917      1263
     2575    40.234 |   90.2597364 |    0.0271917    0.9988687 |       917      1263
     2576    40.250 |   90.2623216 |    0.0268391    0.9988687 |       917      1265
     2577    40.266 |   90.2392838 |    0.0265986    0.9988687 |       917      1265
     2578    40.281 |   90.2508842 |    0.0264709    0.9988687 |       917      1265
     2579    40.297 |   90.2637399 |    0.0264563    0.9988687 |       917      1265
------------------------------------------------------------------------------------
Iteration      Time | *me_per_hour |     LEANBSSNMOL::conf_fac | *TISTICS::maxrss_mb
                    |              |      minimum      maximum |   minimum   maximum
------------------------------------------------------------------------------------
     2580    40.312 |   90.2735920 |    0.0265547    0.9988687 |       917      1265
     2581    40.328 |   90.2749372 |    0.0267655    0.9988687 |       917      1265
     2582    40.344 |   90.2880181 |    0.0270875    0.9988687 |       917      1265
     2583    40.359 |   90.3003388 |    0.0275193    0.9988687 |       917      1265
     2584    40.375 |   90.3067294 |    0.0280591    0.9988687 |       917      1267
     2585    40.391 |   90.2939025 |    0.0287045    0.9988687 |       917      1267
     2586    40.406 |   90.3061903 |    0.0294528    0.9988687 |       917      1267
     2587    40.422 |   90.3192647 |    0.0303012    0.9988687 |       917      1267
     2588    40.438 |   90.3289847 |    0.0312463    0.9988687 |       917      1267
     2589    40.453 |   90.3294771 |    0.0322844    0.9988687 |       917      1267
     2590    40.469 |   90.3429255 |    0.0334119    0.9988687 |       917      1267
     2591    40.484 |   90.3552186 |    0.0346246    0.9988687 |       917      1267
     2592    40.500 |   90.3551459 |    0.0359182    0.9988687 |       917      1267
     2593    40.516 |   90.3217907 |    0.0364644    0.9988687 |       917      1267
     2594    40.531 |   90.3326364 |    0.0367400    0.9988687 |       917      1267
     2595    40.547 |   90.3449448 |    0.0355295    0.9988687 |       917      1267
     2596    40.562 |   90.3550398 |    0.0342370    0.9988687 |       917      1267
     2597    40.578 |   90.3547812 |    0.0330282    0.9988687 |       917      1267
     2598    40.594 |   90.3666815 |    0.0319071    0.9988687 |       917      1267
     2599    40.609 |   90.3795559 |    0.0308777    0.9988687 |       917      1267
------------------------------------------------------------------------------------
Iteration      Time | *me_per_hour |     LEANBSSNMOL::conf_fac | *TISTICS::maxrss_mb
                    |              |      minimum      maximum |   minimum   maximum
------------------------------------------------------------------------------------
     2600    40.625 |   90.3856335 |    0.0299438    0.9988687 |       917      1267
     2601    40.641 |   90.3730960 |    0.0291088    0.9988687 |       917      1267
     2602    40.656 |   90.3851144 |    0.0283757    0.9988687 |       917      1267
     2603    40.672 |   90.3979979 |    0.0277473    0.9988687 |       917      1267
     2604    40.688 |   90.4077427 |    0.0272261    0.9988687 |       917      1267
     2605    40.703 |   90.4074853 |    0.0268139    0.9988687 |       917      1267
     2606    40.719 |   90.4206967 |    0.0265123    0.9988687 |       917      1267
     2607    40.734 |   90.4330653 |    0.0263225    0.9988687 |       917      1267
     2608    40.750 |   90.4367999 |    0.0262451    0.9988687 |       917      1267
     2609    40.766 |   90.4132076 |    0.0262805    0.9988687 |       917      1267
     2610    40.781 |   90.4264886 |    0.0264283    0.9988687 |       917      1267
     2611    40.797 |   90.4392391 |    0.0266880    0.9988687 |       917      1267
     2612    40.812 |   90.4487643 |    0.0270585    0.9988687 |       917      1267
     2613    40.828 |   90.4502343 |    0.0275382    0.9988687 |       917      1267
     2614    40.844 |   90.4631627 |    0.0281254    0.9988687 |       917      1267
     2615    40.859 |   90.4754609 |    0.0288176    0.9988687 |       917      1267
     2616    40.875 |   90.4822199 |    0.0296123    0.9988687 |       917      1267
     2617    40.891 |   90.4694539 |    0.0305063    0.9988687 |       917      1267
     2618    40.906 |   90.4826364 |    0.0314965    0.9988687 |       917      1267
     2619    40.922 |   90.4953337 |    0.0325791    0.9988687 |       917      1267
------------------------------------------------------------------------------------
Iteration      Time | *me_per_hour |     LEANBSSNMOL::conf_fac | *TISTICS::maxrss_mb
                    |              |      minimum      maximum |   minimum   maximum
------------------------------------------------------------------------------------
     2620    40.938 |   90.5049151 |    0.0334893    0.9988687 |       917      1267
     2621    40.953 |   90.5059257 |    0.0329206    0.9988687 |       917      1267
     2622    40.969 |   90.5190210 |    0.0324559    0.9988687 |       917      1267
     2623    40.984 |   90.5316964 |    0.0320966    0.9988687 |       917      1267
     2624    41.000 |   90.5206022 |    0.0318439    0.9988687 |       917      1267
INFO (CarpetRegrid2): Centre 1 is at position [7.05174,3.11568,-0.0406566] with 8 levels
INFO (CarpetRegrid2): Centre 2 is at position [-7.05174,-3.11568,0.0406566] with 8 levels
INFO (CarpetRegrid2): Refined regions have not changed sufficiently; skipping regridding
INFO (CarpetRegrid2): Centre 1 is at position [7.05174,3.11568,-0.0406566] with 8 levels
INFO (CarpetRegrid2): Centre 2 is at position [-7.05174,-3.11568,0.0406566] with 8 levels
INFO (CarpetRegrid2): Refined regions have not changed sufficiently; skipping regridding
INFO (CarpetRegrid2): Centre 1 is at position [7.05174,3.11568,-0.0406566] with 8 levels
INFO (CarpetRegrid2): Centre 2 is at position [-7.05174,-3.11568,0.0406566] with 8 levels
INFO (CarpetRegrid2): Refined regions have not changed sufficiently; skipping regridding
INFO (CarpetRegrid2): Centre 1 is at position [7.05174,3.11568,-0.0406566] with 8 levels
INFO (CarpetRegrid2): Centre 2 is at position [-7.05174,-3.11568,0.0406566] with 8 levels
INFO (CarpetRegrid2): Refined regions have not changed sufficiently; skipping regridding
INFO (CarpetRegrid2): Centre 1 is at position [7.05174,3.11568,-0.0406566] with 8 levels
INFO (CarpetRegrid2): Centre 2 is at position [-7.05174,-3.11568,0.0406566] with 8 levels
INFO (CarpetRegrid2): Refined regions have not changed sufficiently; skipping regridding
INFO (CarpetRegrid2): Centre 1 is at position [7.05174,3.11568,-0.0406566] with 8 levels
INFO (CarpetRegrid2): Centre 2 is at position [-7.05174,-3.11568,0.0406566] with 8 levels
INFO (CarpetRegrid2): Refined regions have not changed sufficiently; skipping regridding
INFO (CarpetRegrid2): Centre 1 is at position [7.05174,3.11568,-0.0406566] with 8 levels
INFO (CarpetRegrid2): Centre 2 is at position [-7.05174,-3.11568,0.0406566] with 8 levels
INFO (CarpetRegrid2): Refined regions have not changed sufficiently; skipping regridding
INFO (CarpetRegrid2): Centre 1 is at position [7.05174,3.11568,-0.0406566] with 8 levels
INFO (CarpetRegrid2): Centre 2 is at position [-7.05174,-3.11568,0.0406566] with 8 levels
INFO (CarpetRegrid2): Refined regions have not changed sufficiently; skipping regridding
     2625    41.016 |   90.2927432 |    0.0316984    0.9988687 |       917      1267
     2626    41.031 |   90.3052516 |    0.0316604    0.9988687 |       917      1267
     2627    41.047 |   90.3166771 |    0.0317297    0.9988687 |       917      1267
     2628    41.062 |   90.3268171 |    0.0319058    0.9988687 |       917      1267
     2629    41.078 |   90.3276607 |    0.0321877    0.9988687 |       917      1267
     2630    41.094 |   90.3405894 |    0.0325740    0.9988687 |       917      1267
     2631    41.109 |   90.3534869 |    0.0330630    0.9988687 |       917      1267
     2632    41.125 |   90.3602128 |    0.0326395    0.9988687 |       917      1267
     2633    41.141 |   90.3476289 |    0.0320798    0.9988687 |       917      1267
     2634    41.156 |   90.3605231 |    0.0316214    0.9988687 |       917      1267
     2635    41.172 |   90.3730662 |    0.0312662    0.9988687 |       917      1267
     2636    41.188 |   90.3827629 |    0.0310157    0.9988687 |       917      1267
     2637    41.203 |   90.3839149 |    0.0308710    0.9988687 |       917      1267
     2638    41.219 |   90.3969228 |    0.0308327    0.9988687 |       917      1267
     2639    41.234 |   90.4095597 |    0.0309012    0.9988687 |       917      1267
------------------------------------------------------------------------------------
Iteration      Time | *me_per_hour |     LEANBSSNMOL::conf_fac | *TISTICS::maxrss_mb
                    |              |      minimum      maximum |   minimum   maximum
------------------------------------------------------------------------------------
     2640    41.250 |   90.4131593 |    0.0310762    0.9988687 |       917      1267
     2641    41.266 |   90.3907016 |    0.0313574    0.9988687 |       917      1267
     2642    41.281 |   90.4033570 |    0.0317436    0.9988687 |       917      1267
     2643    41.297 |   90.4157912 |    0.0322335    0.9988687 |       917      1267
     2644    41.312 |   90.4256466 |    0.0328255    0.9988687 |       917      1267
     2645    41.328 |   90.4263270 |    0.0335174    0.9988687 |       917      1267
     2646    41.344 |   90.4385706 |    0.0325664    0.9988687 |       917      1267
     2647    41.359 |   90.4512326 |    0.0316326    0.9988687 |       917      1267
     2648    41.375 |   90.4582580 |    0.0307971    0.9988687 |       917      1267
     2649    41.391 |   90.4450944 |    0.0300630    0.9988687 |       917      1267
     2650    41.406 |   90.4578116 |    0.0294329    0.9988687 |       917      1267
     2651    41.422 |   90.4706216 |    0.0289091    0.9988687 |       917      1267
     2652    41.438 |   90.4800163 |    0.0284935    0.9988687 |       917      1267
     2653    41.453 |   90.4748318 |    0.0281874    0.9988687 |       917      1267
     2654    41.469 |   90.4815476 |    0.0279918    0.9988687 |       917      1267
     2655    41.484 |   90.4888525 |    0.0279075    0.9988687 |       917      1267
     2656    41.500 |   90.4842074 |    0.0279343    0.9988687 |       917      1267
     2657    41.516 |   90.4504706 |    0.0280722    0.9988687 |       917      1267
     2658    41.531 |   90.4629522 |    0.0283203    0.9988687 |       917      1267
     2659    41.547 |   90.4755224 |    0.0286774    0.9988687 |       917      1267
------------------------------------------------------------------------------------
Iteration      Time | *me_per_hour |     LEANBSSNMOL::conf_fac | *TISTICS::maxrss_mb
                    |              |      minimum      maximum |   minimum   maximum
------------------------------------------------------------------------------------
     2660    41.562 |   90.4850390 |    0.0291420    0.9988687 |       917      1267
     2661    41.578 |   90.4860699 |    0.0297121    0.9988687 |       917      1267
     2662    41.594 |   90.4985405 |    0.0303853    0.9988687 |       917      1267
     2663    41.609 |   90.5111692 |    0.0311591    0.9988687 |       917      1267
     2664    41.625 |   90.5180656 |    0.0320302    0.9988687 |       917      1267
     2665    41.641 |   90.5052562 |    0.0329955    0.9988687 |       917      1267
     2666    41.656 |   90.5177592 |    0.0340514    0.9988687 |       917      1267
     2667    41.672 |   90.5303177 |    0.0351940    0.9988687 |       917      1267
     2668    41.688 |   90.5400530 |    0.0364194    0.9988687 |       917      1267
     2669    41.703 |   90.5416589 |    0.0377233    0.9988687 |       917      1267
     2670    41.719 |   90.5541124 |    0.0391016    0.9988687 |       917      1267
     2671    41.734 |   90.5666632 |    0.0383268    0.9988687 |       917      1267
     2672    41.750 |   90.5700907 |    0.0370179    0.9988687 |       917      1267
     2673    41.766 |   90.5469806 |    0.0357887    0.9988687 |       917      1267
     2674    41.781 |   90.5584596 |    0.0346433    0.9988687 |       917      1267
     2675    41.797 |   90.5693516 |    0.0335857    0.9988687 |       917      1267
     2676    41.812 |   90.5771001 |    0.0326196    0.9988687 |       917      1267
     2677    41.828 |   90.5756681 |    0.0317484    0.9988687 |       917      1267
     2678    41.844 |   90.5872093 |    0.0309752    0.9988687 |       917      1267
     2679    41.859 |   90.5976858 |    0.0303030    0.9988687 |       917      1267
------------------------------------------------------------------------------------
Iteration      Time | *me_per_hour |     LEANBSSNMOL::conf_fac | *TISTICS::maxrss_mb
                    |              |      minimum      maximum |   minimum   maximum
------------------------------------------------------------------------------------
     2680    41.875 |   90.6043067 |    0.0297342    0.9988687 |       917      1267
     2681    41.891 |   90.5920549 |    0.0292709    0.9988687 |       917      1267
     2682    41.906 |   90.6048148 |    0.0289149    0.9988687 |       917      1267
     2683    41.922 |   90.6172258 |    0.0286673    0.9988687 |       917      1267
     2684    41.938 |   90.6269797 |    0.0285293    0.9988687 |       917      1267
     2685    41.953 |   90.6283126 |    0.0285011    0.9988687 |       917      1267
     2686    41.969 |   90.6412140 |    0.0285830    0.9988687 |       917      1267
     2687    41.984 |   90.6531717 |    0.0287744    0.9988687 |       917      1267
     2688    42.000 |   90.6422939 |    0.0290746    0.9988687 |       917      1267
INFO (CarpetRegrid2): Centre 1 is at position [6.99979,3.19424,-0.0431643] with 8 levels
INFO (CarpetRegrid2): Centre 2 is at position [-6.99979,-3.19424,0.0431643] with 8 levels
INFO (CarpetRegrid2): Regridding level 0 map 0 at iteration 2689 time 42
INFO (CarpetRegrid2): Regridding levels 1 and up
INFO (CarpetRegrid2): Enforcing grid structure properties, iteration 0
INFO (CarpetRegrid2): Enforcing grid structure properties, iteration 0
INFO (CarpetRegrid2): Enforcing grid structure properties, iteration 0
INFO (CarpetRegrid2): Enforcing grid structure properties, iteration 0
INFO (CarpetRegrid2): Enforcing grid structure properties, iteration 0
INFO (CarpetRegrid2): Enforcing grid structure properties, iteration 1
INFO (CarpetRegrid2): Enforcing grid structure properties, iteration 0
INFO (CarpetRegrid2): Enforcing grid structure properties, iteration 0
INFO (CarpetRegrid2): Enforcing grid structure properties, iteration 1
INFO (Carpet): Grid structure (superregions, grid points):
   [0][0][0]   exterior: [0,0,0] : [260,260,260]   ([261,261,261] + PADDING) 17779581
   [1][0][0]   exterior: [216,217,219] : [304,303,301]   ([89,87,83] + PADDING) 642669
   [2][0][0]   exterior: [480,484,487] : [560,556,553]   ([81,73,67] + PADDING) 396171
   [3][0][0]   exterior: [993,1001,1007] : [1087,1079,1073]   ([95,79,67] + PADDING) 502835
   [4][0][0]   exterior: [2076,2060,2047] : [2140,2125,2047]   ([65,66,1] + PADDING) 4290
   [4][0][1]   exterior: [2020,2035,2048] : [2084,2059,2112]   ([65,25,65] + PADDING) 105625
   [4][0][2]   exterior: [2020,2060,2048] : [2140,2100,2112]   ([121,41,65] + PADDING) 322465
   [4][0][3]   exterior: [2076,2101,2048] : [2140,2125,2112]   ([65,25,65] + PADDING) 105625
   [4][0][4]   exterior: [2020,2035,2113] : [2084,2100,2113]   ([65,66,1] + PADDING) 4290
   [5][0][0]   exterior: [4185,4154,4128] : [4247,4217,4191]   ([63,64,64] + PADDING) 258048
   [5][0][1]   exterior: [4073,4103,4129] : [4135,4166,4192]   ([63,64,64] + PADDING) 258048
   [6][0][0]   exterior: [8403,8342,8290] : [8461,8400,8349]   ([59,59,60] + PADDING) 208860
   [6][0][1]   exterior: [8179,8240,8291] : [8237,8298,8350]   ([59,59,60] + PADDING) 208860
   [7][0][0]   exterior: [16839,16717,16614] : [16889,16767,16664]   ([51,51,51] + PADDING) 132651
   [7][0][1]   exterior: [16391,16513,16616] : [16441,16563,16666]   ([51,51,51] + PADDING) 132651
INFO (Carpet): Grid structure (superregions, coordinates):
   [0][0][0]   exterior: [-520,-520,-520] : [520,520,520] : [4,4,4]
   [1][0][0]   exterior: [-88,-86,-82] : [88,86,82] : [2,2,2]
   [2][0][0]   exterior: [-40,-36,-33] : [40,36,33] : [1,1,1]
   [3][0][0]   exterior: [-23.5,-19.5,-16.5] : [23.5,19.5,16.5] : [0.5,0.5,0.5]
   [4][0][0]   exterior: [-1,-5,-8.25] : [15,11.25,-8.25] : [0.25,0.25,0.25]
   [4][0][1]   exterior: [-15,-11.25,-8] : [1,-5.25,8] : [0.25,0.25,0.25]
   [4][0][2]   exterior: [-15,-5,-8] : [15,5,8] : [0.25,0.25,0.25]
   [4][0][3]   exterior: [-1,5.25,-8] : [15,11.25,8] : [0.25,0.25,0.25]
   [4][0][4]   exterior: [-15,-11.25,8.25] : [1,5,8.25] : [0.25,0.25,0.25]
   [5][0][0]   exterior: [3.125,-0.75,-4] : [10.875,7.125,3.875] : [0.125,0.125,0.125]
   [5][0][1]   exterior: [-10.875,-7.125,-3.875] : [-3.125,0.75,4] : [0.125,0.125,0.125]
   [6][0][0]   exterior: [5.1875,1.375,-1.875] : [8.8125,5,1.8125] : [0.0625,0.0625,0.0625]
   [6][0][1]   exterior: [-8.8125,-5,-1.8125] : [-5.1875,-1.375,1.875] : [0.0625,0.0625,0.0625]
   [7][0][0]   exterior: [6.21875,2.40625,-0.8125] : [7.78125,3.96875,0.75] : [0.03125,0.03125,0.03125]
   [7][0][1]   exterior: [-7.78125,-3.96875,-0.75] : [-6.21875,-2.40625,0.8125] : [0.03125,0.03125,0.03125]
INFO (Carpet): Global grid structure statistics:
INFO (Carpet): GF: rhs: 251k active, 492k owned (+96%), 1186k total (+141%), 128 steps/time
INFO (Carpet): GF: vars: 247, pts: 4429M active, 4907M owned (+11%), 7772M total (+58%), 1.0 comp/proc
INFO (Carpet): GA: vars: 1664, pts: 381M active, 381M total (+0%)
INFO (Carpet): Total required memory: 66.077 GByte (for GAs and currently active GFs)
INFO (Carpet): Load balance:  min     avg     max     sdv     max/avg-1
INFO (Carpet): Level  0:      32M     37M     41M      2M owned     11%
INFO (Carpet): Level  1:       1M      1M      2M      0M owned      7%
INFO (Carpet): Level  2:       1M      1M      1M      0M owned     10%
INFO (Carpet): Level  3:       1M      1M      1M      0M owned      9%
INFO (Carpet): Level  4:       1M      1M      1M      0M owned     11%
INFO (Carpet): Level  5:       1M      1M      1M      0M owned      2%
INFO (Carpet): Level  6:       1M      1M      1M      0M owned      5%
INFO (Carpet): Level  7:       0M      1M      1M      0M owned      7%
     2689    42.016 |   90.1929430 |    0.0294824    0.9988687 |       917      1171
     2690    42.031 |   90.2056916 |    0.0299961    0.9988687 |       917      1171
     2691    42.047 |   90.2175345 |    0.0306137    0.9988687 |       917      1171
     2692    42.062 |   90.2270174 |    0.0313329    0.9988687 |       917      1171
     2693    42.078 |   90.2285658 |    0.0321510    0.9988687 |       917      1171
     2694    42.094 |   90.2416875 |    0.0330648    0.9988687 |       917      1171
     2695    42.109 |   90.2545458 |    0.0340712    0.9988687 |       917      1171
     2696    42.125 |   90.2596872 |    0.0351665    0.9988687 |       917      1171
     2697    42.141 |   90.2455030 |    0.0349688    0.9988687 |       918      1171
     2698    42.156 |   90.2585842 |    0.0344843    0.9988687 |       918      1171
     2699    42.172 |   90.2714129 |    0.0341026    0.9988687 |       918      1171
------------------------------------------------------------------------------------
Iteration      Time | *me_per_hour |     LEANBSSNMOL::conf_fac | *TISTICS::maxrss_mb
                    |              |      minimum      maximum |   minimum   maximum
------------------------------------------------------------------------------------
     2700    42.188 |   90.2800268 |    0.0338249    0.9988687 |       918      1171
     2701    42.203 |   90.2807799 |    0.0336520    0.9988687 |       918      1171
     2702    42.219 |   90.2938611 |    0.0335843    0.9988687 |       918      1171
     2703    42.234 |   90.3066626 |    0.0336216    0.9988687 |       918      1171
     2704    42.250 |   90.3097207 |    0.0337637    0.9988687 |       918      1171
     2705    42.266 |   90.2879694 |    0.0340097    0.9988687 |       918      1171
     2706    42.281 |   90.3007503 |    0.0343583    0.9988687 |       918      1171
     2707    42.297 |   90.3133460 |    0.0348080    0.9988687 |       918      1171
     2708    42.312 |   90.3227533 |    0.0349852    0.9988687 |       918      1171
     2709    42.328 |   90.3243498 |    0.0343906    0.9988687 |       918      1171
     2710    42.344 |   90.3375059 |    0.0338944    0.9988687 |       918      1171
     2711    42.359 |   90.3501452 |    0.0334986    0.9988687 |       918      1171
     2712    42.375 |   90.3555731 |    0.0332048    0.9988687 |       918      1171
     2713    42.391 |   90.3436758 |    0.0330142    0.9988687 |       918      1171
     2714    42.406 |   90.3564543 |    0.0329275    0.9988687 |       918      1171
     2715    42.422 |   90.3692098 |    0.0329452    0.9988687 |       918      1171
     2716    42.438 |   90.3791556 |    0.0330673    0.9988687 |       918      1171
     2717    42.453 |   90.3809556 |    0.0332935    0.9988687 |       918      1171
     2718    42.469 |   90.3940013 |    0.0336228    0.9988687 |       918      1171
     2719    42.484 |   90.4068132 |    0.0340543    0.9988687 |       918      1171
------------------------------------------------------------------------------------
Iteration      Time | *me_per_hour |     LEANBSSNMOL::conf_fac | *TISTICS::maxrss_mb
                    |              |      minimum      maximum |   minimum   maximum
------------------------------------------------------------------------------------
     2720    42.500 |   90.4047387 |    0.0345863    0.9988687 |       918      1171
     2721    42.516 |   90.3741568 |    0.0352170    0.9988687 |       918      1171
     2722    42.531 |   90.3868159 |    0.0352009    0.9988687 |       918      1171
     2723    42.547 |   90.3996328 |    0.0342723    0.9988687 |       918      1171
     2724    42.562 |   90.4092417 |    0.0334391    0.9988687 |       918      1171
     2725    42.578 |   90.4108149 |    0.0327043    0.9988687 |       918      1171
     2726    42.594 |   90.4238491 |    0.0320703    0.9988687 |       918      1171
     2727    42.609 |   90.4365865 |    0.0315395    0.9988687 |       918      1171
     2728    42.625 |   90.4415824 |    0.0311136    0.9988687 |       918      1171
     2729    42.641 |   90.4294766 |    0.0307941    0.9988687 |       918      1171
     2730    42.656 |   90.4420045 |    0.0305820    0.9988687 |       918      1171
     2731    42.672 |   90.4544860 |    0.0304779    0.9988687 |       918      1171
     2732    42.688 |   90.4639792 |    0.0304820    0.9988687 |       918      1171
     2733    42.703 |   90.4658379 |    0.0305941    0.9988687 |       918      1171
     2734    42.719 |   90.4787916 |    0.0308136    0.9988687 |       918      1171
     2735    42.734 |   90.4913582 |    0.0311394    0.9988687 |       918      1171
     2736    42.750 |   90.4942393 |    0.0315699    0.9988687 |       918      1171
     2737    42.766 |   90.4729718 |    0.0321035    0.9988687 |       918      1171
     2738    42.781 |   90.4855829 |    0.0327380    0.9988687 |       918      1171
     2739    42.797 |   90.4982111 |    0.0334707    0.9988687 |       918      1171
------------------------------------------------------------------------------------
Iteration      Time | *me_per_hour |     LEANBSSNMOL::conf_fac | *TISTICS::maxrss_mb
                    |              |      minimum      maximum |   minimum   maximum
------------------------------------------------------------------------------------
     2740    42.812 |   90.5072341 |    0.0342989    0.9988687 |       918      1171
     2741    42.828 |   90.5091283 |    0.0352195    0.9988687 |       918      1171
     2742    42.844 |   90.5216709 |    0.0362291    0.9988687 |       918      1171
     2743    42.859 |   90.5342596 |    0.0373240    0.9988687 |       918      1171
     2744    42.875 |   90.5390608 |    0.0385005    0.9988687 |       918      1171
     2745    42.891 |   90.5273565 |    0.0397545    0.9988687 |       918      1171
     2746    42.906 |   90.5400926 |    0.0404258    0.9988687 |       918      1171
     2747    42.922 |   90.5528481 |    0.0406010    0.9988687 |       918      1171
     2748    42.938 |   90.5624906 |    0.0393125    0.9988687 |       918      1171
     2749    42.953 |   90.5636229 |    0.0381023    0.9988687 |       918      1171
     2750    42.969 |   90.5762965 |    0.0369742    0.9988687 |       918      1171
     2751    42.984 |   90.5885708 |    0.0359322    0.9988687 |       918      1171
     2752    43.000 |   90.5753416 |    0.0349796    0.9988687 |       918      1171
INFO (CarpetRegrid2): Centre 1 is at position [6.94644,3.27239,-0.0457542] with 8 levels
INFO (CarpetRegrid2): Centre 2 is at position [-6.94644,-3.27239,0.0457542] with 8 levels
INFO (CarpetRegrid2): Refined regions have not changed sufficiently; skipping regridding
INFO (CarpetRegrid2): Centre 1 is at position [6.94644,3.27239,-0.0457542] with 8 levels
INFO (CarpetRegrid2): Centre 2 is at position [-6.94644,-3.27239,0.0457542] with 8 levels
INFO (CarpetRegrid2): Refined regions have not changed sufficiently; skipping regridding
INFO (CarpetRegrid2): Centre 1 is at position [6.94644,3.27239,-0.0457542] with 8 levels
INFO (CarpetRegrid2): Centre 2 is at position [-6.94644,-3.27239,0.0457542] with 8 levels
INFO (CarpetRegrid2): Refined regions have not changed sufficiently; skipping regridding
INFO (CarpetRegrid2): Centre 1 is at position [6.94644,3.27239,-0.0457542] with 8 levels
INFO (CarpetRegrid2): Centre 2 is at position [-6.94644,-3.27239,0.0457542] with 8 levels
INFO (CarpetRegrid2): Refined regions have not changed sufficiently; skipping regridding
INFO (CarpetRegrid2): Centre 1 is at position [6.94644,3.27239,-0.0457542] with 8 levels
INFO (CarpetRegrid2): Centre 2 is at position [-6.94644,-3.27239,0.0457542] with 8 levels
INFO (CarpetRegrid2): Refined regions have not changed sufficiently; skipping regridding
INFO (CarpetRegrid2): Centre 1 is at position [6.94644,3.27239,-0.0457542] with 8 levels
INFO (CarpetRegrid2): Centre 2 is at position [-6.94644,-3.27239,0.0457542] with 8 levels
INFO (CarpetRegrid2): Refined regions have not changed sufficiently; skipping regridding
INFO (CarpetRegrid2): Centre 1 is at position [6.94644,3.27239,-0.0457542] with 8 levels
INFO (CarpetRegrid2): Centre 2 is at position [-6.94644,-3.27239,0.0457542] with 8 levels
INFO (CarpetRegrid2): Refined regions have not changed sufficiently; skipping regridding
INFO (CarpetRegrid2): Centre 1 is at position [6.94644,3.27239,-0.0457542] with 8 levels
INFO (CarpetRegrid2): Centre 2 is at position [-6.94644,-3.27239,0.0457542] with 8 levels
INFO (CarpetRegrid2): Refined regions have not changed sufficiently; skipping regridding
     2753    43.016 |   90.3309855 |    0.0341199    0.9988687 |       918      1171
     2754    43.031 |   90.3436119 |    0.0333560    0.9988687 |       918      1171
     2755    43.047 |   90.3561166 |    0.0326906    0.9988687 |       918      1171
     2756    43.062 |   90.3654724 |    0.0321262    0.9988687 |       918      1171
     2757    43.078 |   90.3672721 |    0.0316647    0.9988687 |       918      1171
     2758    43.094 |   90.3800388 |    0.0313078    0.9988687 |       918      1171
     2759    43.109 |   90.3926469 |    0.0310568    0.9988687 |       918      1171
------------------------------------------------------------------------------------
Iteration      Time | *me_per_hour |     LEANBSSNMOL::conf_fac | *TISTICS::maxrss_mb
                    |              |      minimum      maximum |   minimum   maximum
------------------------------------------------------------------------------------
     2760    43.125 |   90.3978037 |    0.0309124    0.9988687 |       918      1171
     2761    43.141 |   90.3856644 |    0.0308751    0.9988687 |       918      1171
     2762    43.156 |   90.3979840 |    0.0309450    0.9988687 |       918      1171
     2763    43.172 |   90.4103576 |    0.0311217    0.9988687 |       918      1171
     2764    43.188 |   90.4200639 |    0.0314044    0.9988687 |       918      1171
     2765    43.203 |   90.4216295 |    0.0317919    0.9988687 |       918      1171
     2766    43.219 |   90.4341616 |    0.0322826    0.9988687 |       918      1171
     2767    43.234 |   90.4466853 |    0.0328746    0.9988687 |       918      1171
     2768    43.250 |   90.4500350 |    0.0335657    0.9988687 |       918      1171
     2769    43.266 |   90.4289776 |    0.0343532    0.9988687 |       918      1171
     2770    43.281 |   90.4413044 |    0.0352343    0.9988687 |       918      1171
     2771    43.297 |   90.4536584 |    0.0362057    0.9988687 |       918      1171
     2772    43.312 |   90.4632019 |    0.0372640    0.9988687 |       918      1171
     2773    43.328 |   90.4644788 |    0.0384056    0.9988687 |       918      1171
     2774    43.344 |   90.4771940 |    0.0381426    0.9988687 |       918      1171
     2775    43.359 |   90.4896799 |    0.0377900    0.9988687 |       918      1171
     2776    43.375 |   90.4949269 |    0.0375373    0.9988687 |       918      1171
     2777    43.391 |   90.4837709 |    0.0373852    0.9988687 |       918      1171
     2778    43.406 |   90.4962546 |    0.0373339    0.9988687 |       918      1171
     2779    43.422 |   90.5088319 |    0.0373833    0.9988687 |       918      1171
------------------------------------------------------------------------------------
Iteration      Time | *me_per_hour |     LEANBSSNMOL::conf_fac | *TISTICS::maxrss_mb
                    |              |      minimum      maximum |   minimum   maximum
------------------------------------------------------------------------------------
     2780    43.438 |   90.5184239 |    0.0374652    0.9988687 |       918      1171
     2781    43.453 |   90.5199404 |    0.0376453    0.9988687 |       918      1171
     2782    43.469 |   90.5318725 |    0.0376140    0.9988687 |       918      1171
     2783    43.484 |   90.5443083 |    0.0367732    0.9988687 |       918      1171
     2784    43.500 |   90.5431418 |    0.0360235    0.9988687 |       918      1171
     2785    43.516 |   90.5133978 |    0.0353679    0.9988687 |       918      1171
     2786    43.531 |   90.5241229 |    0.0348087    0.9988687 |       918      1171
     2787    43.547 |   90.5366632 |    0.0343479    0.9988687 |       918      1171
     2788    43.562 |   90.5462273 |    0.0339873    0.9988687 |       918      1171
     2789    43.578 |   90.5476722 |    0.0337284    0.9988687 |       918      1171
     2790    43.594 |   90.5597087 |    0.0335721    0.9988687 |       918      1171
     2791    43.609 |   90.5720280 |    0.0335191    0.9988687 |       918      1171
     2792    43.625 |   90.5772100 |    0.0335697    0.9988687 |       918      1171
     2793    43.641 |   90.5659815 |    0.0337238    0.9988687 |       918      1171
     2794    43.656 |   90.5776421 |    0.0339808    0.9988687 |       918      1171
     2795    43.672 |   90.5891895 |    0.0343399    0.9988687 |       918      1171
     2796    43.688 |   90.5985045 |    0.0347998    0.9988687 |       918      1171
     2797    43.703 |   90.6001794 |    0.0353589    0.9988687 |       918      1171
     2798    43.719 |   90.6128125 |    0.0360153    0.9988687 |       918      1171
     2799    43.734 |   90.6250818 |    0.0361928    0.9988687 |       918      1171
------------------------------------------------------------------------------------
Iteration      Time | *me_per_hour |     LEANBSSNMOL::conf_fac | *TISTICS::maxrss_mb
                    |              |      minimum      maximum |   minimum   maximum
------------------------------------------------------------------------------------
     2800    43.750 |   90.6284950 |    0.0353265    0.9988687 |       918      1171
     2801    43.766 |   90.6073139 |    0.0345555    0.9988687 |       918      1171
     2802    43.781 |   90.6190176 |    0.0338827    0.9988687 |       918      1171
     2803    43.797 |   90.6315124 |    0.0333103    0.9988687 |       918      1171
     2804    43.812 |   90.6407292 |    0.0328403    0.9988687 |       918      1171
     2805    43.828 |   90.6421170 |    0.0324745    0.9988687 |       918      1171
     2806    43.844 |   90.6548186 |    0.0322139    0.9988687 |       918      1171
     2807    43.859 |   90.6670456 |    0.0320594    0.9988687 |       918      1171
     2808    43.875 |   90.6720662 |    0.0320115    0.9988687 |       918      1171
     2809    43.891 |   90.6605472 |    0.0320702    0.9988687 |       918      1171
     2810    43.906 |   90.6727301 |    0.0322350    0.9988687 |       918      1171
     2811    43.922 |   90.6842536 |    0.0325052    0.9988687 |       918      1171
     2812    43.938 |   90.6933464 |    0.0328796    0.9988687 |       918      1171
     2813    43.953 |   90.6951148 |    0.0333567    0.9988687 |       918      1171
     2814    43.969 |   90.7076207 |    0.0339344    0.9988687 |       918      1171
     2815    43.984 |   90.7197876 |    0.0346106    0.9988687 |       918      1171
INFO (AHFinderDirect): proc 0: searching for horizon 1/6
INFO (AHFinderDirect): AH 3/6: r=78.9942 at (-0.000000,-0.000000,0.000000)
INFO (AHFinderDirect): AH 3/6: area=80424.76587 m_irreducible=39.99999849
INFO (AHFinderDirect): AH 4/6: r=98.9942 at (-0.000000,-0.000000,-0.000000)
INFO (AHFinderDirect): AH 4/6: area=125663.7037 m_irreducible=49.99999952
INFO (AHFinderDirect): AH 5/6: r=178.995 at (0.000000,-0.000000,0.000000)
INFO (AHFinderDirect): AH 5/6: area=407150.4076 m_irreducible=89.99999996
INFO (AHFinderDirect): AH 6/6: r=238.995 at (0.000000,-0.000000,-0.000000)
INFO (AHFinderDirect): AH 6/6: area=723822.9473 m_irreducible=120
INFO (AHFinderDirect): AH 1/6: r=0.406294 at (6.893868,3.347534,-0.048384)
INFO (AHFinderDirect): AH 1/6: area=11.27545156 m_irreducible=0.4736221927
INFO (AHFinderDirect): AH 2/6: r=0.406294 at (-6.893868,-3.347534,0.048384)
INFO (AHFinderDirect): AH 2/6: area=11.27545156 m_irreducible=0.4736221927
INFO (QuasiLocalMeasures): Calculating quasi-local quantities for surface    0
INFO (QuasiLocalMeasures): Importing from spherical surface    0
INFO (QuasiLocalMeasures): Geometric quantities for surface    0:
INFO (QuasiLocalMeasures):    Area A:                            11.2754
INFO (QuasiLocalMeasures):    Irreducible mass M = R/2:         0.473622
INFO (QuasiLocalMeasures):    Areal radius R = sqrt(A/4pi):     0.947243
INFO (QuasiLocalMeasures): Coordinate-dependent quantities for surface    0:
INFO (QuasiLocalMeasures):    Equatorial circumference:             5.95144
INFO (QuasiLocalMeasures):    Polar circumference at phi=0:         5.96718
INFO (QuasiLocalMeasures):    Polar circumference at phi=pi/2:      5.93152
INFO (QuasiLocalMeasures):    No valid spin guess from distortion.
INFO (QuasiLocalMeasures):    (Spin guess is imaginary.)
INFO (QuasiLocalMeasures):    Magnitude of invalid spin guess:     0.426510E-02
INFO (QuasiLocalMeasures):    Mass guess M from distortion:        0.473600
INFO (QuasiLocalMeasures): Isolated Horizon quantities for surface    0:
INFO (QuasiLocalMeasures):    Killing vector field eigenvalue norm:      1.00004
INFO (QuasiLocalMeasures):    Spin J:                                   0.130637E-05
INFO (QuasiLocalMeasures):    Kerr spin parameter a = J/M:              0.275825E-05
INFO (QuasiLocalMeasures):    Dimensionless spin parameter a = J/M^2:   0.582375E-05
INFO (QuasiLocalMeasures):    Spin J from NP:                          -0.122860E-03
INFO (QuasiLocalMeasures):    Spin J from phi-coordinate-vector:         0.00000
INFO (QuasiLocalMeasures):    Mass M:                                   0.473622
INFO (QuasiLocalMeasures): Global quantities for surface    0:
INFO (QuasiLocalMeasures):    ADM energy:                 -1.35066
INFO (QuasiLocalMeasures):    ADM momentum x:            -0.482079E-02
INFO (QuasiLocalMeasures):    ADM momentum y:             0.567733E-02
INFO (QuasiLocalMeasures):    ADM momentum z:            -0.230298E-03
INFO (QuasiLocalMeasures):    ADM angular momentum x:    -0.402610E-03
INFO (QuasiLocalMeasures):    ADM angular momentum y:     0.141703E-02
INFO (QuasiLocalMeasures):    ADM angular momentum z:     0.421940E-01
INFO (QuasiLocalMeasures):    Weinberg energy:                  3.32672
INFO (QuasiLocalMeasures):    Weinberg momentum x:            -0.242633E-01
INFO (QuasiLocalMeasures):    Weinberg momentum y:             0.294642E-01
INFO (QuasiLocalMeasures):    Weinberg momentum z:            -0.119575E-02
INFO (QuasiLocalMeasures):    Weinberg angular momentum x:    -0.348206E-02
INFO (QuasiLocalMeasures):    Weinberg angular momentum y:     0.126611E-01
INFO (QuasiLocalMeasures):    Weinberg angular momentum z:     0.388532
     2816    44.000 |   90.3928978 |    0.0353827    0.9988687 |       919      1236
INFO (CarpetRegrid2): Centre 1 is at position [6.89171,3.35007,-0.0484183] with 8 levels
INFO (CarpetRegrid2): Centre 2 is at position [-6.89171,-3.35007,0.0484183] with 8 levels
INFO (CarpetRegrid2): Regridding level 0 map 0 at iteration 2817 time 44
INFO (CarpetRegrid2): Regridding levels 1 and up
INFO (CarpetRegrid2): Enforcing grid structure properties, iteration 0
INFO (CarpetRegrid2): Enforcing grid structure properties, iteration 0
INFO (CarpetRegrid2): Enforcing grid structure properties, iteration 0
INFO (CarpetRegrid2): Enforcing grid structure properties, iteration 0
INFO (CarpetRegrid2): Enforcing grid structure properties, iteration 0
INFO (CarpetRegrid2): Enforcing grid structure properties, iteration 0
INFO (CarpetRegrid2): Enforcing grid structure properties, iteration 1
INFO (CarpetRegrid2): Enforcing grid structure properties, iteration 0
INFO (CarpetRegrid2): Enforcing grid structure properties, iteration 1
INFO (Carpet): Grid structure (superregions, grid points):
   [0][0][0]   exterior: [0,0,0] : [260,260,260]   ([261,261,261] + PADDING) 17779581
   [1][0][0]   exterior: [216,217,219] : [304,303,301]   ([89,87,83] + PADDING) 642669
   [2][0][0]   exterior: [480,483,487] : [560,557,553]   ([81,75,67] + PADDING) 407025
   [3][0][0]   exterior: [993,1000,1007] : [1059,1013,1073]   ([67,14,67] + PADDING) 62846
   [3][0][1]   exterior: [993,1014,1007] : [1087,1066,1073]   ([95,53,67] + PADDING) 337345
   [3][0][2]   exterior: [1021,1067,1007] : [1087,1080,1073]   ([67,14,67] + PADDING) 62846
   [4][0][0]   exterior: [2075,2061,2047] : [2140,2126,2047]   ([66,66,1] + PADDING) 4356
   [4][0][1]   exterior: [2020,2034,2048] : [2085,2060,2112]   ([66,27,65] + PADDING) 115830
   [4][0][2]   exterior: [2020,2061,2048] : [2140,2099,2112]   ([121,39,65] + PADDING) 306735
   [4][0][3]   exterior: [2075,2100,2048] : [2140,2126,2112]   ([66,27,65] + PADDING) 115830
   [4][0][4]   exterior: [2020,2034,2113] : [2085,2099,2113]   ([66,66,1] + PADDING) 4356
   [5][0][0]   exterior: [4184,4155,4128] : [4247,4218,4191]   ([64,64,64] + PADDING) 262144
   [5][0][1]   exterior: [4073,4102,4129] : [4136,4165,4192]   ([64,64,64] + PADDING) 262144
   [6][0][0]   exterior: [8401,8344,8290] : [8460,8403,8348]   ([60,60,59] + PADDING) 212400
   [6][0][1]   exterior: [8180,8237,8292] : [8239,8296,8350]   ([60,60,59] + PADDING) 212400
   [7][0][0]   exterior: [16836,16722,16613] : [16886,16772,16663]   ([51,51,51] + PADDING) 132651
   [7][0][1]   exterior: [16394,16508,16617] : [16444,16558,16667]   ([51,51,51] + PADDING) 132651
INFO (Carpet): Grid structure (superregions, coordinates):
   [0][0][0]   exterior: [-520,-520,-520] : [520,520,520] : [4,4,4]
   [1][0][0]   exterior: [-88,-86,-82] : [88,86,82] : [2,2,2]
   [2][0][0]   exterior: [-40,-37,-33] : [40,37,33] : [1,1,1]
   [3][0][0]   exterior: [-23.5,-20,-16.5] : [9.5,-13.5,16.5] : [0.5,0.5,0.5]
   [3][0][1]   exterior: [-23.5,-13,-16.5] : [23.5,13,16.5] : [0.5,0.5,0.5]
   [3][0][2]   exterior: [-9.5,13.5,-16.5] : [23.5,20,16.5] : [0.5,0.5,0.5]
   [4][0][0]   exterior: [-1.25,-4.75,-8.25] : [15,11.5,-8.25] : [0.25,0.25,0.25]
   [4][0][1]   exterior: [-15,-11.5,-8] : [1.25,-5,8] : [0.25,0.25,0.25]
   [4][0][2]   exterior: [-15,-4.75,-8] : [15,4.75,8] : [0.25,0.25,0.25]
   [4][0][3]   exterior: [-1.25,5,-8] : [15,11.5,8] : [0.25,0.25,0.25]
   [4][0][4]   exterior: [-15,-11.5,8.25] : [1.25,4.75,8.25] : [0.25,0.25,0.25]
   [5][0][0]   exterior: [3,-0.625,-4] : [10.875,7.25,3.875] : [0.125,0.125,0.125]
   [5][0][1]   exterior: [-10.875,-7.25,-3.875] : [-3,0.625,4] : [0.125,0.125,0.125]
   [6][0][0]   exterior: [5.0625,1.5,-1.875] : [8.75,5.1875,1.75] : [0.0625,0.0625,0.0625]
   [6][0][1]   exterior: [-8.75,-5.1875,-1.75] : [-5.0625,-1.5,1.875] : [0.0625,0.0625,0.0625]
   [7][0][0]   exterior: [6.125,2.5625,-0.84375] : [7.6875,4.125,0.71875] : [0.03125,0.03125,0.03125]
   [7][0][1]   exterior: [-7.6875,-4.125,-0.71875] : [-6.125,-2.5625,0.84375] : [0.03125,0.03125,0.03125]
INFO (Carpet): Global grid structure statistics:
INFO (Carpet): GF: rhs: 252k active, 494k owned (+96%), 1190k total (+141%), 128 steps/time
INFO (Carpet): GF: vars: 247, pts: 4425M active, 4904M owned (+11%), 7771M total (+58%), 1.0 comp/proc
INFO (Carpet): GA: vars: 1664, pts: 381M active, 381M total (+0%)
INFO (Carpet): Total required memory: 66.068 GByte (for GAs and currently active GFs)
INFO (Carpet): Load balance:  min     avg     max     sdv     max/avg-1
INFO (Carpet): Level  0:      32M     37M     41M      2M owned     11%
INFO (Carpet): Level  1:       1M      1M      2M      0M owned      7%
INFO (Carpet): Level  2:       1M      1M      1M      0M owned      7%
INFO (Carpet): Level  3:       1M      1M      1M      0M owned     15%
INFO (Carpet): Level  4:       1M      1M      1M      0M owned     11%
INFO (Carpet): Level  5:       1M      1M      1M      0M owned      5%
INFO (Carpet): Level  6:       1M      1M      1M      0M owned      3%
INFO (Carpet): Level  7:       0M      1M      1M      0M owned      7%
     2817    44.016 |   89.9665108 |    0.0362477    0.9988687 |       920      1270
     2818    44.031 |   89.9775742 |    0.0372025    0.9988687 |       920      1270
     2819    44.047 |   89.9895512 |    0.0375713    0.9988687 |       920      1270
------------------------------------------------------------------------------------
Iteration      Time | *me_per_hour |     LEANBSSNMOL::conf_fac | *TISTICS::maxrss_mb
                    |              |      minimum      maximum |   minimum   maximum
------------------------------------------------------------------------------------
     2820    44.062 |   89.9968869 |    0.0374657    0.9988687 |       920      1270
     2821    44.078 |   89.9979721 |    0.0374597    0.9988687 |       920      1270
     2822    44.094 |   90.0086773 |    0.0375535    0.9988687 |       920      1270
     2823    44.109 |   90.0201073 |    0.0377470    0.9988687 |       920      1270
     2824    44.125 |   90.0251759 |    0.0380396    0.9988687 |       920      1272
     2825    44.141 |   90.0135578 |    0.0372447    0.9988687 |       920      1272
     2826    44.156 |   90.0247172 |    0.0360520    0.9988687 |       920      1272
     2827    44.172 |   90.0371479 |    0.0349455    0.9988687 |       920      1272
     2828    44.188 |   90.0450173 |    0.0339290    0.9988687 |       920      1272
     2829    44.203 |   90.0462860 |    0.0330060    0.9988687 |       920      1272
     2830    44.219 |   90.0579846 |    0.0321799    0.9988687 |       920      1272
     2831    44.234 |   90.0702317 |    0.0314536    0.9988687 |       920      1272
     2832    44.250 |   90.0692891 |    0.0308297    0.9988687 |       920      1274
     2833    44.266 |   90.0385107 |    0.0303106    0.9988687 |       920      1274
     2834    44.281 |   90.0451460 |    0.0298982    0.9988687 |       920      1274
     2835    44.297 |   90.0529562 |    0.0295939    0.9988687 |       920      1274
     2836    44.312 |   90.0579083 |    0.0293990    0.9988687 |       920      1274
     2837    44.328 |   90.0589446 |    0.0293139    0.9988687 |       920      1274
     2838    44.344 |   90.0705949 |    0.0293391    0.9988687 |       920      1274
     2839    44.359 |   90.0820827 |    0.0294743    0.9988687 |       920      1274
------------------------------------------------------------------------------------
Iteration      Time | *me_per_hour |     LEANBSSNMOL::conf_fac | *TISTICS::maxrss_mb
                    |              |      minimum      maximum |   minimum   maximum
------------------------------------------------------------------------------------
     2840    44.375 |   90.0875146 |    0.0297189    0.9988687 |       920      1275
     2841    44.391 |   90.0751740 |    0.0300719    0.9988687 |       920      1275
     2842    44.406 |   90.0864534 |    0.0305318    0.9988687 |       920      1275
     2843    44.422 |   90.0987596 |    0.0310968    0.9988687 |       920      1275
     2844    44.438 |   90.1067006 |    0.0317648    0.9988687 |       920      1275
     2845    44.453 |   90.1077397 |    0.0325331    0.9988687 |       920      1275
     2846    44.469 |   90.1193659 |    0.0333989    0.9988687 |       920      1275
     2847    44.484 |   90.1315815 |    0.0343590    0.9988687 |       920      1275
     2848    44.500 |   90.1310926 |    0.0354099    0.9988687 |       920      1275
     2849    44.516 |   90.1002731 |    0.0365479    0.9988687 |       920      1275
     2850    44.531 |   90.1098329 |    0.0377691    0.9988687 |       920      1275
     2851    44.547 |   90.1219085 |    0.0385736    0.9988687 |       920      1275
     2852    44.562 |   90.1290126 |    0.0383004    0.9988687 |       920      1275
     2853    44.578 |   90.1302773 |    0.0381284    0.9988687 |       920      1275
     2854    44.594 |   90.1417902 |    0.0376615    0.9988687 |       920      1275
     2855    44.609 |   90.1539708 |    0.0364361    0.9988687 |       920      1275
     2856    44.625 |   90.1588065 |    0.0352947    0.9988687 |       920      1275
     2857    44.641 |   90.1469900 |    0.0342415    0.9988687 |       920      1275
     2858    44.656 |   90.1569916 |    0.0332800    0.9988687 |       920      1275
     2859    44.672 |   90.1674339 |    0.0324139    0.9988687 |       920      1275
------------------------------------------------------------------------------------
Iteration      Time | *me_per_hour |     LEANBSSNMOL::conf_fac | *TISTICS::maxrss_mb
                    |              |      minimum      maximum |   minimum   maximum
------------------------------------------------------------------------------------
     2860    44.688 |   90.1753937 |    0.0316463    0.9988687 |       920      1275
     2861    44.703 |   90.1766758 |    0.0309801    0.9988687 |       920      1275
     2862    44.719 |   90.1876399 |    0.0304179    0.9988687 |       920      1275
     2863    44.734 |   90.1995570 |    0.0299618    0.9988687 |       920      1275
     2864    44.750 |   90.1992353 |    0.0296136    0.9988687 |       921      1275
     2865    44.766 |   90.1781294 |    0.0293747    0.9988687 |       921      1275
     2866    44.781 |   90.1876534 |    0.0292461    0.9988687 |       921      1275
     2867    44.797 |   90.1985682 |    0.0292283    0.9988687 |       921      1275
     2868    44.812 |   90.2059802 |    0.0293213    0.9988687 |       921      1275
     2869    44.828 |   90.2054828 |    0.0295249    0.9988687 |       921      1275
     2870    44.844 |   90.2164828 |    0.0298382    0.9988687 |       921      1275
     2871    44.859 |   90.2277573 |    0.0302601    0.9988687 |       921      1275
     2872    44.875 |   90.2320817 |    0.0307889    0.9988687 |       921      1275
     2873    44.891 |   90.2188357 |    0.0314227    0.9988687 |       921      1275
     2874    44.906 |   90.2300733 |    0.0321590    0.9988687 |       921      1275
     2875    44.922 |   90.2422290 |    0.0329951    0.9988687 |       921      1275
     2876    44.938 |   90.2495087 |    0.0339279    0.9988687 |       921      1275
     2877    44.953 |   90.2508721 |    0.0341698    0.9988687 |       921      1275
     2878    44.969 |   90.2623081 |    0.0335412    0.9988687 |       921      1275
     2879    44.984 |   90.2739715 |    0.0330165    0.9988687 |       921      1275
------------------------------------------------------------------------------------
Iteration      Time | *me_per_hour |     LEANBSSNMOL::conf_fac | *TISTICS::maxrss_mb
                    |              |      minimum      maximum |   minimum   maximum
------------------------------------------------------------------------------------
     2880    45.000 |   90.2597005 |    0.0325977    0.9988687 |       921      1275
INFO (CarpetRegrid2): Centre 1 is at position [6.83553,3.42713,-0.051143] with 8 levels
INFO (CarpetRegrid2): Centre 2 is at position [-6.83553,-3.42713,0.051143] with 8 levels
INFO (CarpetRegrid2): Refined regions have not changed sufficiently; skipping regridding
INFO (CarpetRegrid2): Centre 1 is at position [6.83553,3.42713,-0.051143] with 8 levels
INFO (CarpetRegrid2): Centre 2 is at position [-6.83553,-3.42713,0.051143] with 8 levels
INFO (CarpetRegrid2): Refined regions have not changed sufficiently; skipping regridding
INFO (CarpetRegrid2): Centre 1 is at position [6.83553,3.42713,-0.051143] with 8 levels
INFO (CarpetRegrid2): Centre 2 is at position [-6.83553,-3.42713,0.051143] with 8 levels
INFO (CarpetRegrid2): Refined regions have not changed sufficiently; skipping regridding
INFO (CarpetRegrid2): Centre 1 is at position [6.83553,3.42713,-0.051143] with 8 levels
INFO (CarpetRegrid2): Centre 2 is at position [-6.83553,-3.42713,0.051143] with 8 levels
INFO (CarpetRegrid2): Refined regions have not changed sufficiently; skipping regridding
INFO (CarpetRegrid2): Centre 1 is at position [6.83553,3.42713,-0.051143] with 8 levels
INFO (CarpetRegrid2): Centre 2 is at position [-6.83553,-3.42713,0.051143] with 8 levels
INFO (CarpetRegrid2): Refined regions have not changed sufficiently; skipping regridding
INFO (CarpetRegrid2): Centre 1 is at position [6.83553,3.42713,-0.051143] with 8 levels
INFO (CarpetRegrid2): Centre 2 is at position [-6.83553,-3.42713,0.051143] with 8 levels
INFO (CarpetRegrid2): Refined regions have not changed sufficiently; skipping regridding
INFO (CarpetRegrid2): Centre 1 is at position [6.83553,3.42713,-0.051143] with 8 levels
INFO (CarpetRegrid2): Centre 2 is at position [-6.83553,-3.42713,0.051143] with 8 levels
INFO (CarpetRegrid2): Refined regions have not changed sufficiently; skipping regridding
INFO (CarpetRegrid2): Centre 1 is at position [6.83553,3.42713,-0.051143] with 8 levels
INFO (CarpetRegrid2): Centre 2 is at position [-6.83553,-3.42713,0.051143] with 8 levels
INFO (CarpetRegrid2): Refined regions have not changed sufficiently; skipping regridding
     2881    45.016 |   90.0495738 |    0.0322862    0.9988687 |       921      1275
     2882    45.031 |   90.0604258 |    0.0320830    0.9988687 |       921      1275
     2883    45.047 |   90.0717101 |    0.0319888    0.9988687 |       921      1275
     2884    45.062 |   90.0786018 |    0.0320037    0.9988687 |       921      1275
     2885    45.078 |   90.0796997 |    0.0321276    0.9988687 |       921      1275
     2886    45.094 |   90.0909835 |    0.0323597    0.9988687 |       921      1275
     2887    45.109 |   90.1028409 |    0.0326990    0.9988687 |       921      1275
     2888    45.125 |   90.1079444 |    0.0331440    0.9988687 |       921      1275
     2889    45.141 |   90.0960328 |    0.0336927    0.9988687 |       921      1275
     2890    45.156 |   90.1074394 |    0.0334283    0.9988687 |       921      1275
     2891    45.172 |   90.1190561 |    0.0328322    0.9988687 |       921      1275
     2892    45.188 |   90.1262042 |    0.0323391    0.9988687 |       921      1275
     2893    45.203 |   90.1272510 |    0.0319508    0.9988687 |       921      1275
     2894    45.219 |   90.1386518 |    0.0316691    0.9988687 |       921      1275
     2895    45.234 |   90.1499957 |    0.0314951    0.9988687 |       921      1275
     2896    45.250 |   90.1518000 |    0.0314298    0.9988687 |       921      1275
     2897    45.266 |   90.1312768 |    0.0314735    0.9988687 |       921      1275
     2898    45.281 |   90.1424684 |    0.0316261    0.9988687 |       921      1275
     2899    45.297 |   90.1538156 |    0.0318872    0.9988687 |       921      1275
------------------------------------------------------------------------------------
Iteration      Time | *me_per_hour |     LEANBSSNMOL::conf_fac | *TISTICS::maxrss_mb
                    |              |      minimum      maximum |   minimum   maximum
------------------------------------------------------------------------------------
     2900    45.312 |   90.1619459 |    0.0322559    0.9988687 |       921      1275
     2901    45.328 |   90.1631909 |    0.0327309    0.9988687 |       921      1275
     2902    45.344 |   90.1745435 |    0.0333105    0.9988687 |       921      1275
     2903    45.359 |   90.1857208 |    0.0330768    0.9988687 |       921      1275
     2904    45.375 |   90.1908815 |    0.0320891    0.9988687 |       921      1275
     2905    45.391 |   90.1792452 |    0.0312007    0.9988687 |       921      1275
     2906    45.406 |   90.1903363 |    0.0304147    0.9988687 |       921      1275
     2907    45.422 |   90.2024097 |    0.0297342    0.9988687 |       921      1275
     2908    45.438 |   90.2097288 |    0.0291617    0.9988687 |       921      1275
     2909    45.453 |   90.2111237 |    0.0286995    0.9988687 |       921      1275
     2910    45.469 |   90.2222461 |    0.0283491    0.9988687 |       921      1275
     2911    45.484 |   90.2335871 |    0.0281120    0.9988687 |       921      1275
     2912    45.500 |   90.2336809 |    0.0279890    0.9988687 |       921      1275
     2913    45.516 |   90.2038751 |    0.0279804    0.9988687 |       921      1275
     2914    45.531 |   90.2145256 |    0.0280862    0.9988687 |       921      1275
     2915    45.547 |   90.2261246 |    0.0283057    0.9988687 |       921      1275
     2916    45.562 |   90.2338892 |    0.0286380    0.9988687 |       921      1275
     2917    45.578 |   90.2350831 |    0.0290817    0.9988687 |       921      1275
     2918    45.594 |   90.2464230 |    0.0296347    0.9988687 |       921      1275
     2919    45.609 |   90.2575729 |    0.0302950    0.9988687 |       921      1275
------------------------------------------------------------------------------------
Iteration      Time | *me_per_hour |     LEANBSSNMOL::conf_fac | *TISTICS::maxrss_mb
                    |              |      minimum      maximum |   minimum   maximum
------------------------------------------------------------------------------------
     2920    45.625 |   90.2625027 |    0.0310597    0.9988687 |       921      1275
     2921    45.641 |   90.2509995 |    0.0319258    0.9988687 |       921      1275
     2922    45.656 |   90.2619569 |    0.0328900    0.9988687 |       921      1275
     2923    45.672 |   90.2738088 |    0.0339487    0.9988687 |       921      1275
     2924    45.688 |   90.2808145 |    0.0350978    0.9988687 |       921      1275
     2925    45.703 |   90.2822424 |    0.0354743    0.9988687 |       921      1275
     2926    45.719 |   90.2933813 |    0.0354682    0.9988687 |       921      1275
     2927    45.734 |   90.3049958 |    0.0355674    0.9988687 |       921      1275
     2928    45.750 |   90.3074744 |    0.0357715    0.9988687 |       921      1275
     2929    45.766 |   90.2862047 |    0.0351811    0.9988687 |       921      1275
     2930    45.781 |   90.2971069 |    0.0338713    0.9988687 |       921      1275
     2931    45.797 |   90.3081999 |    0.0326492    0.9988687 |       921      1275
     2932    45.812 |   90.3158191 |    0.0315192    0.9988687 |       921      1275
     2933    45.828 |   90.3168274 |    0.0304854    0.9988687 |       921      1275
     2934    45.844 |   90.3280189 |    0.0295518    0.9988687 |       921      1275
     2935    45.859 |   90.3397469 |    0.0287220    0.9988687 |       921      1275
     2936    45.875 |   90.3448155 |    0.0279990    0.9988687 |       921      1275
     2937    45.891 |   90.3330843 |    0.0273858    0.9988687 |       921      1275
     2938    45.906 |   90.3397537 |    0.0268848    0.9988687 |       921      1275
     2939    45.922 |   90.3473798 |    0.0264980    0.9988687 |       921      1275
------------------------------------------------------------------------------------
Iteration      Time | *me_per_hour |     LEANBSSNMOL::conf_fac | *TISTICS::maxrss_mb
                    |              |      minimum      maximum |   minimum   maximum
------------------------------------------------------------------------------------
     2940    45.938 |   90.3519079 |    0.0262269    0.9988687 |       921      1275
     2941    45.953 |   90.3470441 |    0.0260726    0.9988687 |       921      1275
     2942    45.969 |   90.3551079 |    0.0260356    0.9988687 |       921      1275
     2943    45.984 |   90.3658861 |    0.0261160    0.9988687 |       921      1275
     2944    46.000 |   90.3541604 |    0.0263135    0.9988687 |       921      1275
INFO (CarpetRegrid2): Centre 1 is at position [6.77783,3.50357,-0.0539241] with 8 levels
INFO (CarpetRegrid2): Centre 2 is at position [-6.77783,-3.50357,0.0539241] with 8 levels
INFO (CarpetRegrid2): Regridding level 0 map 0 at iteration 2945 time 46
INFO (CarpetRegrid2): Regridding levels 1 and up
INFO (CarpetRegrid2): Enforcing grid structure properties, iteration 0
INFO (CarpetRegrid2): Enforcing grid structure properties, iteration 0
INFO (CarpetRegrid2): Enforcing grid structure properties, iteration 0
INFO (CarpetRegrid2): Enforcing grid structure properties, iteration 0
INFO (CarpetRegrid2): Enforcing grid structure properties, iteration 0
INFO (CarpetRegrid2): Enforcing grid structure properties, iteration 0
INFO (CarpetRegrid2): Enforcing grid structure properties, iteration 1
INFO (CarpetRegrid2): Enforcing grid structure properties, iteration 0
INFO (CarpetRegrid2): Enforcing grid structure properties, iteration 1
INFO (Carpet): Grid structure (superregions, grid points):
   [0][0][0]   exterior: [0,0,0] : [260,260,260]   ([261,261,261] + PADDING) 17779581
   [1][0][0]   exterior: [216,217,219] : [304,303,301]   ([89,87,83] + PADDING) 642669
   [2][0][0]   exterior: [480,483,487] : [560,557,553]   ([81,75,67] + PADDING) 407025
   [3][0][0]   exterior: [993,1000,1007] : [1059,1013,1073]   ([67,14,67] + PADDING) 62846
   [3][0][1]   exterior: [993,1014,1007] : [1087,1066,1073]   ([95,53,67] + PADDING) 337345
   [3][0][2]   exterior: [1021,1067,1007] : [1087,1080,1073]   ([67,14,67] + PADDING) 62846
   [4][0][0]   exterior: [2075,2062,2047] : [2140,2126,2047]   ([66,65,1] + PADDING) 4290
   [4][0][1]   exterior: [2020,2034,2048] : [2085,2061,2112]   ([66,28,65] + PADDING) 120120
   [4][0][2]   exterior: [2020,2062,2048] : [2140,2098,2112]   ([121,37,65] + PADDING) 291005
   [4][0][3]   exterior: [2075,2099,2048] : [2140,2126,2112]   ([66,28,65] + PADDING) 120120
   [4][0][4]   exterior: [2020,2034,2113] : [2085,2098,2113]   ([66,65,1] + PADDING) 4290
   [5][0][0]   exterior: [4183,4157,4128] : [4246,4219,4191]   ([64,63,64] + PADDING) 258048
   [5][0][1]   exterior: [4074,4101,4129] : [4137,4163,4192]   ([64,63,64] + PADDING) 258048
   [6][0][0]   exterior: [8399,8347,8290] : [8458,8405,8348]   ([60,59,59] + PADDING) 208860
   [6][0][1]   exterior: [8182,8235,8292] : [8241,8293,8350]   ([60,59,59] + PADDING) 208860
   [7][0][0]   exterior: [16832,16727,16613] : [16882,16777,16663]   ([51,51,51] + PADDING) 132651
   [7][0][1]   exterior: [16398,16503,16617] : [16448,16553,16667]   ([51,51,51] + PADDING) 132651
INFO (Carpet): Grid structure (superregions, coordinates):
   [0][0][0]   exterior: [-520,-520,-520] : [520,520,520] : [4,4,4]
   [1][0][0]   exterior: [-88,-86,-82] : [88,86,82] : [2,2,2]
   [2][0][0]   exterior: [-40,-37,-33] : [40,37,33] : [1,1,1]
   [3][0][0]   exterior: [-23.5,-20,-16.5] : [9.5,-13.5,16.5] : [0.5,0.5,0.5]
   [3][0][1]   exterior: [-23.5,-13,-16.5] : [23.5,13,16.5] : [0.5,0.5,0.5]
   [3][0][2]   exterior: [-9.5,13.5,-16.5] : [23.5,20,16.5] : [0.5,0.5,0.5]
   [4][0][0]   exterior: [-1.25,-4.5,-8.25] : [15,11.5,-8.25] : [0.25,0.25,0.25]
   [4][0][1]   exterior: [-15,-11.5,-8] : [1.25,-4.75,8] : [0.25,0.25,0.25]
   [4][0][2]   exterior: [-15,-4.5,-8] : [15,4.5,8] : [0.25,0.25,0.25]
   [4][0][3]   exterior: [-1.25,4.75,-8] : [15,11.5,8] : [0.25,0.25,0.25]
   [4][0][4]   exterior: [-15,-11.5,8.25] : [1.25,4.5,8.25] : [0.25,0.25,0.25]
   [5][0][0]   exterior: [2.875,-0.375,-4] : [10.75,7.375,3.875] : [0.125,0.125,0.125]
   [5][0][1]   exterior: [-10.75,-7.375,-3.875] : [-2.875,0.375,4] : [0.125,0.125,0.125]
   [6][0][0]   exterior: [4.9375,1.6875,-1.875] : [8.625,5.3125,1.75] : [0.0625,0.0625,0.0625]
   [6][0][1]   exterior: [-8.625,-5.3125,-1.75] : [-4.9375,-1.6875,1.875] : [0.0625,0.0625,0.0625]
   [7][0][0]   exterior: [6,2.71875,-0.84375] : [7.5625,4.28125,0.71875] : [0.03125,0.03125,0.03125]
   [7][0][1]   exterior: [-7.5625,-4.28125,-0.71875] : [-6,-2.71875,0.84375] : [0.03125,0.03125,0.03125]
INFO (Carpet): Global grid structure statistics:
INFO (Carpet): GF: rhs: 250k active, 491k owned (+96%), 1184k total (+141%), 128 steps/time
INFO (Carpet): GF: vars: 247, pts: 4422M active, 4899M owned (+11%), 7761M total (+58%), 1.0 comp/proc
INFO (Carpet): GA: vars: 1664, pts: 381M active, 381M total (+0%)
INFO (Carpet): Total required memory: 65.990 GByte (for GAs and currently active GFs)
INFO (Carpet): Load balance:  min     avg     max     sdv     max/avg-1
INFO (Carpet): Level  0:      32M     37M     41M      2M owned     11%
INFO (Carpet): Level  1:       1M      1M      2M      0M owned      7%
INFO (Carpet): Level  2:       1M      1M      1M      0M owned      7%
INFO (Carpet): Level  3:       1M      1M      1M      0M owned     15%
INFO (Carpet): Level  4:       1M      1M      1M      0M owned     12%
INFO (Carpet): Level  5:       1M      1M      1M      0M owned      2%
INFO (Carpet): Level  6:       1M      1M      1M      0M owned      5%
INFO (Carpet): Level  7:       0M      1M      1M      0M owned      7%
     2945    46.016 |   89.9817568 |    0.0266272    0.9988687 |       921      1173
     2946    46.031 |   89.9926762 |    0.0270557    0.9988687 |       921      1173
     2947    46.047 |   90.0044829 |    0.0275973    0.9988687 |       921      1173
     2948    46.062 |   90.0117706 |    0.0282497    0.9988687 |       921      1173
     2949    46.078 |   90.0133527 |    0.0290103    0.9988687 |       921      1173
     2950    46.094 |   90.0249379 |    0.0298761    0.9988687 |       921      1173
     2951    46.109 |   90.0367900 |    0.0308437    0.9988687 |       921      1173
     2952    46.125 |   90.0423016 |    0.0319093    0.9988687 |       921      1173
     2953    46.141 |   90.0315494 |    0.0330691    0.9988687 |       921      1173
     2954    46.156 |   90.0429051 |    0.0343187    0.9988687 |       921      1173
     2955    46.172 |   90.0548563 |    0.0356537    0.9988687 |       921      1173
     2956    46.188 |   90.0623081 |    0.0358222    0.9988687 |       921      1173
     2957    46.203 |   90.0640346 |    0.0356274    0.9988687 |       921      1173
     2958    46.219 |   90.0755861 |    0.0355402    0.9988687 |       921      1173
     2959    46.234 |   90.0874999 |    0.0342234    0.9988687 |       921      1173
------------------------------------------------------------------------------------
Iteration      Time | *me_per_hour |     LEANBSSNMOL::conf_fac | *TISTICS::maxrss_mb
                    |              |      minimum      maximum |   minimum   maximum
------------------------------------------------------------------------------------
     2960    46.250 |   90.0911094 |    0.0329762    0.9988687 |       921      1173
     2961    46.266 |   90.0716031 |    0.0318196    0.9988687 |       921      1173
     2962    46.281 |   90.0828026 |    0.0307581    0.9988687 |       921      1173
     2963    46.297 |   90.0946241 |    0.0297956    0.9988687 |       921      1173
     2964    46.312 |   90.1028211 |    0.0289358    0.9988687 |       921      1173
     2965    46.328 |   90.1044375 |    0.0281823    0.9988687 |       921      1173
     2966    46.344 |   90.1159544 |    0.0275381    0.9988687 |       921      1173
     2967    46.359 |   90.1277479 |    0.0270057    0.9988687 |       921      1173
     2968    46.375 |   90.1332746 |    0.0265874    0.9988687 |       921      1173
     2969    46.391 |   90.1230656 |    0.0262849    0.9988687 |       921      1173
     2970    46.406 |   90.1342132 |    0.0260996    0.9988687 |       921      1173
     2971    46.422 |   90.1453222 |    0.0260321    0.9988687 |       921      1173
     2972    46.438 |   90.1533433 |    0.0260829    0.9988687 |       921      1173
     2973    46.453 |   90.1549347 |    0.0262517    0.9988687 |       921      1173
     2974    46.469 |   90.1661554 |    0.0265379    0.9988687 |       921      1173
     2975    46.484 |   90.1771031 |    0.0269402    0.9988687 |       921      1173
     2976    46.500 |   90.1774294 |    0.0274572    0.9988687 |       922      1173
     2977    46.516 |   90.1494980 |    0.0280866    0.9988687 |       922      1173
     2978    46.531 |   90.1603227 |    0.0288260    0.9988687 |       922      1173
     2979    46.547 |   90.1720930 |    0.0296725    0.9988687 |       922      1173
------------------------------------------------------------------------------------
Iteration      Time | *me_per_hour |     LEANBSSNMOL::conf_fac | *TISTICS::maxrss_mb
                    |              |      minimum      maximum |   minimum   maximum
------------------------------------------------------------------------------------
     2980    46.562 |   90.1794481 |    0.0306227    0.9988687 |       922      1173
     2981    46.578 |   90.1811418 |    0.0316730    0.9988687 |       922      1173
     2982    46.594 |   90.1927193 |    0.0318449    0.9988687 |       922      1173
     2983    46.609 |   90.2044915 |    0.0312944    0.9988687 |       922      1173
     2984    46.625 |   90.2094690 |    0.0308546    0.9988687 |       922      1173
     2985    46.641 |   90.1986902 |    0.0305272    0.9988687 |       922      1173
     2986    46.656 |   90.2101635 |    0.0303135    0.9988687 |       922      1173
     2987    46.672 |   90.2220999 |    0.0302141    0.9988687 |       922      1173
     2988    46.688 |   90.2303790 |    0.0302293    0.9988687 |       922      1173
     2989    46.703 |   90.2319200 |    0.0303589    0.9988687 |       922      1173
     2990    46.719 |   90.2434529 |    0.0306022    0.9988687 |       922      1173
     2991    46.734 |   90.2552304 |    0.0309580    0.9988687 |       922      1173
     2992    46.750 |   90.2577906 |    0.0314248    0.9988687 |       922      1173
     2993    46.766 |   90.2383863 |    0.0307907    0.9988687 |       922      1173
     2994    46.781 |   90.2497370 |    0.0300196    0.9988687 |       922      1173
     2995    46.797 |   90.2609727 |    0.0293553    0.9988687 |       922      1173
     2996    46.812 |   90.2690587 |    0.0288005    0.9988687 |       922      1173
     2997    46.828 |   90.2700223 |    0.0283576    0.9988687 |       922      1173
