unload BOOST/1.88.0 (PATH, LD_LIBRARY_PATH, LIBRARY_PATH, PKG_CONFIG_PATH,
C_INCLUDE_PATH, CPLUS_INCLUDE_PATH, BOOST_ROOT, BOOST_DIR) 
remove cmake/3.25.1 (LD_LIBRARY_PATH)
unload SCALAPACK/2.2.0 (LD_LIBRARY_PATH, LIBRARY_PATH, PKG_CONFIG_PATH,
C_INCLUDE_PATH, CPLUS_INCLUDE_PATH) 
unload HDF5/1.14.1-2 (PATH, LD_LIBRARY_PATH, LIBRARY_PATH, C_INCLUDE_PATH,
CPLUS_INCLUDE_PATH, HDF5_DIR, HDF5_ROOT, CFLAGS, CPPFLAGS, LDFLAGS) 
unload OPENBLAS/0.3.27-openmp (LD_LIBRARY_PATH, LIBRARY_PATH, PKG_CONFIG_PATH,
CMAKE_PREFIX_PATH) 
unload FFTW/3.3.10 (LD_LIBRARY_PATH, LIBRARY_PATH, CPATH, C_INCLUDE_PATH,
CPLUS_INCLUDE_PATH, PKG_CONFIG_PATH, FFTW_ROOT, FFTW_HOME) 
unload ZLIB/1.3.1 (LD_LIBRARY_PATH, PKG_CONFIG_PATH, C_INCLUDE_PATH,
CPLUS_INCLUDE_PATH, MANPATH, CFLAGS, CXXFLAGS, LDFLAGS) 
unload HWLOC/2.10.0 (PATH, MANPATH, LD_LIBRARY_PATH, LIBRARY_PATH,
C_INCLUDE_PATH, PKG_CONFIG_PATH, HWLOC_DIR, HWLOC_ROOT) 
unload LAPACK/3.11 (LD_LIBRARY_PATH, LIBRARY_PATH, PKG_CONFIG_PATH,
C_INCLUDE_PATH, CPLUS_INCLUDE_PATH) 
remove mkl/2024.2 (LD_LIBRARY_PATH)
remove openmpi/4.1.5-gcc (LD_LIBRARY_PATH)
load openmpi/4.1.5-gcc (LD_LIBRARY_PATH)
load mkl/2024.2 (LD_LIBRARY_PATH)
load LAPACK/3.11 (LD_LIBRARY_PATH, LIBRARY_PATH, PKG_CONFIG_PATH,
C_INCLUDE_PATH, CPLUS_INCLUDE_PATH) 
load HWLOC/2.10.0 (PATH, MANPATH, LD_LIBRARY_PATH, LIBRARY_PATH,
C_INCLUDE_PATH, PKG_CONFIG_PATH, HWLOC_DIR, HWLOC_ROOT) 
load ZLIB/1.3.1 (LD_LIBRARY_PATH, PKG_CONFIG_PATH, C_INCLUDE_PATH,
CPLUS_INCLUDE_PATH, MANPATH, CFLAGS, CXXFLAGS, LDFLAGS) 
load FFTW/3.3.10 (LD_LIBRARY_PATH, LIBRARY_PATH, CPATH, C_INCLUDE_PATH,
CPLUS_INCLUDE_PATH, PKG_CONFIG_PATH, FFTW_ROOT, FFTW_HOME) 
load OPENBLAS/0.3.27-openmp (LD_LIBRARY_PATH, LIBRARY_PATH, PKG_CONFIG_PATH,
CMAKE_PREFIX_PATH) 
load HDF5/1.14.1-2 (PATH, LD_LIBRARY_PATH, LIBRARY_PATH, C_INCLUDE_PATH,
CPLUS_INCLUDE_PATH, HDF5_DIR, HDF5_ROOT, CFLAGS, CPPFLAGS, LDFLAGS) 
load SCALAPACK/2.2.0 (LD_LIBRARY_PATH, LIBRARY_PATH, PKG_CONFIG_PATH,
C_INCLUDE_PATH, CPLUS_INCLUDE_PATH) 
load cmake/3.25.1 (LD_LIBRARY_PATH)
load BOOST/1.88.0 (PATH, LD_LIBRARY_PATH, LIBRARY_PATH, PKG_CONFIG_PATH,
C_INCLUDE_PATH, CPLUS_INCLUDE_PATH, BOOST_ROOT, BOOST_DIR) 
--------------------------------------------------------------------------
WARNING: Could not generate an xpmem segment id for this process'
address space.

The vader shared memory BTL will fall back on another single-copy
mechanism if one is available. This may result in lower performance.

  Local host: gs30r1b51
  Error code: 2 (No such file or directory)
--------------------------------------------------------------------------
--------------------------------------------------------------------------
WARNING: Could not generate an xpmem segment id for this process'
address space.

The vader shared memory BTL will fall back on another single-copy
mechanism if one is available. This may result in lower performance.

  Local host: gs30r1b51
  Error code: 2 (No such file or directory)
--------------------------------------------------------------------------
--------------------------------------------------------------------------
WARNING: Could not generate an xpmem segment id for this process'
address space.

The vader shared memory BTL will fall back on another single-copy
mechanism if one is available. This may result in lower performance.

  Local host: gs30r1b51
  Error code: 2 (No such file or directory)
--------------------------------------------------------------------------
--------------------------------------------------------------------------
WARNING: Could not generate an xpmem segment id for this process'
address space.

The vader shared memory BTL will fall back on another single-copy
mechanism if one is available. This may result in lower performance.

  Local host: gs30r1b51
  Error code: 2 (No such file or directory)
--------------------------------------------------------------------------
--------------------------------------------------------------------------
WARNING: Could not generate an xpmem segment id for this process'
address space.

The vader shared memory BTL will fall back on another single-copy
mechanism if one is available. This may result in lower performance.

  Local host: gs30r1b51
  Error code: 2 (No such file or directory)
--------------------------------------------------------------------------
--------------------------------------------------------------------------
WARNING: Could not generate an xpmem segment id for this process'
address space.

The vader shared memory BTL will fall back on another single-copy
mechanism if one is available. This may result in lower performance.

  Local host: gs30r1b51
  Error code: 2 (No such file or directory)
--------------------------------------------------------------------------
--------------------------------------------------------------------------
WARNING: Could not generate an xpmem segment id for this process'
address space.

The vader shared memory BTL will fall back on another single-copy
mechanism if one is available. This may result in lower performance.

  Local host: gs30r1b51
  Error code: 2 (No such file or directory)
--------------------------------------------------------------------------
--------------------------------------------------------------------------
WARNING: Could not generate an xpmem segment id for this process'
address space.

The vader shared memory BTL will fall back on another single-copy
mechanism if one is available. This may result in lower performance.

  Local host: gs30r1b51
  Error code: 2 (No such file or directory)
--------------------------------------------------------------------------
--------------------------------------------------------------------------
WARNING: Could not generate an xpmem segment id for this process'
address space.

The vader shared memory BTL will fall back on another single-copy
mechanism if one is available. This may result in lower performance.

  Local host: gs30r1b51
  Error code: 2 (No such file or directory)
--------------------------------------------------------------------------
--------------------------------------------------------------------------
WARNING: Could not generate an xpmem segment id for this process'
address space.

The vader shared memory BTL will fall back on another single-copy
mechanism if one is available. This may result in lower performance.

  Local host: gs30r1b51
  Error code: 2 (No such file or directory)
--------------------------------------------------------------------------
--------------------------------------------------------------------------
WARNING: Could not generate an xpmem segment id for this process'
address space.

The vader shared memory BTL will fall back on another single-copy
mechanism if one is available. This may result in lower performance.

  Local host: gs30r1b51
  Error code: 2 (No such file or directory)
--------------------------------------------------------------------------
--------------------------------------------------------------------------
WARNING: Could not generate an xpmem segment id for this process'
address space.

The vader shared memory BTL will fall back on another single-copy
mechanism if one is available. This may result in lower performance.

  Local host: gs30r1b51
  Error code: 2 (No such file or directory)
--------------------------------------------------------------------------
--------------------------------------------------------------------------
WARNING: Could not generate an xpmem segment id for this process'
address space.

The vader shared memory BTL will fall back on another single-copy
mechanism if one is available. This may result in lower performance.

  Local host: gs30r1b51
  Error code: 2 (No such file or directory)
--------------------------------------------------------------------------
--------------------------------------------------------------------------
WARNING: Could not generate an xpmem segment id for this process'
address space.

The vader shared memory BTL will fall back on another single-copy
mechanism if one is available. This may result in lower performance.

  Local host: gs30r1b51
  Error code: 2 (No such file or directory)
--------------------------------------------------------------------------
--------------------------------------------------------------------------
WARNING: Could not generate an xpmem segment id for this process'
address space.

The vader shared memory BTL will fall back on another single-copy
mechanism if one is available. This may result in lower performance.

  Local host: gs30r1b51
  Error code: 2 (No such file or directory)
--------------------------------------------------------------------------
--------------------------------------------------------------------------
WARNING: Could not generate an xpmem segment id for this process'
address space.

The vader shared memory BTL will fall back on another single-copy
mechanism if one is available. This may result in lower performance.

  Local host: gs30r1b51
  Error code: 2 (No such file or directory)
--------------------------------------------------------------------------
--------------------------------------------------------------------------
WARNING: Could not generate an xpmem segment id for this process'
address space.

The vader shared memory BTL will fall back on another single-copy
mechanism if one is available. This may result in lower performance.

  Local host: gs30r1b51
  Error code: 2 (No such file or directory)
--------------------------------------------------------------------------
--------------------------------------------------------------------------
WARNING: Could not generate an xpmem segment id for this process'
address space.

The vader shared memory BTL will fall back on another single-copy
mechanism if one is available. This may result in lower performance.

  Local host: gs30r1b51
  Error code: 2 (No such file or directory)
--------------------------------------------------------------------------
--------------------------------------------------------------------------
WARNING: Could not generate an xpmem segment id for this process'
address space.

The vader shared memory BTL will fall back on another single-copy
mechanism if one is available. This may result in lower performance.

  Local host: gs30r1b51
  Error code: 2 (No such file or directory)
--------------------------------------------------------------------------
--------------------------------------------------------------------------
WARNING: Could not generate an xpmem segment id for this process'
address space.

The vader shared memory BTL will fall back on another single-copy
mechanism if one is available. This may result in lower performance.

  Local host: gs30r1b51
  Error code: 2 (No such file or directory)
--------------------------------------------------------------------------
--------------------------------------------------------------------------
WARNING: Could not generate an xpmem segment id for this process'
address space.

The vader shared memory BTL will fall back on another single-copy
mechanism if one is available. This may result in lower performance.

  Local host: gs30r1b51
  Error code: 2 (No such file or directory)
--------------------------------------------------------------------------
--------------------------------------------------------------------------
WARNING: Could not generate an xpmem segment id for this process'
address space.

The vader shared memory BTL will fall back on another single-copy
mechanism if one is available. This may result in lower performance.

  Local host: gs30r1b51
  Error code: 2 (No such file or directory)
--------------------------------------------------------------------------
--------------------------------------------------------------------------
WARNING: Could not generate an xpmem segment id for this process'
address space.

The vader shared memory BTL will fall back on another single-copy
mechanism if one is available. This may result in lower performance.

  Local host: gs30r1b51
  Error code: 2 (No such file or directory)
--------------------------------------------------------------------------
--------------------------------------------------------------------------
WARNING: Could not generate an xpmem segment id for this process'
address space.

The vader shared memory BTL will fall back on another single-copy
mechanism if one is available. This may result in lower performance.

  Local host: gs30r1b51
  Error code: 2 (No such file or directory)
--------------------------------------------------------------------------
--------------------------------------------------------------------------
WARNING: Could not generate an xpmem segment id for this process'
address space.

The vader shared memory BTL will fall back on another single-copy
mechanism if one is available. This may result in lower performance.

  Local host: gs30r1b51
  Error code: 2 (No such file or directory)
--------------------------------------------------------------------------
--------------------------------------------------------------------------
WARNING: Could not generate an xpmem segment id for this process'
address space.

The vader shared memory BTL will fall back on another single-copy
mechanism if one is available. This may result in lower performance.

  Local host: gs30r1b51
  Error code: 2 (No such file or directory)
--------------------------------------------------------------------------
--------------------------------------------------------------------------
WARNING: Could not generate an xpmem segment id for this process'
address space.

The vader shared memory BTL will fall back on another single-copy
mechanism if one is available. This may result in lower performance.

  Local host: gs30r1b51
  Error code: 2 (No such file or directory)
--------------------------------------------------------------------------
--------------------------------------------------------------------------
WARNING: Could not generate an xpmem segment id for this process'
address space.

The vader shared memory BTL will fall back on another single-copy
mechanism if one is available. This may result in lower performance.

  Local host: gs30r1b51
  Error code: 2 (No such file or directory)
--------------------------------------------------------------------------
--------------------------------------------------------------------------
WARNING: Could not generate an xpmem segment id for this process'
address space.

The vader shared memory BTL will fall back on another single-copy
mechanism if one is available. This may result in lower performance.

  Local host: gs30r1b51
  Error code: 2 (No such file or directory)
--------------------------------------------------------------------------
--------------------------------------------------------------------------
WARNING: Could not generate an xpmem segment id for this process'
address space.

The vader shared memory BTL will fall back on another single-copy
mechanism if one is available. This may result in lower performance.

  Local host: gs30r1b51
  Error code: 2 (No such file or directory)
--------------------------------------------------------------------------
--------------------------------------------------------------------------
WARNING: Could not generate an xpmem segment id for this process'
address space.

The vader shared memory BTL will fall back on another single-copy
mechanism if one is available. This may result in lower performance.

  Local host: gs30r1b51
  Error code: 2 (No such file or directory)
--------------------------------------------------------------------------
--------------------------------------------------------------------------
WARNING: Could not generate an xpmem segment id for this process'
address space.

The vader shared memory BTL will fall back on another single-copy
mechanism if one is available. This may result in lower performance.

  Local host: gs30r1b51
  Error code: 2 (No such file or directory)
--------------------------------------------------------------------------
--------------------------------------------------------------------------
WARNING: Could not generate an xpmem segment id for this process'
address space.

The vader shared memory BTL will fall back on another single-copy
mechanism if one is available. This may result in lower performance.

  Local host: gs30r1b51
  Error code: 2 (No such file or directory)
--------------------------------------------------------------------------
--------------------------------------------------------------------------
WARNING: Could not generate an xpmem segment id for this process'
address space.

The vader shared memory BTL will fall back on another single-copy
mechanism if one is available. This may result in lower performance.

  Local host: gs30r1b51
  Error code: 2 (No such file or directory)
--------------------------------------------------------------------------
--------------------------------------------------------------------------
WARNING: Could not generate an xpmem segment id for this process'
address space.

The vader shared memory BTL will fall back on another single-copy
mechanism if one is available. This may result in lower performance.

  Local host: gs30r1b51
  Error code: 2 (No such file or directory)
--------------------------------------------------------------------------
--------------------------------------------------------------------------
WARNING: Could not generate an xpmem segment id for this process'
address space.

The vader shared memory BTL will fall back on another single-copy
mechanism if one is available. This may result in lower performance.

  Local host: gs30r1b51
  Error code: 2 (No such file or directory)
--------------------------------------------------------------------------
--------------------------------------------------------------------------
WARNING: Could not generate an xpmem segment id for this process'
address space.

The vader shared memory BTL will fall back on another single-copy
mechanism if one is available. This may result in lower performance.

  Local host: gs30r1b51
  Error code: 2 (No such file or directory)
--------------------------------------------------------------------------
--------------------------------------------------------------------------
WARNING: Could not generate an xpmem segment id for this process'
address space.

The vader shared memory BTL will fall back on another single-copy
mechanism if one is available. This may result in lower performance.

  Local host: gs30r1b51
  Error code: 2 (No such file or directory)
--------------------------------------------------------------------------
--------------------------------------------------------------------------
WARNING: Could not generate an xpmem segment id for this process'
address space.

The vader shared memory BTL will fall back on another single-copy
mechanism if one is available. This may result in lower performance.

  Local host: gs30r1b51
  Error code: 2 (No such file or directory)
--------------------------------------------------------------------------
--------------------------------------------------------------------------
WARNING: Could not generate an xpmem segment id for this process'
address space.

The vader shared memory BTL will fall back on another single-copy
mechanism if one is available. This may result in lower performance.

  Local host: gs30r1b51
  Error code: 2 (No such file or directory)
--------------------------------------------------------------------------
--------------------------------------------------------------------------
WARNING: Could not generate an xpmem segment id for this process'
address space.

The vader shared memory BTL will fall back on another single-copy
mechanism if one is available. This may result in lower performance.

  Local host: gs30r1b51
  Error code: 2 (No such file or directory)
--------------------------------------------------------------------------
--------------------------------------------------------------------------
WARNING: Could not generate an xpmem segment id for this process'
address space.

The vader shared memory BTL will fall back on another single-copy
mechanism if one is available. This may result in lower performance.

  Local host: gs30r1b51
  Error code: 2 (No such file or directory)
--------------------------------------------------------------------------
--------------------------------------------------------------------------
WARNING: Could not generate an xpmem segment id for this process'
address space.

The vader shared memory BTL will fall back on another single-copy
mechanism if one is available. This may result in lower performance.

  Local host: gs30r1b51
  Error code: 2 (No such file or directory)
--------------------------------------------------------------------------
--------------------------------------------------------------------------
WARNING: Could not generate an xpmem segment id for this process'
address space.

The vader shared memory BTL will fall back on another single-copy
mechanism if one is available. This may result in lower performance.

  Local host: gs30r1b51
  Error code: 2 (No such file or directory)
--------------------------------------------------------------------------
--------------------------------------------------------------------------
WARNING: Could not generate an xpmem segment id for this process'
address space.

The vader shared memory BTL will fall back on another single-copy
mechanism if one is available. This may result in lower performance.

  Local host: gs30r1b51
  Error code: 2 (No such file or directory)
--------------------------------------------------------------------------
--------------------------------------------------------------------------
WARNING: Could not generate an xpmem segment id for this process'
address space.

The vader shared memory BTL will fall back on another single-copy
mechanism if one is available. This may result in lower performance.

  Local host: gs30r1b51
  Error code: 2 (No such file or directory)
--------------------------------------------------------------------------
--------------------------------------------------------------------------
WARNING: Could not generate an xpmem segment id for this process'
address space.

The vader shared memory BTL will fall back on another single-copy
mechanism if one is available. This may result in lower performance.

  Local host: gs30r1b51
  Error code: 2 (No such file or directory)
--------------------------------------------------------------------------
--------------------------------------------------------------------------
WARNING: Could not generate an xpmem segment id for this process'
address space.

The vader shared memory BTL will fall back on another single-copy
mechanism if one is available. This may result in lower performance.

  Local host: gs30r1b51
  Error code: 2 (No such file or directory)
--------------------------------------------------------------------------
--------------------------------------------------------------------------
WARNING: Could not generate an xpmem segment id for this process'
address space.

The vader shared memory BTL will fall back on another single-copy
mechanism if one is available. This may result in lower performance.

  Local host: gs30r1b51
  Error code: 2 (No such file or directory)
--------------------------------------------------------------------------
--------------------------------------------------------------------------
WARNING: Could not generate an xpmem segment id for this process'
address space.

The vader shared memory BTL will fall back on another single-copy
mechanism if one is available. This may result in lower performance.

  Local host: gs30r1b51
  Error code: 2 (No such file or directory)
--------------------------------------------------------------------------
--------------------------------------------------------------------------
WARNING: Could not generate an xpmem segment id for this process'
address space.

The vader shared memory BTL will fall back on another single-copy
mechanism if one is available. This may result in lower performance.

  Local host: gs30r1b51
  Error code: 2 (No such file or directory)
--------------------------------------------------------------------------
--------------------------------------------------------------------------
WARNING: Could not generate an xpmem segment id for this process'
address space.

The vader shared memory BTL will fall back on another single-copy
mechanism if one is available. This may result in lower performance.

  Local host: gs30r1b51
  Error code: 2 (No such file or directory)
--------------------------------------------------------------------------
--------------------------------------------------------------------------
WARNING: Could not generate an xpmem segment id for this process'
address space.

The vader shared memory BTL will fall back on another single-copy
mechanism if one is available. This may result in lower performance.

  Local host: gs30r1b51
  Error code: 2 (No such file or directory)
--------------------------------------------------------------------------
--------------------------------------------------------------------------
WARNING: Could not generate an xpmem segment id for this process'
address space.

The vader shared memory BTL will fall back on another single-copy
mechanism if one is available. This may result in lower performance.

  Local host: gs30r1b51
  Error code: 2 (No such file or directory)
--------------------------------------------------------------------------
--------------------------------------------------------------------------
WARNING: Could not generate an xpmem segment id for this process'
address space.

The vader shared memory BTL will fall back on another single-copy
mechanism if one is available. This may result in lower performance.

  Local host: gs30r1b51
  Error code: 2 (No such file or directory)
--------------------------------------------------------------------------
--------------------------------------------------------------------------
WARNING: Could not generate an xpmem segment id for this process'
address space.

The vader shared memory BTL will fall back on another single-copy
mechanism if one is available. This may result in lower performance.

  Local host: gs30r1b51
  Error code: 2 (No such file or directory)
--------------------------------------------------------------------------
--------------------------------------------------------------------------
WARNING: Could not generate an xpmem segment id for this process'
address space.

The vader shared memory BTL will fall back on another single-copy
mechanism if one is available. This may result in lower performance.

  Local host: gs30r1b51
  Error code: 2 (No such file or directory)
--------------------------------------------------------------------------
--------------------------------------------------------------------------
WARNING: Could not generate an xpmem segment id for this process'
address space.

The vader shared memory BTL will fall back on another single-copy
mechanism if one is available. This may result in lower performance.

  Local host: gs30r1b51
  Error code: 2 (No such file or directory)
--------------------------------------------------------------------------
--------------------------------------------------------------------------
WARNING: Could not generate an xpmem segment id for this process'
address space.

The vader shared memory BTL will fall back on another single-copy
mechanism if one is available. This may result in lower performance.

  Local host: gs30r1b51
  Error code: 2 (No such file or directory)
--------------------------------------------------------------------------
--------------------------------------------------------------------------
WARNING: Could not generate an xpmem segment id for this process'
address space.

The vader shared memory BTL will fall back on another single-copy
mechanism if one is available. This may result in lower performance.

  Local host: gs30r1b51
  Error code: 2 (No such file or directory)
--------------------------------------------------------------------------
--------------------------------------------------------------------------
WARNING: Could not generate an xpmem segment id for this process'
address space.

The vader shared memory BTL will fall back on another single-copy
mechanism if one is available. This may result in lower performance.

  Local host: gs30r1b51
  Error code: 2 (No such file or directory)
--------------------------------------------------------------------------
--------------------------------------------------------------------------
WARNING: Could not generate an xpmem segment id for this process'
address space.

The vader shared memory BTL will fall back on another single-copy
mechanism if one is available. This may result in lower performance.

  Local host: gs30r1b51
  Error code: 2 (No such file or directory)
--------------------------------------------------------------------------
--------------------------------------------------------------------------
WARNING: Could not generate an xpmem segment id for this process'
address space.

The vader shared memory BTL will fall back on another single-copy
mechanism if one is available. This may result in lower performance.

  Local host: gs30r1b51
  Error code: 2 (No such file or directory)
--------------------------------------------------------------------------
--------------------------------------------------------------------------
WARNING: Could not generate an xpmem segment id for this process'
address space.

The vader shared memory BTL will fall back on another single-copy
mechanism if one is available. This may result in lower performance.

  Local host: gs30r1b51
  Error code: 2 (No such file or directory)
--------------------------------------------------------------------------
--------------------------------------------------------------------------
WARNING: Could not generate an xpmem segment id for this process'
address space.

The vader shared memory BTL will fall back on another single-copy
mechanism if one is available. This may result in lower performance.

  Local host: gs30r1b51
  Error code: 2 (No such file or directory)
--------------------------------------------------------------------------
--------------------------------------------------------------------------
WARNING: Could not generate an xpmem segment id for this process'
address space.

The vader shared memory BTL will fall back on another single-copy
mechanism if one is available. This may result in lower performance.

  Local host: gs30r1b51
  Error code: 2 (No such file or directory)
--------------------------------------------------------------------------
--------------------------------------------------------------------------
WARNING: Could not generate an xpmem segment id for this process'
address space.

The vader shared memory BTL will fall back on another single-copy
mechanism if one is available. This may result in lower performance.

  Local host: gs30r1b51
  Error code: 2 (No such file or directory)
--------------------------------------------------------------------------
--------------------------------------------------------------------------
WARNING: Could not generate an xpmem segment id for this process'
address space.

The vader shared memory BTL will fall back on another single-copy
mechanism if one is available. This may result in lower performance.

  Local host: gs30r1b51
  Error code: 2 (No such file or directory)
--------------------------------------------------------------------------
--------------------------------------------------------------------------
WARNING: Could not generate an xpmem segment id for this process'
address space.

The vader shared memory BTL will fall back on another single-copy
mechanism if one is available. This may result in lower performance.

  Local host: gs30r1b51
  Error code: 2 (No such file or directory)
--------------------------------------------------------------------------
--------------------------------------------------------------------------
WARNING: Could not generate an xpmem segment id for this process'
address space.

The vader shared memory BTL will fall back on another single-copy
mechanism if one is available. This may result in lower performance.

  Local host: gs30r1b51
  Error code: 2 (No such file or directory)
--------------------------------------------------------------------------
--------------------------------------------------------------------------
WARNING: Could not generate an xpmem segment id for this process'
address space.

The vader shared memory BTL will fall back on another single-copy
mechanism if one is available. This may result in lower performance.

  Local host: gs30r1b51
  Error code: 2 (No such file or directory)
--------------------------------------------------------------------------
--------------------------------------------------------------------------
WARNING: Could not generate an xpmem segment id for this process'
address space.

The vader shared memory BTL will fall back on another single-copy
mechanism if one is available. This may result in lower performance.

  Local host: gs30r1b51
  Error code: 2 (No such file or directory)
--------------------------------------------------------------------------
--------------------------------------------------------------------------
WARNING: Could not generate an xpmem segment id for this process'
address space.

The vader shared memory BTL will fall back on another single-copy
mechanism if one is available. This may result in lower performance.

  Local host: gs30r1b51
  Error code: 2 (No such file or directory)
--------------------------------------------------------------------------
--------------------------------------------------------------------------
WARNING: Could not generate an xpmem segment id for this process'
address space.

The vader shared memory BTL will fall back on another single-copy
mechanism if one is available. This may result in lower performance.

  Local host: gs30r1b51
  Error code: 2 (No such file or directory)
--------------------------------------------------------------------------
--------------------------------------------------------------------------
WARNING: Could not generate an xpmem segment id for this process'
address space.

The vader shared memory BTL will fall back on another single-copy
mechanism if one is available. This may result in lower performance.

  Local host: gs30r1b51
  Error code: 2 (No such file or directory)
--------------------------------------------------------------------------
--------------------------------------------------------------------------
WARNING: Could not generate an xpmem segment id for this process'
address space.

The vader shared memory BTL will fall back on another single-copy
mechanism if one is available. This may result in lower performance.

  Local host: gs30r1b51
  Error code: 2 (No such file or directory)
--------------------------------------------------------------------------
--------------------------------------------------------------------------
WARNING: Could not generate an xpmem segment id for this process'
address space.

The vader shared memory BTL will fall back on another single-copy
mechanism if one is available. This may result in lower performance.

  Local host: gs30r1b51
  Error code: 2 (No such file or directory)
--------------------------------------------------------------------------
--------------------------------------------------------------------------
WARNING: Could not generate an xpmem segment id for this process'
address space.

The vader shared memory BTL will fall back on another single-copy
mechanism if one is available. This may result in lower performance.

  Local host: gs30r1b51
  Error code: 2 (No such file or directory)
--------------------------------------------------------------------------
--------------------------------------------------------------------------
WARNING: Could not generate an xpmem segment id for this process'
address space.

The vader shared memory BTL will fall back on another single-copy
mechanism if one is available. This may result in lower performance.

  Local host: gs30r1b51
  Error code: 2 (No such file or directory)
--------------------------------------------------------------------------
--------------------------------------------------------------------------
WARNING: Could not generate an xpmem segment id for this process'
address space.

The vader shared memory BTL will fall back on another single-copy
mechanism if one is available. This may result in lower performance.

  Local host: gs30r1b51
  Error code: 2 (No such file or directory)
--------------------------------------------------------------------------
--------------------------------------------------------------------------
WARNING: Could not generate an xpmem segment id for this process'
address space.

The vader shared memory BTL will fall back on another single-copy
mechanism if one is available. This may result in lower performance.

  Local host: gs30r1b51
  Error code: 2 (No such file or directory)
--------------------------------------------------------------------------
--------------------------------------------------------------------------
WARNING: Could not generate an xpmem segment id for this process'
address space.

The vader shared memory BTL will fall back on another single-copy
mechanism if one is available. This may result in lower performance.

  Local host: gs30r1b51
  Error code: 2 (No such file or directory)
--------------------------------------------------------------------------
--------------------------------------------------------------------------
WARNING: Could not generate an xpmem segment id for this process'
address space.

The vader shared memory BTL will fall back on another single-copy
mechanism if one is available. This may result in lower performance.

  Local host: gs30r1b51
  Error code: 2 (No such file or directory)
--------------------------------------------------------------------------
--------------------------------------------------------------------------
WARNING: Could not generate an xpmem segment id for this process'
address space.

The vader shared memory BTL will fall back on another single-copy
mechanism if one is available. This may result in lower performance.

  Local host: gs30r1b51
  Error code: 2 (No such file or directory)
--------------------------------------------------------------------------
--------------------------------------------------------------------------
WARNING: Could not generate an xpmem segment id for this process'
address space.

The vader shared memory BTL will fall back on another single-copy
mechanism if one is available. This may result in lower performance.

  Local host: gs30r1b51
  Error code: 2 (No such file or directory)
--------------------------------------------------------------------------
--------------------------------------------------------------------------
WARNING: Could not generate an xpmem segment id for this process'
address space.

The vader shared memory BTL will fall back on another single-copy
mechanism if one is available. This may result in lower performance.

  Local host: gs30r1b51
  Error code: 2 (No such file or directory)
--------------------------------------------------------------------------
--------------------------------------------------------------------------
WARNING: Could not generate an xpmem segment id for this process'
address space.

The vader shared memory BTL will fall back on another single-copy
mechanism if one is available. This may result in lower performance.

  Local host: gs30r1b51
  Error code: 2 (No such file or directory)
--------------------------------------------------------------------------
--------------------------------------------------------------------------
WARNING: Could not generate an xpmem segment id for this process'
address space.

The vader shared memory BTL will fall back on another single-copy
mechanism if one is available. This may result in lower performance.

  Local host: gs30r1b51
  Error code: 2 (No such file or directory)
--------------------------------------------------------------------------
--------------------------------------------------------------------------
WARNING: Could not generate an xpmem segment id for this process'
address space.

The vader shared memory BTL will fall back on another single-copy
mechanism if one is available. This may result in lower performance.

  Local host: gs30r1b51
  Error code: 2 (No such file or directory)
--------------------------------------------------------------------------
--------------------------------------------------------------------------
WARNING: Could not generate an xpmem segment id for this process'
address space.

The vader shared memory BTL will fall back on another single-copy
mechanism if one is available. This may result in lower performance.

  Local host: gs30r1b51
  Error code: 2 (No such file or directory)
--------------------------------------------------------------------------
--------------------------------------------------------------------------
WARNING: Could not generate an xpmem segment id for this process'
address space.

The vader shared memory BTL will fall back on another single-copy
mechanism if one is available. This may result in lower performance.

  Local host: gs30r1b51
  Error code: 2 (No such file or directory)
--------------------------------------------------------------------------
--------------------------------------------------------------------------
WARNING: Could not generate an xpmem segment id for this process'
address space.

The vader shared memory BTL will fall back on another single-copy
mechanism if one is available. This may result in lower performance.

  Local host: gs30r1b51
  Error code: 2 (No such file or directory)
--------------------------------------------------------------------------
--------------------------------------------------------------------------
WARNING: Could not generate an xpmem segment id for this process'
address space.

The vader shared memory BTL will fall back on another single-copy
mechanism if one is available. This may result in lower performance.

  Local host: gs30r1b51
  Error code: 2 (No such file or directory)
--------------------------------------------------------------------------
--------------------------------------------------------------------------
WARNING: Could not generate an xpmem segment id for this process'
address space.

The vader shared memory BTL will fall back on another single-copy
mechanism if one is available. This may result in lower performance.

  Local host: gs30r1b51
  Error code: 2 (No such file or directory)
--------------------------------------------------------------------------
--------------------------------------------------------------------------
WARNING: Could not generate an xpmem segment id for this process'
address space.

The vader shared memory BTL will fall back on another single-copy
mechanism if one is available. This may result in lower performance.

  Local host: gs30r1b51
  Error code: 2 (No such file or directory)
--------------------------------------------------------------------------
--------------------------------------------------------------------------
WARNING: Could not generate an xpmem segment id for this process'
address space.

The vader shared memory BTL will fall back on another single-copy
mechanism if one is available. This may result in lower performance.

  Local host: gs30r1b51
  Error code: 2 (No such file or directory)
--------------------------------------------------------------------------
--------------------------------------------------------------------------
WARNING: Could not generate an xpmem segment id for this process'
address space.

The vader shared memory BTL will fall back on another single-copy
mechanism if one is available. This may result in lower performance.

  Local host: gs30r1b51
  Error code: 2 (No such file or directory)
--------------------------------------------------------------------------
--------------------------------------------------------------------------
WARNING: Could not generate an xpmem segment id for this process'
address space.

The vader shared memory BTL will fall back on another single-copy
mechanism if one is available. This may result in lower performance.

  Local host: gs30r1b51
  Error code: 2 (No such file or directory)
--------------------------------------------------------------------------
--------------------------------------------------------------------------
WARNING: Could not generate an xpmem segment id for this process'
address space.

The vader shared memory BTL will fall back on another single-copy
mechanism if one is available. This may result in lower performance.

  Local host: gs30r1b51
  Error code: 2 (No such file or directory)
--------------------------------------------------------------------------
--------------------------------------------------------------------------
WARNING: Could not generate an xpmem segment id for this process'
address space.

The vader shared memory BTL will fall back on another single-copy
mechanism if one is available. This may result in lower performance.

  Local host: gs30r1b51
  Error code: 2 (No such file or directory)
--------------------------------------------------------------------------
--------------------------------------------------------------------------
WARNING: Could not generate an xpmem segment id for this process'
address space.

The vader shared memory BTL will fall back on another single-copy
mechanism if one is available. This may result in lower performance.

  Local host: gs30r1b51
  Error code: 2 (No such file or directory)
--------------------------------------------------------------------------
--------------------------------------------------------------------------
WARNING: Could not generate an xpmem segment id for this process'
address space.

The vader shared memory BTL will fall back on another single-copy
mechanism if one is available. This may result in lower performance.

  Local host: gs30r1b51
  Error code: 2 (No such file or directory)
--------------------------------------------------------------------------
--------------------------------------------------------------------------
WARNING: Could not generate an xpmem segment id for this process'
address space.

The vader shared memory BTL will fall back on another single-copy
mechanism if one is available. This may result in lower performance.

  Local host: gs30r1b51
  Error code: 2 (No such file or directory)
--------------------------------------------------------------------------
--------------------------------------------------------------------------
WARNING: Could not generate an xpmem segment id for this process'
address space.

The vader shared memory BTL will fall back on another single-copy
mechanism if one is available. This may result in lower performance.

  Local host: gs30r1b51
  Error code: 2 (No such file or directory)
--------------------------------------------------------------------------
--------------------------------------------------------------------------
WARNING: Could not generate an xpmem segment id for this process'
address space.

The vader shared memory BTL will fall back on another single-copy
mechanism if one is available. This may result in lower performance.

  Local host: gs30r1b51
  Error code: 2 (No such file or directory)
--------------------------------------------------------------------------
--------------------------------------------------------------------------
WARNING: Could not generate an xpmem segment id for this process'
address space.

The vader shared memory BTL will fall back on another single-copy
mechanism if one is available. This may result in lower performance.

  Local host: gs30r1b51
  Error code: 2 (No such file or directory)
--------------------------------------------------------------------------
--------------------------------------------------------------------------
WARNING: Could not generate an xpmem segment id for this process'
address space.

The vader shared memory BTL will fall back on another single-copy
mechanism if one is available. This may result in lower performance.

  Local host: gs30r1b51
  Error code: 2 (No such file or directory)
--------------------------------------------------------------------------
--------------------------------------------------------------------------
WARNING: Could not generate an xpmem segment id for this process'
address space.

The vader shared memory BTL will fall back on another single-copy
mechanism if one is available. This may result in lower performance.

  Local host: gs30r1b51
  Error code: 2 (No such file or directory)
--------------------------------------------------------------------------
--------------------------------------------------------------------------
WARNING: Could not generate an xpmem segment id for this process'
address space.

The vader shared memory BTL will fall back on another single-copy
mechanism if one is available. This may result in lower performance.

  Local host: gs30r1b51
  Error code: 2 (No such file or directory)
--------------------------------------------------------------------------
--------------------------------------------------------------------------
WARNING: Could not generate an xpmem segment id for this process'
address space.

The vader shared memory BTL will fall back on another single-copy
mechanism if one is available. This may result in lower performance.

  Local host: gs30r1b51
  Error code: 2 (No such file or directory)
--------------------------------------------------------------------------
--------------------------------------------------------------------------
WARNING: Could not generate an xpmem segment id for this process'
address space.

The vader shared memory BTL will fall back on another single-copy
mechanism if one is available. This may result in lower performance.

  Local host: gs30r1b51
  Error code: 2 (No such file or directory)
--------------------------------------------------------------------------
--------------------------------------------------------------------------
WARNING: Could not generate an xpmem segment id for this process'
address space.

The vader shared memory BTL will fall back on another single-copy
mechanism if one is available. This may result in lower performance.

  Local host: gs30r1b51
  Error code: 2 (No such file or directory)
--------------------------------------------------------------------------
--------------------------------------------------------------------------------

       10                                  
  1   0101       ************************  
  01  1010 10      The Cactus Code V4.16.0    
 1010 1101 011      www.cactuscode.org     
  1001 100101    ************************  
    00010101                               
     100011     (c) Copyright The Authors  
      0100      GNU Licensed. No Warranty  
      0101                                 
--------------------------------------------------------------------------------

Cactus version:    4.16.0
Compile date:      Aug 24 2026 (12:43:48)
Run date:          Aug 24 2026 (12:59:12+0200)
Run host:          gs30r1b51 (pid=42975)
Working directory: /gpfs/projects/epor63/uapt015213/dyonic-collision/simulations/IC_L=512_M=0.5,0.5-Q=0.05,0.05-G=0,0-x0=8_h=8/output-0000
Executable:        /gpfs/projects/epor63/uapt015213/cactus/exe/cactus_base
Parameter file:    BSSN.par
--------------------------------------------------------------------------------

Activating thorn Cactus...Success -> active implementation Cactus
Activation requested for 
--->ADMBase ADMCoupling ADMMacros AEILocalInterp AHFinderDirect Boundary Carpet CarpetInterp CarpetLib CarpetMask CarpetReduce CarpetRegrid2 CarpetSlab CarpetTracker CartGrid3D CoordBase CoordGauge Dissipation GenericFD InitBase LocalInterp LoopControl MoL Multipole NaNChecker NewRad PunctureTracker ReflectionSymmetry Slab SpaceMask SphericalSurface StaticConformal SymBase Time TmunuBase Fortran GSL HDF5 LeanBSSNMoL EMGBase EMGEvolve TwoChargedPunctures NPScalars NPScalars_EMG QuasiLocalMeasures SystemStatistics TerminationTrigger TimerReport CarpetIOASCII CarpetIOBasic CarpetIOHDF5 CarpetIOScalar IOUtil<---
Thorn Carpet requests automatic activation of MPI
Thorn Carpet requests automatic activation of Timers
Thorn CarpetLib requests automatic activation of Vectors
Thorn CarpetLib requests automatic activation of Boost
Thorn CarpetLib requests automatic activation of CycleClock
Thorn HDF5 requests automatic activation of zlib
Thorn LoopControl requests automatic activation of hwloc
Thorn QuasiLocalMeasures requests automatic activation of LAPACK
Thorn QuasiLocalMeasures requests automatic activation of TGRtensor
Thorn LAPACK requests automatic activation of BLAS
Activating thorn ADMBase...Success -> active implementation ADMBase
Activating thorn ADMCoupling...Success -> active implementation ADMCoupling
Activating thorn ADMMacros...Success -> active implementation ADMMacros
Activating thorn AEILocalInterp...Success -> active implementation AEILocalInterp
Activating thorn AHFinderDirect...Success -> active implementation AHFinderDirect
Activating thorn BLAS...Success -> active implementation BLAS
Activating thorn Boost...Success -> active implementation Boost
Activating thorn Boundary...Success -> active implementation boundary
Activating thorn Carpet...Success -> active implementation Driver
Activating thorn CarpetInterp...Success -> active implementation interp
Activating thorn CarpetIOASCII...Success -> active implementation IOASCII
Activating thorn CarpetIOBasic...Success -> active implementation IOBasic
Activating thorn CarpetIOHDF5...Success -> active implementation IOHDF5
Activating thorn CarpetIOScalar...Success -> active implementation IOScalar
Activating thorn CarpetLib...Success -> active implementation CarpetLib
Activating thorn CarpetMask...Success -> active implementation CarpetMask
Activating thorn CarpetReduce...Success -> active implementation reduce
Activating thorn CarpetRegrid2...Success -> active implementation CarpetRegrid2
Activating thorn CarpetSlab...Success -> active implementation Hyperslab
Activating thorn CarpetTracker...Success -> active implementation CarpetTracker
Activating thorn CartGrid3D...Success -> active implementation grid
Activating thorn CoordBase...Success -> active implementation CoordBase
Activating thorn CoordGauge...Success -> active implementation CoordGauge
Activating thorn CycleClock...Success -> active implementation CycleClock
Activating thorn Dissipation...Success -> active implementation Dissipation
Activating thorn EMGBase...Success -> active implementation EMGBase
Activating thorn EMGEvolve...Success -> active implementation EMGEvolve
Activating thorn Fortran...Success -> active implementation Fortran
Activating thorn GenericFD...Success -> active implementation GenericFD
Activating thorn GSL...Success -> active implementation GSL
Activating thorn HDF5...Success -> active implementation HDF5
Activating thorn hwloc...Success -> active implementation hwloc
Activating thorn InitBase...Success -> active implementation InitBase
Activating thorn IOUtil...Success -> active implementation IO
Activating thorn LAPACK...Success -> active implementation LAPACK
Activating thorn LeanBSSNMoL...Success -> active implementation LeanBSSNMoL
Activating thorn LocalInterp...Success -> active implementation LocalInterp
Activating thorn LoopControl...Success -> active implementation LoopControl
Activating thorn MoL...Success -> active implementation MethodOfLines
Activating thorn MPI...Success -> active implementation MPI
Activating thorn Multipole...Success -> active implementation multipole
Activating thorn NaNChecker...Success -> active implementation NaNChecker
Activating thorn NewRad...Success -> active implementation NewRad
Activating thorn NPScalars...Success -> active implementation NPScalars
Activating thorn NPScalars_EMG...Success -> active implementation NPScalars_EMG
Activating thorn PunctureTracker...Success -> active implementation PunctureTracker
Activating thorn QuasiLocalMeasures...Success -> active implementation QuasiLocalMeasures
Activating thorn ReflectionSymmetry...Success -> active implementation ReflectionSymmetry
Activating thorn Slab...Success -> active implementation Slab
Activating thorn SpaceMask...Success -> active implementation SpaceMask
Activating thorn SphericalSurface...Success -> active implementation SphericalSurface
Activating thorn StaticConformal...Success -> active implementation StaticConformal
Activating thorn SymBase...Success -> active implementation SymBase
Activating thorn SystemStatistics...Success -> active implementation SystemStatistics
Activating thorn TerminationTrigger...Success -> active implementation TerminationTrigger
Activating thorn TGRtensor...Success -> active implementation TGRtensor
Activating thorn Time...Success -> active implementation time
Activating thorn TimerReport...Success -> active implementation timerreport
Activating thorn Timers...Success -> active implementation Timers
Activating thorn TmunuBase...Success -> active implementation TmunuBase
Activating thorn TwoChargedPunctures...Success -> active implementation TwoChargedPunctures
Activating thorn Vectors...Success -> active implementation Vectors
Activating thorn zlib...Success -> active implementation zlib
--------------------------------------------------------------------------------
  if (recover initial data)
    Recover parameters
  endif

  Startup routines
    [CCTK_STARTUP]
      Carpet::MultiModel_Startup: Multi-model Startup routine
      CycleClock::CycleClock_Setup: Set up CycleClock
      LoopControl::LC_setup: Set up LoopControl
      Timers::Timer_Startup: Prepare hierarchical timers
      Carpet::Driver_Startup: Startup routine
      IOUtil::IOUtil_Startup: Startup routine
      CarpetIOScalar::CarpetIOScalarStartup: [global] Startup routine
      CarpetInterp::CarpetInterpStartup: Startup routine
      CarpetReduce::CarpetReduceStartup: Startup routine
      CartGrid3D::SymmetryStartup: Register GH Extension for GridSymmetry
      CoordBase::CoordBase_Startup: Register a GH extension to store the coordinate system handles
      AEILocalInterp::AEILocalInterp_U_Startup: register CCTK_InterpLocalUniform() interpolation operators
      EMGEvolve::EMG_RegisterMask: Register the masks for excision
      CarpetIOASCII::CarpetIOASCIIStartup: [global] Startup routine
      LeanBSSNMoL::LeanBSSN_RegisterSlicing: [meta] Register slicing
      LocalInterp::LocalInterp_Startup: register LocalInterp's interpolation operators
      CarpetIOBasic::CarpetIOBasicStartup: [global] Startup routine
      MoL::MoL_Startup: Startup banner
      Slab::Slab_InitMPIDatatypes: Create MPI datatypes for complex variables in C
      SymBase::SymBase_Startup: Register GH Extension for SymBase
      TerminationTrigger::TerminationTrigger_StartSignalHandler: Start signal handler
      CarpetIOHDF5::CarpetIOHDF5_Startup: Startup routine
      Vectors::Vectors_Startup: Print startup message
      GROUP hwloc_startup: hwloc startup group
        hwloc::hwloc_version: Output hwloc version

  Startup routines which need an existing grid hierarchy
    [CCTK_WRAGH]
      ADMBase::Einstein_InitSymBound: [global] Set up GF symmetries
      Boundary::Boundary_RegisterBCs: [global] Register boundary conditions that this thorn provides
      CarpetRegrid2::CarpetRegrid2_Initialise: [global] Initialise locations of refined regions
      CartGrid3D::RegisterCartGrid3DCoords: [meta] Register coordinates for the Cartesian grid
      CoordGauge::Einstein_ActivateSlicing: Initialize slicing, setup priorities for mixed slicings
      CoordGauge::Einstein_SetNextSlicing: Identify the slicing for the next iteration
      MoL::MoL_SetupIndexArrays: Set up the MoL bookkeeping index arrays
      MoL::MoL_SetScheduleStatus: [global] Set the flag so it is ok to register with MoL
      TmunuBase::TmunuBase_SetStressEnergyState: [global] Set the stress_energy_state variable
      GROUP MoL_Register: The group where physics thorns register variables with MoL
        EMGEvolve::EMG_RegisterVars: [meta] Register variables for MoL
        LeanBSSNMoL::LeanBSSN_RegisterVars: [meta] Register variables for MoL
      Slab::Slab_InitTimers: Initialise timers
      SpaceMask::MaskSym: [global] Set grid symmetries for mask
      SpaceMask::MaskSym_emask: [global] Set grid symmetries for emask (compatibility mode)
      GROUP SymBase_Wrapper: Wrapper group for SymBase
        GROUP SymmetryRegister: Register your symmetries here
          CartGrid3D::CartGrid3D_RegisterSymmetryBoundaries: [meta] Register symmetry boundaries
          ReflectionSymmetry::ReflectionSymmetry_Register: Register reflection symmetry boundaries
        SymBase::SymBase_Statistics: Print symmetry boundary face descriptions
      MoL::MoL_ReportNumberVariables: [meta] Report how many of each type of variable there are
  Parameter checking routines
    [CCTK_PARAMCHECK]
      ADMBase::ADMBase_ParamCheck: [global] Check consistency of parameters
      Boundary::Boundary_Check: Check dimension of grid variables
      Carpet::CarpetParamCheck: Parameter checking routine
      CarpetLib::CarpetLib_test_prolongate_3d_rf2: [global] Test prolongation operators
      CarpetMask::CarpetSurfaceParamCheck: [global] Check parameters
      CarpetRegrid2::CarpetRegrid2_ParamCheck: Check parameters
      CartGrid3D::ParamCheck_CartGrid3D: Check coordinates for CartGrid3D
      Dissipation::dissipation_paramcheck: Check dissipation parameters for consistency
      Fortran::CheckFortranParameters: Test whether Fortran parameters work correctly
      LeanBSSNMoL::Lean_ParamCheck: Check Lean parameters for consistency
      MoL::MoL_ParamCheck: Basic parameter checking
      Multipole::Multipole_ParamCheck: [global] Check Multipole parameters
      NPScalars::NPScalars_ParamCheck: Check NPScalars parameters for consistency
      QuasiLocalMeasures::qlm_paramcheck: [global] Check quasi-local parameter settings
      SphericalSurface::SphericalSurface_ParamCheck: [global] Check that all surface names are unique
      TerminationTrigger::TerminationTrigger_ParamCheck: Check consitency of parameters
      TmunuBase::TmunuBase_ParamCheck: [global] Check that no deprecated parameters are used.
      TwoChargedPunctures::TwoChargedPunctures_ParamCheck: Check parameters and thorn needs
      Vectors::Vectors_Test: Run correctness tests.

  Initialisation
    if (NOT (recover initial data AND recovery_mode is 'strict'))
      [CCTK_PREREGRIDINITIAL]
      Set up grid hierarchy
      [CCTK_POSTREGRIDINITIAL]
        SpaceMask::MaskZero: Initialise mask to zero
        CartGrid3D::SpatialCoordinates: Set Coordinates after regridding
        GROUP MaskBase_SetupMask: Set up the weight function
          GROUP MaskBase_SetupMaskAll: Set up the weight function
            CarpetReduce::MaskBase_AllocateMask: [global] Allocate the weight function
            CarpetReduce::MaskBase_InitMask: [global] [loop-local] Initialise the weight function
            GROUP SetupIMaskInternal: Set up the integer weight function (schedule other routines in here)
              CarpetReduce::CoordBase_SetupMask: [global] [loop-local] Set up the outer boundaries of the weight function
              CarpetReduce::CarpetMaskSetup: [global] [loop-singlemap] Set up the weight function for the restriction regions
            GROUP SetupIMask: Set up the integer weight function (schedule other routines in here)
              CarpetMask::CarpetExcludedSetup: [global] [loop-local] Set up the weight function for the excluded regions
              CarpetMask::CarpetSurfaceSetup: [global] [loop-local] Set up the weight function for the excluded spherical surfaces
            CarpetReduce::MaskBase_SetMask: [global] [loop-local] Set the weight function
            GROUP SetupMask: Set up the real weight function (schedule other routines in here)
            CarpetReduce::MaskBase_TestMask: [global] Test the weight function
        Dissipation::setup_epsdis: Setup spatially varying dissipation
        GROUP MoL_PseudoEvolutionBoundaries: Apply boundary conditions to pseudo-evolved quantities
        GROUP CalcNPScalars_BC: Boundary conditions
          NPScalars::NPboundaries: [level] Symmetry boundary conditions
          GROUP ApplyBCs_NP: Apply boundary conditions
            GROUP BoundaryConditions: Execute all boundary conditions
              Boundary::Boundary_ApplyPhysicalBCs: Apply all requested local physical boundary conditions
              CartGrid3D::CartGrid3D_ApplyBC: Apply symmetry boundary conditions
              ReflectionSymmetry::ReflectionSymmetry_Apply: Apply reflection symmetries
            Boundary::Boundary_ClearSelection: [level] Unselect all grid variables for boundary conditions
        GROUP CalcNPEMGScalars_BC: Boundary conditions
          NPScalars_EMG::NPEMG_Boundaries: [level] Symmetry boundary conditions
          GROUP ApplyBCs_NPEMG: Apply boundary conditions
            GROUP BoundaryConditions: Execute all boundary conditions
              Boundary::Boundary_ApplyPhysicalBCs: Apply all requested local physical boundary conditions
              CartGrid3D::CartGrid3D_ApplyBC: Apply symmetry boundary conditions
              ReflectionSymmetry::ReflectionSymmetry_Apply: Apply reflection symmetries
            Boundary::Boundary_ClearSelection: [level] Unselect all grid variables for boundary conditions
        SpaceMask::MaskOne: Set mask to one
        AHFinderDirect::AHFinderDirect_maybe_do_masks: set mask(s) based on apparent horizon position(s)
      [CCTK_BASEGRID]
        ADMBase::ADMBase_SetShiftStateOn: Set the shift_state variable to 1
        ADMBase::ADMBase_SetDtLapseStateOn: Set the dtlapse_state variable to 1
        ADMBase::ADMBase_SetDtShiftStateOn: Set the dtshift_state variable to 1
        ADMMacros::ADMMacros_SetLocalSpatialOrder: Initialize the local_spatial_order
        CartGrid3D::SpatialSpacings: Set up ranges for spatial 3D Cartesian coordinates (on all grids)
        CartGrid3D::SpatialCoordinates: Set up spatial 3D Cartesian coordinates on the GH
        SphericalSurface::SphericalSurface_SetupRes: [global] [loop-local] Set surface resolution automatically
        AHFinderDirect::AHFinderDirect_setup: [global] setup data structures
        Dissipation::dissipation_basegrid: Ensure that there are enough ghost zones
        EMGBase::emg_symmetries: [global] Register symmetries of the grid functions
        EMGEvolve::EMG_InitSymBound: [meta] Schedule symmetries
        EMGEvolve::EMG_zero_rhs: set all rhs functions to zero to prevent spurious nans
        LeanBSSNMoL::LeanBSSN_symmetries: [global] Register symmetries of the BSSN grid functions
        LeanBSSNMoL::LeanBSSN_zero_rhs: Set all rhs functions to zero to prevent spurious nans
        NPScalars::NP_symmetries: [meta] Set symmetries for grid functions
        NPScalars_EMG::NPEMG_symmetries: [meta] Set symmetries for grid functions
        NaNChecker::NaNChecker_ResetCounter: [global] Reset the NaNChecker::NaNsFound counter
        SpaceMask::MaskZero: Initialise mask to zero
        SpaceMask::MaskOne: Set old style mask to one
        SphericalSurface::SphericalSurface_Setup: [global] Calculate surface coordinate descriptors
        GROUP MaskBase_SetupMask: Set up the weight function
          GROUP MaskBase_SetupMaskAll: Set up the weight function
            CarpetReduce::MaskBase_AllocateMask: [global] Allocate the weight function
            CarpetReduce::MaskBase_InitMask: [global] [loop-local] Initialise the weight function
            GROUP SetupIMaskInternal: Set up the integer weight function (schedule other routines in here)
              CarpetReduce::CoordBase_SetupMask: [global] [loop-local] Set up the outer boundaries of the weight function
              CarpetReduce::CarpetMaskSetup: [global] [loop-singlemap] Set up the weight function for the restriction regions
            GROUP SetupIMask: Set up the integer weight function (schedule other routines in here)
              CarpetMask::CarpetExcludedSetup: [global] [loop-local] Set up the weight function for the excluded regions
              CarpetMask::CarpetSurfaceSetup: [global] [loop-local] Set up the weight function for the excluded spherical surfaces
            CarpetReduce::MaskBase_SetMask: [global] [loop-local] Set the weight function
            GROUP SetupMask: Set up the real weight function (schedule other routines in here)
            CarpetReduce::MaskBase_TestMask: [global] Test the weight function
        SphericalSurface::SphericalSurface_Set: [global] Set surface radii to be used for initial setup in other thorns
        GROUP SphericalSurface_HasBeenSet: Set the spherical surfaces before this group, and use it afterwards
          SphericalSurface::SphericalSurface_CheckState: [global] Test the state of the spherical surfaces
        SymBase::SymBase_Check: Check whether the driver set up the grid consistently
        TerminationTrigger::TerminationTrigger_ResetTrigger: Clear trigger state
        TerminationTrigger::TerminationTrigger_StartTimer: Start timer
        TerminationTrigger::TerminationTrigger_CreateFile: Create termination file
        Time::Time_Initialise: [global] Initialise Time variables
        Time::TemporalSpacings: [singlemap] Set timestep based on Courant condition (courant_static)
      [CCTK_INITIAL]
        StaticConformal::StaticConformal_InitialiseState: Set the conformal_state variable to 0
        GROUP ADMBase_InitialData: Schedule group for calculating ADM initial data
          GROUP TwoChargedPunctures_Group: TwoChargedPunctures initial data group
            TwoChargedPunctures::TwoChargedPunctures: Create puncture black hole initial data
        GROUP ADMBase_InitialGauge: Schedule group for the ADM initial gauge condition
          ADMBase::ADMBase_ShiftZero: Set the shift to 0 at all points
          ADMBase::ADMBase_DtLapseZero: Set the dtlapse to 0 at all points
          ADMBase::ADMBase_DtShiftZero: Set the dtshift to 0 at all points
        CarpetIOASCII::CarpetIOASCIIInit: [global] Initialisation routine
        CarpetIOBasic::CarpetIOBasicInit: [global] Initialisation routine
        CarpetIOHDF5::CarpetIOHDF5_Init: [global] Initialisation routine
        CarpetIOScalar::CarpetIOScalarInit: [global] Initialisation routine
        GROUP ADMBase_PostInitial: Schedule group for modifying the ADM initial data, such as e.g. adding noise
        LeanBSSNMoL::LeanBSSN_adm2bssn: [local] Convert initial data into BSSN variables
        LeanBSSNMoL::LeanBSSN_Boundaries: [level] Boundary enforcement
        MoL::MoL_StartLoop: [level] Initialise the step size control
        PunctureTracker::PunctureTracker_Init: [global] Calculate initial location of punctures
        QuasiLocalMeasures::qlm_init: [global] Initialise quasi-local calculations
        GROUP LeanBSSN_ApplyBCs: Apply boundary conditions
          GROUP BoundaryConditions: Execute all boundary conditions
            Boundary::Boundary_ApplyPhysicalBCs: Apply all requested local physical boundary conditions
            CartGrid3D::CartGrid3D_ApplyBC: Apply symmetry boundary conditions
            ReflectionSymmetry::ReflectionSymmetry_Apply: Apply reflection symmetries
          Boundary::Boundary_ClearSelection: [level] Unselect all grid variables for boundary conditions
      [CCTK_POSTINITIAL]
        CarpetIOHDF5::CarpetIOHDF5_CloseFiles: [global] Close all filereader input files
        GROUP MoL_PostStepModify: The group for physics thorns to schedule enforcing constraints
        GROUP MoL_PostStep: Ensure that everything is correct after the initial data have been set up
          LeanBSSNMoL::LeanBSSN_remove_trA: Remove trace of A
          EMGEvolve::EMG_Boundaries: [level] MoL boundary enforcement for EMG variables
          GROUP EMG_ApplyBCs: Apply boundary conditions
            GROUP BoundaryConditions: Execute all boundary conditions
              Boundary::Boundary_ApplyPhysicalBCs: Apply all requested local physical boundary conditions
              CartGrid3D::CartGrid3D_ApplyBC: Apply symmetry boundary conditions
              ReflectionSymmetry::ReflectionSymmetry_Apply: Apply reflection symmetries
            Boundary::Boundary_ClearSelection: [level] Unselect all grid variables for boundary conditions
          LeanBSSNMoL::LeanBSSN_impose_conf_fac_floor: Make sure conformal factor does not drop below specified value
          LeanBSSNMoL::LeanBSSN_Boundaries: [level] MoL boundary enforcement
          GROUP LeanBSSN_ApplyBCs: Apply boundary conditions
            GROUP BoundaryConditions: Execute all boundary conditions
              Boundary::Boundary_ApplyPhysicalBCs: Apply all requested local physical boundary conditions
              CartGrid3D::CartGrid3D_ApplyBC: Apply symmetry boundary conditions
              ReflectionSymmetry::ReflectionSymmetry_Apply: Apply reflection symmetries
            Boundary::Boundary_ClearSelection: [level] Unselect all grid variables for boundary conditions
          LeanBSSNMoL::LeanBSSN_bssn2adm: [local] Convert variables back to the ADM ones
          GROUP ADMBase_SetADMVars: Set the ADM variables before this group, and use them afterwards
          GROUP SetTmunu: Group for calculating the stress-energy tensor
            TmunuBase::TmunuBase_ZeroTmunu: Initialise the stress-energy tensor to zero
            GROUP AddToTmunu: Add to the stress-energy tensor here
              EMGEvolve::EMG_AddToTmunu: Compute the energy-momentum tensor
        GROUP MoL_PseudoEvolution: Calculate pseudo-evolved quantities
          GROUP ADMBase_SetADMVars: Set the ADM variables before this group, and use them afterwards
          GROUP CalcNPScalars: Calculate NPScalars
            NPScalars::NP_calcPsiGF: [local] calculate Psi4 as grid function
            GROUP CalcNPScalars_BC: Boundary conditions
              NPScalars::NPboundaries: [level] Symmetry boundary conditions
              GROUP ApplyBCs_NP: Apply boundary conditions
                GROUP BoundaryConditions: Execute all boundary conditions
                  Boundary::Boundary_ApplyPhysicalBCs: Apply all requested local physical boundary conditions
                  CartGrid3D::CartGrid3D_ApplyBC: Apply symmetry boundary conditions
                  ReflectionSymmetry::ReflectionSymmetry_Apply: Apply reflection symmetries
                Boundary::Boundary_ClearSelection: [level] Unselect all grid variables for boundary conditions
        GROUP CalcNPScalars: Calculate NPScalars
          NPScalars::NP_calcPsiGF: [local] calculate Psi4 as grid function
          GROUP CalcNPScalars_BC: Boundary conditions
            NPScalars::NPboundaries: [level] Symmetry boundary conditions
            GROUP ApplyBCs_NP: Apply boundary conditions
              GROUP BoundaryConditions: Execute all boundary conditions
                Boundary::Boundary_ApplyPhysicalBCs: Apply all requested local physical boundary conditions
                CartGrid3D::CartGrid3D_ApplyBC: Apply symmetry boundary conditions
                ReflectionSymmetry::ReflectionSymmetry_Apply: Apply reflection symmetries
              Boundary::Boundary_ClearSelection: [level] Unselect all grid variables for boundary conditions
        GROUP CalcNPEMGScalars: Calculate NPScalars
          NPScalars_EMG::NPEMG_calcPsiGF: [local] calculate grid functions
          GROUP CalcNPEMGScalars_BC: Boundary conditions
            NPScalars_EMG::NPEMG_Boundaries: [level] Symmetry boundary conditions
            GROUP ApplyBCs_NPEMG: Apply boundary conditions
              GROUP BoundaryConditions: Execute all boundary conditions
                Boundary::Boundary_ApplyPhysicalBCs: Apply all requested local physical boundary conditions
                CartGrid3D::CartGrid3D_ApplyBC: Apply symmetry boundary conditions
                ReflectionSymmetry::ReflectionSymmetry_Apply: Apply reflection symmetries
              Boundary::Boundary_ClearSelection: [level] Unselect all grid variables for boundary conditions
      Initialise finer grids recursively
      Restrict from finer grids
      [CCTK_POSTRESTRICTINITIAL]
        GROUP MoL_PostStep: Ensure that everything is correct after restriction
          LeanBSSNMoL::LeanBSSN_remove_trA: Remove trace of A
          EMGEvolve::EMG_Boundaries: [level] MoL boundary enforcement for EMG variables
          GROUP EMG_ApplyBCs: Apply boundary conditions
            GROUP BoundaryConditions: Execute all boundary conditions
              Boundary::Boundary_ApplyPhysicalBCs: Apply all requested local physical boundary conditions
              CartGrid3D::CartGrid3D_ApplyBC: Apply symmetry boundary conditions
              ReflectionSymmetry::ReflectionSymmetry_Apply: Apply reflection symmetries
            Boundary::Boundary_ClearSelection: [level] Unselect all grid variables for boundary conditions
          LeanBSSNMoL::LeanBSSN_impose_conf_fac_floor: Make sure conformal factor does not drop below specified value
          LeanBSSNMoL::LeanBSSN_Boundaries: [level] MoL boundary enforcement
          GROUP LeanBSSN_ApplyBCs: Apply boundary conditions
            GROUP BoundaryConditions: Execute all boundary conditions
              Boundary::Boundary_ApplyPhysicalBCs: Apply all requested local physical boundary conditions
              CartGrid3D::CartGrid3D_ApplyBC: Apply symmetry boundary conditions
              ReflectionSymmetry::ReflectionSymmetry_Apply: Apply reflection symmetries
            Boundary::Boundary_ClearSelection: [level] Unselect all grid variables for boundary conditions
          LeanBSSNMoL::LeanBSSN_bssn2adm: [local] Convert variables back to the ADM ones
          GROUP ADMBase_SetADMVars: Set the ADM variables before this group, and use them afterwards
          GROUP SetTmunu: Group for calculating the stress-energy tensor
            TmunuBase::TmunuBase_ZeroTmunu: Initialise the stress-energy tensor to zero
            GROUP AddToTmunu: Add to the stress-energy tensor here
              EMGEvolve::EMG_AddToTmunu: Compute the energy-momentum tensor
        GROUP MoL_PseudoEvolutionBoundaries: Apply boundary conditions to pseudo-evolved quantities
        GROUP CalcNPScalars_BC: Boundary conditions
          NPScalars::NPboundaries: [level] Symmetry boundary conditions
          GROUP ApplyBCs_NP: Apply boundary conditions
            GROUP BoundaryConditions: Execute all boundary conditions
              Boundary::Boundary_ApplyPhysicalBCs: Apply all requested local physical boundary conditions
              CartGrid3D::CartGrid3D_ApplyBC: Apply symmetry boundary conditions
              ReflectionSymmetry::ReflectionSymmetry_Apply: Apply reflection symmetries
            Boundary::Boundary_ClearSelection: [level] Unselect all grid variables for boundary conditions
        GROUP CalcNPEMGScalars_BC: Boundary conditions
          NPScalars_EMG::NPEMG_Boundaries: [level] Symmetry boundary conditions
          GROUP ApplyBCs_NPEMG: Apply boundary conditions
            GROUP BoundaryConditions: Execute all boundary conditions
              Boundary::Boundary_ApplyPhysicalBCs: Apply all requested local physical boundary conditions
              CartGrid3D::CartGrid3D_ApplyBC: Apply symmetry boundary conditions
              ReflectionSymmetry::ReflectionSymmetry_Apply: Apply reflection symmetries
            Boundary::Boundary_ClearSelection: [level] Unselect all grid variables for boundary conditions
      [CCTK_POSTPOSTINITIAL]
      [CCTK_POSTSTEP]
        AHFinderDirect::AHFinderDirect_import_mask: [global] [loop-local] import the excision mask
        AHFinderDirect::AHFinderDirect_find_horizons: [global] find apparent horizon(s) after this time step
        AHFinderDirect::AHFinderDirect_store: [global] store apparent horizon(s) into spherical surface(s)
        AHFinderDirect::AHFinderDirect_save: [global] save apparent horizon(s) into Cactus variables
        AHFinderDirect::AHFinderDirect_maybe_do_masks: set mask(s) based on apparent horizon position(s)
        SphericalSurface::SphericalSurface_Set: [global] Set surface radii
        GROUP SphericalSurface_HasBeenSet: Set the spherical surfaces before this group, and use it afterwards
          SphericalSurface::SphericalSurface_CheckState: [global] Test the state of the spherical surfaces
        GROUP zzz_NaNChecker_NaNCheck: Check for NaNs and count them in NaNChecker::NaNsFound
          NaNChecker::NaNChecker_NaNCheck_Prepare: [level] Prepare data structures to check for NaNs
          NaNChecker::NaNChecker_NaNCheck_Check: [local] Check for NaNs
          NaNChecker::NaNChecker_NaNCheck_Finish: [level] Count NaNs in NaNChecker::NaNsFound
        NaNChecker::NaNChecker_TakeAction: [global] [loop-level] Output NaNChecker::NaNmask and take action according to NaNChecker::action_if_found
        PunctureTracker::PunctureTracker_SetPositions: [global] Copy puncture positions to spherical surfaces
        SpaceMask::CheckMask: Ensure that all mask values are legal
        Dissipation::setup_epsdis: Setup spatially varying dissipation
        GROUP MaskBase_SetupMask: Set up the weight function
          GROUP MaskBase_SetupMaskAll: Set up the weight function
            CarpetReduce::MaskBase_AllocateMask: [global] Allocate the weight function
            CarpetReduce::MaskBase_InitMask: [global] [loop-local] Initialise the weight function
            GROUP SetupIMaskInternal: Set up the integer weight function (schedule other routines in here)
              CarpetReduce::CoordBase_SetupMask: [global] [loop-local] Set up the outer boundaries of the weight function
              CarpetReduce::CarpetMaskSetup: [global] [loop-singlemap] Set up the weight function for the restriction regions
            GROUP SetupIMask: Set up the integer weight function (schedule other routines in here)
              CarpetMask::CarpetExcludedSetup: [global] [loop-local] Set up the weight function for the excluded regions
              CarpetMask::CarpetSurfaceSetup: [global] [loop-local] Set up the weight function for the excluded spherical surfaces
            CarpetReduce::MaskBase_SetMask: [global] [loop-local] Set the weight function
            GROUP SetupMask: Set up the real weight function (schedule other routines in here)
            CarpetReduce::MaskBase_TestMask: [global] Test the weight function
    endif
    if (recover initial data)
      [CCTK_BASEGRID]
        ADMBase::ADMBase_SetShiftStateOn: Set the shift_state variable to 1
        ADMBase::ADMBase_SetDtLapseStateOn: Set the dtlapse_state variable to 1
        ADMBase::ADMBase_SetDtShiftStateOn: Set the dtshift_state variable to 1
        ADMMacros::ADMMacros_SetLocalSpatialOrder: Initialize the local_spatial_order
        CartGrid3D::SpatialSpacings: Set up ranges for spatial 3D Cartesian coordinates (on all grids)
        CartGrid3D::SpatialCoordinates: Set up spatial 3D Cartesian coordinates on the GH
        SphericalSurface::SphericalSurface_SetupRes: [global] [loop-local] Set surface resolution automatically
        AHFinderDirect::AHFinderDirect_setup: [global] setup data structures
        Dissipation::dissipation_basegrid: Ensure that there are enough ghost zones
        EMGBase::emg_symmetries: [global] Register symmetries of the grid functions
        EMGEvolve::EMG_InitSymBound: [meta] Schedule symmetries
        EMGEvolve::EMG_zero_rhs: set all rhs functions to zero to prevent spurious nans
        LeanBSSNMoL::LeanBSSN_symmetries: [global] Register symmetries of the BSSN grid functions
        LeanBSSNMoL::LeanBSSN_zero_rhs: Set all rhs functions to zero to prevent spurious nans
        NPScalars::NP_symmetries: [meta] Set symmetries for grid functions
        NPScalars_EMG::NPEMG_symmetries: [meta] Set symmetries for grid functions
        NaNChecker::NaNChecker_ResetCounter: [global] Reset the NaNChecker::NaNsFound counter
        SpaceMask::MaskZero: Initialise mask to zero
        SpaceMask::MaskOne: Set old style mask to one
        SphericalSurface::SphericalSurface_Setup: [global] Calculate surface coordinate descriptors
        GROUP MaskBase_SetupMask: Set up the weight function
          GROUP MaskBase_SetupMaskAll: Set up the weight function
            CarpetReduce::MaskBase_AllocateMask: [global] Allocate the weight function
            CarpetReduce::MaskBase_InitMask: [global] [loop-local] Initialise the weight function
            GROUP SetupIMaskInternal: Set up the integer weight function (schedule other routines in here)
              CarpetReduce::CoordBase_SetupMask: [global] [loop-local] Set up the outer boundaries of the weight function
              CarpetReduce::CarpetMaskSetup: [global] [loop-singlemap] Set up the weight function for the restriction regions
            GROUP SetupIMask: Set up the integer weight function (schedule other routines in here)
              CarpetMask::CarpetExcludedSetup: [global] [loop-local] Set up the weight function for the excluded regions
              CarpetMask::CarpetSurfaceSetup: [global] [loop-local] Set up the weight function for the excluded spherical surfaces
            CarpetReduce::MaskBase_SetMask: [global] [loop-local] Set the weight function
            GROUP SetupMask: Set up the real weight function (schedule other routines in here)
            CarpetReduce::MaskBase_TestMask: [global] Test the weight function
        SphericalSurface::SphericalSurface_Set: [global] Set surface radii to be used for initial setup in other thorns
        GROUP SphericalSurface_HasBeenSet: Set the spherical surfaces before this group, and use it afterwards
          SphericalSurface::SphericalSurface_CheckState: [global] Test the state of the spherical surfaces
        SymBase::SymBase_Check: Check whether the driver set up the grid consistently
        TerminationTrigger::TerminationTrigger_ResetTrigger: Clear trigger state
        TerminationTrigger::TerminationTrigger_StartTimer: Start timer
        TerminationTrigger::TerminationTrigger_CreateFile: Create termination file
        Time::Time_Initialise: [global] Initialise Time variables
        Time::TemporalSpacings: [singlemap] Set timestep based on Courant condition (courant_static)
      [CCTK_RECOVER_VARIABLES]
        IOUtil::IOUtil_RecoverGH: [level] Checkpoint recovery routine
      [CCTK_POST_RECOVER_VARIABLES]
        AHFinderDirect::AHFinderDirect_recover: [global] import horizon data from Cactus variables
        CarpetIOHDF5::CarpetIOHDF5_InitCheckpointingIntervals: [global] Initialisation of checkpointing intervals after recovery
        CarpetIOHDF5::CarpetIOHDF5_CloseFiles: [meta] Close all initial data checkpoint files after recovery
        GROUP MaskBase_SetupMask: Set up the weight function
          GROUP MaskBase_SetupMaskAll: Set up the weight function
            CarpetReduce::MaskBase_AllocateMask: [global] Allocate the weight function
            CarpetReduce::MaskBase_InitMask: [global] [loop-local] Initialise the weight function
            GROUP SetupIMaskInternal: Set up the integer weight function (schedule other routines in here)
              CarpetReduce::CoordBase_SetupMask: [global] [loop-local] Set up the outer boundaries of the weight function
              CarpetReduce::CarpetMaskSetup: [global] [loop-singlemap] Set up the weight function for the restriction regions
            GROUP SetupIMask: Set up the integer weight function (schedule other routines in here)
              CarpetMask::CarpetExcludedSetup: [global] [loop-local] Set up the weight function for the excluded regions
              CarpetMask::CarpetSurfaceSetup: [global] [loop-local] Set up the weight function for the excluded spherical surfaces
            CarpetReduce::MaskBase_SetMask: [global] [loop-local] Set the weight function
            GROUP SetupMask: Set up the real weight function (schedule other routines in here)
            CarpetReduce::MaskBase_TestMask: [global] Test the weight function
        GROUP MoL_PostStep: Ensure that everything is correct after recovery
          LeanBSSNMoL::LeanBSSN_remove_trA: Remove trace of A
          EMGEvolve::EMG_Boundaries: [level] MoL boundary enforcement for EMG variables
          GROUP EMG_ApplyBCs: Apply boundary conditions
            GROUP BoundaryConditions: Execute all boundary conditions
              Boundary::Boundary_ApplyPhysicalBCs: Apply all requested local physical boundary conditions
              CartGrid3D::CartGrid3D_ApplyBC: Apply symmetry boundary conditions
              ReflectionSymmetry::ReflectionSymmetry_Apply: Apply reflection symmetries
            Boundary::Boundary_ClearSelection: [level] Unselect all grid variables for boundary conditions
          LeanBSSNMoL::LeanBSSN_impose_conf_fac_floor: Make sure conformal factor does not drop below specified value
          LeanBSSNMoL::LeanBSSN_Boundaries: [level] MoL boundary enforcement
          GROUP LeanBSSN_ApplyBCs: Apply boundary conditions
            GROUP BoundaryConditions: Execute all boundary conditions
              Boundary::Boundary_ApplyPhysicalBCs: Apply all requested local physical boundary conditions
              CartGrid3D::CartGrid3D_ApplyBC: Apply symmetry boundary conditions
              ReflectionSymmetry::ReflectionSymmetry_Apply: Apply reflection symmetries
            Boundary::Boundary_ClearSelection: [level] Unselect all grid variables for boundary conditions
          LeanBSSNMoL::LeanBSSN_bssn2adm: [local] Convert variables back to the ADM ones
          GROUP ADMBase_SetADMVars: Set the ADM variables before this group, and use them afterwards
          GROUP SetTmunu: Group for calculating the stress-energy tensor
            TmunuBase::TmunuBase_ZeroTmunu: Initialise the stress-energy tensor to zero
            GROUP AddToTmunu: Add to the stress-energy tensor here
              EMGEvolve::EMG_AddToTmunu: Compute the energy-momentum tensor
        GROUP zzz_NaNChecker_NaNCheck: Check for NaNs and count them in NaNChecker::NaNsFound
          NaNChecker::NaNChecker_NaNCheck_Prepare: [level] Prepare data structures to check for NaNs
          NaNChecker::NaNChecker_NaNCheck_Check: [local] Check for NaNs
          NaNChecker::NaNChecker_NaNCheck_Finish: [level] Count NaNs in NaNChecker::NaNsFound
        NaNChecker::NaNChecker_TakeAction: [global] [loop-level] Output NaNChecker::NaNmask and take action according to NaNChecker::action_if_found
        TerminationTrigger::TerminationTrigger_ResetMinutes: [global] Reset Watchtime
    endif
    if (checkpoint initial data)
      [CCTK_CPINITIAL]
        CarpetIOHDF5::CarpetIOHDF5_InitialDataCheckpoint: [meta] Initial data checkpoint routine
    endif
    if (analysis)
      [CCTK_ANALYSIS]
        CarpetLib::CarpetLib_printtimestats: [global] Print timing statistics if desired
        CarpetLib::CarpetLib_printmemstats: [global] Print memory statistics if desired
        GROUP EMG_constraints: Group to compute constraints
          EMGEvolve::EMG_constraints: Compute constraints
          EMGEvolve::EMG_constraints_boundaries: [level] Enforce symmetry BCs in constraint computation
          GROUP EMG_constraints_ApplyBCs: Apply boundary conditions
            GROUP BoundaryConditions: Execute all boundary conditions
              Boundary::Boundary_ApplyPhysicalBCs: Apply all requested local physical boundary conditions
              CartGrid3D::CartGrid3D_ApplyBC: Apply symmetry boundary conditions
              ReflectionSymmetry::ReflectionSymmetry_Apply: Apply reflection symmetries
            Boundary::Boundary_ClearSelection: [level] Unselect all grid variables for boundary conditions
        GROUP LeanBSSN_constraints: Compute constraints
          LeanBSSNMoL::LeanBSSN_bssn_constraints: Compute constraints
          LeanBSSNMoL::LeanBSSN_Constraints_Boundaries: [level] Enforce symmetry BCs in constraint computation
          GROUP LeanBSSN_Constraints_ApplyBCs: Apply boundary conditions
            GROUP BoundaryConditions: Execute all boundary conditions
              Boundary::Boundary_ApplyPhysicalBCs: Apply all requested local physical boundary conditions
              CartGrid3D::CartGrid3D_ApplyBC: Apply symmetry boundary conditions
              ReflectionSymmetry::ReflectionSymmetry_Apply: Apply reflection symmetries
            Boundary::Boundary_ClearSelection: [level] Unselect all grid variables for boundary conditions
        LoopControl::LC_statistics_analysis: [meta] Output LoopControl statistics
        Multipole::Multipole_Calc: [global] Calculate Multipoles
        GROUP CalcNPEMGScalars: Calculate NPScalars
          NPScalars_EMG::NPEMG_calcPsiGF: [local] calculate grid functions
          GROUP CalcNPEMGScalars_BC: Boundary conditions
            NPScalars_EMG::NPEMG_Boundaries: [level] Symmetry boundary conditions
            GROUP ApplyBCs_NPEMG: Apply boundary conditions
              GROUP BoundaryConditions: Execute all boundary conditions
                Boundary::Boundary_ApplyPhysicalBCs: Apply all requested local physical boundary conditions
                CartGrid3D::CartGrid3D_ApplyBC: Apply symmetry boundary conditions
                ReflectionSymmetry::ReflectionSymmetry_Apply: Apply reflection symmetries
              Boundary::Boundary_ClearSelection: [level] Unselect all grid variables for boundary conditions
        QuasiLocalMeasures::qlm_calculate: [global] Calculate quasi-local quantities
        SystemStatistics::SystemStatistics_Collect: [global] Collect system statistics
        TerminationTrigger::TerminationTrigger_CheckWalltime: Check elapsed job walltime
        TerminationTrigger::TerminationTrigger_CheckSignal: Check if we received a termination signal
        TerminationTrigger::TerminationTrigger_CheckFile: Check termination file
        TimerReport::zzz_TimerReport_Output: [global] Print the timer report
  endif
  Output grid variables

  do loop over timesteps
    [CCTK_PREREGRID]
      CarpetTracker::CarpetTracker_SetPositions: [global] Set positions of refined regions
    Change grid hierarchy
    [CCTK_POSTREGRID]
      SpaceMask::MaskZero: Initialise mask to zero
      CartGrid3D::SpatialCoordinates: Set Coordinates after regridding
      GROUP MaskBase_SetupMask: Set up the weight function
        GROUP MaskBase_SetupMaskAll: Set up the weight function
          CarpetReduce::MaskBase_AllocateMask: [global] Allocate the weight function
          CarpetReduce::MaskBase_InitMask: [global] [loop-local] Initialise the weight function
          GROUP SetupIMaskInternal: Set up the integer weight function (schedule other routines in here)
            CarpetReduce::CoordBase_SetupMask: [global] [loop-local] Set up the outer boundaries of the weight function
            CarpetReduce::CarpetMaskSetup: [global] [loop-singlemap] Set up the weight function for the restriction regions
          GROUP SetupIMask: Set up the integer weight function (schedule other routines in here)
            CarpetMask::CarpetExcludedSetup: [global] [loop-local] Set up the weight function for the excluded regions
            CarpetMask::CarpetSurfaceSetup: [global] [loop-local] Set up the weight function for the excluded spherical surfaces
          CarpetReduce::MaskBase_SetMask: [global] [loop-local] Set the weight function
          GROUP SetupMask: Set up the real weight function (schedule other routines in here)
          CarpetReduce::MaskBase_TestMask: [global] Test the weight function
      Dissipation::setup_epsdis: Setup spatially varying dissipation
      GROUP MoL_PostStep: Ensure that everything is correct after regridding
        LeanBSSNMoL::LeanBSSN_remove_trA: Remove trace of A
        EMGEvolve::EMG_Boundaries: [level] MoL boundary enforcement for EMG variables
        GROUP EMG_ApplyBCs: Apply boundary conditions
          GROUP BoundaryConditions: Execute all boundary conditions
            Boundary::Boundary_ApplyPhysicalBCs: Apply all requested local physical boundary conditions
            CartGrid3D::CartGrid3D_ApplyBC: Apply symmetry boundary conditions
            ReflectionSymmetry::ReflectionSymmetry_Apply: Apply reflection symmetries
          Boundary::Boundary_ClearSelection: [level] Unselect all grid variables for boundary conditions
        LeanBSSNMoL::LeanBSSN_impose_conf_fac_floor: Make sure conformal factor does not drop below specified value
        LeanBSSNMoL::LeanBSSN_Boundaries: [level] MoL boundary enforcement
        GROUP LeanBSSN_ApplyBCs: Apply boundary conditions
          GROUP BoundaryConditions: Execute all boundary conditions
            Boundary::Boundary_ApplyPhysicalBCs: Apply all requested local physical boundary conditions
            CartGrid3D::CartGrid3D_ApplyBC: Apply symmetry boundary conditions
            ReflectionSymmetry::ReflectionSymmetry_Apply: Apply reflection symmetries
          Boundary::Boundary_ClearSelection: [level] Unselect all grid variables for boundary conditions
        LeanBSSNMoL::LeanBSSN_bssn2adm: [local] Convert variables back to the ADM ones
        GROUP ADMBase_SetADMVars: Set the ADM variables before this group, and use them afterwards
        GROUP SetTmunu: Group for calculating the stress-energy tensor
          TmunuBase::TmunuBase_ZeroTmunu: Initialise the stress-energy tensor to zero
          GROUP AddToTmunu: Add to the stress-energy tensor here
            EMGEvolve::EMG_AddToTmunu: Compute the energy-momentum tensor
      GROUP MoL_PseudoEvolutionBoundaries: Apply boundary conditions to pseudo-evolved quantities
      GROUP CalcNPScalars_BC: Boundary conditions
        NPScalars::NPboundaries: [level] Symmetry boundary conditions
        GROUP ApplyBCs_NP: Apply boundary conditions
          GROUP BoundaryConditions: Execute all boundary conditions
            Boundary::Boundary_ApplyPhysicalBCs: Apply all requested local physical boundary conditions
            CartGrid3D::CartGrid3D_ApplyBC: Apply symmetry boundary conditions
            ReflectionSymmetry::ReflectionSymmetry_Apply: Apply reflection symmetries
          Boundary::Boundary_ClearSelection: [level] Unselect all grid variables for boundary conditions
      GROUP CalcNPEMGScalars_BC: Boundary conditions
        NPScalars_EMG::NPEMG_Boundaries: [level] Symmetry boundary conditions
        GROUP ApplyBCs_NPEMG: Apply boundary conditions
          GROUP BoundaryConditions: Execute all boundary conditions
            Boundary::Boundary_ApplyPhysicalBCs: Apply all requested local physical boundary conditions
            CartGrid3D::CartGrid3D_ApplyBC: Apply symmetry boundary conditions
            ReflectionSymmetry::ReflectionSymmetry_Apply: Apply reflection symmetries
          Boundary::Boundary_ClearSelection: [level] Unselect all grid variables for boundary conditions
      SpaceMask::MaskOne: Set mask to one
      AHFinderDirect::AHFinderDirect_maybe_do_masks: set mask(s) based on apparent horizon position(s)
    Rotate timelevels
    iteration = iteration+1
    t = t+dt
    [CCTK_PRESTEP]
      CoordGauge::Einstein_SetNextSlicing: Identify the slicing for the next iteration
      LoopControl::LC_steer: [meta] Update LoopControl algorithm preferences
      NaNChecker::NaNChecker_ResetCounter: [global] Reset the NaNChecker::NaNsFound counter
    [CCTK_EVOL]
      MoL::MoL_StartLoop: [level] Initialise the step size control
      while (MoL::MoL_Stepsize_Bad)
        GROUP MoL_Evolution: A single Cactus evolution step using MoL
          GROUP MoL_StartStep: MoL internal setup for the evolution step
            MoL::MoL_SetCounter: [level] Set the counter for the ODE method to loop over
            MoL::MoL_SetTime: [level] Ensure the correct time and timestep are used
            MoL::MoL_AllocateScratchSpace: [level] Allocate storage for scratch levels
          GROUP MoL_PreStep: Physics thorns can schedule preloop setup routines in here
          MoL::MoL_AllocateScratch: Allocate sufficient space for array scratch variables
          MoL::MoL_InitialCopy: Ensure the data is in the correct timelevel
          while (MoL::MoL_Intermediate_Step)
            GROUP MoL_Step: The loop over the intermediate steps for the ODE integrator
              MoL::MoL_InitRHS: Initialise the RHS functions
              GROUP MoL_CalcRHS: Physics thorns schedule the calculation of the discrete spatial operator in here
                EMGEvolve::EMG_CalcRHS: MoL RHS calculation for EMG variables
                EMGEvolve::EMG_CalcRHS_Bdry: MoL boundary RHS calculation for EMG variables
                LeanBSSNMoL::LeanBSSN_CalcRHS: MoL RHS calculation
                LeanBSSNMoL::LeanBSSN_CalcRHS_Bdry: MoL boundary RHS calculation
              GROUP MoL_PostRHS: Modify RHS functions
                Dissipation::dissipation_add: Add Kreiss-Oliger dissipation to the right hand sides
              GROUP MoL_RHSBoundaries: Any 'final' modifications to the RHS functions (boundaries etc.)
              MoL::MoL_Add: Updates calculated with the efficient Runge-Kutta 4 method
              MoL::MoL_DecrementCounter: [level] Alter the counter number
              MoL::MoL_ResetTime: [level] If necessary, change the time
              GROUP MoL_PostStepModify: The group for physics thorns to schedule enforcing constraints
              GROUP MoL_PostStep: The group for physics thorns to schedule boundary calls etc.
                LeanBSSNMoL::LeanBSSN_remove_trA: Remove trace of A
                EMGEvolve::EMG_Boundaries: [level] MoL boundary enforcement for EMG variables
                GROUP EMG_ApplyBCs: Apply boundary conditions
                  GROUP BoundaryConditions: Execute all boundary conditions
                    Boundary::Boundary_ApplyPhysicalBCs: Apply all requested local physical boundary conditions
                    CartGrid3D::CartGrid3D_ApplyBC: Apply symmetry boundary conditions
                    ReflectionSymmetry::ReflectionSymmetry_Apply: Apply reflection symmetries
                  Boundary::Boundary_ClearSelection: [level] Unselect all grid variables for boundary conditions
                LeanBSSNMoL::LeanBSSN_impose_conf_fac_floor: Make sure conformal factor does not drop below specified value
                LeanBSSNMoL::LeanBSSN_Boundaries: [level] MoL boundary enforcement
                GROUP LeanBSSN_ApplyBCs: Apply boundary conditions
                  GROUP BoundaryConditions: Execute all boundary conditions
                    Boundary::Boundary_ApplyPhysicalBCs: Apply all requested local physical boundary conditions
                    CartGrid3D::CartGrid3D_ApplyBC: Apply symmetry boundary conditions
                    ReflectionSymmetry::ReflectionSymmetry_Apply: Apply reflection symmetries
                  Boundary::Boundary_ClearSelection: [level] Unselect all grid variables for boundary conditions
                LeanBSSNMoL::LeanBSSN_bssn2adm: [local] Convert variables back to the ADM ones
                GROUP ADMBase_SetADMVars: Set the ADM variables before this group, and use them afterwards
                GROUP SetTmunu: Group for calculating the stress-energy tensor
                  TmunuBase::TmunuBase_ZeroTmunu: Initialise the stress-energy tensor to zero
                  GROUP AddToTmunu: Add to the stress-energy tensor here
                    EMGEvolve::EMG_AddToTmunu: Compute the energy-momentum tensor
              MoL::MoL_ResetDeltaTime: [level] If necessary, change the timestep
          end while
          MoL::MoL_FinishLoop: [level] Control the step size
          MoL::MoL_RestoreSandR: Restoring the Save and Restore variables to the original state
          MoL::MoL_FreeScratchSpace: [level] Free storage for scratch levels
      end while
      GROUP MoL_PseudoEvolution: Calculate pseudo-evolved quantities
        GROUP ADMBase_SetADMVars: Set the ADM variables before this group, and use them afterwards
        GROUP CalcNPScalars: Calculate NPScalars
          NPScalars::NP_calcPsiGF: [local] calculate Psi4 as grid function
          GROUP CalcNPScalars_BC: Boundary conditions
            NPScalars::NPboundaries: [level] Symmetry boundary conditions
            GROUP ApplyBCs_NP: Apply boundary conditions
              GROUP BoundaryConditions: Execute all boundary conditions
                Boundary::Boundary_ApplyPhysicalBCs: Apply all requested local physical boundary conditions
                CartGrid3D::CartGrid3D_ApplyBC: Apply symmetry boundary conditions
                ReflectionSymmetry::ReflectionSymmetry_Apply: Apply reflection symmetries
              Boundary::Boundary_ClearSelection: [level] Unselect all grid variables for boundary conditions
      PunctureTracker::PunctureTracker_Track: [global] Calculate new location of punctures
    Evolve finer grids recursively
    Restrict from finer grids
    [CCTK_POSTRESTRICT]
      GROUP MoL_PostStep: Ensure that everything is correct after restriction
        LeanBSSNMoL::LeanBSSN_remove_trA: Remove trace of A
        EMGEvolve::EMG_Boundaries: [level] MoL boundary enforcement for EMG variables
        GROUP EMG_ApplyBCs: Apply boundary conditions
          GROUP BoundaryConditions: Execute all boundary conditions
            Boundary::Boundary_ApplyPhysicalBCs: Apply all requested local physical boundary conditions
            CartGrid3D::CartGrid3D_ApplyBC: Apply symmetry boundary conditions
            ReflectionSymmetry::ReflectionSymmetry_Apply: Apply reflection symmetries
          Boundary::Boundary_ClearSelection: [level] Unselect all grid variables for boundary conditions
        LeanBSSNMoL::LeanBSSN_impose_conf_fac_floor: Make sure conformal factor does not drop below specified value
        LeanBSSNMoL::LeanBSSN_Boundaries: [level] MoL boundary enforcement
        GROUP LeanBSSN_ApplyBCs: Apply boundary conditions
          GROUP BoundaryConditions: Execute all boundary conditions
            Boundary::Boundary_ApplyPhysicalBCs: Apply all requested local physical boundary conditions
            CartGrid3D::CartGrid3D_ApplyBC: Apply symmetry boundary conditions
            ReflectionSymmetry::ReflectionSymmetry_Apply: Apply reflection symmetries
          Boundary::Boundary_ClearSelection: [level] Unselect all grid variables for boundary conditions
        LeanBSSNMoL::LeanBSSN_bssn2adm: [local] Convert variables back to the ADM ones
        GROUP ADMBase_SetADMVars: Set the ADM variables before this group, and use them afterwards
        GROUP SetTmunu: Group for calculating the stress-energy tensor
          TmunuBase::TmunuBase_ZeroTmunu: Initialise the stress-energy tensor to zero
          GROUP AddToTmunu: Add to the stress-energy tensor here
            EMGEvolve::EMG_AddToTmunu: Compute the energy-momentum tensor
      GROUP MoL_PseudoEvolutionBoundaries: Apply boundary conditions to pseudo-evolved quantities
      GROUP CalcNPScalars_BC: Boundary conditions
        NPScalars::NPboundaries: [level] Symmetry boundary conditions
        GROUP ApplyBCs_NP: Apply boundary conditions
          GROUP BoundaryConditions: Execute all boundary conditions
            Boundary::Boundary_ApplyPhysicalBCs: Apply all requested local physical boundary conditions
            CartGrid3D::CartGrid3D_ApplyBC: Apply symmetry boundary conditions
            ReflectionSymmetry::ReflectionSymmetry_Apply: Apply reflection symmetries
          Boundary::Boundary_ClearSelection: [level] Unselect all grid variables for boundary conditions
      GROUP CalcNPEMGScalars_BC: Boundary conditions
        NPScalars_EMG::NPEMG_Boundaries: [level] Symmetry boundary conditions
        GROUP ApplyBCs_NPEMG: Apply boundary conditions
          GROUP BoundaryConditions: Execute all boundary conditions
            Boundary::Boundary_ApplyPhysicalBCs: Apply all requested local physical boundary conditions
            CartGrid3D::CartGrid3D_ApplyBC: Apply symmetry boundary conditions
            ReflectionSymmetry::ReflectionSymmetry_Apply: Apply reflection symmetries
          Boundary::Boundary_ClearSelection: [level] Unselect all grid variables for boundary conditions
    [CCTK_POSTSTEP]
      AHFinderDirect::AHFinderDirect_import_mask: [global] [loop-local] import the excision mask
      AHFinderDirect::AHFinderDirect_find_horizons: [global] find apparent horizon(s) after this time step
      AHFinderDirect::AHFinderDirect_store: [global] store apparent horizon(s) into spherical surface(s)
      AHFinderDirect::AHFinderDirect_save: [global] save apparent horizon(s) into Cactus variables
      AHFinderDirect::AHFinderDirect_maybe_do_masks: set mask(s) based on apparent horizon position(s)
      SphericalSurface::SphericalSurface_Set: [global] Set surface radii
      GROUP SphericalSurface_HasBeenSet: Set the spherical surfaces before this group, and use it afterwards
        SphericalSurface::SphericalSurface_CheckState: [global] Test the state of the spherical surfaces
      GROUP zzz_NaNChecker_NaNCheck: Check for NaNs and count them in NaNChecker::NaNsFound
        NaNChecker::NaNChecker_NaNCheck_Prepare: [level] Prepare data structures to check for NaNs
        NaNChecker::NaNChecker_NaNCheck_Check: [local] Check for NaNs
        NaNChecker::NaNChecker_NaNCheck_Finish: [level] Count NaNs in NaNChecker::NaNsFound
      NaNChecker::NaNChecker_TakeAction: [global] [loop-level] Output NaNChecker::NaNmask and take action according to NaNChecker::action_if_found
      PunctureTracker::PunctureTracker_SetPositions: [global] Copy puncture positions to spherical surfaces
      SpaceMask::CheckMask: Ensure that all mask values are legal
      Dissipation::setup_epsdis: Setup spatially varying dissipation
      GROUP MaskBase_SetupMask: Set up the weight function
        GROUP MaskBase_SetupMaskAll: Set up the weight function
          CarpetReduce::MaskBase_AllocateMask: [global] Allocate the weight function
          CarpetReduce::MaskBase_InitMask: [global] [loop-local] Initialise the weight function
          GROUP SetupIMaskInternal: Set up the integer weight function (schedule other routines in here)
            CarpetReduce::CoordBase_SetupMask: [global] [loop-local] Set up the outer boundaries of the weight function
            CarpetReduce::CarpetMaskSetup: [global] [loop-singlemap] Set up the weight function for the restriction regions
          GROUP SetupIMask: Set up the integer weight function (schedule other routines in here)
            CarpetMask::CarpetExcludedSetup: [global] [loop-local] Set up the weight function for the excluded regions
            CarpetMask::CarpetSurfaceSetup: [global] [loop-local] Set up the weight function for the excluded spherical surfaces
          CarpetReduce::MaskBase_SetMask: [global] [loop-local] Set the weight function
          GROUP SetupMask: Set up the real weight function (schedule other routines in here)
          CarpetReduce::MaskBase_TestMask: [global] Test the weight function
    if (checkpoint)
      [CCTK_CHECKPOINT]
      CarpetIOHDF5::CarpetIOHDF5_EvolutionCheckpoint: [meta] Evolution checkpoint routine
      TimerReport::zzz_TimerReport_Checkpoint: [global] Print the timer report
    endif
    if (analysis)
      [CCTK_ANALYSIS]
      CarpetLib::CarpetLib_printtimestats: [global] Print timing statistics if desired
      CarpetLib::CarpetLib_printmemstats: [global] Print memory statistics if desired
      GROUP EMG_constraints: Group to compute constraints
        EMGEvolve::EMG_constraints: Compute constraints
        EMGEvolve::EMG_constraints_boundaries: [level] Enforce symmetry BCs in constraint computation
        GROUP EMG_constraints_ApplyBCs: Apply boundary conditions
          GROUP BoundaryConditions: Execute all boundary conditions
            Boundary::Boundary_ApplyPhysicalBCs: Apply all requested local physical boundary conditions
            CartGrid3D::CartGrid3D_ApplyBC: Apply symmetry boundary conditions
            ReflectionSymmetry::ReflectionSymmetry_Apply: Apply reflection symmetries
          Boundary::Boundary_ClearSelection: [level] Unselect all grid variables for boundary conditions
      GROUP LeanBSSN_constraints: Compute constraints
        LeanBSSNMoL::LeanBSSN_bssn_constraints: Compute constraints
        LeanBSSNMoL::LeanBSSN_Constraints_Boundaries: [level] Enforce symmetry BCs in constraint computation
        GROUP LeanBSSN_Constraints_ApplyBCs: Apply boundary conditions
          GROUP BoundaryConditions: Execute all boundary conditions
            Boundary::Boundary_ApplyPhysicalBCs: Apply all requested local physical boundary conditions
            CartGrid3D::CartGrid3D_ApplyBC: Apply symmetry boundary conditions
            ReflectionSymmetry::ReflectionSymmetry_Apply: Apply reflection symmetries
          Boundary::Boundary_ClearSelection: [level] Unselect all grid variables for boundary conditions
      LoopControl::LC_statistics_analysis: [meta] Output LoopControl statistics
      Multipole::Multipole_Calc: [global] Calculate Multipoles
      GROUP CalcNPEMGScalars: Calculate NPScalars
        NPScalars_EMG::NPEMG_calcPsiGF: [local] calculate grid functions
        GROUP CalcNPEMGScalars_BC: Boundary conditions
          NPScalars_EMG::NPEMG_Boundaries: [level] Symmetry boundary conditions
          GROUP ApplyBCs_NPEMG: Apply boundary conditions
            GROUP BoundaryConditions: Execute all boundary conditions
              Boundary::Boundary_ApplyPhysicalBCs: Apply all requested local physical boundary conditions
              CartGrid3D::CartGrid3D_ApplyBC: Apply symmetry boundary conditions
              ReflectionSymmetry::ReflectionSymmetry_Apply: Apply reflection symmetries
            Boundary::Boundary_ClearSelection: [level] Unselect all grid variables for boundary conditions
      QuasiLocalMeasures::qlm_calculate: [global] Calculate quasi-local quantities
      SystemStatistics::SystemStatistics_Collect: [global] Collect system statistics
      TerminationTrigger::TerminationTrigger_CheckWalltime: Check elapsed job walltime
      TerminationTrigger::TerminationTrigger_CheckSignal: Check if we received a termination signal
      TerminationTrigger::TerminationTrigger_CheckFile: Check termination file
      TimerReport::zzz_TimerReport_Output: [global] Print the timer report
    endif
    Output grid variables
    enddo

  Termination routines
    [CCTK_TERMINATE]
      CarpetIOHDF5::CarpetIOHDF5_TerminationCheckpoint: [meta] Termination checkpoint routine
      LoopControl::LC_statistics_terminate: [meta] Output LoopControl statistics
      MoL::MoL_FreeIndexArrays: Free the MoL bookkeeping index arrays
      TimerReport::zzz_TimerReport_Output: [global] Print the timer report

  Shutdown routines
    [CCTK_SHUTDOWN]
      Timers::Timer_Shutdown: Prepare hierarchical timers

  Routines run after changing the grid hierarchy:
    [CCTK_POSTREGRID]
      SpaceMask::MaskZero: Initialise mask to zero
      CartGrid3D::SpatialCoordinates: Set Coordinates after regridding
      GROUP MaskBase_SetupMask: Set up the weight function
        GROUP MaskBase_SetupMaskAll: Set up the weight function
          CarpetReduce::MaskBase_AllocateMask: [global] Allocate the weight function
          CarpetReduce::MaskBase_InitMask: [global] [loop-local] Initialise the weight function
          GROUP SetupIMaskInternal: Set up the integer weight function (schedule other routines in here)
            CarpetReduce::CoordBase_SetupMask: [global] [loop-local] Set up the outer boundaries of the weight function
            CarpetReduce::CarpetMaskSetup: [global] [loop-singlemap] Set up the weight function for the restriction regions
          GROUP SetupIMask: Set up the integer weight function (schedule other routines in here)
            CarpetMask::CarpetExcludedSetup: [global] [loop-local] Set up the weight function for the excluded regions
            CarpetMask::CarpetSurfaceSetup: [global] [loop-local] Set up the weight function for the excluded spherical surfaces
          CarpetReduce::MaskBase_SetMask: [global] [loop-local] Set the weight function
          GROUP SetupMask: Set up the real weight function (schedule other routines in here)
          CarpetReduce::MaskBase_TestMask: [global] Test the weight function
      Dissipation::setup_epsdis: Setup spatially varying dissipation
      GROUP MoL_PostStep: Ensure that everything is correct after regridding
        LeanBSSNMoL::LeanBSSN_remove_trA: Remove trace of A
        EMGEvolve::EMG_Boundaries: [level] MoL boundary enforcement for EMG variables
        GROUP EMG_ApplyBCs: Apply boundary conditions
          GROUP BoundaryConditions: Execute all boundary conditions
            Boundary::Boundary_ApplyPhysicalBCs: Apply all requested local physical boundary conditions
            CartGrid3D::CartGrid3D_ApplyBC: Apply symmetry boundary conditions
            ReflectionSymmetry::ReflectionSymmetry_Apply: Apply reflection symmetries
          Boundary::Boundary_ClearSelection: [level] Unselect all grid variables for boundary conditions
        LeanBSSNMoL::LeanBSSN_impose_conf_fac_floor: Make sure conformal factor does not drop below specified value
        LeanBSSNMoL::LeanBSSN_Boundaries: [level] MoL boundary enforcement
        GROUP LeanBSSN_ApplyBCs: Apply boundary conditions
          GROUP BoundaryConditions: Execute all boundary conditions
            Boundary::Boundary_ApplyPhysicalBCs: Apply all requested local physical boundary conditions
            CartGrid3D::CartGrid3D_ApplyBC: Apply symmetry boundary conditions
            ReflectionSymmetry::ReflectionSymmetry_Apply: Apply reflection symmetries
          Boundary::Boundary_ClearSelection: [level] Unselect all grid variables for boundary conditions
        LeanBSSNMoL::LeanBSSN_bssn2adm: [local] Convert variables back to the ADM ones
        GROUP ADMBase_SetADMVars: Set the ADM variables before this group, and use them afterwards
        GROUP SetTmunu: Group for calculating the stress-energy tensor
          TmunuBase::TmunuBase_ZeroTmunu: Initialise the stress-energy tensor to zero
          GROUP AddToTmunu: Add to the stress-energy tensor here
            EMGEvolve::EMG_AddToTmunu: Compute the energy-momentum tensor
      GROUP MoL_PseudoEvolutionBoundaries: Apply boundary conditions to pseudo-evolved quantities
      GROUP CalcNPScalars_BC: Boundary conditions
        NPScalars::NPboundaries: [level] Symmetry boundary conditions
        GROUP ApplyBCs_NP: Apply boundary conditions
          GROUP BoundaryConditions: Execute all boundary conditions
            Boundary::Boundary_ApplyPhysicalBCs: Apply all requested local physical boundary conditions
            CartGrid3D::CartGrid3D_ApplyBC: Apply symmetry boundary conditions
            ReflectionSymmetry::ReflectionSymmetry_Apply: Apply reflection symmetries
          Boundary::Boundary_ClearSelection: [level] Unselect all grid variables for boundary conditions
      GROUP CalcNPEMGScalars_BC: Boundary conditions
        NPScalars_EMG::NPEMG_Boundaries: [level] Symmetry boundary conditions
        GROUP ApplyBCs_NPEMG: Apply boundary conditions
          GROUP BoundaryConditions: Execute all boundary conditions
            Boundary::Boundary_ApplyPhysicalBCs: Apply all requested local physical boundary conditions
            CartGrid3D::CartGrid3D_ApplyBC: Apply symmetry boundary conditions
            ReflectionSymmetry::ReflectionSymmetry_Apply: Apply reflection symmetries
          Boundary::Boundary_ClearSelection: [level] Unselect all grid variables for boundary conditions
      SpaceMask::MaskOne: Set mask to one
      AHFinderDirect::AHFinderDirect_maybe_do_masks: set mask(s) based on apparent horizon position(s)
--------------------------------------------------------------------------------
INFO (Carpet): Multi-Model listing:
   model 0: "world"
INFO (Carpet): Multi-Model process distribution:
   processes 0-111: model 0 "world"
INFO (Carpet): Multi-Model: This is process 0, model 0 "world"
INFO (CarpetLib): Process startup time was 20.2 seconds
Current core file size limit: hard=[unlimited], soft=0 MB
Current addres space size limit: hard=[unlimited], soft=[unlimited]
Current data segment size limit: hard=[unlimited], soft=[unlimited]
Current resident set size limit: hard=224000 MB, soft=224000 MB
INFO (CycleClock): Measuring CycleClock tick via OpenMP...
INFO (CycleClock): Calibrated CycleClock: 0.499926 ns per clock tick (2.0003 GHz)
INFO (Vectors): Using vector size 1 for architecture scalar (no vectorisation, 64-bit precision)
INFO (hwloc): library version 2.10.0rc3-git, API version 0x20800
--------------------------------------------------------------------------------
AMR driver provided by Carpet
--------------------------------------------------------------------------------
AMR scalar I/O provided by CarpetIOScalar
--------------------------------------------------------------------------------
AMR 0D ASCII I/O provided by CarpetIOASCII
--------------------------------------------------------------------------------
AMR 1D ASCII I/O provided by CarpetIOASCII
--------------------------------------------------------------------------------
AMR 2D ASCII I/O provided by CarpetIOASCII
--------------------------------------------------------------------------------
AMR 3D ASCII I/O provided by CarpetIOASCII
--------------------------------------------------------------------------------
AMR info I/O provided by CarpetIOBasic
--------------------------------------------------------------------------------
MoL: Generalized time integration.
--------------------------------------------------------------------------------
AMR HDF5 I/O provided by CarpetIOHDF5
--------------------------------------------------------------------------------
AMR 0D HDF5 I/O provided by CarpetIOHDF5
--------------------------------------------------------------------------------
AMR 1D HDF5 I/O provided by CarpetIOHDF5
--------------------------------------------------------------------------------
AMR 2D HDF5 I/O provided by CarpetIOHDF5
--------------------------------------------------------------------------------
AMR 3D HDF5 I/O provided by CarpetIOHDF5
--------------------------------------------------------------------------------

INFO (Carpet): MPI is enabled
INFO (Carpet): Carpet is running on 112 processes
INFO (Carpet): This is process 0
INFO (Carpet): OpenMP is enabled
INFO (Carpet): This process contains 1 threads, this is thread 0
INFO (Carpet): There are 112 threads in total
INFO (Carpet): There are 1 threads per process
INFO (Carpet): This process runs on host gs30r1b51, pid=42975
INFO (Carpet): This process runs on 224 cores: 0-223
INFO (Carpet): Thread 0 runs on 224 cores: 0-223
INFO (Carpet): This simulation is running in 3 dimensions
INFO (Carpet): Boundary specification for map 0:
   nboundaryzones: [[3,3,3],[3,3,3]]
   is_internal   : [[0,0,0],[0,0,0]]
   is_staggered  : [[0,0,0],[0,0,0]]
   shiftout      : [[0,0,0],[0,0,0]]
INFO (Carpet): CoordBase domain specification for map 0:
   physical extent: [-512,-512,-512] : [512,512,512]   ([1024,1024,1024])
   interior extent: [-504,-504,-504] : [504,504,504]   ([1008,1008,1008])
   exterior extent: [-528,-528,-528] : [528,528,528]   ([1056,1056,1056])
   base_spacing   : [8,8,8]
INFO (Carpet): Adapted domain specification for map 0:
   convergence factor: 2
   convergence level : 0
   physical extent   : [-512,-512,-512] : [512,512,512]   ([1024,1024,1024])
   interior extent   : [-504,-504,-504] : [504,504,504]   ([1008,1008,1008])
   exterior extent   : [-528,-528,-528] : [528,528,528]   ([1056,1056,1056])
   spacing           : [8,8,8]
INFO (Carpet): Base grid specification for map 0:
   number of grid points             : [133,133,133]
   number of coarse grid ghost points: [[3,3,3],[3,3,3]]
INFO (Carpet): Buffer zone counts (excluding ghosts):
   [0]: [[0,0,0],[0,0,0]]
   [1]: [[9,9,9],[9,9,9]]
   [2]: [[9,9,9],[9,9,9]]
   [3]: [[9,9,9],[9,9,9]]
   [4]: [[9,9,9],[9,9,9]]
   [5]: [[9,9,9],[9,9,9]]
   [6]: [[9,9,9],[9,9,9]]
   [7]: [[9,9,9],[9,9,9]]
   [8]: [[9,9,9],[9,9,9]]
INFO (Carpet): Overlap zone counts:
   [0]: [[0,0,0],[0,0,0]]
   [1]: [[0,0,0],[0,0,0]]
   [2]: [[0,0,0],[0,0,0]]
   [3]: [[0,0,0],[0,0,0]]
   [4]: [[0,0,0],[0,0,0]]
   [5]: [[0,0,0],[0,0,0]]
   [6]: [[0,0,0],[0,0,0]]
   [7]: [[0,0,0],[0,0,0]]
   [8]: [[0,0,0],[0,0,0]]
INFO (Carpet): Group and variable statistics:
INFO (Carpet):    There are 716 grid functions in 69 groups
INFO (Carpet):    There are 1158 grid scalars in 73 groups
INFO (Carpet):    There are 111 1-dimensional grid arrays in 10 groups
INFO (Carpet):    There are 416 2-dimensional grid arrays in 18 groups
INFO (Carpet):    There are 6 3-dimensional grid arrays in 1 groups
INFO (Carpet):    (The number of variables counts all time levels)
INFO (CarpetIOScalar): Periodic scalar output requested for:
   EMGEVOLVE::Ec
   EMGEVOLVE::Bc
   LEANBSSNMOL::hc
   LEANBSSNMOL::mcx
   LEANBSSNMOL::mcy
   LEANBSSNMOL::mcz
INFO (CarpetIOASCII): I/O Method 'IOASCII_0D' registered: 0D AMR output of grid variables to ASCII files
INFO (CarpetIOASCII): Periodic 0D AMR output requested for:
   CARPET::physical_time_per_hour
   CARPET::current_physical_time_per_hour
   CARPET::time_total
   CARPET::time_evolution
   CARPET::time_computing
   CARPET::time_communicating
   CARPET::time_io
   CARPET::evolution_steps_count
   CARPET::local_grid_points_per_second
   CARPET::total_grid_points_per_second
   CARPET::local_grid_point_updates_count
   CARPET::total_grid_point_updates_count
   CARPET::local_interior_points_per_second
   CARPET::total_interior_points_per_second
   CARPET::local_interior_point_updates_count
   CARPET::total_interior_point_updates_count
   CARPET::io_per_second
   CARPET::io_bytes_per_second
   CARPET::io_bytes_ascii_per_second
   CARPET::io_bytes_binary_per_second
   CARPET::io_count
   CARPET::io_bytes_count
   CARPET::io_bytes_ascii_count
   CARPET::io_bytes_binary_count
   CARPET::comm_per_second
   CARPET::comm_bytes_per_second
   CARPET::comm_count
   CARPET::comm_bytes_count
   CARPET::time_levels
   CARPET::current_walltime
   CARPET::syncs_count
   PUNCTURETRACKER::pt_loc_t[0]
   PUNCTURETRACKER::pt_loc_t[1]
   PUNCTURETRACKER::pt_loc_t[2]
   PUNCTURETRACKER::pt_loc_t[3]
   PUNCTURETRACKER::pt_loc_t[4]
   PUNCTURETRACKER::pt_loc_t[5]
   PUNCTURETRACKER::pt_loc_t[6]
   PUNCTURETRACKER::pt_loc_t[7]
   PUNCTURETRACKER::pt_loc_t[8]
   PUNCTURETRACKER::pt_loc_t[9]
   PUNCTURETRACKER::pt_loc_x[0]
   PUNCTURETRACKER::pt_loc_x[1]
   PUNCTURETRACKER::pt_loc_x[2]
   PUNCTURETRACKER::pt_loc_x[3]
   PUNCTURETRACKER::pt_loc_x[4]
   PUNCTURETRACKER::pt_loc_x[5]
   PUNCTURETRACKER::pt_loc_x[6]
   PUNCTURETRACKER::pt_loc_x[7]
   PUNCTURETRACKER::pt_loc_x[8]
   PUNCTURETRACKER::pt_loc_x[9]
   PUNCTURETRACKER::pt_loc_y[0]
   PUNCTURETRACKER::pt_loc_y[1]
   PUNCTURETRACKER::pt_loc_y[2]
   PUNCTURETRACKER::pt_loc_y[3]
   PUNCTURETRACKER::pt_loc_y[4]
   PUNCTURETRACKER::pt_loc_y[5]
   PUNCTURETRACKER::pt_loc_y[6]
   PUNCTURETRACKER::pt_loc_y[7]
   PUNCTURETRACKER::pt_loc_y[8]
   PUNCTURETRACKER::pt_loc_y[9]
   PUNCTURETRACKER::pt_loc_z[0]
   PUNCTURETRACKER::pt_loc_z[1]
   PUNCTURETRACKER::pt_loc_z[2]
   PUNCTURETRACKER::pt_loc_z[3]
   PUNCTURETRACKER::pt_loc_z[4]
   PUNCTURETRACKER::pt_loc_z[5]
   PUNCTURETRACKER::pt_loc_z[6]
   PUNCTURETRACKER::pt_loc_z[7]
   PUNCTURETRACKER::pt_loc_z[8]
   PUNCTURETRACKER::pt_loc_z[9]
   QUASILOCALMEASURES::qlm_time[0]
   QUASILOCALMEASURES::qlm_time[1]
   QUASILOCALMEASURES::qlm_time[2]
   QUASILOCALMEASURES::qlm_time[3]
   QUASILOCALMEASURES::qlm_time[4]
   QUASILOCALMEASURES::qlm_time[5]
   QUASILOCALMEASURES::qlm_equatorial_circumference[0]
   QUASILOCALMEASURES::qlm_equatorial_circumference[1]
   QUASILOCALMEASURES::qlm_equatorial_circumference[2]
   QUASILOCALMEASURES::qlm_equatorial_circumference[3]
   QUASILOCALMEASURES::qlm_equatorial_circumference[4]
   QUASILOCALMEASURES::qlm_equatorial_circumference[5]
   QUASILOCALMEASURES::qlm_polar_circumference_0[0]
   QUASILOCALMEASURES::qlm_polar_circumference_0[1]
   QUASILOCALMEASURES::qlm_polar_circumference_0[2]
   QUASILOCALMEASURES::qlm_polar_circumference_0[3]
   QUASILOCALMEASURES::qlm_polar_circumference_0[4]
   QUASILOCALMEASURES::qlm_polar_circumference_0[5]
   QUASILOCALMEASURES::qlm_polar_circumference_pi_2[0]
   QUASILOCALMEASURES::qlm_polar_circumference_pi_2[1]
   QUASILOCALMEASURES::qlm_polar_circumference_pi_2[2]
   QUASILOCALMEASURES::qlm_polar_circumference_pi_2[3]
   QUASILOCALMEASURES::qlm_polar_circumference_pi_2[4]
   QUASILOCALMEASURES::qlm_polar_circumference_pi_2[5]
   QUASILOCALMEASURES::qlm_area[0]
   QUASILOCALMEASURES::qlm_area[1]
   QUASILOCALMEASURES::qlm_area[2]
   QUASILOCALMEASURES::qlm_area[3]
   QUASILOCALMEASURES::qlm_area[4]
   QUASILOCALMEASURES::qlm_area[5]
   QUASILOCALMEASURES::qlm_irreducible_mass[0]
   QUASILOCALMEASURES::qlm_irreducible_mass[1]
   QUASILOCALMEASURES::qlm_irreducible_mass[2]
   QUASILOCALMEASURES::qlm_irreducible_mass[3]
   QUASILOCALMEASURES::qlm_irreducible_mass[4]
   QUASILOCALMEASURES::qlm_irreducible_mass[5]
   QUASILOCALMEASURES::qlm_radius[0]
   QUASILOCALMEASURES::qlm_radius[1]
   QUASILOCALMEASURES::qlm_radius[2]
   QUASILOCALMEASURES::qlm_radius[3]
   QUASILOCALMEASURES::qlm_radius[4]
   QUASILOCALMEASURES::qlm_radius[5]
   QUASILOCALMEASURES::qlm_spin_guess[0]
   QUASILOCALMEASURES::qlm_spin_guess[1]
   QUASILOCALMEASURES::qlm_spin_guess[2]
   QUASILOCALMEASURES::qlm_spin_guess[3]
   QUASILOCALMEASURES::qlm_spin_guess[4]
   QUASILOCALMEASURES::qlm_spin_guess[5]
   QUASILOCALMEASURES::qlm_mass_guess[0]
   QUASILOCALMEASURES::qlm_mass_guess[1]
   QUASILOCALMEASURES::qlm_mass_guess[2]
   QUASILOCALMEASURES::qlm_mass_guess[3]
   QUASILOCALMEASURES::qlm_mass_guess[4]
   QUASILOCALMEASURES::qlm_mass_guess[5]
   QUASILOCALMEASURES::qlm_killing_eigenvalue_re[0]
   QUASILOCALMEASURES::qlm_killing_eigenvalue_re[1]
   QUASILOCALMEASURES::qlm_killing_eigenvalue_re[2]
   QUASILOCALMEASURES::qlm_killing_eigenvalue_re[3]
   QUASILOCALMEASURES::qlm_killing_eigenvalue_re[4]
   QUASILOCALMEASURES::qlm_killing_eigenvalue_re[5]
   QUASILOCALMEASURES::qlm_killing_eigenvalue_im[0]
   QUASILOCALMEASURES::qlm_killing_eigenvalue_im[1]
   QUASILOCALMEASURES::qlm_killing_eigenvalue_im[2]
   QUASILOCALMEASURES::qlm_killing_eigenvalue_im[3]
   QUASILOCALMEASURES::qlm_killing_eigenvalue_im[4]
   QUASILOCALMEASURES::qlm_killing_eigenvalue_im[5]
   QUASILOCALMEASURES::qlm_spin[0]
   QUASILOCALMEASURES::qlm_spin[1]
   QUASILOCALMEASURES::qlm_spin[2]
   QUASILOCALMEASURES::qlm_spin[3]
   QUASILOCALMEASURES::qlm_spin[4]
   QUASILOCALMEASURES::qlm_spin[5]
   QUASILOCALMEASURES::qlm_npspin[0]
   QUASILOCALMEASURES::qlm_npspin[1]
   QUASILOCALMEASURES::qlm_npspin[2]
   QUASILOCALMEASURES::qlm_npspin[3]
   QUASILOCALMEASURES::qlm_npspin[4]
   QUASILOCALMEASURES::qlm_npspin[5]
   QUASILOCALMEASURES::qlm_wsspin[0]
   QUASILOCALMEASURES::qlm_wsspin[1]
   QUASILOCALMEASURES::qlm_wsspin[2]
   QUASILOCALMEASURES::qlm_wsspin[3]
   QUASILOCALMEASURES::qlm_wsspin[4]
   QUASILOCALMEASURES::qlm_wsspin[5]
   QUASILOCALMEASURES::qlm_cvspin[0]
   QUASILOCALMEASURES::qlm_cvspin[1]
   QUASILOCALMEASURES::qlm_cvspin[2]
   QUASILOCALMEASURES::qlm_cvspin[3]
   QUASILOCALMEASURES::qlm_cvspin[4]
   QUASILOCALMEASURES::qlm_cvspin[5]
   QUASILOCALMEASURES::qlm_coordspinx[0]
   QUASILOCALMEASURES::qlm_coordspinx[1]
   QUASILOCALMEASURES::qlm_coordspinx[2]
   QUASILOCALMEASURES::qlm_coordspinx[3]
   QUASILOCALMEASURES::qlm_coordspinx[4]
   QUASILOCALMEASURES::qlm_coordspinx[5]
   QUASILOCALMEASURES::qlm_coordspiny[0]
   QUASILOCALMEASURES::qlm_coordspiny[1]
   QUASILOCALMEASURES::qlm_coordspiny[2]
   QUASILOCALMEASURES::qlm_coordspiny[3]
   QUASILOCALMEASURES::qlm_coordspiny[4]
   QUASILOCALMEASURES::qlm_coordspiny[5]
   QUASILOCALMEASURES::qlm_coordspinz[0]
   QUASILOCALMEASURES::qlm_coordspinz[1]
   QUASILOCALMEASURES::qlm_coordspinz[2]
   QUASILOCALMEASURES::qlm_coordspinz[3]
   QUASILOCALMEASURES::qlm_coordspinz[4]
   QUASILOCALMEASURES::qlm_coordspinz[5]
   QUASILOCALMEASURES::qlm_mass[0]
   QUASILOCALMEASURES::qlm_mass[1]
   QUASILOCALMEASURES::qlm_mass[2]
   QUASILOCALMEASURES::qlm_mass[3]
   QUASILOCALMEASURES::qlm_mass[4]
   QUASILOCALMEASURES::qlm_mass[5]
   QUASILOCALMEASURES::qlm_adm_energy[0]
   QUASILOCALMEASURES::qlm_adm_energy[1]
   QUASILOCALMEASURES::qlm_adm_energy[2]
   QUASILOCALMEASURES::qlm_adm_energy[3]
   QUASILOCALMEASURES::qlm_adm_energy[4]
   QUASILOCALMEASURES::qlm_adm_energy[5]
   QUASILOCALMEASURES::qlm_adm_momentum_x[0]
   QUASILOCALMEASURES::qlm_adm_momentum_x[1]
   QUASILOCALMEASURES::qlm_adm_momentum_x[2]
   QUASILOCALMEASURES::qlm_adm_momentum_x[3]
   QUASILOCALMEASURES::qlm_adm_momentum_x[4]
   QUASILOCALMEASURES::qlm_adm_momentum_x[5]
   QUASILOCALMEASURES::qlm_adm_momentum_y[0]
   QUASILOCALMEASURES::qlm_adm_momentum_y[1]
   QUASILOCALMEASURES::qlm_adm_momentum_y[2]
   QUASILOCALMEASURES::qlm_adm_momentum_y[3]
   QUASILOCALMEASURES::qlm_adm_momentum_y[4]
   QUASILOCALMEASURES::qlm_adm_momentum_y[5]
   QUASILOCALMEASURES::qlm_adm_momentum_z[0]
   QUASILOCALMEASURES::qlm_adm_momentum_z[1]
   QUASILOCALMEASURES::qlm_adm_momentum_z[2]
   QUASILOCALMEASURES::qlm_adm_momentum_z[3]
   QUASILOCALMEASURES::qlm_adm_momentum_z[4]
   QUASILOCALMEASURES::qlm_adm_momentum_z[5]
   QUASILOCALMEASURES::qlm_adm_angular_momentum_x[0]
   QUASILOCALMEASURES::qlm_adm_angular_momentum_x[1]
   QUASILOCALMEASURES::qlm_adm_angular_momentum_x[2]
   QUASILOCALMEASURES::qlm_adm_angular_momentum_x[3]
   QUASILOCALMEASURES::qlm_adm_angular_momentum_x[4]
   QUASILOCALMEASURES::qlm_adm_angular_momentum_x[5]
   QUASILOCALMEASURES::qlm_adm_angular_momentum_y[0]
   QUASILOCALMEASURES::qlm_adm_angular_momentum_y[1]
   QUASILOCALMEASURES::qlm_adm_angular_momentum_y[2]
   QUASILOCALMEASURES::qlm_adm_angular_momentum_y[3]
   QUASILOCALMEASURES::qlm_adm_angular_momentum_y[4]
   QUASILOCALMEASURES::qlm_adm_angular_momentum_y[5]
   QUASILOCALMEASURES::qlm_adm_angular_momentum_z[0]
   QUASILOCALMEASURES::qlm_adm_angular_momentum_z[1]
   QUASILOCALMEASURES::qlm_adm_angular_momentum_z[2]
   QUASILOCALMEASURES::qlm_adm_angular_momentum_z[3]
   QUASILOCALMEASURES::qlm_adm_angular_momentum_z[4]
   QUASILOCALMEASURES::qlm_adm_angular_momentum_z[5]
   QUASILOCALMEASURES::qlm_w_energy[0]
   QUASILOCALMEASURES::qlm_w_energy[1]
   QUASILOCALMEASURES::qlm_w_energy[2]
   QUASILOCALMEASURES::qlm_w_energy[3]
   QUASILOCALMEASURES::qlm_w_energy[4]
   QUASILOCALMEASURES::qlm_w_energy[5]
   QUASILOCALMEASURES::qlm_w_momentum_x[0]
   QUASILOCALMEASURES::qlm_w_momentum_x[1]
   QUASILOCALMEASURES::qlm_w_momentum_x[2]
   QUASILOCALMEASURES::qlm_w_momentum_x[3]
   QUASILOCALMEASURES::qlm_w_momentum_x[4]
   QUASILOCALMEASURES::qlm_w_momentum_x[5]
   QUASILOCALMEASURES::qlm_w_momentum_y[0]
   QUASILOCALMEASURES::qlm_w_momentum_y[1]
   QUASILOCALMEASURES::qlm_w_momentum_y[2]
   QUASILOCALMEASURES::qlm_w_momentum_y[3]
   QUASILOCALMEASURES::qlm_w_momentum_y[4]
   QUASILOCALMEASURES::qlm_w_momentum_y[5]
   QUASILOCALMEASURES::qlm_w_momentum_z[0]
   QUASILOCALMEASURES::qlm_w_momentum_z[1]
   QUASILOCALMEASURES::qlm_w_momentum_z[2]
   QUASILOCALMEASURES::qlm_w_momentum_z[3]
   QUASILOCALMEASURES::qlm_w_momentum_z[4]
   QUASILOCALMEASURES::qlm_w_momentum_z[5]
   QUASILOCALMEASURES::qlm_w_angular_momentum_x[0]
   QUASILOCALMEASURES::qlm_w_angular_momentum_x[1]
   QUASILOCALMEASURES::qlm_w_angular_momentum_x[2]
   QUASILOCALMEASURES::qlm_w_angular_momentum_x[3]
   QUASILOCALMEASURES::qlm_w_angular_momentum_x[4]
   QUASILOCALMEASURES::qlm_w_angular_momentum_x[5]
   QUASILOCALMEASURES::qlm_w_angular_momentum_y[0]
   QUASILOCALMEASURES::qlm_w_angular_momentum_y[1]
   QUASILOCALMEASURES::qlm_w_angular_momentum_y[2]
   QUASILOCALMEASURES::qlm_w_angular_momentum_y[3]
   QUASILOCALMEASURES::qlm_w_angular_momentum_y[4]
   QUASILOCALMEASURES::qlm_w_angular_momentum_y[5]
   QUASILOCALMEASURES::qlm_w_angular_momentum_z[0]
   QUASILOCALMEASURES::qlm_w_angular_momentum_z[1]
   QUASILOCALMEASURES::qlm_w_angular_momentum_z[2]
   QUASILOCALMEASURES::qlm_w_angular_momentum_z[3]
   QUASILOCALMEASURES::qlm_w_angular_momentum_z[4]
   QUASILOCALMEASURES::qlm_w_angular_momentum_z[5]
   SPHERICALSURFACE::sf_area[0]
   SPHERICALSURFACE::sf_area[1]
   SPHERICALSURFACE::sf_area[2]
   SPHERICALSURFACE::sf_area[3]
   SPHERICALSURFACE::sf_area[4]
   SPHERICALSURFACE::sf_area[5]
   SPHERICALSURFACE::sf_mean_radius[0]
   SPHERICALSURFACE::sf_mean_radius[1]
   SPHERICALSURFACE::sf_mean_radius[2]
   SPHERICALSURFACE::sf_mean_radius[3]
   SPHERICALSURFACE::sf_mean_radius[4]
WARNING[L1,P0] (Cactus): Attempt to create a directory with an empty or NULL string
   SPHERICALSURFACE::sf_mean_radius[5]
   SPHERICALSURFACE::sf_centroid_x[0]
   SPHERICALSURFACE::sf_centroid_x[1]
   SPHERICALSURFACE::sf_centroid_x[2]
   SPHERICALSURFACE::sf_centroid_x[3]
   SPHERICALSURFACE::sf_centroid_x[4]
   SPHERICALSURFACE::sf_centroid_x[5]
   SPHERICALSURFACE::sf_centroid_y[0]
   SPHERICALSURFACE::sf_centroid_y[1]
   SPHERICALSURFACE::sf_centroid_y[2]
   SPHERICALSURFACE::sf_centroid_y[3]
   SPHERICALSURFACE::sf_centroid_y[4]
   SPHERICALSURFACE::sf_centroid_y[5]
   SPHERICALSURFACE::sf_centroid_z[0]
   SPHERICALSURFACE::sf_centroid_z[1]
   SPHERICALSURFACE::sf_centroid_z[2]
   SPHERICALSURFACE::sf_centroid_z[3]
   SPHERICALSURFACE::sf_centroid_z[4]
   SPHERICALSURFACE::sf_centroid_z[5]
   SPHERICALSURFACE::sf_quadrupole_xx[0]
   SPHERICALSURFACE::sf_quadrupole_xx[1]
   SPHERICALSURFACE::sf_quadrupole_xx[2]
   SPHERICALSURFACE::sf_quadrupole_xx[3]
   SPHERICALSURFACE::sf_quadrupole_xx[4]
   SPHERICALSURFACE::sf_quadrupole_xx[5]
   SPHERICALSURFACE::sf_quadrupole_xy[0]
   SPHERICALSURFACE::sf_quadrupole_xy[1]
   SPHERICALSURFACE::sf_quadrupole_xy[2]
   SPHERICALSURFACE::sf_quadrupole_xy[3]
   SPHERICALSURFACE::sf_quadrupole_xy[4]
   SPHERICALSURFACE::sf_quadrupole_xy[5]
   SPHERICALSURFACE::sf_quadrupole_xz[0]
   SPHERICALSURFACE::sf_quadrupole_xz[1]
   SPHERICALSURFACE::sf_quadrupole_xz[2]
   SPHERICALSURFACE::sf_quadrupole_xz[3]
   SPHERICALSURFACE::sf_quadrupole_xz[4]
   SPHERICALSURFACE::sf_quadrupole_xz[5]
   SPHERICALSURFACE::sf_quadrupole_yy[0]
   SPHERICALSURFACE::sf_quadrupole_yy[1]
   SPHERICALSURFACE::sf_quadrupole_yy[2]
   SPHERICALSURFACE::sf_quadrupole_yy[3]
   SPHERICALSURFACE::sf_quadrupole_yy[4]
   SPHERICALSURFACE::sf_quadrupole_yy[5]
   SPHERICALSURFACE::sf_quadrupole_yz[0]
   SPHERICALSURFACE::sf_quadrupole_yz[1]
   SPHERICALSURFACE::sf_quadrupole_yz[2]
   SPHERICALSURFACE::sf_quadrupole_yz[3]
   SPHERICALSURFACE::sf_quadrupole_yz[4]
   SPHERICALSURFACE::sf_quadrupole_yz[5]
   SPHERICALSURFACE::sf_quadrupole_zz[0]
   SPHERICALSURFACE::sf_quadrupole_zz[1]
   SPHERICALSURFACE::sf_quadrupole_zz[2]
   SPHERICALSURFACE::sf_quadrupole_zz[3]
   SPHERICALSURFACE::sf_quadrupole_zz[4]
   SPHERICALSURFACE::sf_quadrupole_zz[5]
   SPHERICALSURFACE::sf_min_radius[0]
   SPHERICALSURFACE::sf_min_radius[1]
   SPHERICALSURFACE::sf_min_radius[2]
   SPHERICALSURFACE::sf_min_radius[3]
   SPHERICALSURFACE::sf_min_radius[4]
   SPHERICALSURFACE::sf_min_radius[5]
   SPHERICALSURFACE::sf_max_radius[0]
   SPHERICALSURFACE::sf_max_radius[1]
   SPHERICALSURFACE::sf_max_radius[2]
   SPHERICALSURFACE::sf_max_radius[3]
   SPHERICALSURFACE::sf_max_radius[4]
   SPHERICALSURFACE::sf_max_radius[5]
   SPHERICALSURFACE::sf_min_x[0]
   SPHERICALSURFACE::sf_min_x[1]
   SPHERICALSURFACE::sf_min_x[2]
   SPHERICALSURFACE::sf_min_x[3]
   SPHERICALSURFACE::sf_min_x[4]
   SPHERICALSURFACE::sf_min_x[5]
   SPHERICALSURFACE::sf_min_y[0]
   SPHERICALSURFACE::sf_min_y[1]
   SPHERICALSURFACE::sf_min_y[2]
   SPHERICALSURFACE::sf_min_y[3]
   SPHERICALSURFACE::sf_min_y[4]
   SPHERICALSURFACE::sf_min_y[5]
   SPHERICALSURFACE::sf_min_z[0]
   SPHERICALSURFACE::sf_min_z[1]
   SPHERICALSURFACE::sf_min_z[2]
   SPHERICALSURFACE::sf_min_z[3]
   SPHERICALSURFACE::sf_min_z[4]
   SPHERICALSURFACE::sf_min_z[5]
   SPHERICALSURFACE::sf_max_x[0]
   SPHERICALSURFACE::sf_max_x[1]
   SPHERICALSURFACE::sf_max_x[2]
   SPHERICALSURFACE::sf_max_x[3]
   SPHERICALSURFACE::sf_max_x[4]
   SPHERICALSURFACE::sf_max_x[5]
   SPHERICALSURFACE::sf_max_y[0]
   SPHERICALSURFACE::sf_max_y[1]
   SPHERICALSURFACE::sf_max_y[2]
   SPHERICALSURFACE::sf_max_y[3]
   SPHERICALSURFACE::sf_max_y[4]
   SPHERICALSURFACE::sf_max_y[5]
   SPHERICALSURFACE::sf_max_z[0]
   SPHERICALSURFACE::sf_max_z[1]
   SPHERICALSURFACE::sf_max_z[2]
   SPHERICALSURFACE::sf_max_z[3]
   SPHERICALSURFACE::sf_max_z[4]
   SPHERICALSURFACE::sf_max_z[5]
INFO (CarpetIOASCII): I/O Method 'IOASCII_1D' registered: 1D AMR output of grid variables to ASCII files
INFO (CarpetIOASCII): Periodic 1D AMR output requested for:
   EMGBASE::Ex
   EMGBASE::Ey
   EMGBASE::Ez
   EMGBASE::Bx
   EMGBASE::By
   EMGBASE::Bz
   EMGEVOLVE::Ec
   EMGEVOLVE::Bc
   LEANBSSNMOL::hc
   LEANBSSNMOL::mcx
WARNING[L1,P3] (Cactus): Attempt to create a directory with an empty or NULL string
WARNING[L1,P3] (CarpetIOHDF5): Problem creating HDF5 output directory ''
WARNING[L1,P5] (Cactus): Attempt to create a directory with an empty or NULL string
WARNING[L1,P5] (CarpetIOHDF5): Problem creating HDF5 output directory ''
WARNING[L1,P9] (Cactus): Attempt to create a directory with an empty or NULL string
WARNING[L1,P9] (CarpetIOHDF5): Problem creating HDF5 output directory ''
WARNING[L1,P13] (Cactus): Attempt to create a directory with an empty or NULL string
WARNING[L1,P13] (CarpetIOHDF5): Problem creating HDF5 output directory ''
WARNING[L1,P15] (Cactus): Attempt to create a directory with an empty or NULL string
WARNING[L1,P15] (CarpetIOHDF5): Problem creating HDF5 output directory ''
WARNING[L1,P17] (Cactus): Attempt to create a directory with an empty or NULL string
WARNING[L1,P17] (CarpetIOHDF5): Problem creating HDF5 output directory ''
WARNING[L1,P19] (Cactus): Attempt to create a directory with an empty or NULL string
WARNING[L1,P19] (CarpetIOHDF5): Problem creating HDF5 output directory ''
WARNING[L1,P21] (Cactus): Attempt to create a directory with an empty or NULL string
WARNING[L1,P21] (CarpetIOHDF5): Problem creating HDF5 output directory ''
WARNING[L1,P23] (Cactus): Attempt to create a directory with an empty or NULL string
WARNING[L1,P23] (CarpetIOHDF5): Problem creating HDF5 output directory ''
WARNING[L1,P25] (Cactus): Attempt to create a directory with an empty or NULL string
WARNING[L1,P25] (CarpetIOHDF5): Problem creating HDF5 output directory ''
WARNING[L1,P26] (Cactus): Attempt to create a directory with an empty or NULL string
WARNING[L1,P26] (CarpetIOHDF5): Problem creating HDF5 output directory ''
WARNING[L1,P27] (Cactus): Attempt to create a directory with an empty or NULL string
WARNING[L1,P27] (CarpetIOHDF5): Problem creating HDF5 output directory ''
WARNING[L1,P28] (Cactus): Attempt to create a directory with an empty or NULL string
WARNING[L1,P28] (CarpetIOHDF5): Problem creating HDF5 output directory ''
WARNING[L1,P29] (Cactus): Attempt to create a directory with an empty or NULL string
WARNING[L1,P29] (CarpetIOHDF5): Problem creating HDF5 output directory ''
WARNING[L1,P30] (Cactus): Attempt to create a directory with an empty or NULL string
WARNING[L1,P30] (CarpetIOHDF5): Problem creating HDF5 output directory ''
WARNING[L1,P31] (Cactus): Attempt to create a directory with an empty or NULL string
WARNING[L1,P31] (CarpetIOHDF5): Problem creating HDF5 output directory ''
WARNING[L1,P32] (Cactus): Attempt to create a directory with an empty or NULL string
WARNING[L1,P32] (CarpetIOHDF5): Problem creating HDF5 output directory ''
WARNING[L1,P33] (Cactus): Attempt to create a directory with an empty or NULL string
WARNING[L1,P33] (CarpetIOHDF5): Problem creating HDF5 output directory ''
WARNING[L1,P34] (Cactus): Attempt to create a directory with an empty or NULL string
WARNING[L1,P34] (CarpetIOHDF5): Problem creating HDF5 output directory ''
WARNING[L1,P35] (Cactus): Attempt to create a directory with an empty or NULL string
WARNING[L1,P35] (CarpetIOHDF5): Problem creating HDF5 output directory ''
WARNING[L1,P36] (Cactus): Attempt to create a directory with an empty or NULL string
WARNING[L1,P36] (CarpetIOHDF5): Problem creating HDF5 output directory ''
WARNING[L1,P37] (Cactus): Attempt to create a directory with an empty or NULL string
WARNING[L1,P37] (CarpetIOHDF5): Problem creating HDF5 output directory ''
WARNING[L1,P38] (Cactus): Attempt to create a directory with an empty or NULL string
WARNING[L1,P38] (CarpetIOHDF5): Problem creating HDF5 output directory ''
WARNING[L1,P39] (Cactus): Attempt to create a directory with an empty or NULL string
WARNING[L1,P39] (CarpetIOHDF5): Problem creating HDF5 output directory ''
WARNING[L1,P40] (Cactus): Attempt to create a directory with an empty or NULL string
WARNING[L1,P40] (CarpetIOHDF5): Problem creating HDF5 output directory ''
WARNING[L1,P41] (Cactus): Attempt to create a directory with an empty or NULL string
WARNING[L1,P41] (CarpetIOHDF5): Problem creating HDF5 output directory ''
WARNING[L1,P42] (Cactus): Attempt to create a directory with an empty or NULL string
WARNING[L1,P42] (CarpetIOHDF5): Problem creating HDF5 output directory ''
WARNING[L1,P43] (Cactus): Attempt to create a directory with an empty or NULL string
WARNING[L1,P43] (CarpetIOHDF5): Problem creating HDF5 output directory ''
WARNING[L1,P44] (Cactus): Attempt to create a directory with an empty or NULL string
WARNING[L1,P44] (CarpetIOHDF5): Problem creating HDF5 output directory ''
WARNING[L1,P45] (Cactus): Attempt to create a directory with an empty or NULL string
WARNING[L1,P45] (CarpetIOHDF5): Problem creating HDF5 output directory ''
WARNING[L1,P46] (Cactus): Attempt to create a directory with an empty or NULL string
WARNING[L1,P46] (CarpetIOHDF5): Problem creating HDF5 output directory ''
WARNING[L1,P47] (Cactus): Attempt to create a directory with an empty or NULL string
WARNING[L1,P47] (CarpetIOHDF5): Problem creating HDF5 output directory ''
WARNING[L1,P48] (Cactus): Attempt to create a directory with an empty or NULL string
WARNING[L1,P48] (CarpetIOHDF5): Problem creating HDF5 output directory ''
WARNING[L1,P49] (Cactus): Attempt to create a directory with an empty or NULL string
WARNING[L1,P49] (CarpetIOHDF5): Problem creating HDF5 output directory ''
WARNING[L1,P50] (Cactus): Attempt to create a directory with an empty or NULL string
WARNING[L1,P50] (CarpetIOHDF5): Problem creating HDF5 output directory ''
WARNING[L1,P51] (Cactus): Attempt to create a directory with an empty or NULL string
WARNING[L1,P51] (CarpetIOHDF5): Problem creating HDF5 output directory ''
WARNING[L1,P52] (Cactus): Attempt to create a directory with an empty or NULL string
WARNING[L1,P52] (CarpetIOHDF5): Problem creating HDF5 output directory ''
WARNING[L1,P53] (Cactus): Attempt to create a directory with an empty or NULL string
WARNING[L1,P53] (CarpetIOHDF5): Problem creating HDF5 output directory ''
WARNING[L1,P54] (Cactus): Attempt to create a directory with an empty or NULL string
WARNING[L1,P54] (CarpetIOHDF5): Problem creating HDF5 output directory ''
WARNING[L1,P55] (Cactus): Attempt to create a directory with an empty or NULL string
WARNING[L1,P55] (CarpetIOHDF5): Problem creating HDF5 output directory ''
WARNING[L1,P57] (Cactus): Attempt to create a directory with an empty or NULL string
WARNING[L1,P57] (CarpetIOHDF5): Problem creating HDF5 output directory ''
WARNING[L1,P58] (Cactus): Attempt to create a directory with an empty or NULL string
WARNING[L1,P58] (CarpetIOHDF5): Problem creating HDF5 output directory ''
WARNING[L1,P59] (Cactus): Attempt to create a directory with an empty or NULL string
WARNING[L1,P59] (CarpetIOHDF5): Problem creating HDF5 output directory ''
WARNING[L1,P60] (Cactus): Attempt to create a directory with an empty or NULL string
WARNING[L1,P60] (CarpetIOHDF5): Problem creating HDF5 output directory ''
WARNING[L1,P61] (Cactus): Attempt to create a directory with an empty or NULL string
WARNING[L1,P61] (CarpetIOHDF5): Problem creating HDF5 output directory ''
WARNING[L1,P62] (Cactus): Attempt to create a directory with an empty or NULL string
WARNING[L1,P62] (CarpetIOHDF5): Problem creating HDF5 output directory ''
WARNING[L1,P63] (Cactus): Attempt to create a directory with an empty or NULL string
WARNING[L1,P63] (CarpetIOHDF5): Problem creating HDF5 output directory ''
WARNING[L1,P64] (Cactus): Attempt to create a directory with an empty or NULL string
WARNING[L1,P64] (CarpetIOHDF5): Problem creating HDF5 output directory ''
WARNING[L1,P65] (Cactus): Attempt to create a directory with an empty or NULL string
WARNING[L1,P65] (CarpetIOHDF5): Problem creating HDF5 output directory ''
WARNING[L1,P66] (Cactus): Attempt to create a directory with an empty or NULL string
WARNING[L1,P66] (CarpetIOHDF5): Problem creating HDF5 output directory ''
WARNING[L1,P67] (Cactus): Attempt to create a directory with an empty or NULL string
WARNING[L1,P67] (CarpetIOHDF5): Problem creating HDF5 output directory ''
WARNING[L1,P68] (Cactus): Attempt to create a directory with an empty or NULL string
WARNING[L1,P68] (CarpetIOHDF5): Problem creating HDF5 output directory ''
WARNING[L1,P69] (Cactus): Attempt to create a directory with an empty or NULL string
WARNING[L1,P69] (CarpetIOHDF5): Problem creating HDF5 output directory ''
WARNING[L1,P70] (Cactus): Attempt to create a directory with an empty or NULL string
WARNING[L1,P70] (CarpetIOHDF5): Problem creating HDF5 output directory ''
WARNING[L1,P71] (Cactus): Attempt to create a directory with an empty or NULL string
WARNING[L1,P71] (CarpetIOHDF5): Problem creating HDF5 output directory ''
WARNING[L1,P72] (Cactus): Attempt to create a directory with an empty or NULL string
WARNING[L1,P72] (CarpetIOHDF5): Problem creating HDF5 output directory ''
WARNING[L1,P73] (Cactus): Attempt to create a directory with an empty or NULL string
WARNING[L1,P73] (CarpetIOHDF5): Problem creating HDF5 output directory ''
WARNING[L1,P74] (Cactus): Attempt to create a directory with an empty or NULL string
WARNING[L1,P74] (CarpetIOHDF5): Problem creating HDF5 output directory ''
WARNING[L1,P75] (Cactus): Attempt to create a directory with an empty or NULL string
WARNING[L1,P75] (CarpetIOHDF5): Problem creating HDF5 output directory ''
WARNING[L1,P76] (Cactus): Attempt to create a directory with an empty or NULL string
WARNING[L1,P76] (CarpetIOHDF5): Problem creating HDF5 output directory ''
WARNING[L1,P77] (Cactus): Attempt to create a directory with an empty or NULL string
WARNING[L1,P77] (CarpetIOHDF5): Problem creating HDF5 output directory ''
WARNING[L1,P78] (Cactus): Attempt to create a directory with an empty or NULL string
WARNING[L1,P78] (CarpetIOHDF5): Problem creating HDF5 output directory ''
WARNING[L1,P79] (Cactus): Attempt to create a directory with an empty or NULL string
WARNING[L1,P79] (CarpetIOHDF5): Problem creating HDF5 output directory ''
WARNING[L1,P80] (Cactus): Attempt to create a directory with an empty or NULL string
WARNING[L1,P80] (CarpetIOHDF5): Problem creating HDF5 output directory ''
WARNING[L1,P81] (Cactus): Attempt to create a directory with an empty or NULL string
WARNING[L1,P81] (CarpetIOHDF5): Problem creating HDF5 output directory ''
WARNING[L1,P82] (Cactus): Attempt to create a directory with an empty or NULL string
WARNING[L1,P82] (CarpetIOHDF5): Problem creating HDF5 output directory ''
WARNING[L1,P83] (Cactus): Attempt to create a directory with an empty or NULL string
WARNING[L1,P83] (CarpetIOHDF5): Problem creating HDF5 output directory ''
WARNING[L1,P84] (Cactus): Attempt to create a directory with an empty or NULL string
WARNING[L1,P84] (CarpetIOHDF5): Problem creating HDF5 output directory ''
WARNING[L1,P85] (Cactus): Attempt to create a directory with an empty or NULL string
WARNING[L1,P85] (CarpetIOHDF5): Problem creating HDF5 output directory ''
WARNING[L1,P86] (Cactus): Attempt to create a directory with an empty or NULL string
WARNING[L1,P86] (CarpetIOHDF5): Problem creating HDF5 output directory ''
WARNING[L1,P87] (Cactus): Attempt to create a directory with an empty or NULL string
WARNING[L1,P87] (CarpetIOHDF5): Problem creating HDF5 output directory ''
WARNING[L1,P88] (Cactus): Attempt to create a directory with an empty or NULL string
WARNING[L1,P88] (CarpetIOHDF5): Problem creating HDF5 output directory ''
WARNING[L1,P89] (Cactus): Attempt to create a directory with an empty or NULL string
WARNING[L1,P89] (CarpetIOHDF5): Problem creating HDF5 output directory ''
WARNING[L1,P90] (Cactus): Attempt to create a directory with an empty or NULL string
WARNING[L1,P90] (CarpetIOHDF5): Problem creating HDF5 output directory ''
WARNING[L1,P91] (Cactus): Attempt to create a directory with an empty or NULL string
WARNING[L1,P91] (CarpetIOHDF5): Problem creating HDF5 output directory ''
WARNING[L1,P92] (Cactus): Attempt to create a directory with an empty or NULL string
WARNING[L1,P92] (CarpetIOHDF5): Problem creating HDF5 output directory ''
WARNING[L1,P93] (Cactus): Attempt to create a directory with an empty or NULL string
WARNING[L1,P93] (CarpetIOHDF5): Problem creating HDF5 output directory ''
WARNING[L1,P94] (Cactus): Attempt to create a directory with an empty or NULL string
WARNING[L1,P94] (CarpetIOHDF5): Problem creating HDF5 output directory ''
WARNING[L1,P95] (Cactus): Attempt to create a directory with an empty or NULL string
WARNING[L1,P95] (CarpetIOHDF5): Problem creating HDF5 output directory ''
WARNING[L1,P96] (Cactus): Attempt to create a directory with an empty or NULL string
WARNING[L1,P96] (CarpetIOHDF5): Problem creating HDF5 output directory ''
WARNING[L1,P97] (Cactus): Attempt to create a directory with an empty or NULL string
WARNING[L1,P97] (CarpetIOHDF5): Problem creating HDF5 output directory ''
WARNING[L1,P98] (Cactus): Attempt to create a directory with an empty or NULL string
WARNING[L1,P98] (CarpetIOHDF5): Problem creating HDF5 output directory ''
WARNING[L1,P99] (Cactus): Attempt to create a directory with an empty or NULL string
WARNING[L1,P99] (CarpetIOHDF5): Problem creating HDF5 output directory ''
WARNING[L1,P100] (Cactus): Attempt to create a directory with an empty or NULL string
WARNING[L1,P100] (CarpetIOHDF5): Problem creating HDF5 output directory ''
WARNING[L1,P101] (Cactus): Attempt to create a directory with an empty or NULL string
WARNING[L1,P101] (CarpetIOHDF5): Problem creating HDF5 output directory ''
WARNING[L1,P102] (Cactus): Attempt to create a directory with an empty or NULL string
WARNING[L1,P102] (CarpetIOHDF5): Problem creating HDF5 output directory ''
WARNING[L1,P103] (Cactus): Attempt to create a directory with an empty or NULL string
WARNING[L1,P103] (CarpetIOHDF5): Problem creating HDF5 output directory ''
WARNING[L1,P104] (Cactus): Attempt to create a directory with an empty or NULL string
WARNING[L1,P104] (CarpetIOHDF5): Problem creating HDF5 output directory ''
WARNING[L1,P105] (Cactus): Attempt to create a directory with an empty or NULL string
WARNING[L1,P105] (CarpetIOHDF5): Problem creating HDF5 output directory ''
WARNING[L1,P106] (Cactus): Attempt to create a directory with an empty or NULL string
WARNING[L1,P106] (CarpetIOHDF5): Problem creating HDF5 output directory ''
WARNING[L1,P107] (Cactus): Attempt to create a directory with an empty or NULL string
WARNING[L1,P107] (CarpetIOHDF5): Problem creating HDF5 output directory ''
WARNING[L1,P108] (Cactus): Attempt to create a directory with an empty or NULL string
WARNING[L1,P108] (CarpetIOHDF5): Problem creating HDF5 output directory ''
WARNING[L1,P109] (Cactus): Attempt to create a directory with an empty or NULL string
WARNING[L1,P109] (CarpetIOHDF5): Problem creating HDF5 output directory ''
WARNING[L1,P110] (Cactus): Attempt to create a directory with an empty or NULL string
WARNING[L1,P110] (CarpetIOHDF5): Problem creating HDF5 output directory ''
WARNING[L1,P111] (Cactus): Attempt to create a directory with an empty or NULL string
WARNING[L1,P111] (CarpetIOHDF5): Problem creating HDF5 output directory ''
WARNING[L1,P0] (Cactus): Attempt to create a directory with an empty or NULL string
WARNING[L1,P0] (CarpetIOHDF5): Problem creating HDF5 output directory ''
WARNING[L1,P1] (Cactus): Attempt to create a directory with an empty or NULL string
WARNING[L1,P1] (CarpetIOHDF5): Problem creating HDF5 output directory ''
WARNING[L1,P2] (Cactus): Attempt to create a directory with an empty or NULL string
WARNING[L1,P2] (CarpetIOHDF5): Problem creating HDF5 output directory ''
WARNING[L1,P4] (Cactus): Attempt to create a directory with an empty or NULL string
WARNING[L1,P4] (CarpetIOHDF5): Problem creating HDF5 output directory ''
WARNING[L1,P6] (Cactus): Attempt to create a directory with an empty or NULL string
WARNING[L1,P6] (CarpetIOHDF5): Problem creating HDF5 output directory ''
WARNING[L1,P7] (Cactus): Attempt to create a directory with an empty or NULL string
WARNING[L1,P7] (CarpetIOHDF5): Problem creating HDF5 output directory ''
WARNING[L1,P8] (Cactus): Attempt to create a directory with an empty or NULL string
WARNING[L1,P8] (CarpetIOHDF5): Problem creating HDF5 output directory ''
WARNING[L1,P10] (Cactus): Attempt to create a directory with an empty or NULL string
WARNING[L1,P10] (CarpetIOHDF5): Problem creating HDF5 output directory ''
WARNING[L1,P11] (Cactus): Attempt to create a directory with an empty or NULL string
WARNING[L1,P11] (CarpetIOHDF5): Problem creating HDF5 output directory ''
WARNING[L1,P12] (Cactus): Attempt to create a directory with an empty or NULL string
WARNING[L1,P12] (CarpetIOHDF5): Problem creating HDF5 output directory ''
WARNING[L1,P14] (Cactus): Attempt to create a directory with an empty or NULL string
WARNING[L1,P14] (CarpetIOHDF5): Problem creating HDF5 output directory ''
WARNING[L1,P16] (Cactus): Attempt to create a directory with an empty or NULL string
WARNING[L1,P16] (CarpetIOHDF5): Problem creating HDF5 output directory ''
WARNING[L1,P18] (Cactus): Attempt to create a directory with an empty or NULL string
WARNING[L1,P18] (CarpetIOHDF5): Problem creating HDF5 output directory ''
WARNING[L1,P20] (Cactus): Attempt to create a directory with an empty or NULL string
WARNING[L1,P20] (CarpetIOHDF5): Problem creating HDF5 output directory ''
WARNING[L1,P22] (Cactus): Attempt to create a directory with an empty or NULL string
WARNING[L1,P22] (CarpetIOHDF5): Problem creating HDF5 output directory ''
WARNING[L1,P24] (Cactus): Attempt to create a directory with an empty or NULL string
WARNING[L1,P24] (CarpetIOHDF5): Problem creating HDF5 output directory ''
WARNING[L1,P56] (Cactus): Attempt to create a directory with an empty or NULL string
WARNING[L1,P56] (CarpetIOHDF5): Problem creating HDF5 output directory ''
   LEANBSSNMOL::mcy
   LEANBSSNMOL::mcz
INFO (CarpetIOASCII): I/O Method 'IOASCII_2D' registered: 2D AMR output of grid variables to ASCII files
INFO (CarpetIOASCII): I/O Method 'IOASCII_3D' registered: 3D AMR output of grid variables to ASCII files
INFO (CarpetIOHDF5): I/O Method 'IOHDF5' registered: AMR output of grid variables to HDF5 files
INFO (CarpetIOHDF5): I/O Method 'IOHDF5_0D' registered: 0D AMR output of grid variables to HDF5 files
INFO (CarpetIOHDF5): I/O Method 'IOHDF5_1D' registered: 1D AMR output of grid variables to HDF5 files
INFO (CarpetIOHDF5): I/O Method 'IOHDF5_2D' registered: 2D AMR output of grid variables to HDF5 files
INFO (CarpetIOHDF5): I/O Method 'IOHDF5_3D' registered: 3D AMR output of grid variables to HDF5 files
INFO (CarpetRegrid2): Initialising position of centre 0 to [8,0,0]
INFO (CarpetRegrid2): Initialising position of centre 1 to [-8,0,0]
INFO (MoL): Using Runge-Kutta 4 as the time integrator.
INFO (MoL): The maximum number of evolved variables is 1861. 29 are registered.
INFO (MoL): The maximum number of slow evolved variables is 1861. 0 are registered.
INFO (MoL): The maximum number of constrained variables is 1861. 12 are registered.
INFO (MoL): The maximum number of SandR variables is 1861. 0 are registered.
INFO (MoL): The maximum number of evolved array variables is 1861. 0 are registered.
INFO (MoL): The maximum number of constrained array variables is 1861. 0 are registered.
INFO (MoL): The maximum number of SandR array variables is 1861. 0 are registered.
INFO (MoL): The maximum size of any array variables is 0.
INFO (Vectors): Testing vectorisation... [errors may result in segfaults]
INFO (Vectors): 101/101 tests passed 
INFO (CarpetRegrid2): Centre 1 is at position [8,0,0] with 9 levels
INFO (CarpetRegrid2): Centre 2 is at position [-8,0,0] with 9 levels
INFO (CarpetRegrid2): Regridding level 0 map 0 at iteration 0 time 0
INFO (CarpetRegrid2): Regridding levels 1 and up
INFO (CarpetRegrid2): Enforcing grid structure properties, iteration 0
INFO (CarpetRegrid2): Enforcing grid structure properties, iteration 0
INFO (CarpetRegrid2): Enforcing grid structure properties, iteration 0
INFO (CarpetRegrid2): Enforcing grid structure properties, iteration 0
INFO (CarpetRegrid2): Enforcing grid structure properties, iteration 0
INFO (CarpetRegrid2): Enforcing grid structure properties, iteration 0
INFO (CarpetRegrid2): Enforcing grid structure properties, iteration 0
INFO (CarpetRegrid2): Enforcing grid structure properties, iteration 0
INFO (Carpet): Grid structure (superregions, grid points):
   [0][0][0]   exterior: [0,0,0] : [132,132,132]   ([133,133,133] + PADDING) 2352637
   [1][0][0]   exterior: [89,91,91] : [175,173,173]   ([87,83,83] + PADDING) 599343
   [2][0][0]   exterior: [219,223,223] : [309,305,305]   ([91,83,83] + PADDING) 626899
   [3][0][0]   exterior: [487,495,495] : [569,561,561]   ([83,67,67] + PADDING) 372587
   [4][0][0]   exterior: [1007,1023,1023] : [1105,1089,1089]   ([99,67,67] + PADDING) 444411
   [5][0][0]   exterior: [2048,2080,2080] : [2176,2144,2144]   ([129,65,65] + PADDING) 545025
   [6][0][0]   exterior: [4129,4193,4193] : [4191,4255,4255]   ([63,63,63] + PADDING) 250047
   [6][0][1]   exterior: [4257,4193,4193] : [4319,4255,4255]   ([63,63,63] + PADDING) 250047
   [7][0][0]   exterior: [8291,8419,8419] : [8349,8477,8477]   ([59,59,59] + PADDING) 205379
   [7][0][1]   exterior: [8547,8419,8419] : [8605,8477,8477]   ([59,59,59] + PADDING) 205379
   [8][0][0]   exterior: [16615,16871,16871] : [16665,16921,16921]   ([51,51,51] + PADDING) 132651
   [8][0][1]   exterior: [17127,16871,16871] : [17177,16921,16921]   ([51,51,51] + PADDING) 132651
INFO (Carpet): Grid structure (superregions, coordinates):
   [0][0][0]   exterior: [-528,-528,-528] : [528,528,528] : [8,8,8]
   [1][0][0]   exterior: [-172,-164,-164] : [172,164,164] : [4,4,4]
   [2][0][0]   exterior: [-90,-82,-82] : [90,82,82] : [2,2,2]
   [3][0][0]   exterior: [-41,-33,-33] : [41,33,33] : [1,1,1]
   [4][0][0]   exterior: [-24.5,-16.5,-16.5] : [24.5,16.5,16.5] : [0.5,0.5,0.5]
   [5][0][0]   exterior: [-16,-8,-8] : [16,8,8] : [0.25,0.25,0.25]
   [6][0][0]   exterior: [-11.875,-3.875,-3.875] : [-4.125,3.875,3.875] : [0.125,0.125,0.125]
   [6][0][1]   exterior: [4.125,-3.875,-3.875] : [11.875,3.875,3.875] : [0.125,0.125,0.125]
   [7][0][0]   exterior: [-9.8125,-1.8125,-1.8125] : [-6.1875,1.8125,1.8125] : [0.0625,0.0625,0.0625]
   [7][0][1]   exterior: [6.1875,-1.8125,-1.8125] : [9.8125,1.8125,1.8125] : [0.0625,0.0625,0.0625]
   [8][0][0]   exterior: [-8.78125,-0.78125,-0.78125] : [-7.21875,0.78125,0.78125] : [0.03125,0.03125,0.03125]
   [8][0][1]   exterior: [7.21875,-0.78125,-0.78125] : [8.78125,0.78125,0.78125] : [0.03125,0.03125,0.03125]
INFO (Carpet): Global grid structure statistics:
INFO (Carpet): GF: rhs: 129k active, 367k owned (+185%), 1013k total (+176%), 256 steps/time
INFO (Carpet): GF: vars: 247, pts: 898M active, 1436M owned (+60%), 3342M total (+133%), 1.0 comp/proc
INFO (Carpet): GA: vars: 1664, pts: 381M active, 381M total (+0%)
INFO (Carpet): Total required memory: 30.775 GByte (for GAs and currently active GFs)
INFO (Carpet): Load balance:  min     avg     max     sdv     max/avg-1
INFO (Carpet): Level  0:       4M      5M      6M      0M owned     25%
INFO (Carpet): Level  1:       1M      1M      1M      0M owned      6%
INFO (Carpet): Level  2:       1M      1M      1M      0M owned      8%
INFO (Carpet): Level  3:       1M      1M      1M      0M owned      7%
INFO (Carpet): Level  4:       1M      1M      1M      0M owned      9%
INFO (Carpet): Level  5:       1M      1M      1M      0M owned     13%
INFO (Carpet): Level  6:       1M      1M      1M      0M owned      5%
INFO (Carpet): Level  7:       1M      1M      1M      0M owned      6%
INFO (Carpet): Level  8:       0M      1M      1M      0M owned      7%
INFO (CartGrid3D): Grid Spacings:
INFO (CartGrid3D): dx=>8.0000000e+00  dy=>8.0000000e+00  dz=>8.0000000e+00
INFO (CartGrid3D): Computational Coordinates:
INFO (CartGrid3D): x=>[-528.000,528.000]  y=>[-528.000,528.000]  z=>[-528.000,528.000]
INFO (CartGrid3D): Indices of Physical Coordinates:
INFO (CartGrid3D): x=>[0,132]  y=>[0,132]  z=>[0,132]
INFO (AHFinderDirect): setting up AHFinderDirect data structures
INFO (AHFinderDirect):            to search for 6 horizons on 112 processors
INFO (AHFinderDirect):       constructing full sphere patch system
INFO (AHFinderDirect):                    at origin (8.001,0,0)
INFO (AHFinderDirect):                    with 18 angular zones per right angle
INFO (AHFinderDirect):       ==> 2166 nominal, 3174 ghosted angular grid points
INFO (AHFinderDirect):       constructing full sphere patch system
INFO (AHFinderDirect):                    at origin (-8.001,0,0)
INFO (AHFinderDirect):                    with 18 angular zones per right angle
INFO (AHFinderDirect):       ==> 2166 nominal, 3174 ghosted angular grid points
INFO (AHFinderDirect):       constructing full sphere patch system
INFO (AHFinderDirect):                    at origin (0,0,0)
INFO (AHFinderDirect):                    with 18 angular zones per right angle
INFO (AHFinderDirect):       ==> 2166 nominal, 3174 ghosted angular grid points
INFO (AHFinderDirect):       constructing full sphere patch system
INFO (AHFinderDirect):                    at origin (0,0,0)
INFO (AHFinderDirect):                    with 18 angular zones per right angle
INFO (AHFinderDirect):       ==> 2166 nominal, 3174 ghosted angular grid points
INFO (AHFinderDirect):       constructing full sphere patch system
INFO (AHFinderDirect):                    at origin (0,0,0)
INFO (AHFinderDirect):                    with 18 angular zones per right angle
INFO (AHFinderDirect):       ==> 2166 nominal, 3174 ghosted angular grid points
INFO (AHFinderDirect):       constructing full sphere patch system
INFO (AHFinderDirect):                    at origin (0,0,0)
INFO (AHFinderDirect):                    with 18 angular zones per right angle
INFO (AHFinderDirect):       ==> 2166 nominal, 3174 ghosted angular grid points
INFO (TerminationTrigger): Reminding you every 0 minutes about remaining walltime
INFO (Time): Timestep set to 2 (courant_static)
INFO (TwoChargedPunctures): Solving puncture equation for BH-BH system
INFO (TwoChargedPunctures): b = 8.001
TCP_Newton: it=0 	 |F|=2.606456e-10
bare mass: mp=0.5 	 mm=0.5
bicgstab:  itmax 100, tol 2.606456e-13
bicgstab:     0   1.098e-09
bicgstab:     1   1.292e-10   6.326e-01   0.000e+00   4.939e-01
bicgstab:     2   1.805e-11   5.778e-01   1.224e-01   8.293e-01
bicgstab:     3   8.332e-12   8.550e-01   5.728e-02   1.142e+00
bicgstab:     4   1.928e-12   1.284e+00   2.528e-01   6.036e-01
bicgstab:     5   1.225e-12   6.785e-01   3.429e-01   2.505e+00
bicgstab:     6   1.159e-12   2.273e-01   2.256e-02   3.053e-01
bicgstab:     7   1.809e-12   7.234e+01  -6.582e-01   1.747e+00
bicgstab:     8   2.372e-13   2.482e-01  -1.743e+02   1.747e+00
TCP_Newton: it=1 	 |F|=7.530267e-14 
INFO (TwoChargedPunctures): Wrote coefficient file v.dat
INFO (TwoChargedPunctures): The two puncture masses are mp=0.5 and mm=0.5
INFO (TwoChargedPunctures): Puncture 1 ADM mass is 0.507812
INFO (TwoChargedPunctures): Puncture 2 ADM mass is 0.507812
INFO (TwoChargedPunctures): The total ADM mass is 1
INFO (TwoChargedPunctures): Setting initial lapse to psi^-2.000000 profile.
INFO (TwoChargedPunctures): Interpolating result
INFO (QuasiLocalMeasures): Initialising Quasi-Local Measure calculations
INFO (TerminationTrigger): Reminding you every 0 minutes about remaining walltime
INFO (Time): Timestep set to 2 (courant_static)
INFO (TwoChargedPunctures): Setting initial lapse to psi^-2.000000 profile.
INFO (TwoChargedPunctures): Interpolating result
INFO (TerminationTrigger): Reminding you every 0 minutes about remaining walltime
INFO (Time): Timestep set to 1 (courant_static)
INFO (TwoChargedPunctures): Setting initial lapse to psi^-2.000000 profile.
INFO (TwoChargedPunctures): Interpolating result
INFO (TerminationTrigger): Reminding you every 0 minutes about remaining walltime
INFO (Time): Timestep set to 0.5 (courant_static)
INFO (TwoChargedPunctures): Setting initial lapse to psi^-2.000000 profile.
INFO (TwoChargedPunctures): Interpolating result
INFO (TerminationTrigger): Reminding you every 0 minutes about remaining walltime
INFO (Time): Timestep set to 0.25 (courant_static)
INFO (TwoChargedPunctures): Setting initial lapse to psi^-2.000000 profile.
INFO (TwoChargedPunctures): Interpolating result
INFO (TerminationTrigger): Reminding you every 0 minutes about remaining walltime
INFO (Time): Timestep set to 0.125 (courant_static)
INFO (TwoChargedPunctures): Setting initial lapse to psi^-2.000000 profile.
INFO (TwoChargedPunctures): Interpolating result
INFO (TerminationTrigger): Reminding you every 0 minutes about remaining walltime
INFO (Time): Timestep set to 0.0625 (courant_static)
INFO (TwoChargedPunctures): Setting initial lapse to psi^-2.000000 profile.
INFO (TwoChargedPunctures): Interpolating result
INFO (TerminationTrigger): Reminding you every 0 minutes about remaining walltime
INFO (Time): Timestep set to 0.03125 (courant_static)
INFO (TwoChargedPunctures): Setting initial lapse to psi^-2.000000 profile.
INFO (TwoChargedPunctures): Interpolating result
INFO (TerminationTrigger): Reminding you every 0 minutes about remaining walltime
INFO (Time): Timestep set to 0.015625 (courant_static)
INFO (TwoChargedPunctures): Setting initial lapse to psi^-2.000000 profile.
INFO (TwoChargedPunctures): Interpolating result
INFO (AHFinderDirect): proc 0: searching for horizon 1/6
INFO (AHFinderDirect): AH 6/6: r=239.003 at (0.000008,0.000025,-0.000044)
INFO (AHFinderDirect): AH 6/6: area=723845.2526 m_irreducible=120.0018489
INFO (AHFinderDirect): AH 3/6: r=78.9971 at (-0.000000,0.000000,0.000000)
INFO (AHFinderDirect): AH 3/6: area=80425.06438 m_irreducible=40.00007273
INFO (AHFinderDirect): AH 4/6: r=98.9977 at (-0.000000,0.000000,0.000000)
INFO (AHFinderDirect): AH 4/6: area=125663.9353 m_irreducible=50.0000456
INFO (AHFinderDirect): AH 5/6: r=178.999 at (0.000000,0.000000,0.000000)
INFO (AHFinderDirect): AH 5/6: area=407150.5271 m_irreducible=90.00001317
INFO (AHFinderDirect): AH 1/6: r=0.244668 at (8.000981,-0.000000,0.000000)
INFO (AHFinderDirect): AH 1/6: area=12.89497497 m_irreducible=0.5064951885
INFO (AHFinderDirect): AH 2/6: r=0.244668 at (-8.000981,-0.000000,-0.000000)
INFO (AHFinderDirect): AH 2/6: area=12.89497497 m_irreducible=0.5064951885
INFO (QuasiLocalMeasures): Calculating quasi-local quantities for surface    0
INFO (QuasiLocalMeasures): Importing from spherical surface    0
INFO (QuasiLocalMeasures): Geometric quantities for surface    0:
INFO (QuasiLocalMeasures):    Area A:                            12.8951
INFO (QuasiLocalMeasures):    Irreducible mass M = R/2:         0.506497
INFO (QuasiLocalMeasures):    Areal radius R = sqrt(A/4pi):      1.01299
INFO (QuasiLocalMeasures): Coordinate-dependent quantities for surface    0:
INFO (QuasiLocalMeasures):    Equatorial circumference:             6.36465
INFO (QuasiLocalMeasures):    Polar circumference at phi=0:         6.36377
INFO (QuasiLocalMeasures):    Polar circumference at phi=pi/2:      6.36455
INFO (QuasiLocalMeasures):    No valid spin guess from distortion.
INFO (QuasiLocalMeasures):    (Spin guess is imaginary.)
INFO (QuasiLocalMeasures):    Magnitude of invalid spin guess:     0.390139E-02
INFO (QuasiLocalMeasures):    Mass guess M from distortion:        0.506483
INFO (QuasiLocalMeasures): Isolated Horizon quantities for surface    0:
INFO (QuasiLocalMeasures):    Killing vector field eigenvalue norm:      1.00000
INFO (QuasiLocalMeasures):    Spin J:                                    0.00000
INFO (QuasiLocalMeasures):    Kerr spin parameter a = J/M:               0.00000
INFO (QuasiLocalMeasures):    Dimensionless spin parameter a = J/M^2:    0.00000
INFO (QuasiLocalMeasures):    Spin J from NP:                           0.599041E-18
INFO (QuasiLocalMeasures):    Spin J from phi-coordinate-vector:         0.00000
INFO (QuasiLocalMeasures):    Mass M:                                   0.506497
INFO (QuasiLocalMeasures): Global quantities for surface    0:
INFO (QuasiLocalMeasures):    ADM energy:                 -8.59639
INFO (QuasiLocalMeasures):    ADM momentum x:              0.00000
INFO (QuasiLocalMeasures):    ADM momentum y:              0.00000
INFO (QuasiLocalMeasures):    ADM momentum z:              0.00000
INFO (QuasiLocalMeasures):    ADM angular momentum x:      0.00000
INFO (QuasiLocalMeasures):    ADM angular momentum y:      0.00000
INFO (QuasiLocalMeasures):    ADM angular momentum z:      0.00000
INFO (QuasiLocalMeasures):    Weinberg energy:                  17.3650
INFO (QuasiLocalMeasures):    Weinberg momentum x:              0.00000
INFO (QuasiLocalMeasures):    Weinberg momentum y:              0.00000
INFO (QuasiLocalMeasures):    Weinberg momentum z:              0.00000
INFO (QuasiLocalMeasures):    Weinberg angular momentum x:      0.00000
INFO (QuasiLocalMeasures):    Weinberg angular momentum y:      0.00000
INFO (QuasiLocalMeasures):    Weinberg angular momentum z:      0.00000
------------------------------------------------------------------------------------
Iteration      Time | *me_per_hour |     LEANBSSNMOL::conf_fac | *TISTICS::maxrss_mb
                    |              |      minimum      maximum |   minimum   maximum
------------------------------------------------------------------------------------
        0     0.000 |    0.0000000 |    0.0001000    0.9988733 |       507       581
INFO (Carpet): Terminating due to cctk_final_time at t = 0.000000
INFO (TimerReport): Timer Report before terminating at iteration 0 time 0
INFO (TimerReport): Top timers at iteration 0 time 0
======================================================================
    %    Time/s   Min/s   Max/s   Timer (gettimeofday)
======================================================================
100.0   201.453 201.448 201.458   main/Initialise
100.0   201.409 201.402 201.416   meta mode/meta mode/global mode
 95.3   192.024 190.954 193.094   main/Initialise/CallInitial
 90.3   181.816 176.016 186.979   main/Initialise/CallInitial/CCTK_INITIAL
 90.3   181.815 176.015 186.978   main/Initialise/CallInitial/CCTK_INITIAL/CallFunction
 86.7   174.581 170.108 185.120   main/Initialise/CallInitial/CCTK_INITIAL/CallFunction/thorns
 86.6   174.549 170.079 185.080   [0098] TwoChargedPunctures: TwoChargedPunctures in CCTK_INITIAL
 86.6   174.548 170.079 185.078   main/Initialise/CallInitial/CCTK_INITIAL/CallFunction/thorns/TwoChargedPunctures
 78.7   158.571 158.537 158.592   meta mode/meta mode/global mode/level(0)
  3.6     7.230   0.085  12.583   [0107] LeanBSSNMoL: LeanBSSN_Boundaries in CCTK_INITIAL
  3.6     7.230   0.085  12.583   main/Initialise/CallInitial/CCTK_INITIAL/CallFunction/syncs
  3.2     6.417   2.224  11.147   main/Initialise/CallInitial/CCTK_POSTINITIAL
  3.2     6.416   2.223  11.146   main/Initialise/CallInitial/CCTK_POSTINITIAL/CallFunction
  3.0     6.125   1.939  10.872   main/Initialise/CallInitial/CCTK_POSTINITIAL/CallFunction/syncs
  3.0     6.006   5.840   8.006   meta mode/meta mode/global mode/level(2)
  2.9     5.868   0.078  11.176   main/Initialise/CallInitial/CCTK_INITIAL/CallFunction/syncs/Sync
  2.9     5.864   0.074  11.173   main/Initialise/CallInitial/CCTK_INITIAL/CallFunction/syncs/Sync/comm_state[6].state_do_some_work.step
  2.8     5.572   5.552   5.596   meta mode/meta mode/global mode/level(1)
  2.8     5.566   5.561   5.571   main/Initialise/CallAnalysis
  2.7     5.442   5.432   5.453   meta mode/meta mode/global mode/level(5)
  2.6     5.184   4.792   6.951   meta mode/meta mode/global mode/level(4)
  2.4     4.740   4.194   6.356   meta mode/meta mode/global mode/level(3)
  2.3     4.634   4.632   4.635   main/CarpetStartup
  2.3     4.619   4.615   4.622   main/CarpetStartup/CarpetLib::gh::regrid
  2.3     4.618   4.613   4.621   main/CarpetStartup/CarpetLib::gh::regrid/CarpetLib::dh::regrid
  2.3     4.564   4.147   4.980   meta mode/meta mode/global mode/level(6)
  2.0     4.026   0.050   9.065   [0117] EMGEvolve: EMG_Boundaries in CCTK_POSTINITIAL
  2.0     4.009   3.645   4.368   meta mode/meta mode/global mode/level(7)
  1.9     3.914   0.110   8.916   main/Initialise/CallInitial/CCTK_POSTINITIAL/CallFunction/syncs/Sync
  1.9     3.876   0.074   8.883   main/Initialise/CallInitial/CCTK_POSTINITIAL/CallFunction/syncs/Sync/comm_state[6].state_do_some_work.step
  1.8     3.639   3.637   3.648   main/Initialise/CallInitial/CallRegridInitialMeta
  1.8     3.622   3.621   3.625   main/Initialise/CallInitial/CallRegridInitialMeta/Regrid
  1.7     3.507   3.474   3.558   main/Initialise/CallInitial/CallRegridInitialMeta/Regrid/RegridMap
  1.7     3.507   3.474   3.513   main/Initialise/CallInitial/CallRegridInitialMeta/Regrid/RegridMap/CarpetLib::gh::regrid
  1.7     3.506   3.474   3.513   main/Initialise/CallInitial/CallRegridInitialMeta/Regrid/RegridMap/CarpetLib::gh::regrid/CarpetLib::dh::regrid
  1.7     3.339   3.300   3.374   main/Initialise/CallAnalysis/OutputGH
  1.7     3.339   3.300   3.374   main/Initialise/CallAnalysis/OutputGH/OutputGH
  1.6     3.314   3.266   3.351   main/Initialise/CallAnalysis/OutputGH/OutputGH/IOASCII::IOASCII_1D [2]
  1.6     3.314   3.266   3.351   main/Initialise/CallAnalysis/OutputGH/OutputGH/IOASCII::IOASCII_1D [2]/OutputGH<1>
  1.6     3.174   2.851   3.476   meta mode/meta mode/global mode/level(8)
======================================================================
==================================================================================================================================================================================================
Thorn           | Scheduled routine in time bin           | gettimeofday [secs] | getrusage [secs] | cycle [secs] | cycle[avg] [secs] | cycle[sdv] [secs] | cycle[min] [secs] | cycle[max] [secs] 
==================================================================================================================================================================================================
Carpet          | Multi-model Startup routine             |          0.03929100 |       0.03880000 |   0.00000000 |        0.00000000 |        0.00000000 |        0.00000000 |        0.00000000 
CycleClock      | Set up CycleClock                       |          0.10013000 |       0.09969000 |   0.00000122 |        0.00000122 |        0.00000000 |        0.00000122 |        0.00000122 
LoopControl     | Set up LoopControl                      |          0.00001000 |       0.00001000 |   0.00000968 |        0.00000968 |        0.00000000 |        0.00000968 |        0.00000968 
Timers          | Prepare hierarchical timers             |          0.00003700 |       0.00003700 |   0.00003696 |        0.00003696 |        0.00000000 |        0.00003696 |        0.00003696 
Carpet          | Startup routine                         |          0.00000200 |       0.00000100 |   0.00000139 |        0.00000139 |        0.00000000 |        0.00000139 |        0.00000139 
IOUtil          | Startup routine                         |          0.00001800 |       0.00001900 |   0.00001818 |        0.00001818 |        0.00000000 |        0.00001818 |        0.00001818 
CarpetIOScalar  | Startup routine                         |          0.00013600 |       0.00013500 |   0.00013503 |        0.00013503 |        0.00000000 |        0.00013503 |        0.00013503 
CarpetInterp    | Startup routine                         |          0.00001900 |       0.00001900 |   0.00001876 |        0.00001876 |        0.00000000 |        0.00001876 |        0.00001876 
CarpetReduce    | Startup routine                         |          0.00024900 |       0.00007200 |   0.00024873 |        0.00024873 |        0.00000000 |        0.00024873 |        0.00024873 
CartGrid3D      | Register GH Extension for GridSymmetry  |          0.00000000 |       0.00000000 |   0.00000089 |        0.00000089 |        0.00000000 |        0.00000089 |        0.00000089 
CoordBase       | Register a GH extension to store the coo|          0.00000100 |       0.00000000 |   0.00000115 |        0.00000115 |        0.00000000 |        0.00000115 |        0.00000115 
AEILocalInterp  | register CCTK_InterpLocalUniform() inter|          0.00000700 |       0.00000100 |   0.00000683 |        0.00000683 |        0.00000000 |        0.00000683 |        0.00000683 
EMGEvolve       | Register the masks for excision         |          0.00014200 |       0.00001700 |   0.00014751 |        0.00014751 |        0.00000000 |        0.00014751 |        0.00014751 
CarpetIOASCII   | Startup routine                         |          0.00014600 |       0.00002000 |   0.00014722 |        0.00014722 |        0.00000000 |        0.00014722 |        0.00014722 
LeanBSSNMoL     | Register slicing                        |          0.00001100 |       0.00000200 |   0.00001168 |        0.00001168 |        0.00000000 |        0.00001168 |        0.00001168 
LocalInterp     | register LocalInterp's interpolation ope|          0.00000200 |       0.00000100 |   0.00000131 |        0.00000131 |        0.00000000 |        0.00000131 |        0.00000131 
CarpetIOBasic   | Startup routine                         |          0.00000300 |       0.00000000 |   0.00000346 |        0.00000346 |        0.00000000 |        0.00000346 |        0.00000346 
MoL             | Startup banner                          |          0.00000000 |       0.00000000 |   0.00000086 |        0.00000086 |        0.00000000 |        0.00000086 |        0.00000086 
Slab            | Create MPI datatypes for complex variabl|          0.00000900 |       0.00000100 |   0.00000909 |        0.00000909 |        0.00000000 |        0.00000909 |        0.00000909 
SymBase         | Register GH Extension for SymBase       |          0.00000500 |       0.00000000 |   0.00000532 |        0.00000532 |        0.00000000 |        0.00000532 |        0.00000532 
TerminationTrigg| Start signal handler                    |          0.00002700 |       0.00000300 |   0.00002769 |        0.00002769 |        0.00000000 |        0.00002769 |        0.00002769 
CarpetIOHDF5    | Startup routine                         |          0.00008800 |       0.00001200 |   0.00008822 |        0.00008822 |        0.00000000 |        0.00008822 |        0.00008822 
Vectors         | Print startup message                   |          0.00000200 |       0.00000000 |   0.00000246 |        0.00000246 |        0.00000000 |        0.00000246 |        0.00000246 
hwloc           | Output hwloc version                    |          0.00000600 |       0.00000100 |   0.00000544 |        0.00000544 |        0.00000000 |        0.00000544 |        0.00000544 
--------------------------------------------------------------------------------------------------------------------------------------------------------------------------------------------------
                | Total time for CCTK_STARTUP             |          0.14034100 |       0.13884100 |   0.00092909 |        0.00092909 |        0.00000000 |        0.00092909 |        0.00092909 
==================================================================================================================================================================================================
ADMBase         | Set up GF symmetries                    |          0.00004500 |       0.00000000 |   0.00004521 |        0.00004521 |        0.00000000 |        0.00004521 |        0.00004521 
Boundary        | Register boundary conditions that this t|          0.00001600 |       0.00000000 |   0.00001573 |        0.00001573 |        0.00000000 |        0.00001573 |        0.00001573 
CarpetRegrid2   | Initialise locations of refined regions |          0.00002600 |       0.00000000 |   0.00002697 |        0.00002697 |        0.00000000 |        0.00002697 |        0.00002697 
CartGrid3D      | Register coordinates for the Cartesian g|          0.00027200 |       0.00014700 |   0.00027103 |        0.00027103 |        0.00000000 |        0.00027103 |        0.00027103 
CoordGauge      | Initialize slicing, setup priorities for|          0.00001100 |       0.00000700 |   0.00001147 |        0.00001147 |        0.00000000 |        0.00001147 |        0.00001147 
CoordGauge      | Identify the slicing for the next iterat|          0.00000600 |       0.00000400 |   0.00000569 |        0.00000569 |        0.00000000 |        0.00000569 |        0.00000569 
MoL             | Set up the MoL bookkeeping index arrays |          0.00004500 |       0.00002600 |   0.00004475 |        0.00004475 |        0.00000000 |        0.00004475 |        0.00004475 
MoL             | Set the flag so it is ok to register wit|          0.00000600 |       0.00000400 |   0.00000665 |        0.00000665 |        0.00000000 |        0.00000665 |        0.00000665 
TmunuBase       | Set the stress_energy_state variable    |          0.00007200 |       0.00004000 |   0.00007142 |        0.00007142 |        0.00000000 |        0.00007142 |        0.00007142 
EMGEvolve       | Register variables for MoL              |          0.00016300 |       0.00009200 |   0.00016293 |        0.00016293 |        0.00000000 |        0.00016293 |        0.00016293 
LeanBSSNMoL     | Register variables for MoL              |          0.00016300 |       0.00012900 |   0.00016226 |        0.00016226 |        0.00000000 |        0.00016226 |        0.00016226 
Slab            | Initialise timers                       |          0.00001700 |       0.00001700 |   0.00001698 |        0.00001698 |        0.00000000 |        0.00001698 |        0.00001698 
SpaceMask       | Set grid symmetries for mask            |          0.00001300 |       0.00001300 |   0.00001305 |        0.00001305 |        0.00000000 |        0.00001305 |        0.00001305 
SpaceMask       | Set grid symmetries for emask (compatibi|          0.00000600 |       0.00000600 |   0.00000563 |        0.00000563 |        0.00000000 |        0.00000563 |        0.00000563 
CartGrid3D      | Register symmetry boundaries            |          0.00011400 |       0.00011400 |   0.00011391 |        0.00011391 |        0.00000000 |        0.00011391 |        0.00011391 
ReflectionSymmet| Register reflection symmetry boundaries |          0.00001000 |       0.00001000 |   0.00001024 |        0.00001024 |        0.00000000 |        0.00001024 |        0.00001024 
SymBase         | Print symmetry boundary face description|          0.00000700 |       0.00000700 |   0.00000689 |        0.00000689 |        0.00000000 |        0.00000689 |        0.00000689 
MoL             | Report how many of each type of variable|          0.00011200 |       0.00011200 |   0.00011213 |        0.00011213 |        0.00000000 |        0.00011213 |        0.00011213 
--------------------------------------------------------------------------------------------------------------------------------------------------------------------------------------------------
                | Total time for CCTK_WRAGH               |          0.00110400 |       0.00072800 |   0.00110294 |        0.00110294 |        0.00000000 |        0.00110294 |        0.00110294 
==================================================================================================================================================================================================
ADMBase         | Check consistency of parameters         |          0.00001600 |       0.00001500 |   0.00001548 |        0.00001548 |        0.00000000 |        0.00001548 |        0.00001548 
Boundary        | Check dimension of grid variables       |          0.00000400 |       0.00000400 |   0.00000425 |        0.00000425 |        0.00000000 |        0.00000425 |        0.00000425 
Carpet          | Parameter checking routine              |          0.00003600 |       0.00003600 |   0.00003613 |        0.00003613 |        0.00000000 |        0.00003613 |        0.00003613 
CarpetLib       | Test prolongation operators             |          0.00003200 |       0.00003100 |   0.00003160 |        0.00003160 |        0.00000000 |        0.00003160 |        0.00003160 
CarpetMask      | Check parameters                        |          0.00000500 |       0.00000600 |   0.00000549 |        0.00000549 |        0.00000000 |        0.00000549 |        0.00000549 
CarpetRegrid2   | Check parameters                        |          0.00005600 |       0.00005700 |   0.00005640 |        0.00005640 |        0.00000000 |        0.00005640 |        0.00005640 
CartGrid3D      | Check coordinates for CartGrid3D        |          0.00000900 |       0.00001000 |   0.00000962 |        0.00000962 |        0.00000000 |        0.00000962 |        0.00000962 
Dissipation     | Check dissipation parameters for consist|          0.00001000 |       0.00000900 |   0.00000962 |        0.00000962 |        0.00000000 |        0.00000962 |        0.00000962 
Fortran         | Test whether Fortran parameters work cor|          0.00000600 |       0.00000600 |   0.00000622 |        0.00000622 |        0.00000000 |        0.00000622 |        0.00000622 
LeanBSSNMoL     | Check Lean parameters for consistency   |          0.00000600 |       0.00000600 |   0.00000536 |        0.00000536 |        0.00000000 |        0.00000536 |        0.00000536 
MoL             | Basic parameter checking                |          0.00000700 |       0.00000800 |   0.00000794 |        0.00000794 |        0.00000000 |        0.00000794 |        0.00000794 
Multipole       | Check Multipole parameters              |          0.00000900 |       0.00000900 |   0.00000932 |        0.00000932 |        0.00000000 |        0.00000932 |        0.00000932 
NPScalars       | Check NPScalars parameters for consisten|          0.00000400 |       0.00000500 |   0.00000454 |        0.00000454 |        0.00000000 |        0.00000454 |        0.00000454 
QuasiLocalMeasur| Check quasi-local parameter settings    |          0.00091800 |       0.00090700 |   0.00091827 |        0.00091827 |        0.00000000 |        0.00091827 |        0.00091827 
SphericalSurface| Check that all surface names are unique |          0.00000400 |       0.00000500 |   0.00000453 |        0.00000453 |        0.00000000 |        0.00000453 |        0.00000453 
TerminationTrigg| Check consitency of parameters          |          0.00000500 |       0.00000500 |   0.00000500 |        0.00000500 |        0.00000000 |        0.00000500 |        0.00000500 
TmunuBase       | Check that no deprecated parameters are |          0.00000400 |       0.00000400 |   0.00000412 |        0.00000412 |        0.00000000 |        0.00000412 |        0.00000412 
TwoChargedPunctu| Check parameters and thorn needs        |          0.00000700 |       0.00000600 |   0.00000621 |        0.00000621 |        0.00000000 |        0.00000621 |        0.00000621 
Vectors         | Run correctness tests.                  |          0.00004200 |       0.00004200 |   0.00004236 |        0.00004236 |        0.00000000 |        0.00004236 |        0.00004236 
--------------------------------------------------------------------------------------------------------------------------------------------------------------------------------------------------
                | Total time for CCTK_PARAMCHECK          |          0.00118000 |       0.00117100 |   0.00118246 |        0.00118246 |        0.00000000 |        0.00118246 |        0.00118246 
==================================================================================================================================================================================================
ADMBase         | Set the shift_state variable to 1       |          0.00186500 |       0.00185100 |   0.00186112 |        0.00020679 |        0.00019124 |        0.00009632 |        0.00029649 
ADMBase         | Set the dtlapse_state variable to 1     |          0.00016500 |       0.00016200 |   0.00016397 |        0.00001822 |        0.00000522 |        0.00001586 |        0.00002257 
ADMBase         | Set the dtshift_state variable to 1     |          0.00015700 |       0.00015800 |   0.00015858 |        0.00001762 |        0.00000846 |        0.00001574 |        0.00002547 
ADMMacros       | Initialize the local_spatial_order      |          0.00016600 |       0.00016600 |   0.00016526 |        0.00001836 |        0.00000388 |        0.00001655 |        0.00002142 
CartGrid3D      | Set up ranges for spatial 3D Cartesian c|          0.00028300 |       0.00027300 |   0.00028352 |        0.00003150 |        0.00009772 |        0.00001736 |        0.00012354 
CartGrid3D      | Set up spatial 3D Cartesian coordinates |          0.00403700 |       0.00199500 |   0.00403359 |        0.00044818 |        0.00065127 |        0.00020020 |        0.00101206 
SphericalSurface| Set surface resolution automatically    |          0.00064300 |       0.00043700 |   0.00064353 |        0.00007150 |        0.00059528 |        0.00000114 |        0.00063274 
AHFinderDirect  | setup data structures                   |          0.00291300 |       0.00000900 |   0.00291107 |        0.00032345 |        0.00273337 |        0.00000107 |        0.00290050 
Dissipation     | Ensure that there are enough ghost zones|          0.00102300 |       0.00038800 |   0.00102009 |        0.00011334 |        0.00027318 |        0.00004141 |        0.00036313 
EMGBase         | Register symmetries of the grid function|          0.00007000 |       0.00000500 |   0.00006834 |        0.00000759 |        0.00005389 |        0.00000110 |        0.00005840 
EMGEvolve       | Schedule symmetries                     |          0.00047000 |       0.00000600 |   0.00046737 |        0.00005193 |        0.00042785 |        0.00000128 |        0.00045532 
EMGEvolve       | set all rhs functions to zero to prevent|          0.00611000 |       0.00060800 |   0.00611035 |        0.00067893 |        0.00114850 |        0.00024570 |        0.00165911 
LeanBSSNMoL     | Register symmetries of the BSSN grid fun|          0.00019100 |       0.00000500 |   0.00019202 |        0.00002134 |        0.00016973 |        0.00000116 |        0.00018135 
LeanBSSNMoL     | Set all rhs functions to zero to prevent|          0.01385000 |       0.00102700 |   0.01384948 |        0.00153883 |        0.00171367 |        0.00058501 |        0.00261298 
NPScalars       | Set symmetries for grid functions       |          0.00035000 |       0.00023100 |   0.00034853 |        0.00003873 |        0.00031596 |        0.00000119 |        0.00033662 
NPScalars_EMG   | Set symmetries for grid functions       |          0.00019200 |       0.00012200 |   0.00018890 |        0.00002099 |        0.00016619 |        0.00000118 |        0.00017768 
NaNChecker      | Reset the NaNChecker::NaNsFound counter |          0.00002800 |       0.00001400 |   0.00002836 |        0.00000315 |        0.00001521 |        0.00000114 |        0.00001748 
SpaceMask       | Initialise mask to zero                 |          0.00093500 |       0.00030200 |   0.00093367 |        0.00010374 |        0.00011656 |        0.00003601 |        0.00015921 
SpaceMask       | Set old style mask to one               |          0.00076600 |       0.00027900 |   0.00076594 |        0.00008510 |        0.00007933 |        0.00004381 |        0.00013151 
SphericalSurface| Calculate surface coordinate descriptors|          0.00003800 |       0.00002200 |   0.00003564 |        0.00000396 |        0.00002159 |        0.00000117 |        0.00002431 
CarpetReduce    | Allocate the weight function            |          0.00016700 |       0.00003900 |   0.00016490 |        0.00001832 |        0.00014325 |        0.00000118 |        0.00015338 
CarpetReduce    | Initialise the weight function          |          0.00112200 |       0.00022000 |   0.00111853 |        0.00012428 |        0.00104252 |        0.00000095 |        0.00110718 
CarpetReduce    | Set up the outer boundaries of the weigh|          0.00064700 |       0.00063900 |   0.00064551 |        0.00007172 |        0.00059682 |        0.00000106 |        0.00063441 
CarpetReduce    | Set up the weight function for the restr|          0.00122900 |       0.00120200 |   0.00122835 |        0.00013648 |        0.00114622 |        0.00000107 |        0.00121715 
CarpetMask      | Set up the weight function for the exclu|          0.00023200 |       0.00022000 |   0.00022755 |        0.00002528 |        0.00019906 |        0.00000133 |        0.00021295 
CarpetMask      | Set up the weight function for the exclu|          0.00020400 |       0.00019600 |   0.00020217 |        0.00002246 |        0.00017829 |        0.00000121 |        0.00019056 
CarpetReduce    | Set the weight function                 |          0.00210100 |       0.00109200 |   0.00210047 |        0.00023339 |        0.00196648 |        0.00000121 |        0.00208740 
CarpetReduce    | Test the weight function                |          0.01165300 |       0.01156700 |   0.01164889 |        0.00129432 |        0.01097057 |        0.00000127 |        0.01163747 
SphericalSurface| Set surface radii to be used for initial|          0.00003800 |       0.00003500 |   0.00003929 |        0.00000437 |        0.00002533 |        0.00000126 |        0.00002824 
SphericalSurface| Test the state of the spherical surfaces|          0.00002600 |       0.00001600 |   0.00002390 |        0.00000266 |        0.00001007 |        0.00000127 |        0.00001215 
SymBase         | Check whether the driver set up the grid|          0.00027200 |       0.00016000 |   0.00026915 |        0.00002991 |        0.00006980 |        0.00001824 |        0.00009560 
TerminationTrigg| Clear trigger state                     |          0.00017000 |       0.00007800 |   0.00017160 |        0.00001907 |        0.00000494 |        0.00001633 |        0.00002242 
TerminationTrigg| Start timer                             |          0.00026100 |       0.00013700 |   0.00025911 |        0.00002879 |        0.00001401 |        0.00002197 |        0.00003669 
TerminationTrigg| Create termination file                 |          0.00488100 |       0.00076500 |   0.00487858 |        0.00054206 |        0.00067505 |        0.00030825 |        0.00115193 
Time            | Initialise Time variables               |          0.00002600 |       0.00001800 |   0.00002440 |        0.00000271 |        0.00001039 |        0.00000117 |        0.00001250 
Time            | Set timestep based on Courant condition |          0.00010100 |       0.00004700 |   0.00010198 |        0.00001133 |        0.00000466 |        0.00000841 |        0.00001327 
--------------------------------------------------------------------------------------------------------------------------------------------------------------------------------------------------
                | Total time for CCTK_BASEGRID            |          0.05738200 |       0.02449100 |   0.05733375 |        0.00637042 |        0.02584558 |        0.00171057 |        0.02982518 
==================================================================================================================================================================================================
StaticConformal | Set the conformal_state variable to 0   |          0.00022000 |       0.00010500 |   0.00022038 |        0.00002449 |        0.00001015 |        0.00002000 |        0.00003305 
TwoChargedPunctu| Create puncture black hole initial data |        174.81299900 |     173.71082300 | 174.78306297 |       19.42034033 |      136.16714613 |        2.34486669 |      147.79124728 
ADMBase         | Set the shift to 0 at all points        |          0.00444300 |       0.00387300 |   0.00444204 |        0.00049356 |        0.00079632 |        0.00029905 |        0.00123049 
ADMBase         | Set the dtlapse to 0 at all points      |          0.00145600 |       0.00143300 |   0.00145515 |        0.00016168 |        0.00020633 |        0.00009776 |        0.00034823 
ADMBase         | Set the dtshift to 0 at all points      |          0.00342700 |       0.00239500 |   0.00342462 |        0.00038051 |        0.00050826 |        0.00022632 |        0.00083917 
CarpetIOASCII   | Initialisation routine                  |          0.00005500 |       0.00004800 |   0.00005247 |        0.00000583 |        0.00003975 |        0.00000111 |        0.00004331 
CarpetIOBasic   | Initialisation routine                  |          0.00002400 |       0.00002100 |   0.00002355 |        0.00000262 |        0.00001409 |        0.00000093 |        0.00001590 
CarpetIOHDF5    | Initialisation routine                  |          0.00002400 |       0.00002000 |   0.00002444 |        0.00000272 |        0.00001332 |        0.00000104 |        0.00001527 
CarpetIOScalar  | Initialisation routine                  |          0.00001900 |       0.00001700 |   0.00001984 |        0.00000220 |        0.00000880 |        0.00000102 |        0.00001050 
LeanBSSNMoL     | Convert initial data into BSSN variables|          0.02294500 |       0.01889800 |   0.02294330 |        0.00254926 |        0.00401228 |        0.00141552 |        0.00619061 
LeanBSSNMoL     | Boundary enforcement                    |          2.33247600 |       2.31898700 |   2.33207454 |        0.25911939 |        1.53490173 |        0.00148656 |        1.66469071 
MoL             | Initialise the step size control        |          0.00005900 |       0.00005700 |   0.00005695 |        0.00000633 |        0.00001384 |        0.00000376 |        0.00001890 
PunctureTracker | Calculate initial location of punctures |          0.00008100 |       0.00008000 |   0.00007979 |        0.00000887 |        0.00006574 |        0.00000106 |        0.00007085 
QuasiLocalMeasur| Initialise quasi-local calculations     |          0.00018900 |       0.00018900 |   0.00018935 |        0.00002104 |        0.00016878 |        0.00000103 |        0.00018017 
Boundary        | Apply all requested local physical bound|          0.00078800 |       0.00078700 |   0.00078606 |        0.00008734 |        0.00012041 |        0.00004833 |        0.00017680 
CartGrid3D      | Apply symmetry boundary conditions      |          0.00020300 |       0.00020100 |   0.00020205 |        0.00002245 |        0.00001151 |        0.00001954 |        0.00003195 
ReflectionSymmet| Apply reflection symmetries             |          0.00032700 |       0.00032800 |   0.00032586 |        0.00003621 |        0.00007605 |        0.00002505 |        0.00010766 
Boundary        | Unselect all grid variables for boundary|          0.00004200 |       0.00004300 |   0.00004288 |        0.00000476 |        0.00000348 |        0.00000383 |        0.00000778 
--------------------------------------------------------------------------------------------------------------------------------------------------------------------------------------------------
                | Total time for CCTK_INITIAL             |        177.17977700 |     176.05830500 | 177.14942625 |       19.68326958 |      137.70811698 |        2.34851860 |      149.46525863 
==================================================================================================================================================================================================
CarpetIOHDF5    | Close all filereader input files        |          0.00011600 |       0.00011600 |   0.00011554 |        0.00001284 |        0.00009706 |        0.00000123 |        0.00010435 
LeanBSSNMoL     | Remove trace of A                       |          0.00394800 |       0.00391000 |   0.00394555 |        0.00043839 |        0.00057782 |        0.00025528 |        0.00094872 
EMGEvolve       | MoL boundary enforcement for EMG variabl|          5.28027900 |       5.24606400 |   5.27936407 |        0.58659601 |        1.54144682 |        0.00432654 |        1.31044037 
Boundary        | Apply all requested local physical bound|          0.00523000 |       0.00486300 |   0.00522975 |        0.00011622 |        0.00053339 |        0.00002304 |        0.00046925 
CartGrid3D      | Apply symmetry boundary conditions      |          0.00091100 |       0.00086000 |   0.00090686 |        0.00002015 |        0.00003257 |        0.00001616 |        0.00004969 
ReflectionSymmet| Apply reflection symmetries             |          0.00116900 |       0.00109900 |   0.00116687 |        0.00002593 |        0.00008477 |        0.00001684 |        0.00010340 
Boundary        | Unselect all grid variables for boundary|          0.00026900 |       0.00024300 |   0.00026024 |        0.00000578 |        0.00001053 |        0.00000317 |        0.00000955 
LeanBSSNMoL     | Make sure conformal factor does not drop|          0.00053100 |       0.00052500 |   0.00052961 |        0.00005885 |        0.00006110 |        0.00003500 |        0.00010878 
LeanBSSNMoL     | MoL boundary enforcement                |          4.26137400 |       4.22608900 |   4.26064539 |        0.47340504 |        2.97802985 |        0.01099701 |        3.13658423 
LeanBSSNMoL     | Convert variables back to the ADM ones  |          0.00666100 |       0.00633600 |   0.00665779 |        0.00073975 |        0.00179022 |        0.00026564 |        0.00235355 
TmunuBase       | Initialise the stress-energy tensor to z|          0.00699100 |       0.00460200 |   0.00699887 |        0.00077765 |        0.00160504 |        0.00025990 |        0.00216048 
EMGEvolve       | Compute the energy-momentum tensor      |          0.00772900 |       0.00614300 |   0.00772583 |        0.00085843 |        0.00181337 |        0.00036159 |        0.00251229 
NPScalars       | calculate Psi4 as grid function         |          0.15870500 |       0.15566000 |   0.15867392 |        0.00881522 |        0.02382774 |        0.00399769 |        0.02445568 
NPScalars       | Symmetry boundary conditions            |          0.07808600 |       0.07572600 |   0.07807390 |        0.00433744 |        0.01794382 |        0.00130489 |        0.01711082 
NPScalars_EMG   | calculate grid functions                |          0.08293300 |       0.07452300 |   0.08291672 |        0.00921297 |        0.01766501 |        0.00413031 |        0.02524286 
NPScalars_EMG   | Symmetry boundary conditions            |          0.06958700 |       0.06648600 |   0.06957721 |        0.00773080 |        0.00878177 |        0.00500228 |        0.01519596 
--------------------------------------------------------------------------------------------------------------------------------------------------------------------------------------------------
                | Total time for CCTK_POSTINITIAL         |          9.96451900 |       9.87324500 |   9.96278811 |        1.09315147 |        4.59430088 |        0.03099657 |        4.53784998 
==================================================================================================================================================================================================
LeanBSSNMoL     | Remove trace of A                       |          0.00571200 |       0.00568100 |   0.00570822 |        0.00063425 |        0.00054388 |        0.00044271 |        0.00108545 
EMGEvolve       | MoL boundary enforcement for EMG variabl|          0.10210000 |       0.09933200 |   0.10208236 |        0.01134248 |        0.01577239 |        0.00759868 |        0.02574336 
Boundary        | Apply all requested local physical bound|          0.00411400 |       0.00391300 |   0.00410854 |        0.00011413 |        0.00041302 |        0.00004094 |        0.00045035 
CartGrid3D      | Apply symmetry boundary conditions      |          0.00072700 |       0.00068500 |   0.00072217 |        0.00002006 |        0.00002327 |        0.00001779 |        0.00004134 
ReflectionSymmet| Apply reflection symmetries             |          0.00089800 |       0.00084500 |   0.00089341 |        0.00002482 |        0.00002157 |        0.00001904 |        0.00003069 
Boundary        | Unselect all grid variables for boundary|          0.00017800 |       0.00016800 |   0.00017887 |        0.00000497 |        0.00000730 |        0.00000394 |        0.00001028 
LeanBSSNMoL     | Make sure conformal factor does not drop|          0.00052200 |       0.00047600 |   0.00052120 |        0.00005791 |        0.00009478 |        0.00004337 |        0.00014698 
LeanBSSNMoL     | MoL boundary enforcement                |          0.12399600 |       0.11496800 |   0.12397602 |        0.01377511 |        0.00554629 |        0.01111030 |        0.01686570 
LeanBSSNMoL     | Convert variables back to the ADM ones  |          0.00504800 |       0.00459100 |   0.00504271 |        0.00056030 |        0.00084756 |        0.00032906 |        0.00127647 
TmunuBase       | Initialise the stress-energy tensor to z|          0.00322000 |       0.00291300 |   0.00321769 |        0.00035752 |        0.00053898 |        0.00018053 |        0.00070880 
EMGEvolve       | Compute the energy-momentum tensor      |          0.00734800 |       0.00702000 |   0.00734585 |        0.00081621 |        0.00160241 |        0.00040706 |        0.00228676 
NPScalars       | Symmetry boundary conditions            |          0.04266800 |       0.04036300 |   0.04266098 |        0.00474011 |        0.00967668 |        0.00189133 |        0.01329050 
NPScalars_EMG   | Symmetry boundary conditions            |          0.05714600 |       0.05409700 |   0.05713644 |        0.00634849 |        0.00282735 |        0.00467595 |        0.00770192 
--------------------------------------------------------------------------------------------------------------------------------------------------------------------------------------------------
                | Total time for CCTK_POSTRESTRICTINITIAL |          0.35367700 |       0.33505200 |   0.35359449 |        0.03879636 |        0.03791547 |        0.02676068 |        0.06963859 
==================================================================================================================================================================================================
CarpetIOHDF5    | Initial data checkpoint routine         |          0.00029900 |       0.00028700 |   0.00029770 |        0.00003308 |        0.00024478 |        0.00000343 |        0.00026384 
--------------------------------------------------------------------------------------------------------------------------------------------------------------------------------------------------
                | Total time for CCTK_CPINITIAL           |          0.00029900 |       0.00028700 |   0.00029770 |        0.00003308 |        0.00024478 |        0.00000343 |        0.00026384 
==================================================================================================================================================================================================
AHFinderDirect  | import the excision mask                |          0.00149200 |       0.00045700 |   0.00149140 |        0.00016571 |        0.00139480 |        0.00000114 |        0.00148074 
AHFinderDirect  | find apparent horizon(s) after this time|          2.27956600 |       2.22708300 |   2.27917587 |        0.25324176 |        2.14881807 |        0.00000098 |        2.27916687 
AHFinderDirect  | store apparent horizon(s) into spherical|          0.00439900 |       0.00337800 |   0.00440004 |        0.00048889 |        0.00413712 |        0.00000119 |        0.00438940 
AHFinderDirect  | save apparent horizon(s) into Cactus var|          0.00017000 |       0.00016400 |   0.00016840 |        0.00001871 |        0.00014834 |        0.00000114 |        0.00015856 
AHFinderDirect  | set mask(s) based on apparent horizon po|          0.00148800 |       0.00146100 |   0.00148801 |        0.00016533 |        0.00019531 |        0.00009547 |        0.00029673 
SphericalSurface| Set surface radii                       |          0.00004600 |       0.00004600 |   0.00004580 |        0.00000509 |        0.00003306 |        0.00000105 |        0.00003626 
SphericalSurface| Test the state of the spherical surfaces|          0.00002000 |       0.00001900 |   0.00001922 |        0.00000214 |        0.00000926 |        0.00000100 |        0.00001087 
NaNChecker      | Prepare data structures to check for NaN|          0.00003900 |       0.00004000 |   0.00003926 |        0.00000436 |        0.00000784 |        0.00000305 |        0.00001157 
NaNChecker      | Check for NaNs                          |          0.00176500 |       0.00173100 |   0.00176521 |        0.00019613 |        0.00026765 |        0.00011921 |        0.00043696 
NaNChecker      | Count NaNs in NaNChecker::NaNsFound     |          0.00846900 |       0.00838100 |   0.00846602 |        0.00094067 |        0.00276046 |        0.00031665 |        0.00334593 
NaNChecker      | Output NaNChecker::NaNmask and take acti|          0.00007800 |       0.00007800 |   0.00007824 |        0.00000869 |        0.00006530 |        0.00000097 |        0.00007026 
PunctureTracker | Copy puncture positions to spherical sur|          0.00002500 |       0.00002300 |   0.00002443 |        0.00000271 |        0.00001369 |        0.00000106 |        0.00001562 
SpaceMask       | Ensure that all mask values are legal   |          0.00060000 |       0.00057300 |   0.00060147 |        0.00006683 |        0.00008472 |        0.00004044 |        0.00013587 
Dissipation     | Setup spatially varying dissipation     |          0.00223300 |       0.00222900 |   0.00223383 |        0.00024820 |        0.00031565 |        0.00015800 |        0.00052953 
CarpetReduce    | Allocate the weight function            |          0.00008200 |       0.00008100 |   0.00008228 |        0.00000914 |        0.00006744 |        0.00000107 |        0.00007273 
CarpetReduce    | Initialise the weight function          |          0.00104700 |       0.00104000 |   0.00104753 |        0.00011639 |        0.00097890 |        0.00000098 |        0.00103931 
CarpetReduce    | Set up the outer boundaries of the weigh|          0.00057100 |       0.00057300 |   0.00057208 |        0.00006356 |        0.00053058 |        0.00000093 |        0.00056380 
CarpetReduce    | Set up the weight function for the restr|          0.00125400 |       0.00121000 |   0.00125187 |        0.00013910 |        0.00117130 |        0.00000097 |        0.00124341 
CarpetMask      | Set up the weight function for the exclu|          0.00022200 |       0.00022200 |   0.00022091 |        0.00002455 |        0.00019942 |        0.00000102 |        0.00021256 
CarpetMask      | Set up the weight function for the exclu|          0.01046800 |       0.01038700 |   0.01046689 |        0.00116299 |        0.00985908 |        0.00000103 |        0.01045822 
CarpetReduce    | Set the weight function                 |          0.00171200 |       0.00169700 |   0.00171170 |        0.00019019 |        0.00160503 |        0.00000097 |        0.00170343 
CarpetReduce    | Test the weight function                |          0.00512100 |       0.00508700 |   0.00512065 |        0.00056896 |        0.00481913 |        0.00000096 |        0.00511248 
--------------------------------------------------------------------------------------------------------------------------------------------------------------------------------------------------
                | Total time for CCTK_POSTSTEP            |          2.32086700 |       2.26596000 |   2.32047110 |        0.25783012 |        2.17748215 |        0.00074928 |        2.31049110 
==================================================================================================================================================================================================
CarpetLib       | Print timing statistics if desired      |          0.00004600 |       0.00004400 |   0.00004203 |        0.00000467 |        0.00002339 |        0.00000149 |        0.00002656 
CarpetLib       | Print memory statistics if desired      |          0.00002500 |       0.00002100 |   0.00002310 |        0.00000257 |        0.00001168 |        0.00000112 |        0.00001358 
EMGEvolve       | Compute constraints                     |          0.02305500 |       0.02282900 |   0.02305109 |        0.00256123 |        0.00382393 |        0.00143675 |        0.00603400 
EMGEvolve       | Enforce symmetry BCs in constraint compu|          0.00561000 |       0.00476100 |   0.00560731 |        0.00062303 |        0.00040995 |        0.00044844 |        0.00081394 
Boundary        | Apply all requested local physical bound|          0.00424900 |       0.00393000 |   0.00424928 |        0.00015738 |        0.00037368 |        0.00010715 |        0.00045681 
CartGrid3D      | Apply symmetry boundary conditions      |          0.00060500 |       0.00053400 |   0.00059993 |        0.00002222 |        0.00002735 |        0.00001847 |        0.00004687 
ReflectionSymmet| Apply reflection symmetries             |          0.00069600 |       0.00059700 |   0.00069169 |        0.00002562 |        0.00003345 |        0.00001977 |        0.00004212 
Boundary        | Unselect all grid variables for boundary|          0.00016000 |       0.00013700 |   0.00015606 |        0.00000578 |        0.00000731 |        0.00000437 |        0.00001154 
LeanBSSNMoL     | Compute constraints                     |          0.06430400 |       0.05893900 |   0.06429378 |        0.00714375 |        0.01356376 |        0.00336178 |        0.01949106 
LeanBSSNMoL     | Enforce symmetry BCs in constraint compu|          0.02710700 |       0.02581800 |   0.02710271 |        0.00301141 |        0.00732383 |        0.00170107 |        0.00988098 
LoopControl     | Output LoopControl statistics           |          0.00061800 |       0.00001000 |   0.00061357 |        0.00006817 |        0.00056667 |        0.00000117 |        0.00060244 
Multipole       | Calculate Multipoles                    |          1.59279500 |       1.49017700 |   1.59251931 |        0.17694659 |        1.50142975 |        0.00000122 |        1.59250813 
NPScalars_EMG   | calculate grid functions                |          0.08371000 |       0.08285100 |   0.08369610 |        0.00929957 |        0.01564369 |        0.00552990 |        0.02373401 
NPScalars_EMG   | Symmetry boundary conditions            |          0.06287900 |       0.06034900 |   0.06286982 |        0.00698554 |        0.00886015 |        0.00250020 |        0.01414327 
QuasiLocalMeasur| Calculate quasi-local quantities        |          0.27707500 |       0.21769800 |   0.27702768 |        0.27702768 |        0.00000000 |        0.27702768 |        0.27702768 
SystemStatistics| Collect system statistics               |          0.00031500 |       0.00030400 |   0.00030524 |        0.00003392 |        0.00027438 |        0.00000120 |        0.00029260 
TerminationTrigg| Check elapsed job walltime              |          0.00029400 |       0.00028600 |   0.00029137 |        0.00003237 |        0.00010259 |        0.00001800 |        0.00012875 
TerminationTrigg| Check if we received a termination signa|          0.00019900 |       0.00017100 |   0.00019762 |        0.00002196 |        0.00001176 |        0.00001870 |        0.00002826 
TerminationTrigg| Check termination file                  |          0.00189000 |       0.00111400 |   0.00189010 |        0.00021001 |        0.00066293 |        0.00007074 |        0.00083182 
TimerReport     | Print the timer report                  |          0.00003900 |       0.00000800 |   0.00003921 |        0.00000436 |        0.00002686 |        0.00000114 |        0.00002968 
--------------------------------------------------------------------------------------------------------------------------------------------------------------------------------------------------
                | Total time for CCTK_ANALYSIS            |          2.14567100 |       1.97057800 |   2.14526699 |        0.48418783 |        1.55317710 |        0.29227036 |        1.94614409 
==================================================================================================================================================================================================
CarpetIOHDF5    | Termination checkpoint routine          |          0.00038800 |       0.00038400 |   0.00038610 |        0.00004290 |        0.00032911 |        0.00000244 |        0.00035299 
LoopControl     | Output LoopControl statistics           |          0.00039000 |       0.00036900 |   0.00039052 |        0.00004339 |        0.00035341 |        0.00000165 |        0.00037659 
MoL             | Free the MoL bookkeeping index arrays   |          0.00120900 |       0.00120700 |   0.00120724 |        0.00013414 |        0.00007100 |        0.00011320 |        0.00019903 
TimerReport     | Print the timer report                  |          1.30879200 |       1.27966500 |   1.30856523 |        0.14539614 |        1.23371389 |        0.00000135 |        1.30855274 
--------------------------------------------------------------------------------------------------------------------------------------------------------------------------------------------------
                | Total time for CCTK_TERMINATE           |          1.31077900 |       1.28162500 |   1.31054910 |        0.14561657 |        1.23446741 |        0.00011865 |        1.30948136 
==================================================================================================================================================================================================
Timers          | Prepare hierarchical timers             |          0.00034700 |       0.00033800 |   0.00034727 |        0.00034727 |        0.00000000 |        0.00034727 |        0.00034727 
--------------------------------------------------------------------------------------------------------------------------------------------------------------------------------------------------
                | Total time for CCTK_SHUTDOWN            |          0.00034700 |       0.00033800 |   0.00034727 |        0.00034727 |        0.00000000 |        0.00034727 |        0.00034727 
==================================================================================================================================================================================================
--------------------------------------------------------------------------------------------------------------------------------------------------------------------------------------------------
                | Total time for simulation               |        202.77415100 |     198.59977100 | 202.73941429 |      202.73941429 |        0.00000000 |      202.73941429 |      202.73941429 
==================================================================================================================================================================================================
--------------------------------------------------------------------------------
Done.
