unload BOOST/1.88.0 (PATH, LD_LIBRARY_PATH, LIBRARY_PATH, PKG_CONFIG_PATH,
C_INCLUDE_PATH, CPLUS_INCLUDE_PATH, BOOST_ROOT, BOOST_DIR) 
remove cmake/3.25.1 (LD_LIBRARY_PATH)
unload SCALAPACK/2.2.0 (LD_LIBRARY_PATH, LIBRARY_PATH, PKG_CONFIG_PATH,
C_INCLUDE_PATH, CPLUS_INCLUDE_PATH) 
unload HDF5/1.14.1-2 (PATH, LD_LIBRARY_PATH, LIBRARY_PATH, C_INCLUDE_PATH,
CPLUS_INCLUDE_PATH, HDF5_DIR, HDF5_ROOT, CFLAGS, CPPFLAGS, LDFLAGS) 
unload OPENBLAS/0.3.27-openmp (LD_LIBRARY_PATH, LIBRARY_PATH, PKG_CONFIG_PATH,
CMAKE_PREFIX_PATH) 
unload FFTW/3.3.10 (LD_LIBRARY_PATH, LIBRARY_PATH, CPATH, C_INCLUDE_PATH,
CPLUS_INCLUDE_PATH, PKG_CONFIG_PATH, FFTW_ROOT, FFTW_HOME) 
unload ZLIB/1.3.1 (LD_LIBRARY_PATH, PKG_CONFIG_PATH, C_INCLUDE_PATH,
CPLUS_INCLUDE_PATH, MANPATH, CFLAGS, CXXFLAGS, LDFLAGS) 
unload HWLOC/2.10.0 (PATH, MANPATH, LD_LIBRARY_PATH, LIBRARY_PATH,
C_INCLUDE_PATH, PKG_CONFIG_PATH, HWLOC_DIR, HWLOC_ROOT) 
unload LAPACK/3.11 (LD_LIBRARY_PATH, LIBRARY_PATH, PKG_CONFIG_PATH,
C_INCLUDE_PATH, CPLUS_INCLUDE_PATH) 
remove mkl/2024.2 (LD_LIBRARY_PATH)
remove openmpi/4.1.5-gcc (LD_LIBRARY_PATH)
load openmpi/4.1.5-gcc (LD_LIBRARY_PATH)
load mkl/2024.2 (LD_LIBRARY_PATH)
load LAPACK/3.11 (LD_LIBRARY_PATH, LIBRARY_PATH, PKG_CONFIG_PATH,
C_INCLUDE_PATH, CPLUS_INCLUDE_PATH) 
load HWLOC/2.10.0 (PATH, MANPATH, LD_LIBRARY_PATH, LIBRARY_PATH,
C_INCLUDE_PATH, PKG_CONFIG_PATH, HWLOC_DIR, HWLOC_ROOT) 
load ZLIB/1.3.1 (LD_LIBRARY_PATH, PKG_CONFIG_PATH, C_INCLUDE_PATH,
CPLUS_INCLUDE_PATH, MANPATH, CFLAGS, CXXFLAGS, LDFLAGS) 
load FFTW/3.3.10 (LD_LIBRARY_PATH, LIBRARY_PATH, CPATH, C_INCLUDE_PATH,
CPLUS_INCLUDE_PATH, PKG_CONFIG_PATH, FFTW_ROOT, FFTW_HOME) 
load OPENBLAS/0.3.27-openmp (LD_LIBRARY_PATH, LIBRARY_PATH, PKG_CONFIG_PATH,
CMAKE_PREFIX_PATH) 
load HDF5/1.14.1-2 (PATH, LD_LIBRARY_PATH, LIBRARY_PATH, C_INCLUDE_PATH,
CPLUS_INCLUDE_PATH, HDF5_DIR, HDF5_ROOT, CFLAGS, CPPFLAGS, LDFLAGS) 
load SCALAPACK/2.2.0 (LD_LIBRARY_PATH, LIBRARY_PATH, PKG_CONFIG_PATH,
C_INCLUDE_PATH, CPLUS_INCLUDE_PATH) 
load cmake/3.25.1 (LD_LIBRARY_PATH)
load BOOST/1.88.0 (PATH, LD_LIBRARY_PATH, LIBRARY_PATH, PKG_CONFIG_PATH,
C_INCLUDE_PATH, CPLUS_INCLUDE_PATH, BOOST_ROOT, BOOST_DIR) 
--------------------------------------------------------------------------
WARNING: Could not generate an xpmem segment id for this process'
address space.

The vader shared memory BTL will fall back on another single-copy
mechanism if one is available. This may result in lower performance.

  Local host: gs19r2b54
  Error code: 2 (No such file or directory)
--------------------------------------------------------------------------
--------------------------------------------------------------------------
WARNING: Could not generate an xpmem segment id for this process'
address space.

The vader shared memory BTL will fall back on another single-copy
mechanism if one is available. This may result in lower performance.

  Local host: gs19r2b54
  Error code: 2 (No such file or directory)
--------------------------------------------------------------------------
--------------------------------------------------------------------------
WARNING: Could not generate an xpmem segment id for this process'
address space.

The vader shared memory BTL will fall back on another single-copy
mechanism if one is available. This may result in lower performance.

  Local host: gs19r2b54
  Error code: 2 (No such file or directory)
--------------------------------------------------------------------------
--------------------------------------------------------------------------
WARNING: Could not generate an xpmem segment id for this process'
address space.

The vader shared memory BTL will fall back on another single-copy
mechanism if one is available. This may result in lower performance.

  Local host: gs19r2b54
  Error code: 2 (No such file or directory)
--------------------------------------------------------------------------
--------------------------------------------------------------------------
WARNING: Could not generate an xpmem segment id for this process'
address space.

The vader shared memory BTL will fall back on another single-copy
mechanism if one is available. This may result in lower performance.

  Local host: gs19r2b54
  Error code: 2 (No such file or directory)
--------------------------------------------------------------------------
--------------------------------------------------------------------------
WARNING: Could not generate an xpmem segment id for this process'
address space.

The vader shared memory BTL will fall back on another single-copy
mechanism if one is available. This may result in lower performance.

  Local host: gs19r2b54
  Error code: 2 (No such file or directory)
--------------------------------------------------------------------------
--------------------------------------------------------------------------
WARNING: Could not generate an xpmem segment id for this process'
address space.

The vader shared memory BTL will fall back on another single-copy
mechanism if one is available. This may result in lower performance.

  Local host: gs19r2b54
  Error code: 2 (No such file or directory)
--------------------------------------------------------------------------
--------------------------------------------------------------------------
WARNING: Could not generate an xpmem segment id for this process'
address space.

The vader shared memory BTL will fall back on another single-copy
mechanism if one is available. This may result in lower performance.

  Local host: gs19r2b54
  Error code: 2 (No such file or directory)
--------------------------------------------------------------------------
--------------------------------------------------------------------------
WARNING: Could not generate an xpmem segment id for this process'
address space.

The vader shared memory BTL will fall back on another single-copy
mechanism if one is available. This may result in lower performance.

  Local host: gs19r2b54
  Error code: 2 (No such file or directory)
--------------------------------------------------------------------------
--------------------------------------------------------------------------
WARNING: Could not generate an xpmem segment id for this process'
address space.

The vader shared memory BTL will fall back on another single-copy
mechanism if one is available. This may result in lower performance.

  Local host: gs19r2b54
  Error code: 2 (No such file or directory)
--------------------------------------------------------------------------
--------------------------------------------------------------------------
WARNING: Could not generate an xpmem segment id for this process'
address space.

The vader shared memory BTL will fall back on another single-copy
mechanism if one is available. This may result in lower performance.

  Local host: gs19r2b54
  Error code: 2 (No such file or directory)
--------------------------------------------------------------------------
--------------------------------------------------------------------------
WARNING: Could not generate an xpmem segment id for this process'
address space.

The vader shared memory BTL will fall back on another single-copy
mechanism if one is available. This may result in lower performance.

  Local host: gs19r2b54
  Error code: 2 (No such file or directory)
--------------------------------------------------------------------------
--------------------------------------------------------------------------
WARNING: Could not generate an xpmem segment id for this process'
address space.

The vader shared memory BTL will fall back on another single-copy
mechanism if one is available. This may result in lower performance.

  Local host: gs19r2b54
  Error code: 2 (No such file or directory)
--------------------------------------------------------------------------
--------------------------------------------------------------------------
WARNING: Could not generate an xpmem segment id for this process'
address space.

The vader shared memory BTL will fall back on another single-copy
mechanism if one is available. This may result in lower performance.

  Local host: gs19r2b54
  Error code: 2 (No such file or directory)
--------------------------------------------------------------------------
--------------------------------------------------------------------------
WARNING: Could not generate an xpmem segment id for this process'
address space.

The vader shared memory BTL will fall back on another single-copy
mechanism if one is available. This may result in lower performance.

  Local host: gs19r2b54
  Error code: 2 (No such file or directory)
--------------------------------------------------------------------------
--------------------------------------------------------------------------
WARNING: Could not generate an xpmem segment id for this process'
address space.

The vader shared memory BTL will fall back on another single-copy
mechanism if one is available. This may result in lower performance.

  Local host: gs19r2b54
  Error code: 2 (No such file or directory)
--------------------------------------------------------------------------
--------------------------------------------------------------------------
WARNING: Could not generate an xpmem segment id for this process'
address space.

The vader shared memory BTL will fall back on another single-copy
mechanism if one is available. This may result in lower performance.

  Local host: gs19r2b54
  Error code: 2 (No such file or directory)
--------------------------------------------------------------------------
--------------------------------------------------------------------------
WARNING: Could not generate an xpmem segment id for this process'
address space.

The vader shared memory BTL will fall back on another single-copy
mechanism if one is available. This may result in lower performance.

  Local host: gs19r2b54
  Error code: 2 (No such file or directory)
--------------------------------------------------------------------------
--------------------------------------------------------------------------
WARNING: Could not generate an xpmem segment id for this process'
address space.

The vader shared memory BTL will fall back on another single-copy
mechanism if one is available. This may result in lower performance.

  Local host: gs19r2b54
  Error code: 2 (No such file or directory)
--------------------------------------------------------------------------
--------------------------------------------------------------------------
WARNING: Could not generate an xpmem segment id for this process'
address space.

The vader shared memory BTL will fall back on another single-copy
mechanism if one is available. This may result in lower performance.

  Local host: gs19r2b54
  Error code: 2 (No such file or directory)
--------------------------------------------------------------------------
--------------------------------------------------------------------------
WARNING: Could not generate an xpmem segment id for this process'
address space.

The vader shared memory BTL will fall back on another single-copy
mechanism if one is available. This may result in lower performance.

  Local host: gs19r2b54
  Error code: 2 (No such file or directory)
--------------------------------------------------------------------------
--------------------------------------------------------------------------
WARNING: Could not generate an xpmem segment id for this process'
address space.

The vader shared memory BTL will fall back on another single-copy
mechanism if one is available. This may result in lower performance.

  Local host: gs19r2b54
  Error code: 2 (No such file or directory)
--------------------------------------------------------------------------
--------------------------------------------------------------------------
WARNING: Could not generate an xpmem segment id for this process'
address space.

The vader shared memory BTL will fall back on another single-copy
mechanism if one is available. This may result in lower performance.

  Local host: gs19r2b54
  Error code: 2 (No such file or directory)
--------------------------------------------------------------------------
--------------------------------------------------------------------------
WARNING: Could not generate an xpmem segment id for this process'
address space.

The vader shared memory BTL will fall back on another single-copy
mechanism if one is available. This may result in lower performance.

  Local host: gs19r2b54
  Error code: 2 (No such file or directory)
--------------------------------------------------------------------------
--------------------------------------------------------------------------
WARNING: Could not generate an xpmem segment id for this process'
address space.

The vader shared memory BTL will fall back on another single-copy
mechanism if one is available. This may result in lower performance.

  Local host: gs19r2b54
  Error code: 2 (No such file or directory)
--------------------------------------------------------------------------
--------------------------------------------------------------------------
WARNING: Could not generate an xpmem segment id for this process'
address space.

The vader shared memory BTL will fall back on another single-copy
mechanism if one is available. This may result in lower performance.

  Local host: gs19r2b54
  Error code: 2 (No such file or directory)
--------------------------------------------------------------------------
--------------------------------------------------------------------------
WARNING: Could not generate an xpmem segment id for this process'
address space.

The vader shared memory BTL will fall back on another single-copy
mechanism if one is available. This may result in lower performance.

  Local host: gs19r2b54
  Error code: 2 (No such file or directory)
--------------------------------------------------------------------------
--------------------------------------------------------------------------
WARNING: Could not generate an xpmem segment id for this process'
address space.

The vader shared memory BTL will fall back on another single-copy
mechanism if one is available. This may result in lower performance.

  Local host: gs19r2b54
  Error code: 2 (No such file or directory)
--------------------------------------------------------------------------
--------------------------------------------------------------------------
WARNING: Could not generate an xpmem segment id for this process'
address space.

The vader shared memory BTL will fall back on another single-copy
mechanism if one is available. This may result in lower performance.

  Local host: gs19r2b54
  Error code: 2 (No such file or directory)
--------------------------------------------------------------------------
--------------------------------------------------------------------------
WARNING: Could not generate an xpmem segment id for this process'
address space.

The vader shared memory BTL will fall back on another single-copy
mechanism if one is available. This may result in lower performance.

  Local host: gs19r2b54
  Error code: 2 (No such file or directory)
--------------------------------------------------------------------------
--------------------------------------------------------------------------
WARNING: Could not generate an xpmem segment id for this process'
address space.

The vader shared memory BTL will fall back on another single-copy
mechanism if one is available. This may result in lower performance.

  Local host: gs19r2b54
  Error code: 2 (No such file or directory)
--------------------------------------------------------------------------
--------------------------------------------------------------------------
WARNING: Could not generate an xpmem segment id for this process'
address space.

The vader shared memory BTL will fall back on another single-copy
mechanism if one is available. This may result in lower performance.

  Local host: gs19r2b54
  Error code: 2 (No such file or directory)
--------------------------------------------------------------------------
--------------------------------------------------------------------------
WARNING: Could not generate an xpmem segment id for this process'
address space.

The vader shared memory BTL will fall back on another single-copy
mechanism if one is available. This may result in lower performance.

  Local host: gs19r2b54
  Error code: 2 (No such file or directory)
--------------------------------------------------------------------------
--------------------------------------------------------------------------
WARNING: Could not generate an xpmem segment id for this process'
address space.

The vader shared memory BTL will fall back on another single-copy
mechanism if one is available. This may result in lower performance.

  Local host: gs19r2b54
  Error code: 2 (No such file or directory)
--------------------------------------------------------------------------
--------------------------------------------------------------------------
WARNING: Could not generate an xpmem segment id for this process'
address space.

The vader shared memory BTL will fall back on another single-copy
mechanism if one is available. This may result in lower performance.

  Local host: gs19r2b54
  Error code: 2 (No such file or directory)
--------------------------------------------------------------------------
--------------------------------------------------------------------------
WARNING: Could not generate an xpmem segment id for this process'
address space.

The vader shared memory BTL will fall back on another single-copy
mechanism if one is available. This may result in lower performance.

  Local host: gs19r2b54
  Error code: 2 (No such file or directory)
--------------------------------------------------------------------------
--------------------------------------------------------------------------
WARNING: Could not generate an xpmem segment id for this process'
address space.

The vader shared memory BTL will fall back on another single-copy
mechanism if one is available. This may result in lower performance.

  Local host: gs19r2b54
  Error code: 2 (No such file or directory)
--------------------------------------------------------------------------
--------------------------------------------------------------------------
WARNING: Could not generate an xpmem segment id for this process'
address space.

The vader shared memory BTL will fall back on another single-copy
mechanism if one is available. This may result in lower performance.

  Local host: gs19r2b54
  Error code: 2 (No such file or directory)
--------------------------------------------------------------------------
--------------------------------------------------------------------------
WARNING: Could not generate an xpmem segment id for this process'
address space.

The vader shared memory BTL will fall back on another single-copy
mechanism if one is available. This may result in lower performance.

  Local host: gs19r2b54
  Error code: 2 (No such file or directory)
--------------------------------------------------------------------------
--------------------------------------------------------------------------
WARNING: Could not generate an xpmem segment id for this process'
address space.

The vader shared memory BTL will fall back on another single-copy
mechanism if one is available. This may result in lower performance.

  Local host: gs19r2b54
  Error code: 2 (No such file or directory)
--------------------------------------------------------------------------
--------------------------------------------------------------------------
WARNING: Could not generate an xpmem segment id for this process'
address space.

The vader shared memory BTL will fall back on another single-copy
mechanism if one is available. This may result in lower performance.

  Local host: gs19r2b54
  Error code: 2 (No such file or directory)
--------------------------------------------------------------------------
--------------------------------------------------------------------------
WARNING: Could not generate an xpmem segment id for this process'
address space.

The vader shared memory BTL will fall back on another single-copy
mechanism if one is available. This may result in lower performance.

  Local host: gs19r2b54
  Error code: 2 (No such file or directory)
--------------------------------------------------------------------------
--------------------------------------------------------------------------
WARNING: Could not generate an xpmem segment id for this process'
address space.

The vader shared memory BTL will fall back on another single-copy
mechanism if one is available. This may result in lower performance.

  Local host: gs19r2b54
  Error code: 2 (No such file or directory)
--------------------------------------------------------------------------
--------------------------------------------------------------------------
WARNING: Could not generate an xpmem segment id for this process'
address space.

The vader shared memory BTL will fall back on another single-copy
mechanism if one is available. This may result in lower performance.

  Local host: gs19r2b54
  Error code: 2 (No such file or directory)
--------------------------------------------------------------------------
--------------------------------------------------------------------------
WARNING: Could not generate an xpmem segment id for this process'
address space.

The vader shared memory BTL will fall back on another single-copy
mechanism if one is available. This may result in lower performance.

  Local host: gs19r2b54
  Error code: 2 (No such file or directory)
--------------------------------------------------------------------------
--------------------------------------------------------------------------
WARNING: Could not generate an xpmem segment id for this process'
address space.

The vader shared memory BTL will fall back on another single-copy
mechanism if one is available. This may result in lower performance.

  Local host: gs19r2b54
  Error code: 2 (No such file or directory)
--------------------------------------------------------------------------
--------------------------------------------------------------------------
WARNING: Could not generate an xpmem segment id for this process'
address space.

The vader shared memory BTL will fall back on another single-copy
mechanism if one is available. This may result in lower performance.

  Local host: gs19r2b54
  Error code: 2 (No such file or directory)
--------------------------------------------------------------------------
--------------------------------------------------------------------------
WARNING: Could not generate an xpmem segment id for this process'
address space.

The vader shared memory BTL will fall back on another single-copy
mechanism if one is available. This may result in lower performance.

  Local host: gs19r2b54
  Error code: 2 (No such file or directory)
--------------------------------------------------------------------------
--------------------------------------------------------------------------
WARNING: Could not generate an xpmem segment id for this process'
address space.

The vader shared memory BTL will fall back on another single-copy
mechanism if one is available. This may result in lower performance.

  Local host: gs19r2b54
  Error code: 2 (No such file or directory)
--------------------------------------------------------------------------
--------------------------------------------------------------------------
WARNING: Could not generate an xpmem segment id for this process'
address space.

The vader shared memory BTL will fall back on another single-copy
mechanism if one is available. This may result in lower performance.

  Local host: gs19r2b54
  Error code: 2 (No such file or directory)
--------------------------------------------------------------------------
--------------------------------------------------------------------------
WARNING: Could not generate an xpmem segment id for this process'
address space.

The vader shared memory BTL will fall back on another single-copy
mechanism if one is available. This may result in lower performance.

  Local host: gs19r2b54
  Error code: 2 (No such file or directory)
--------------------------------------------------------------------------
--------------------------------------------------------------------------
WARNING: Could not generate an xpmem segment id for this process'
address space.

The vader shared memory BTL will fall back on another single-copy
mechanism if one is available. This may result in lower performance.

  Local host: gs19r2b54
  Error code: 2 (No such file or directory)
--------------------------------------------------------------------------
--------------------------------------------------------------------------
WARNING: Could not generate an xpmem segment id for this process'
address space.

The vader shared memory BTL will fall back on another single-copy
mechanism if one is available. This may result in lower performance.

  Local host: gs19r2b54
  Error code: 2 (No such file or directory)
--------------------------------------------------------------------------
--------------------------------------------------------------------------
WARNING: Could not generate an xpmem segment id for this process'
address space.

The vader shared memory BTL will fall back on another single-copy
mechanism if one is available. This may result in lower performance.

  Local host: gs19r2b54
  Error code: 2 (No such file or directory)
--------------------------------------------------------------------------
--------------------------------------------------------------------------
WARNING: Could not generate an xpmem segment id for this process'
address space.

The vader shared memory BTL will fall back on another single-copy
mechanism if one is available. This may result in lower performance.

  Local host: gs19r2b54
  Error code: 2 (No such file or directory)
--------------------------------------------------------------------------
--------------------------------------------------------------------------
WARNING: Could not generate an xpmem segment id for this process'
address space.

The vader shared memory BTL will fall back on another single-copy
mechanism if one is available. This may result in lower performance.

  Local host: gs19r2b54
  Error code: 2 (No such file or directory)
--------------------------------------------------------------------------
--------------------------------------------------------------------------
WARNING: Could not generate an xpmem segment id for this process'
address space.

The vader shared memory BTL will fall back on another single-copy
mechanism if one is available. This may result in lower performance.

  Local host: gs19r2b54
  Error code: 2 (No such file or directory)
--------------------------------------------------------------------------
--------------------------------------------------------------------------
WARNING: Could not generate an xpmem segment id for this process'
address space.

The vader shared memory BTL will fall back on another single-copy
mechanism if one is available. This may result in lower performance.

  Local host: gs19r2b54
  Error code: 2 (No such file or directory)
--------------------------------------------------------------------------
--------------------------------------------------------------------------
WARNING: Could not generate an xpmem segment id for this process'
address space.

The vader shared memory BTL will fall back on another single-copy
mechanism if one is available. This may result in lower performance.

  Local host: gs19r2b54
  Error code: 2 (No such file or directory)
--------------------------------------------------------------------------
--------------------------------------------------------------------------
WARNING: Could not generate an xpmem segment id for this process'
address space.

The vader shared memory BTL will fall back on another single-copy
mechanism if one is available. This may result in lower performance.

  Local host: gs19r2b54
  Error code: 2 (No such file or directory)
--------------------------------------------------------------------------
--------------------------------------------------------------------------
WARNING: Could not generate an xpmem segment id for this process'
address space.

The vader shared memory BTL will fall back on another single-copy
mechanism if one is available. This may result in lower performance.

  Local host: gs19r2b54
  Error code: 2 (No such file or directory)
--------------------------------------------------------------------------
--------------------------------------------------------------------------
WARNING: Could not generate an xpmem segment id for this process'
address space.

The vader shared memory BTL will fall back on another single-copy
mechanism if one is available. This may result in lower performance.

  Local host: gs19r2b54
  Error code: 2 (No such file or directory)
--------------------------------------------------------------------------
--------------------------------------------------------------------------
WARNING: Could not generate an xpmem segment id for this process'
address space.

The vader shared memory BTL will fall back on another single-copy
mechanism if one is available. This may result in lower performance.

  Local host: gs19r2b54
  Error code: 2 (No such file or directory)
--------------------------------------------------------------------------
--------------------------------------------------------------------------
WARNING: Could not generate an xpmem segment id for this process'
address space.

The vader shared memory BTL will fall back on another single-copy
mechanism if one is available. This may result in lower performance.

  Local host: gs19r2b54
  Error code: 2 (No such file or directory)
--------------------------------------------------------------------------
--------------------------------------------------------------------------
WARNING: Could not generate an xpmem segment id for this process'
address space.

The vader shared memory BTL will fall back on another single-copy
mechanism if one is available. This may result in lower performance.

  Local host: gs19r2b54
  Error code: 2 (No such file or directory)
--------------------------------------------------------------------------
--------------------------------------------------------------------------
WARNING: Could not generate an xpmem segment id for this process'
address space.

The vader shared memory BTL will fall back on another single-copy
mechanism if one is available. This may result in lower performance.

  Local host: gs19r2b54
  Error code: 2 (No such file or directory)
--------------------------------------------------------------------------
--------------------------------------------------------------------------
WARNING: Could not generate an xpmem segment id for this process'
address space.

The vader shared memory BTL will fall back on another single-copy
mechanism if one is available. This may result in lower performance.

  Local host: gs19r2b54
  Error code: 2 (No such file or directory)
--------------------------------------------------------------------------
--------------------------------------------------------------------------
WARNING: Could not generate an xpmem segment id for this process'
address space.

The vader shared memory BTL will fall back on another single-copy
mechanism if one is available. This may result in lower performance.

  Local host: gs19r2b54
  Error code: 2 (No such file or directory)
--------------------------------------------------------------------------
--------------------------------------------------------------------------
WARNING: Could not generate an xpmem segment id for this process'
address space.

The vader shared memory BTL will fall back on another single-copy
mechanism if one is available. This may result in lower performance.

  Local host: gs19r2b54
  Error code: 2 (No such file or directory)
--------------------------------------------------------------------------
--------------------------------------------------------------------------
WARNING: Could not generate an xpmem segment id for this process'
address space.

The vader shared memory BTL will fall back on another single-copy
mechanism if one is available. This may result in lower performance.

  Local host: gs19r2b54
  Error code: 2 (No such file or directory)
--------------------------------------------------------------------------
--------------------------------------------------------------------------
WARNING: Could not generate an xpmem segment id for this process'
address space.

The vader shared memory BTL will fall back on another single-copy
mechanism if one is available. This may result in lower performance.

  Local host: gs19r2b54
  Error code: 2 (No such file or directory)
--------------------------------------------------------------------------
--------------------------------------------------------------------------
WARNING: Could not generate an xpmem segment id for this process'
address space.

The vader shared memory BTL will fall back on another single-copy
mechanism if one is available. This may result in lower performance.

  Local host: gs19r2b54
  Error code: 2 (No such file or directory)
--------------------------------------------------------------------------
--------------------------------------------------------------------------
WARNING: Could not generate an xpmem segment id for this process'
address space.

The vader shared memory BTL will fall back on another single-copy
mechanism if one is available. This may result in lower performance.

  Local host: gs19r2b54
  Error code: 2 (No such file or directory)
--------------------------------------------------------------------------
--------------------------------------------------------------------------
WARNING: Could not generate an xpmem segment id for this process'
address space.

The vader shared memory BTL will fall back on another single-copy
mechanism if one is available. This may result in lower performance.

  Local host: gs19r2b54
  Error code: 2 (No such file or directory)
--------------------------------------------------------------------------
--------------------------------------------------------------------------
WARNING: Could not generate an xpmem segment id for this process'
address space.

The vader shared memory BTL will fall back on another single-copy
mechanism if one is available. This may result in lower performance.

  Local host: gs19r2b54
  Error code: 2 (No such file or directory)
--------------------------------------------------------------------------
--------------------------------------------------------------------------
WARNING: Could not generate an xpmem segment id for this process'
address space.

The vader shared memory BTL will fall back on another single-copy
mechanism if one is available. This may result in lower performance.

  Local host: gs19r2b54
  Error code: 2 (No such file or directory)
--------------------------------------------------------------------------
--------------------------------------------------------------------------
WARNING: Could not generate an xpmem segment id for this process'
address space.

The vader shared memory BTL will fall back on another single-copy
mechanism if one is available. This may result in lower performance.

  Local host: gs19r2b54
  Error code: 2 (No such file or directory)
--------------------------------------------------------------------------
--------------------------------------------------------------------------
WARNING: Could not generate an xpmem segment id for this process'
address space.

The vader shared memory BTL will fall back on another single-copy
mechanism if one is available. This may result in lower performance.

  Local host: gs19r2b54
  Error code: 2 (No such file or directory)
--------------------------------------------------------------------------
--------------------------------------------------------------------------
WARNING: Could not generate an xpmem segment id for this process'
address space.

The vader shared memory BTL will fall back on another single-copy
mechanism if one is available. This may result in lower performance.

  Local host: gs19r2b54
  Error code: 2 (No such file or directory)
--------------------------------------------------------------------------
--------------------------------------------------------------------------
WARNING: Could not generate an xpmem segment id for this process'
address space.

The vader shared memory BTL will fall back on another single-copy
mechanism if one is available. This may result in lower performance.

  Local host: gs19r2b54
  Error code: 2 (No such file or directory)
--------------------------------------------------------------------------
--------------------------------------------------------------------------
WARNING: Could not generate an xpmem segment id for this process'
address space.

The vader shared memory BTL will fall back on another single-copy
mechanism if one is available. This may result in lower performance.

  Local host: gs19r2b54
  Error code: 2 (No such file or directory)
--------------------------------------------------------------------------
--------------------------------------------------------------------------
WARNING: Could not generate an xpmem segment id for this process'
address space.

The vader shared memory BTL will fall back on another single-copy
mechanism if one is available. This may result in lower performance.

  Local host: gs19r2b54
  Error code: 2 (No such file or directory)
--------------------------------------------------------------------------
--------------------------------------------------------------------------
WARNING: Could not generate an xpmem segment id for this process'
address space.

The vader shared memory BTL will fall back on another single-copy
mechanism if one is available. This may result in lower performance.

  Local host: gs19r2b54
  Error code: 2 (No such file or directory)
--------------------------------------------------------------------------
--------------------------------------------------------------------------
WARNING: Could not generate an xpmem segment id for this process'
address space.

The vader shared memory BTL will fall back on another single-copy
mechanism if one is available. This may result in lower performance.

  Local host: gs19r2b54
  Error code: 2 (No such file or directory)
--------------------------------------------------------------------------
--------------------------------------------------------------------------
WARNING: Could not generate an xpmem segment id for this process'
address space.

The vader shared memory BTL will fall back on another single-copy
mechanism if one is available. This may result in lower performance.

  Local host: gs19r2b54
  Error code: 2 (No such file or directory)
--------------------------------------------------------------------------
--------------------------------------------------------------------------
WARNING: Could not generate an xpmem segment id for this process'
address space.

The vader shared memory BTL will fall back on another single-copy
mechanism if one is available. This may result in lower performance.

  Local host: gs19r2b54
  Error code: 2 (No such file or directory)
--------------------------------------------------------------------------
--------------------------------------------------------------------------
WARNING: Could not generate an xpmem segment id for this process'
address space.

The vader shared memory BTL will fall back on another single-copy
mechanism if one is available. This may result in lower performance.

  Local host: gs19r2b54
  Error code: 2 (No such file or directory)
--------------------------------------------------------------------------
--------------------------------------------------------------------------
WARNING: Could not generate an xpmem segment id for this process'
address space.

The vader shared memory BTL will fall back on another single-copy
mechanism if one is available. This may result in lower performance.

  Local host: gs19r2b54
  Error code: 2 (No such file or directory)
--------------------------------------------------------------------------
--------------------------------------------------------------------------
WARNING: Could not generate an xpmem segment id for this process'
address space.

The vader shared memory BTL will fall back on another single-copy
mechanism if one is available. This may result in lower performance.

  Local host: gs19r2b54
  Error code: 2 (No such file or directory)
--------------------------------------------------------------------------
--------------------------------------------------------------------------
WARNING: Could not generate an xpmem segment id for this process'
address space.

The vader shared memory BTL will fall back on another single-copy
mechanism if one is available. This may result in lower performance.

  Local host: gs19r2b54
  Error code: 2 (No such file or directory)
--------------------------------------------------------------------------
--------------------------------------------------------------------------
WARNING: Could not generate an xpmem segment id for this process'
address space.

The vader shared memory BTL will fall back on another single-copy
mechanism if one is available. This may result in lower performance.

  Local host: gs19r2b54
  Error code: 2 (No such file or directory)
--------------------------------------------------------------------------
--------------------------------------------------------------------------
WARNING: Could not generate an xpmem segment id for this process'
address space.

The vader shared memory BTL will fall back on another single-copy
mechanism if one is available. This may result in lower performance.

  Local host: gs19r2b54
  Error code: 2 (No such file or directory)
--------------------------------------------------------------------------
--------------------------------------------------------------------------
WARNING: Could not generate an xpmem segment id for this process'
address space.

The vader shared memory BTL will fall back on another single-copy
mechanism if one is available. This may result in lower performance.

  Local host: gs19r2b54
  Error code: 2 (No such file or directory)
--------------------------------------------------------------------------
--------------------------------------------------------------------------
WARNING: Could not generate an xpmem segment id for this process'
address space.

The vader shared memory BTL will fall back on another single-copy
mechanism if one is available. This may result in lower performance.

  Local host: gs19r2b54
  Error code: 2 (No such file or directory)
--------------------------------------------------------------------------
--------------------------------------------------------------------------
WARNING: Could not generate an xpmem segment id for this process'
address space.

The vader shared memory BTL will fall back on another single-copy
mechanism if one is available. This may result in lower performance.

  Local host: gs19r2b54
  Error code: 2 (No such file or directory)
--------------------------------------------------------------------------
--------------------------------------------------------------------------
WARNING: Could not generate an xpmem segment id for this process'
address space.

The vader shared memory BTL will fall back on another single-copy
mechanism if one is available. This may result in lower performance.

  Local host: gs19r2b54
  Error code: 2 (No such file or directory)
--------------------------------------------------------------------------
--------------------------------------------------------------------------
WARNING: Could not generate an xpmem segment id for this process'
address space.

The vader shared memory BTL will fall back on another single-copy
mechanism if one is available. This may result in lower performance.

  Local host: gs19r2b54
  Error code: 2 (No such file or directory)
--------------------------------------------------------------------------
--------------------------------------------------------------------------
WARNING: Could not generate an xpmem segment id for this process'
address space.

The vader shared memory BTL will fall back on another single-copy
mechanism if one is available. This may result in lower performance.

  Local host: gs19r2b54
  Error code: 2 (No such file or directory)
--------------------------------------------------------------------------
--------------------------------------------------------------------------
WARNING: Could not generate an xpmem segment id for this process'
address space.

The vader shared memory BTL will fall back on another single-copy
mechanism if one is available. This may result in lower performance.

  Local host: gs19r2b54
  Error code: 2 (No such file or directory)
--------------------------------------------------------------------------
--------------------------------------------------------------------------
WARNING: Could not generate an xpmem segment id for this process'
address space.

The vader shared memory BTL will fall back on another single-copy
mechanism if one is available. This may result in lower performance.

  Local host: gs19r2b54
  Error code: 2 (No such file or directory)
--------------------------------------------------------------------------
--------------------------------------------------------------------------
WARNING: Could not generate an xpmem segment id for this process'
address space.

The vader shared memory BTL will fall back on another single-copy
mechanism if one is available. This may result in lower performance.

  Local host: gs19r2b54
  Error code: 2 (No such file or directory)
--------------------------------------------------------------------------
--------------------------------------------------------------------------
WARNING: Could not generate an xpmem segment id for this process'
address space.

The vader shared memory BTL will fall back on another single-copy
mechanism if one is available. This may result in lower performance.

  Local host: gs19r2b54
  Error code: 2 (No such file or directory)
--------------------------------------------------------------------------
--------------------------------------------------------------------------
WARNING: Could not generate an xpmem segment id for this process'
address space.

The vader shared memory BTL will fall back on another single-copy
mechanism if one is available. This may result in lower performance.

  Local host: gs19r2b54
  Error code: 2 (No such file or directory)
--------------------------------------------------------------------------
--------------------------------------------------------------------------
WARNING: Could not generate an xpmem segment id for this process'
address space.

The vader shared memory BTL will fall back on another single-copy
mechanism if one is available. This may result in lower performance.

  Local host: gs19r2b54
  Error code: 2 (No such file or directory)
--------------------------------------------------------------------------
--------------------------------------------------------------------------
WARNING: Could not generate an xpmem segment id for this process'
address space.

The vader shared memory BTL will fall back on another single-copy
mechanism if one is available. This may result in lower performance.

  Local host: gs19r2b54
  Error code: 2 (No such file or directory)
--------------------------------------------------------------------------
--------------------------------------------------------------------------
WARNING: Could not generate an xpmem segment id for this process'
address space.

The vader shared memory BTL will fall back on another single-copy
mechanism if one is available. This may result in lower performance.

  Local host: gs19r2b54
  Error code: 2 (No such file or directory)
--------------------------------------------------------------------------
--------------------------------------------------------------------------
WARNING: Could not generate an xpmem segment id for this process'
address space.

The vader shared memory BTL will fall back on another single-copy
mechanism if one is available. This may result in lower performance.

  Local host: gs19r2b54
  Error code: 2 (No such file or directory)
--------------------------------------------------------------------------
--------------------------------------------------------------------------
WARNING: Could not generate an xpmem segment id for this process'
address space.

The vader shared memory BTL will fall back on another single-copy
mechanism if one is available. This may result in lower performance.

  Local host: gs19r2b54
  Error code: 2 (No such file or directory)
--------------------------------------------------------------------------
--------------------------------------------------------------------------
WARNING: Could not generate an xpmem segment id for this process'
address space.

The vader shared memory BTL will fall back on another single-copy
mechanism if one is available. This may result in lower performance.

  Local host: gs19r2b54
  Error code: 2 (No such file or directory)
--------------------------------------------------------------------------
--------------------------------------------------------------------------
WARNING: Could not generate an xpmem segment id for this process'
address space.

The vader shared memory BTL will fall back on another single-copy
mechanism if one is available. This may result in lower performance.

  Local host: gs19r2b54
  Error code: 2 (No such file or directory)
--------------------------------------------------------------------------
--------------------------------------------------------------------------
WARNING: Could not generate an xpmem segment id for this process'
address space.

The vader shared memory BTL will fall back on another single-copy
mechanism if one is available. This may result in lower performance.

  Local host: gs19r2b54
  Error code: 2 (No such file or directory)
--------------------------------------------------------------------------
--------------------------------------------------------------------------
WARNING: Could not generate an xpmem segment id for this process'
address space.

The vader shared memory BTL will fall back on another single-copy
mechanism if one is available. This may result in lower performance.

  Local host: gs19r2b54
  Error code: 2 (No such file or directory)
--------------------------------------------------------------------------
--------------------------------------------------------------------------------

       10                                  
  1   0101       ************************  
  01  1010 10      The Cactus Code V4.16.0    
 1010 1101 011      www.cactuscode.org     
  1001 100101    ************************  
    00010101                               
     100011     (c) Copyright The Authors  
      0100      GNU Licensed. No Warranty  
      0101                                 
--------------------------------------------------------------------------------

Cactus version:    4.16.0
Compile date:      Aug 24 2026 (12:43:48)
Run date:          Aug 24 2026 (13:09:45+0200)
Run host:          gs19r2b54 (pid=686699)
Working directory: /gpfs/projects/epor63/uapt015213/dyonic-collision/simulations/IC_L=512_M=0.5,0.5-Q=0.05,0-G=0,0.05-x0=8_h=8/output-0000
Executable:        /gpfs/projects/epor63/uapt015213/cactus/exe/cactus_base
Parameter file:    BSSN.par
--------------------------------------------------------------------------------

Activating thorn Cactus...Success -> active implementation Cactus
Activation requested for 
--->ADMBase ADMCoupling ADMMacros AEILocalInterp AHFinderDirect Boundary Carpet CarpetInterp CarpetLib CarpetMask CarpetReduce CarpetRegrid2 CarpetSlab CarpetTracker CartGrid3D CoordBase CoordGauge Dissipation GenericFD InitBase LocalInterp LoopControl MoL Multipole NaNChecker NewRad PunctureTracker ReflectionSymmetry Slab SpaceMask SphericalSurface StaticConformal SymBase Time TmunuBase Fortran GSL HDF5 LeanBSSNMoL EMGBase EMGEvolve TwoChargedPunctures NPScalars NPScalars_EMG QuasiLocalMeasures SystemStatistics TerminationTrigger TimerReport CarpetIOASCII CarpetIOBasic CarpetIOHDF5 CarpetIOScalar IOUtil<---
Thorn Carpet requests automatic activation of MPI
Thorn Carpet requests automatic activation of Timers
Thorn CarpetLib requests automatic activation of Vectors
Thorn CarpetLib requests automatic activation of Boost
Thorn CarpetLib requests automatic activation of CycleClock
Thorn HDF5 requests automatic activation of zlib
Thorn LoopControl requests automatic activation of hwloc
Thorn QuasiLocalMeasures requests automatic activation of LAPACK
Thorn QuasiLocalMeasures requests automatic activation of TGRtensor
Thorn LAPACK requests automatic activation of BLAS
Activating thorn ADMBase...Success -> active implementation ADMBase
Activating thorn ADMCoupling...Success -> active implementation ADMCoupling
Activating thorn ADMMacros...Success -> active implementation ADMMacros
Activating thorn AEILocalInterp...Success -> active implementation AEILocalInterp
Activating thorn AHFinderDirect...Success -> active implementation AHFinderDirect
Activating thorn BLAS...Success -> active implementation BLAS
Activating thorn Boost...Success -> active implementation Boost
Activating thorn Boundary...Success -> active implementation boundary
Activating thorn Carpet...Success -> active implementation Driver
Activating thorn CarpetInterp...Success -> active implementation interp
Activating thorn CarpetIOASCII...Success -> active implementation IOASCII
Activating thorn CarpetIOBasic...Success -> active implementation IOBasic
Activating thorn CarpetIOHDF5...Success -> active implementation IOHDF5
Activating thorn CarpetIOScalar...Success -> active implementation IOScalar
Activating thorn CarpetLib...Success -> active implementation CarpetLib
Activating thorn CarpetMask...Success -> active implementation CarpetMask
Activating thorn CarpetReduce...Success -> active implementation reduce
Activating thorn CarpetRegrid2...Success -> active implementation CarpetRegrid2
Activating thorn CarpetSlab...Success -> active implementation Hyperslab
Activating thorn CarpetTracker...Success -> active implementation CarpetTracker
Activating thorn CartGrid3D...Success -> active implementation grid
Activating thorn CoordBase...Success -> active implementation CoordBase
Activating thorn CoordGauge...Success -> active implementation CoordGauge
Activating thorn CycleClock...Success -> active implementation CycleClock
Activating thorn Dissipation...Success -> active implementation Dissipation
Activating thorn EMGBase...Success -> active implementation EMGBase
Activating thorn EMGEvolve...Success -> active implementation EMGEvolve
Activating thorn Fortran...Success -> active implementation Fortran
Activating thorn GenericFD...Success -> active implementation GenericFD
Activating thorn GSL...Success -> active implementation GSL
Activating thorn HDF5...Success -> active implementation HDF5
Activating thorn hwloc...Success -> active implementation hwloc
Activating thorn InitBase...Success -> active implementation InitBase
Activating thorn IOUtil...Success -> active implementation IO
Activating thorn LAPACK...Success -> active implementation LAPACK
Activating thorn LeanBSSNMoL...Success -> active implementation LeanBSSNMoL
Activating thorn LocalInterp...Success -> active implementation LocalInterp
Activating thorn LoopControl...Success -> active implementation LoopControl
Activating thorn MoL...Success -> active implementation MethodOfLines
Activating thorn MPI...Success -> active implementation MPI
Activating thorn Multipole...Success -> active implementation multipole
Activating thorn NaNChecker...Success -> active implementation NaNChecker
Activating thorn NewRad...Success -> active implementation NewRad
Activating thorn NPScalars...Success -> active implementation NPScalars
Activating thorn NPScalars_EMG...Success -> active implementation NPScalars_EMG
Activating thorn PunctureTracker...Success -> active implementation PunctureTracker
Activating thorn QuasiLocalMeasures...Success -> active implementation QuasiLocalMeasures
Activating thorn ReflectionSymmetry...Success -> active implementation ReflectionSymmetry
Activating thorn Slab...Success -> active implementation Slab
Activating thorn SpaceMask...Success -> active implementation SpaceMask
Activating thorn SphericalSurface...Success -> active implementation SphericalSurface
Activating thorn StaticConformal...Success -> active implementation StaticConformal
Activating thorn SymBase...Success -> active implementation SymBase
Activating thorn SystemStatistics...Success -> active implementation SystemStatistics
Activating thorn TerminationTrigger...Success -> active implementation TerminationTrigger
Activating thorn TGRtensor...Success -> active implementation TGRtensor
Activating thorn Time...Success -> active implementation time
Activating thorn TimerReport...Success -> active implementation timerreport
Activating thorn Timers...Success -> active implementation Timers
Activating thorn TmunuBase...Success -> active implementation TmunuBase
Activating thorn TwoChargedPunctures...Success -> active implementation TwoChargedPunctures
Activating thorn Vectors...Success -> active implementation Vectors
Activating thorn zlib...Success -> active implementation zlib
--------------------------------------------------------------------------------
  if (recover initial data)
    Recover parameters
  endif

  Startup routines
    [CCTK_STARTUP]
      Carpet::MultiModel_Startup: Multi-model Startup routine
      CycleClock::CycleClock_Setup: Set up CycleClock
      LoopControl::LC_setup: Set up LoopControl
      Timers::Timer_Startup: Prepare hierarchical timers
      Carpet::Driver_Startup: Startup routine
      IOUtil::IOUtil_Startup: Startup routine
      CarpetIOScalar::CarpetIOScalarStartup: [global] Startup routine
      CarpetInterp::CarpetInterpStartup: Startup routine
      CarpetReduce::CarpetReduceStartup: Startup routine
      CartGrid3D::SymmetryStartup: Register GH Extension for GridSymmetry
      CoordBase::CoordBase_Startup: Register a GH extension to store the coordinate system handles
      AEILocalInterp::AEILocalInterp_U_Startup: register CCTK_InterpLocalUniform() interpolation operators
      EMGEvolve::EMG_RegisterMask: Register the masks for excision
      CarpetIOASCII::CarpetIOASCIIStartup: [global] Startup routine
      LeanBSSNMoL::LeanBSSN_RegisterSlicing: [meta] Register slicing
      LocalInterp::LocalInterp_Startup: register LocalInterp's interpolation operators
      CarpetIOBasic::CarpetIOBasicStartup: [global] Startup routine
      MoL::MoL_Startup: Startup banner
      Slab::Slab_InitMPIDatatypes: Create MPI datatypes for complex variables in C
      SymBase::SymBase_Startup: Register GH Extension for SymBase
      TerminationTrigger::TerminationTrigger_StartSignalHandler: Start signal handler
      CarpetIOHDF5::CarpetIOHDF5_Startup: Startup routine
      Vectors::Vectors_Startup: Print startup message
      GROUP hwloc_startup: hwloc startup group
        hwloc::hwloc_version: Output hwloc version

  Startup routines which need an existing grid hierarchy
    [CCTK_WRAGH]
      ADMBase::Einstein_InitSymBound: [global] Set up GF symmetries
      Boundary::Boundary_RegisterBCs: [global] Register boundary conditions that this thorn provides
      CarpetRegrid2::CarpetRegrid2_Initialise: [global] Initialise locations of refined regions
      CartGrid3D::RegisterCartGrid3DCoords: [meta] Register coordinates for the Cartesian grid
      CoordGauge::Einstein_ActivateSlicing: Initialize slicing, setup priorities for mixed slicings
      CoordGauge::Einstein_SetNextSlicing: Identify the slicing for the next iteration
      MoL::MoL_SetupIndexArrays: Set up the MoL bookkeeping index arrays
      MoL::MoL_SetScheduleStatus: [global] Set the flag so it is ok to register with MoL
      TmunuBase::TmunuBase_SetStressEnergyState: [global] Set the stress_energy_state variable
      GROUP MoL_Register: The group where physics thorns register variables with MoL
        EMGEvolve::EMG_RegisterVars: [meta] Register variables for MoL
        LeanBSSNMoL::LeanBSSN_RegisterVars: [meta] Register variables for MoL
      Slab::Slab_InitTimers: Initialise timers
      SpaceMask::MaskSym: [global] Set grid symmetries for mask
      SpaceMask::MaskSym_emask: [global] Set grid symmetries for emask (compatibility mode)
      GROUP SymBase_Wrapper: Wrapper group for SymBase
        GROUP SymmetryRegister: Register your symmetries here
          CartGrid3D::CartGrid3D_RegisterSymmetryBoundaries: [meta] Register symmetry boundaries
          ReflectionSymmetry::ReflectionSymmetry_Register: Register reflection symmetry boundaries
        SymBase::SymBase_Statistics: Print symmetry boundary face descriptions
      MoL::MoL_ReportNumberVariables: [meta] Report how many of each type of variable there are
  Parameter checking routines
    [CCTK_PARAMCHECK]
      ADMBase::ADMBase_ParamCheck: [global] Check consistency of parameters
      Boundary::Boundary_Check: Check dimension of grid variables
      Carpet::CarpetParamCheck: Parameter checking routine
      CarpetLib::CarpetLib_test_prolongate_3d_rf2: [global] Test prolongation operators
      CarpetMask::CarpetSurfaceParamCheck: [global] Check parameters
      CarpetRegrid2::CarpetRegrid2_ParamCheck: Check parameters
      CartGrid3D::ParamCheck_CartGrid3D: Check coordinates for CartGrid3D
      Dissipation::dissipation_paramcheck: Check dissipation parameters for consistency
      Fortran::CheckFortranParameters: Test whether Fortran parameters work correctly
      LeanBSSNMoL::Lean_ParamCheck: Check Lean parameters for consistency
      MoL::MoL_ParamCheck: Basic parameter checking
      Multipole::Multipole_ParamCheck: [global] Check Multipole parameters
      NPScalars::NPScalars_ParamCheck: Check NPScalars parameters for consistency
      QuasiLocalMeasures::qlm_paramcheck: [global] Check quasi-local parameter settings
      SphericalSurface::SphericalSurface_ParamCheck: [global] Check that all surface names are unique
      TerminationTrigger::TerminationTrigger_ParamCheck: Check consitency of parameters
      TmunuBase::TmunuBase_ParamCheck: [global] Check that no deprecated parameters are used.
      TwoChargedPunctures::TwoChargedPunctures_ParamCheck: Check parameters and thorn needs
      Vectors::Vectors_Test: Run correctness tests.

  Initialisation
    if (NOT (recover initial data AND recovery_mode is 'strict'))
      [CCTK_PREREGRIDINITIAL]
      Set up grid hierarchy
      [CCTK_POSTREGRIDINITIAL]
        SpaceMask::MaskZero: Initialise mask to zero
        CartGrid3D::SpatialCoordinates: Set Coordinates after regridding
        GROUP MaskBase_SetupMask: Set up the weight function
          GROUP MaskBase_SetupMaskAll: Set up the weight function
            CarpetReduce::MaskBase_AllocateMask: [global] Allocate the weight function
            CarpetReduce::MaskBase_InitMask: [global] [loop-local] Initialise the weight function
            GROUP SetupIMaskInternal: Set up the integer weight function (schedule other routines in here)
              CarpetReduce::CoordBase_SetupMask: [global] [loop-local] Set up the outer boundaries of the weight function
              CarpetReduce::CarpetMaskSetup: [global] [loop-singlemap] Set up the weight function for the restriction regions
            GROUP SetupIMask: Set up the integer weight function (schedule other routines in here)
              CarpetMask::CarpetExcludedSetup: [global] [loop-local] Set up the weight function for the excluded regions
              CarpetMask::CarpetSurfaceSetup: [global] [loop-local] Set up the weight function for the excluded spherical surfaces
            CarpetReduce::MaskBase_SetMask: [global] [loop-local] Set the weight function
            GROUP SetupMask: Set up the real weight function (schedule other routines in here)
            CarpetReduce::MaskBase_TestMask: [global] Test the weight function
        Dissipation::setup_epsdis: Setup spatially varying dissipation
        GROUP MoL_PseudoEvolutionBoundaries: Apply boundary conditions to pseudo-evolved quantities
        GROUP CalcNPScalars_BC: Boundary conditions
          NPScalars::NPboundaries: [level] Symmetry boundary conditions
          GROUP ApplyBCs_NP: Apply boundary conditions
            GROUP BoundaryConditions: Execute all boundary conditions
              Boundary::Boundary_ApplyPhysicalBCs: Apply all requested local physical boundary conditions
              CartGrid3D::CartGrid3D_ApplyBC: Apply symmetry boundary conditions
              ReflectionSymmetry::ReflectionSymmetry_Apply: Apply reflection symmetries
            Boundary::Boundary_ClearSelection: [level] Unselect all grid variables for boundary conditions
        GROUP CalcNPEMGScalars_BC: Boundary conditions
          NPScalars_EMG::NPEMG_Boundaries: [level] Symmetry boundary conditions
          GROUP ApplyBCs_NPEMG: Apply boundary conditions
            GROUP BoundaryConditions: Execute all boundary conditions
              Boundary::Boundary_ApplyPhysicalBCs: Apply all requested local physical boundary conditions
              CartGrid3D::CartGrid3D_ApplyBC: Apply symmetry boundary conditions
              ReflectionSymmetry::ReflectionSymmetry_Apply: Apply reflection symmetries
            Boundary::Boundary_ClearSelection: [level] Unselect all grid variables for boundary conditions
        SpaceMask::MaskOne: Set mask to one
        AHFinderDirect::AHFinderDirect_maybe_do_masks: set mask(s) based on apparent horizon position(s)
      [CCTK_BASEGRID]
        ADMBase::ADMBase_SetShiftStateOn: Set the shift_state variable to 1
        ADMBase::ADMBase_SetDtLapseStateOn: Set the dtlapse_state variable to 1
        ADMBase::ADMBase_SetDtShiftStateOn: Set the dtshift_state variable to 1
        ADMMacros::ADMMacros_SetLocalSpatialOrder: Initialize the local_spatial_order
        CartGrid3D::SpatialSpacings: Set up ranges for spatial 3D Cartesian coordinates (on all grids)
        CartGrid3D::SpatialCoordinates: Set up spatial 3D Cartesian coordinates on the GH
        SphericalSurface::SphericalSurface_SetupRes: [global] [loop-local] Set surface resolution automatically
        AHFinderDirect::AHFinderDirect_setup: [global] setup data structures
        Dissipation::dissipation_basegrid: Ensure that there are enough ghost zones
        EMGBase::emg_symmetries: [global] Register symmetries of the grid functions
        EMGEvolve::EMG_InitSymBound: [meta] Schedule symmetries
        EMGEvolve::EMG_zero_rhs: set all rhs functions to zero to prevent spurious nans
        LeanBSSNMoL::LeanBSSN_symmetries: [global] Register symmetries of the BSSN grid functions
        LeanBSSNMoL::LeanBSSN_zero_rhs: Set all rhs functions to zero to prevent spurious nans
        NPScalars::NP_symmetries: [meta] Set symmetries for grid functions
        NPScalars_EMG::NPEMG_symmetries: [meta] Set symmetries for grid functions
        NaNChecker::NaNChecker_ResetCounter: [global] Reset the NaNChecker::NaNsFound counter
        SpaceMask::MaskZero: Initialise mask to zero
        SpaceMask::MaskOne: Set old style mask to one
        SphericalSurface::SphericalSurface_Setup: [global] Calculate surface coordinate descriptors
        GROUP MaskBase_SetupMask: Set up the weight function
          GROUP MaskBase_SetupMaskAll: Set up the weight function
            CarpetReduce::MaskBase_AllocateMask: [global] Allocate the weight function
            CarpetReduce::MaskBase_InitMask: [global] [loop-local] Initialise the weight function
            GROUP SetupIMaskInternal: Set up the integer weight function (schedule other routines in here)
              CarpetReduce::CoordBase_SetupMask: [global] [loop-local] Set up the outer boundaries of the weight function
              CarpetReduce::CarpetMaskSetup: [global] [loop-singlemap] Set up the weight function for the restriction regions
            GROUP SetupIMask: Set up the integer weight function (schedule other routines in here)
              CarpetMask::CarpetExcludedSetup: [global] [loop-local] Set up the weight function for the excluded regions
              CarpetMask::CarpetSurfaceSetup: [global] [loop-local] Set up the weight function for the excluded spherical surfaces
            CarpetReduce::MaskBase_SetMask: [global] [loop-local] Set the weight function
            GROUP SetupMask: Set up the real weight function (schedule other routines in here)
            CarpetReduce::MaskBase_TestMask: [global] Test the weight function
        SphericalSurface::SphericalSurface_Set: [global] Set surface radii to be used for initial setup in other thorns
        GROUP SphericalSurface_HasBeenSet: Set the spherical surfaces before this group, and use it afterwards
          SphericalSurface::SphericalSurface_CheckState: [global] Test the state of the spherical surfaces
        SymBase::SymBase_Check: Check whether the driver set up the grid consistently
        TerminationTrigger::TerminationTrigger_ResetTrigger: Clear trigger state
        TerminationTrigger::TerminationTrigger_StartTimer: Start timer
        TerminationTrigger::TerminationTrigger_CreateFile: Create termination file
        Time::Time_Initialise: [global] Initialise Time variables
        Time::TemporalSpacings: [singlemap] Set timestep based on Courant condition (courant_static)
      [CCTK_INITIAL]
        StaticConformal::StaticConformal_InitialiseState: Set the conformal_state variable to 0
        GROUP ADMBase_InitialData: Schedule group for calculating ADM initial data
          GROUP TwoChargedPunctures_Group: TwoChargedPunctures initial data group
            TwoChargedPunctures::TwoChargedPunctures: Create puncture black hole initial data
        GROUP ADMBase_InitialGauge: Schedule group for the ADM initial gauge condition
          ADMBase::ADMBase_ShiftZero: Set the shift to 0 at all points
          ADMBase::ADMBase_DtLapseZero: Set the dtlapse to 0 at all points
          ADMBase::ADMBase_DtShiftZero: Set the dtshift to 0 at all points
        CarpetIOASCII::CarpetIOASCIIInit: [global] Initialisation routine
        CarpetIOBasic::CarpetIOBasicInit: [global] Initialisation routine
        CarpetIOHDF5::CarpetIOHDF5_Init: [global] Initialisation routine
        CarpetIOScalar::CarpetIOScalarInit: [global] Initialisation routine
        GROUP ADMBase_PostInitial: Schedule group for modifying the ADM initial data, such as e.g. adding noise
        LeanBSSNMoL::LeanBSSN_adm2bssn: [local] Convert initial data into BSSN variables
        LeanBSSNMoL::LeanBSSN_Boundaries: [level] Boundary enforcement
        MoL::MoL_StartLoop: [level] Initialise the step size control
        PunctureTracker::PunctureTracker_Init: [global] Calculate initial location of punctures
        QuasiLocalMeasures::qlm_init: [global] Initialise quasi-local calculations
        GROUP LeanBSSN_ApplyBCs: Apply boundary conditions
          GROUP BoundaryConditions: Execute all boundary conditions
            Boundary::Boundary_ApplyPhysicalBCs: Apply all requested local physical boundary conditions
            CartGrid3D::CartGrid3D_ApplyBC: Apply symmetry boundary conditions
            ReflectionSymmetry::ReflectionSymmetry_Apply: Apply reflection symmetries
          Boundary::Boundary_ClearSelection: [level] Unselect all grid variables for boundary conditions
      [CCTK_POSTINITIAL]
        CarpetIOHDF5::CarpetIOHDF5_CloseFiles: [global] Close all filereader input files
        GROUP MoL_PostStepModify: The group for physics thorns to schedule enforcing constraints
        GROUP MoL_PostStep: Ensure that everything is correct after the initial data have been set up
          LeanBSSNMoL::LeanBSSN_remove_trA: Remove trace of A
          EMGEvolve::EMG_Boundaries: [level] MoL boundary enforcement for EMG variables
          GROUP EMG_ApplyBCs: Apply boundary conditions
            GROUP BoundaryConditions: Execute all boundary conditions
              Boundary::Boundary_ApplyPhysicalBCs: Apply all requested local physical boundary conditions
              CartGrid3D::CartGrid3D_ApplyBC: Apply symmetry boundary conditions
              ReflectionSymmetry::ReflectionSymmetry_Apply: Apply reflection symmetries
            Boundary::Boundary_ClearSelection: [level] Unselect all grid variables for boundary conditions
          LeanBSSNMoL::LeanBSSN_impose_conf_fac_floor: Make sure conformal factor does not drop below specified value
          LeanBSSNMoL::LeanBSSN_Boundaries: [level] MoL boundary enforcement
          GROUP LeanBSSN_ApplyBCs: Apply boundary conditions
            GROUP BoundaryConditions: Execute all boundary conditions
              Boundary::Boundary_ApplyPhysicalBCs: Apply all requested local physical boundary conditions
              CartGrid3D::CartGrid3D_ApplyBC: Apply symmetry boundary conditions
              ReflectionSymmetry::ReflectionSymmetry_Apply: Apply reflection symmetries
            Boundary::Boundary_ClearSelection: [level] Unselect all grid variables for boundary conditions
          LeanBSSNMoL::LeanBSSN_bssn2adm: [local] Convert variables back to the ADM ones
          GROUP ADMBase_SetADMVars: Set the ADM variables before this group, and use them afterwards
          GROUP SetTmunu: Group for calculating the stress-energy tensor
            TmunuBase::TmunuBase_ZeroTmunu: Initialise the stress-energy tensor to zero
            GROUP AddToTmunu: Add to the stress-energy tensor here
              EMGEvolve::EMG_AddToTmunu: Compute the energy-momentum tensor
        GROUP MoL_PseudoEvolution: Calculate pseudo-evolved quantities
          GROUP ADMBase_SetADMVars: Set the ADM variables before this group, and use them afterwards
          GROUP CalcNPScalars: Calculate NPScalars
            NPScalars::NP_calcPsiGF: [local] calculate Psi4 as grid function
            GROUP CalcNPScalars_BC: Boundary conditions
              NPScalars::NPboundaries: [level] Symmetry boundary conditions
              GROUP ApplyBCs_NP: Apply boundary conditions
                GROUP BoundaryConditions: Execute all boundary conditions
                  Boundary::Boundary_ApplyPhysicalBCs: Apply all requested local physical boundary conditions
                  CartGrid3D::CartGrid3D_ApplyBC: Apply symmetry boundary conditions
                  ReflectionSymmetry::ReflectionSymmetry_Apply: Apply reflection symmetries
                Boundary::Boundary_ClearSelection: [level] Unselect all grid variables for boundary conditions
        GROUP CalcNPScalars: Calculate NPScalars
          NPScalars::NP_calcPsiGF: [local] calculate Psi4 as grid function
          GROUP CalcNPScalars_BC: Boundary conditions
            NPScalars::NPboundaries: [level] Symmetry boundary conditions
            GROUP ApplyBCs_NP: Apply boundary conditions
              GROUP BoundaryConditions: Execute all boundary conditions
                Boundary::Boundary_ApplyPhysicalBCs: Apply all requested local physical boundary conditions
                CartGrid3D::CartGrid3D_ApplyBC: Apply symmetry boundary conditions
                ReflectionSymmetry::ReflectionSymmetry_Apply: Apply reflection symmetries
              Boundary::Boundary_ClearSelection: [level] Unselect all grid variables for boundary conditions
        GROUP CalcNPEMGScalars: Calculate NPScalars
          NPScalars_EMG::NPEMG_calcPsiGF: [local] calculate grid functions
          GROUP CalcNPEMGScalars_BC: Boundary conditions
            NPScalars_EMG::NPEMG_Boundaries: [level] Symmetry boundary conditions
            GROUP ApplyBCs_NPEMG: Apply boundary conditions
              GROUP BoundaryConditions: Execute all boundary conditions
                Boundary::Boundary_ApplyPhysicalBCs: Apply all requested local physical boundary conditions
                CartGrid3D::CartGrid3D_ApplyBC: Apply symmetry boundary conditions
                ReflectionSymmetry::ReflectionSymmetry_Apply: Apply reflection symmetries
              Boundary::Boundary_ClearSelection: [level] Unselect all grid variables for boundary conditions
      Initialise finer grids recursively
      Restrict from finer grids
      [CCTK_POSTRESTRICTINITIAL]
        GROUP MoL_PostStep: Ensure that everything is correct after restriction
          LeanBSSNMoL::LeanBSSN_remove_trA: Remove trace of A
          EMGEvolve::EMG_Boundaries: [level] MoL boundary enforcement for EMG variables
          GROUP EMG_ApplyBCs: Apply boundary conditions
            GROUP BoundaryConditions: Execute all boundary conditions
              Boundary::Boundary_ApplyPhysicalBCs: Apply all requested local physical boundary conditions
              CartGrid3D::CartGrid3D_ApplyBC: Apply symmetry boundary conditions
              ReflectionSymmetry::ReflectionSymmetry_Apply: Apply reflection symmetries
            Boundary::Boundary_ClearSelection: [level] Unselect all grid variables for boundary conditions
          LeanBSSNMoL::LeanBSSN_impose_conf_fac_floor: Make sure conformal factor does not drop below specified value
          LeanBSSNMoL::LeanBSSN_Boundaries: [level] MoL boundary enforcement
          GROUP LeanBSSN_ApplyBCs: Apply boundary conditions
            GROUP BoundaryConditions: Execute all boundary conditions
              Boundary::Boundary_ApplyPhysicalBCs: Apply all requested local physical boundary conditions
              CartGrid3D::CartGrid3D_ApplyBC: Apply symmetry boundary conditions
              ReflectionSymmetry::ReflectionSymmetry_Apply: Apply reflection symmetries
            Boundary::Boundary_ClearSelection: [level] Unselect all grid variables for boundary conditions
          LeanBSSNMoL::LeanBSSN_bssn2adm: [local] Convert variables back to the ADM ones
          GROUP ADMBase_SetADMVars: Set the ADM variables before this group, and use them afterwards
          GROUP SetTmunu: Group for calculating the stress-energy tensor
            TmunuBase::TmunuBase_ZeroTmunu: Initialise the stress-energy tensor to zero
            GROUP AddToTmunu: Add to the stress-energy tensor here
              EMGEvolve::EMG_AddToTmunu: Compute the energy-momentum tensor
        GROUP MoL_PseudoEvolutionBoundaries: Apply boundary conditions to pseudo-evolved quantities
        GROUP CalcNPScalars_BC: Boundary conditions
          NPScalars::NPboundaries: [level] Symmetry boundary conditions
          GROUP ApplyBCs_NP: Apply boundary conditions
            GROUP BoundaryConditions: Execute all boundary conditions
              Boundary::Boundary_ApplyPhysicalBCs: Apply all requested local physical boundary conditions
              CartGrid3D::CartGrid3D_ApplyBC: Apply symmetry boundary conditions
              ReflectionSymmetry::ReflectionSymmetry_Apply: Apply reflection symmetries
            Boundary::Boundary_ClearSelection: [level] Unselect all grid variables for boundary conditions
        GROUP CalcNPEMGScalars_BC: Boundary conditions
          NPScalars_EMG::NPEMG_Boundaries: [level] Symmetry boundary conditions
          GROUP ApplyBCs_NPEMG: Apply boundary conditions
            GROUP BoundaryConditions: Execute all boundary conditions
              Boundary::Boundary_ApplyPhysicalBCs: Apply all requested local physical boundary conditions
              CartGrid3D::CartGrid3D_ApplyBC: Apply symmetry boundary conditions
              ReflectionSymmetry::ReflectionSymmetry_Apply: Apply reflection symmetries
            Boundary::Boundary_ClearSelection: [level] Unselect all grid variables for boundary conditions
      [CCTK_POSTPOSTINITIAL]
      [CCTK_POSTSTEP]
        AHFinderDirect::AHFinderDirect_import_mask: [global] [loop-local] import the excision mask
        AHFinderDirect::AHFinderDirect_find_horizons: [global] find apparent horizon(s) after this time step
        AHFinderDirect::AHFinderDirect_store: [global] store apparent horizon(s) into spherical surface(s)
        AHFinderDirect::AHFinderDirect_save: [global] save apparent horizon(s) into Cactus variables
        AHFinderDirect::AHFinderDirect_maybe_do_masks: set mask(s) based on apparent horizon position(s)
        SphericalSurface::SphericalSurface_Set: [global] Set surface radii
        GROUP SphericalSurface_HasBeenSet: Set the spherical surfaces before this group, and use it afterwards
          SphericalSurface::SphericalSurface_CheckState: [global] Test the state of the spherical surfaces
        GROUP zzz_NaNChecker_NaNCheck: Check for NaNs and count them in NaNChecker::NaNsFound
          NaNChecker::NaNChecker_NaNCheck_Prepare: [level] Prepare data structures to check for NaNs
          NaNChecker::NaNChecker_NaNCheck_Check: [local] Check for NaNs
          NaNChecker::NaNChecker_NaNCheck_Finish: [level] Count NaNs in NaNChecker::NaNsFound
        NaNChecker::NaNChecker_TakeAction: [global] [loop-level] Output NaNChecker::NaNmask and take action according to NaNChecker::action_if_found
        PunctureTracker::PunctureTracker_SetPositions: [global] Copy puncture positions to spherical surfaces
        SpaceMask::CheckMask: Ensure that all mask values are legal
        Dissipation::setup_epsdis: Setup spatially varying dissipation
        GROUP MaskBase_SetupMask: Set up the weight function
          GROUP MaskBase_SetupMaskAll: Set up the weight function
            CarpetReduce::MaskBase_AllocateMask: [global] Allocate the weight function
            CarpetReduce::MaskBase_InitMask: [global] [loop-local] Initialise the weight function
            GROUP SetupIMaskInternal: Set up the integer weight function (schedule other routines in here)
              CarpetReduce::CoordBase_SetupMask: [global] [loop-local] Set up the outer boundaries of the weight function
              CarpetReduce::CarpetMaskSetup: [global] [loop-singlemap] Set up the weight function for the restriction regions
            GROUP SetupIMask: Set up the integer weight function (schedule other routines in here)
              CarpetMask::CarpetExcludedSetup: [global] [loop-local] Set up the weight function for the excluded regions
              CarpetMask::CarpetSurfaceSetup: [global] [loop-local] Set up the weight function for the excluded spherical surfaces
            CarpetReduce::MaskBase_SetMask: [global] [loop-local] Set the weight function
            GROUP SetupMask: Set up the real weight function (schedule other routines in here)
            CarpetReduce::MaskBase_TestMask: [global] Test the weight function
    endif
    if (recover initial data)
      [CCTK_BASEGRID]
        ADMBase::ADMBase_SetShiftStateOn: Set the shift_state variable to 1
        ADMBase::ADMBase_SetDtLapseStateOn: Set the dtlapse_state variable to 1
        ADMBase::ADMBase_SetDtShiftStateOn: Set the dtshift_state variable to 1
        ADMMacros::ADMMacros_SetLocalSpatialOrder: Initialize the local_spatial_order
        CartGrid3D::SpatialSpacings: Set up ranges for spatial 3D Cartesian coordinates (on all grids)
        CartGrid3D::SpatialCoordinates: Set up spatial 3D Cartesian coordinates on the GH
        SphericalSurface::SphericalSurface_SetupRes: [global] [loop-local] Set surface resolution automatically
        AHFinderDirect::AHFinderDirect_setup: [global] setup data structures
        Dissipation::dissipation_basegrid: Ensure that there are enough ghost zones
        EMGBase::emg_symmetries: [global] Register symmetries of the grid functions
        EMGEvolve::EMG_InitSymBound: [meta] Schedule symmetries
        EMGEvolve::EMG_zero_rhs: set all rhs functions to zero to prevent spurious nans
        LeanBSSNMoL::LeanBSSN_symmetries: [global] Register symmetries of the BSSN grid functions
        LeanBSSNMoL::LeanBSSN_zero_rhs: Set all rhs functions to zero to prevent spurious nans
        NPScalars::NP_symmetries: [meta] Set symmetries for grid functions
        NPScalars_EMG::NPEMG_symmetries: [meta] Set symmetries for grid functions
        NaNChecker::NaNChecker_ResetCounter: [global] Reset the NaNChecker::NaNsFound counter
        SpaceMask::MaskZero: Initialise mask to zero
        SpaceMask::MaskOne: Set old style mask to one
        SphericalSurface::SphericalSurface_Setup: [global] Calculate surface coordinate descriptors
        GROUP MaskBase_SetupMask: Set up the weight function
          GROUP MaskBase_SetupMaskAll: Set up the weight function
            CarpetReduce::MaskBase_AllocateMask: [global] Allocate the weight function
            CarpetReduce::MaskBase_InitMask: [global] [loop-local] Initialise the weight function
            GROUP SetupIMaskInternal: Set up the integer weight function (schedule other routines in here)
              CarpetReduce::CoordBase_SetupMask: [global] [loop-local] Set up the outer boundaries of the weight function
              CarpetReduce::CarpetMaskSetup: [global] [loop-singlemap] Set up the weight function for the restriction regions
            GROUP SetupIMask: Set up the integer weight function (schedule other routines in here)
              CarpetMask::CarpetExcludedSetup: [global] [loop-local] Set up the weight function for the excluded regions
              CarpetMask::CarpetSurfaceSetup: [global] [loop-local] Set up the weight function for the excluded spherical surfaces
            CarpetReduce::MaskBase_SetMask: [global] [loop-local] Set the weight function
            GROUP SetupMask: Set up the real weight function (schedule other routines in here)
            CarpetReduce::MaskBase_TestMask: [global] Test the weight function
        SphericalSurface::SphericalSurface_Set: [global] Set surface radii to be used for initial setup in other thorns
        GROUP SphericalSurface_HasBeenSet: Set the spherical surfaces before this group, and use it afterwards
          SphericalSurface::SphericalSurface_CheckState: [global] Test the state of the spherical surfaces
        SymBase::SymBase_Check: Check whether the driver set up the grid consistently
        TerminationTrigger::TerminationTrigger_ResetTrigger: Clear trigger state
        TerminationTrigger::TerminationTrigger_StartTimer: Start timer
        TerminationTrigger::TerminationTrigger_CreateFile: Create termination file
        Time::Time_Initialise: [global] Initialise Time variables
        Time::TemporalSpacings: [singlemap] Set timestep based on Courant condition (courant_static)
      [CCTK_RECOVER_VARIABLES]
        IOUtil::IOUtil_RecoverGH: [level] Checkpoint recovery routine
      [CCTK_POST_RECOVER_VARIABLES]
        AHFinderDirect::AHFinderDirect_recover: [global] import horizon data from Cactus variables
        CarpetIOHDF5::CarpetIOHDF5_InitCheckpointingIntervals: [global] Initialisation of checkpointing intervals after recovery
        CarpetIOHDF5::CarpetIOHDF5_CloseFiles: [meta] Close all initial data checkpoint files after recovery
        GROUP MaskBase_SetupMask: Set up the weight function
          GROUP MaskBase_SetupMaskAll: Set up the weight function
            CarpetReduce::MaskBase_AllocateMask: [global] Allocate the weight function
            CarpetReduce::MaskBase_InitMask: [global] [loop-local] Initialise the weight function
            GROUP SetupIMaskInternal: Set up the integer weight function (schedule other routines in here)
              CarpetReduce::CoordBase_SetupMask: [global] [loop-local] Set up the outer boundaries of the weight function
              CarpetReduce::CarpetMaskSetup: [global] [loop-singlemap] Set up the weight function for the restriction regions
            GROUP SetupIMask: Set up the integer weight function (schedule other routines in here)
              CarpetMask::CarpetExcludedSetup: [global] [loop-local] Set up the weight function for the excluded regions
              CarpetMask::CarpetSurfaceSetup: [global] [loop-local] Set up the weight function for the excluded spherical surfaces
            CarpetReduce::MaskBase_SetMask: [global] [loop-local] Set the weight function
            GROUP SetupMask: Set up the real weight function (schedule other routines in here)
            CarpetReduce::MaskBase_TestMask: [global] Test the weight function
        GROUP MoL_PostStep: Ensure that everything is correct after recovery
          LeanBSSNMoL::LeanBSSN_remove_trA: Remove trace of A
          EMGEvolve::EMG_Boundaries: [level] MoL boundary enforcement for EMG variables
          GROUP EMG_ApplyBCs: Apply boundary conditions
            GROUP BoundaryConditions: Execute all boundary conditions
              Boundary::Boundary_ApplyPhysicalBCs: Apply all requested local physical boundary conditions
              CartGrid3D::CartGrid3D_ApplyBC: Apply symmetry boundary conditions
              ReflectionSymmetry::ReflectionSymmetry_Apply: Apply reflection symmetries
            Boundary::Boundary_ClearSelection: [level] Unselect all grid variables for boundary conditions
          LeanBSSNMoL::LeanBSSN_impose_conf_fac_floor: Make sure conformal factor does not drop below specified value
          LeanBSSNMoL::LeanBSSN_Boundaries: [level] MoL boundary enforcement
          GROUP LeanBSSN_ApplyBCs: Apply boundary conditions
            GROUP BoundaryConditions: Execute all boundary conditions
              Boundary::Boundary_ApplyPhysicalBCs: Apply all requested local physical boundary conditions
              CartGrid3D::CartGrid3D_ApplyBC: Apply symmetry boundary conditions
              ReflectionSymmetry::ReflectionSymmetry_Apply: Apply reflection symmetries
            Boundary::Boundary_ClearSelection: [level] Unselect all grid variables for boundary conditions
          LeanBSSNMoL::LeanBSSN_bssn2adm: [local] Convert variables back to the ADM ones
          GROUP ADMBase_SetADMVars: Set the ADM variables before this group, and use them afterwards
          GROUP SetTmunu: Group for calculating the stress-energy tensor
            TmunuBase::TmunuBase_ZeroTmunu: Initialise the stress-energy tensor to zero
            GROUP AddToTmunu: Add to the stress-energy tensor here
              EMGEvolve::EMG_AddToTmunu: Compute the energy-momentum tensor
        GROUP zzz_NaNChecker_NaNCheck: Check for NaNs and count them in NaNChecker::NaNsFound
          NaNChecker::NaNChecker_NaNCheck_Prepare: [level] Prepare data structures to check for NaNs
          NaNChecker::NaNChecker_NaNCheck_Check: [local] Check for NaNs
          NaNChecker::NaNChecker_NaNCheck_Finish: [level] Count NaNs in NaNChecker::NaNsFound
        NaNChecker::NaNChecker_TakeAction: [global] [loop-level] Output NaNChecker::NaNmask and take action according to NaNChecker::action_if_found
        TerminationTrigger::TerminationTrigger_ResetMinutes: [global] Reset Watchtime
    endif
    if (checkpoint initial data)
      [CCTK_CPINITIAL]
        CarpetIOHDF5::CarpetIOHDF5_InitialDataCheckpoint: [meta] Initial data checkpoint routine
    endif
    if (analysis)
      [CCTK_ANALYSIS]
        CarpetLib::CarpetLib_printtimestats: [global] Print timing statistics if desired
        CarpetLib::CarpetLib_printmemstats: [global] Print memory statistics if desired
        GROUP EMG_constraints: Group to compute constraints
          EMGEvolve::EMG_constraints: Compute constraints
          EMGEvolve::EMG_constraints_boundaries: [level] Enforce symmetry BCs in constraint computation
          GROUP EMG_constraints_ApplyBCs: Apply boundary conditions
            GROUP BoundaryConditions: Execute all boundary conditions
              Boundary::Boundary_ApplyPhysicalBCs: Apply all requested local physical boundary conditions
              CartGrid3D::CartGrid3D_ApplyBC: Apply symmetry boundary conditions
              ReflectionSymmetry::ReflectionSymmetry_Apply: Apply reflection symmetries
            Boundary::Boundary_ClearSelection: [level] Unselect all grid variables for boundary conditions
        GROUP LeanBSSN_constraints: Compute constraints
          LeanBSSNMoL::LeanBSSN_bssn_constraints: Compute constraints
          LeanBSSNMoL::LeanBSSN_Constraints_Boundaries: [level] Enforce symmetry BCs in constraint computation
          GROUP LeanBSSN_Constraints_ApplyBCs: Apply boundary conditions
            GROUP BoundaryConditions: Execute all boundary conditions
              Boundary::Boundary_ApplyPhysicalBCs: Apply all requested local physical boundary conditions
              CartGrid3D::CartGrid3D_ApplyBC: Apply symmetry boundary conditions
              ReflectionSymmetry::ReflectionSymmetry_Apply: Apply reflection symmetries
            Boundary::Boundary_ClearSelection: [level] Unselect all grid variables for boundary conditions
        LoopControl::LC_statistics_analysis: [meta] Output LoopControl statistics
        Multipole::Multipole_Calc: [global] Calculate Multipoles
        GROUP CalcNPEMGScalars: Calculate NPScalars
          NPScalars_EMG::NPEMG_calcPsiGF: [local] calculate grid functions
          GROUP CalcNPEMGScalars_BC: Boundary conditions
            NPScalars_EMG::NPEMG_Boundaries: [level] Symmetry boundary conditions
            GROUP ApplyBCs_NPEMG: Apply boundary conditions
              GROUP BoundaryConditions: Execute all boundary conditions
                Boundary::Boundary_ApplyPhysicalBCs: Apply all requested local physical boundary conditions
                CartGrid3D::CartGrid3D_ApplyBC: Apply symmetry boundary conditions
                ReflectionSymmetry::ReflectionSymmetry_Apply: Apply reflection symmetries
              Boundary::Boundary_ClearSelection: [level] Unselect all grid variables for boundary conditions
        QuasiLocalMeasures::qlm_calculate: [global] Calculate quasi-local quantities
        SystemStatistics::SystemStatistics_Collect: [global] Collect system statistics
        TerminationTrigger::TerminationTrigger_CheckWalltime: Check elapsed job walltime
        TerminationTrigger::TerminationTrigger_CheckSignal: Check if we received a termination signal
        TerminationTrigger::TerminationTrigger_CheckFile: Check termination file
        TimerReport::zzz_TimerReport_Output: [global] Print the timer report
  endif
  Output grid variables

  do loop over timesteps
    [CCTK_PREREGRID]
      CarpetTracker::CarpetTracker_SetPositions: [global] Set positions of refined regions
    Change grid hierarchy
    [CCTK_POSTREGRID]
      SpaceMask::MaskZero: Initialise mask to zero
      CartGrid3D::SpatialCoordinates: Set Coordinates after regridding
      GROUP MaskBase_SetupMask: Set up the weight function
        GROUP MaskBase_SetupMaskAll: Set up the weight function
          CarpetReduce::MaskBase_AllocateMask: [global] Allocate the weight function
          CarpetReduce::MaskBase_InitMask: [global] [loop-local] Initialise the weight function
          GROUP SetupIMaskInternal: Set up the integer weight function (schedule other routines in here)
            CarpetReduce::CoordBase_SetupMask: [global] [loop-local] Set up the outer boundaries of the weight function
            CarpetReduce::CarpetMaskSetup: [global] [loop-singlemap] Set up the weight function for the restriction regions
          GROUP SetupIMask: Set up the integer weight function (schedule other routines in here)
            CarpetMask::CarpetExcludedSetup: [global] [loop-local] Set up the weight function for the excluded regions
            CarpetMask::CarpetSurfaceSetup: [global] [loop-local] Set up the weight function for the excluded spherical surfaces
          CarpetReduce::MaskBase_SetMask: [global] [loop-local] Set the weight function
          GROUP SetupMask: Set up the real weight function (schedule other routines in here)
          CarpetReduce::MaskBase_TestMask: [global] Test the weight function
      Dissipation::setup_epsdis: Setup spatially varying dissipation
      GROUP MoL_PostStep: Ensure that everything is correct after regridding
        LeanBSSNMoL::LeanBSSN_remove_trA: Remove trace of A
        EMGEvolve::EMG_Boundaries: [level] MoL boundary enforcement for EMG variables
        GROUP EMG_ApplyBCs: Apply boundary conditions
          GROUP BoundaryConditions: Execute all boundary conditions
            Boundary::Boundary_ApplyPhysicalBCs: Apply all requested local physical boundary conditions
            CartGrid3D::CartGrid3D_ApplyBC: Apply symmetry boundary conditions
            ReflectionSymmetry::ReflectionSymmetry_Apply: Apply reflection symmetries
          Boundary::Boundary_ClearSelection: [level] Unselect all grid variables for boundary conditions
        LeanBSSNMoL::LeanBSSN_impose_conf_fac_floor: Make sure conformal factor does not drop below specified value
        LeanBSSNMoL::LeanBSSN_Boundaries: [level] MoL boundary enforcement
        GROUP LeanBSSN_ApplyBCs: Apply boundary conditions
          GROUP BoundaryConditions: Execute all boundary conditions
            Boundary::Boundary_ApplyPhysicalBCs: Apply all requested local physical boundary conditions
            CartGrid3D::CartGrid3D_ApplyBC: Apply symmetry boundary conditions
            ReflectionSymmetry::ReflectionSymmetry_Apply: Apply reflection symmetries
          Boundary::Boundary_ClearSelection: [level] Unselect all grid variables for boundary conditions
        LeanBSSNMoL::LeanBSSN_bssn2adm: [local] Convert variables back to the ADM ones
        GROUP ADMBase_SetADMVars: Set the ADM variables before this group, and use them afterwards
        GROUP SetTmunu: Group for calculating the stress-energy tensor
          TmunuBase::TmunuBase_ZeroTmunu: Initialise the stress-energy tensor to zero
          GROUP AddToTmunu: Add to the stress-energy tensor here
            EMGEvolve::EMG_AddToTmunu: Compute the energy-momentum tensor
      GROUP MoL_PseudoEvolutionBoundaries: Apply boundary conditions to pseudo-evolved quantities
      GROUP CalcNPScalars_BC: Boundary conditions
        NPScalars::NPboundaries: [level] Symmetry boundary conditions
        GROUP ApplyBCs_NP: Apply boundary conditions
          GROUP BoundaryConditions: Execute all boundary conditions
            Boundary::Boundary_ApplyPhysicalBCs: Apply all requested local physical boundary conditions
            CartGrid3D::CartGrid3D_ApplyBC: Apply symmetry boundary conditions
            ReflectionSymmetry::ReflectionSymmetry_Apply: Apply reflection symmetries
          Boundary::Boundary_ClearSelection: [level] Unselect all grid variables for boundary conditions
      GROUP CalcNPEMGScalars_BC: Boundary conditions
        NPScalars_EMG::NPEMG_Boundaries: [level] Symmetry boundary conditions
        GROUP ApplyBCs_NPEMG: Apply boundary conditions
          GROUP BoundaryConditions: Execute all boundary conditions
            Boundary::Boundary_ApplyPhysicalBCs: Apply all requested local physical boundary conditions
            CartGrid3D::CartGrid3D_ApplyBC: Apply symmetry boundary conditions
            ReflectionSymmetry::ReflectionSymmetry_Apply: Apply reflection symmetries
          Boundary::Boundary_ClearSelection: [level] Unselect all grid variables for boundary conditions
      SpaceMask::MaskOne: Set mask to one
      AHFinderDirect::AHFinderDirect_maybe_do_masks: set mask(s) based on apparent horizon position(s)
    Rotate timelevels
    iteration = iteration+1
    t = t+dt
    [CCTK_PRESTEP]
      CoordGauge::Einstein_SetNextSlicing: Identify the slicing for the next iteration
      LoopControl::LC_steer: [meta] Update LoopControl algorithm preferences
      NaNChecker::NaNChecker_ResetCounter: [global] Reset the NaNChecker::NaNsFound counter
    [CCTK_EVOL]
      MoL::MoL_StartLoop: [level] Initialise the step size control
      while (MoL::MoL_Stepsize_Bad)
        GROUP MoL_Evolution: A single Cactus evolution step using MoL
          GROUP MoL_StartStep: MoL internal setup for the evolution step
            MoL::MoL_SetCounter: [level] Set the counter for the ODE method to loop over
            MoL::MoL_SetTime: [level] Ensure the correct time and timestep are used
            MoL::MoL_AllocateScratchSpace: [level] Allocate storage for scratch levels
          GROUP MoL_PreStep: Physics thorns can schedule preloop setup routines in here
          MoL::MoL_AllocateScratch: Allocate sufficient space for array scratch variables
          MoL::MoL_InitialCopy: Ensure the data is in the correct timelevel
          while (MoL::MoL_Intermediate_Step)
            GROUP MoL_Step: The loop over the intermediate steps for the ODE integrator
              MoL::MoL_InitRHS: Initialise the RHS functions
              GROUP MoL_CalcRHS: Physics thorns schedule the calculation of the discrete spatial operator in here
                EMGEvolve::EMG_CalcRHS: MoL RHS calculation for EMG variables
                EMGEvolve::EMG_CalcRHS_Bdry: MoL boundary RHS calculation for EMG variables
                LeanBSSNMoL::LeanBSSN_CalcRHS: MoL RHS calculation
                LeanBSSNMoL::LeanBSSN_CalcRHS_Bdry: MoL boundary RHS calculation
              GROUP MoL_PostRHS: Modify RHS functions
                Dissipation::dissipation_add: Add Kreiss-Oliger dissipation to the right hand sides
              GROUP MoL_RHSBoundaries: Any 'final' modifications to the RHS functions (boundaries etc.)
              MoL::MoL_Add: Updates calculated with the efficient Runge-Kutta 4 method
              MoL::MoL_DecrementCounter: [level] Alter the counter number
              MoL::MoL_ResetTime: [level] If necessary, change the time
              GROUP MoL_PostStepModify: The group for physics thorns to schedule enforcing constraints
              GROUP MoL_PostStep: The group for physics thorns to schedule boundary calls etc.
                LeanBSSNMoL::LeanBSSN_remove_trA: Remove trace of A
                EMGEvolve::EMG_Boundaries: [level] MoL boundary enforcement for EMG variables
                GROUP EMG_ApplyBCs: Apply boundary conditions
                  GROUP BoundaryConditions: Execute all boundary conditions
                    Boundary::Boundary_ApplyPhysicalBCs: Apply all requested local physical boundary conditions
                    CartGrid3D::CartGrid3D_ApplyBC: Apply symmetry boundary conditions
                    ReflectionSymmetry::ReflectionSymmetry_Apply: Apply reflection symmetries
                  Boundary::Boundary_ClearSelection: [level] Unselect all grid variables for boundary conditions
                LeanBSSNMoL::LeanBSSN_impose_conf_fac_floor: Make sure conformal factor does not drop below specified value
                LeanBSSNMoL::LeanBSSN_Boundaries: [level] MoL boundary enforcement
                GROUP LeanBSSN_ApplyBCs: Apply boundary conditions
                  GROUP BoundaryConditions: Execute all boundary conditions
                    Boundary::Boundary_ApplyPhysicalBCs: Apply all requested local physical boundary conditions
                    CartGrid3D::CartGrid3D_ApplyBC: Apply symmetry boundary conditions
                    ReflectionSymmetry::ReflectionSymmetry_Apply: Apply reflection symmetries
                  Boundary::Boundary_ClearSelection: [level] Unselect all grid variables for boundary conditions
                LeanBSSNMoL::LeanBSSN_bssn2adm: [local] Convert variables back to the ADM ones
                GROUP ADMBase_SetADMVars: Set the ADM variables before this group, and use them afterwards
                GROUP SetTmunu: Group for calculating the stress-energy tensor
                  TmunuBase::TmunuBase_ZeroTmunu: Initialise the stress-energy tensor to zero
                  GROUP AddToTmunu: Add to the stress-energy tensor here
                    EMGEvolve::EMG_AddToTmunu: Compute the energy-momentum tensor
              MoL::MoL_ResetDeltaTime: [level] If necessary, change the timestep
          end while
          MoL::MoL_FinishLoop: [level] Control the step size
          MoL::MoL_RestoreSandR: Restoring the Save and Restore variables to the original state
          MoL::MoL_FreeScratchSpace: [level] Free storage for scratch levels
      end while
      GROUP MoL_PseudoEvolution: Calculate pseudo-evolved quantities
        GROUP ADMBase_SetADMVars: Set the ADM variables before this group, and use them afterwards
        GROUP CalcNPScalars: Calculate NPScalars
          NPScalars::NP_calcPsiGF: [local] calculate Psi4 as grid function
          GROUP CalcNPScalars_BC: Boundary conditions
            NPScalars::NPboundaries: [level] Symmetry boundary conditions
            GROUP ApplyBCs_NP: Apply boundary conditions
              GROUP BoundaryConditions: Execute all boundary conditions
                Boundary::Boundary_ApplyPhysicalBCs: Apply all requested local physical boundary conditions
                CartGrid3D::CartGrid3D_ApplyBC: Apply symmetry boundary conditions
                ReflectionSymmetry::ReflectionSymmetry_Apply: Apply reflection symmetries
              Boundary::Boundary_ClearSelection: [level] Unselect all grid variables for boundary conditions
      PunctureTracker::PunctureTracker_Track: [global] Calculate new location of punctures
    Evolve finer grids recursively
    Restrict from finer grids
    [CCTK_POSTRESTRICT]
      GROUP MoL_PostStep: Ensure that everything is correct after restriction
        LeanBSSNMoL::LeanBSSN_remove_trA: Remove trace of A
        EMGEvolve::EMG_Boundaries: [level] MoL boundary enforcement for EMG variables
        GROUP EMG_ApplyBCs: Apply boundary conditions
          GROUP BoundaryConditions: Execute all boundary conditions
            Boundary::Boundary_ApplyPhysicalBCs: Apply all requested local physical boundary conditions
            CartGrid3D::CartGrid3D_ApplyBC: Apply symmetry boundary conditions
            ReflectionSymmetry::ReflectionSymmetry_Apply: Apply reflection symmetries
          Boundary::Boundary_ClearSelection: [level] Unselect all grid variables for boundary conditions
        LeanBSSNMoL::LeanBSSN_impose_conf_fac_floor: Make sure conformal factor does not drop below specified value
        LeanBSSNMoL::LeanBSSN_Boundaries: [level] MoL boundary enforcement
        GROUP LeanBSSN_ApplyBCs: Apply boundary conditions
          GROUP BoundaryConditions: Execute all boundary conditions
            Boundary::Boundary_ApplyPhysicalBCs: Apply all requested local physical boundary conditions
            CartGrid3D::CartGrid3D_ApplyBC: Apply symmetry boundary conditions
            ReflectionSymmetry::ReflectionSymmetry_Apply: Apply reflection symmetries
          Boundary::Boundary_ClearSelection: [level] Unselect all grid variables for boundary conditions
        LeanBSSNMoL::LeanBSSN_bssn2adm: [local] Convert variables back to the ADM ones
        GROUP ADMBase_SetADMVars: Set the ADM variables before this group, and use them afterwards
        GROUP SetTmunu: Group for calculating the stress-energy tensor
          TmunuBase::TmunuBase_ZeroTmunu: Initialise the stress-energy tensor to zero
          GROUP AddToTmunu: Add to the stress-energy tensor here
            EMGEvolve::EMG_AddToTmunu: Compute the energy-momentum tensor
      GROUP MoL_PseudoEvolutionBoundaries: Apply boundary conditions to pseudo-evolved quantities
      GROUP CalcNPScalars_BC: Boundary conditions
        NPScalars::NPboundaries: [level] Symmetry boundary conditions
        GROUP ApplyBCs_NP: Apply boundary conditions
          GROUP BoundaryConditions: Execute all boundary conditions
            Boundary::Boundary_ApplyPhysicalBCs: Apply all requested local physical boundary conditions
            CartGrid3D::CartGrid3D_ApplyBC: Apply symmetry boundary conditions
            ReflectionSymmetry::ReflectionSymmetry_Apply: Apply reflection symmetries
          Boundary::Boundary_ClearSelection: [level] Unselect all grid variables for boundary conditions
      GROUP CalcNPEMGScalars_BC: Boundary conditions
        NPScalars_EMG::NPEMG_Boundaries: [level] Symmetry boundary conditions
        GROUP ApplyBCs_NPEMG: Apply boundary conditions
          GROUP BoundaryConditions: Execute all boundary conditions
            Boundary::Boundary_ApplyPhysicalBCs: Apply all requested local physical boundary conditions
            CartGrid3D::CartGrid3D_ApplyBC: Apply symmetry boundary conditions
            ReflectionSymmetry::ReflectionSymmetry_Apply: Apply reflection symmetries
          Boundary::Boundary_ClearSelection: [level] Unselect all grid variables for boundary conditions
    [CCTK_POSTSTEP]
      AHFinderDirect::AHFinderDirect_import_mask: [global] [loop-local] import the excision mask
      AHFinderDirect::AHFinderDirect_find_horizons: [global] find apparent horizon(s) after this time step
      AHFinderDirect::AHFinderDirect_store: [global] store apparent horizon(s) into spherical surface(s)
      AHFinderDirect::AHFinderDirect_save: [global] save apparent horizon(s) into Cactus variables
      AHFinderDirect::AHFinderDirect_maybe_do_masks: set mask(s) based on apparent horizon position(s)
      SphericalSurface::SphericalSurface_Set: [global] Set surface radii
      GROUP SphericalSurface_HasBeenSet: Set the spherical surfaces before this group, and use it afterwards
        SphericalSurface::SphericalSurface_CheckState: [global] Test the state of the spherical surfaces
      GROUP zzz_NaNChecker_NaNCheck: Check for NaNs and count them in NaNChecker::NaNsFound
        NaNChecker::NaNChecker_NaNCheck_Prepare: [level] Prepare data structures to check for NaNs
        NaNChecker::NaNChecker_NaNCheck_Check: [local] Check for NaNs
        NaNChecker::NaNChecker_NaNCheck_Finish: [level] Count NaNs in NaNChecker::NaNsFound
      NaNChecker::NaNChecker_TakeAction: [global] [loop-level] Output NaNChecker::NaNmask and take action according to NaNChecker::action_if_found
      PunctureTracker::PunctureTracker_SetPositions: [global] Copy puncture positions to spherical surfaces
      SpaceMask::CheckMask: Ensure that all mask values are legal
      Dissipation::setup_epsdis: Setup spatially varying dissipation
      GROUP MaskBase_SetupMask: Set up the weight function
        GROUP MaskBase_SetupMaskAll: Set up the weight function
          CarpetReduce::MaskBase_AllocateMask: [global] Allocate the weight function
          CarpetReduce::MaskBase_InitMask: [global] [loop-local] Initialise the weight function
          GROUP SetupIMaskInternal: Set up the integer weight function (schedule other routines in here)
            CarpetReduce::CoordBase_SetupMask: [global] [loop-local] Set up the outer boundaries of the weight function
            CarpetReduce::CarpetMaskSetup: [global] [loop-singlemap] Set up the weight function for the restriction regions
          GROUP SetupIMask: Set up the integer weight function (schedule other routines in here)
            CarpetMask::CarpetExcludedSetup: [global] [loop-local] Set up the weight function for the excluded regions
            CarpetMask::CarpetSurfaceSetup: [global] [loop-local] Set up the weight function for the excluded spherical surfaces
          CarpetReduce::MaskBase_SetMask: [global] [loop-local] Set the weight function
          GROUP SetupMask: Set up the real weight function (schedule other routines in here)
          CarpetReduce::MaskBase_TestMask: [global] Test the weight function
    if (checkpoint)
      [CCTK_CHECKPOINT]
      CarpetIOHDF5::CarpetIOHDF5_EvolutionCheckpoint: [meta] Evolution checkpoint routine
      TimerReport::zzz_TimerReport_Checkpoint: [global] Print the timer report
    endif
    if (analysis)
      [CCTK_ANALYSIS]
      CarpetLib::CarpetLib_printtimestats: [global] Print timing statistics if desired
      CarpetLib::CarpetLib_printmemstats: [global] Print memory statistics if desired
      GROUP EMG_constraints: Group to compute constraints
        EMGEvolve::EMG_constraints: Compute constraints
        EMGEvolve::EMG_constraints_boundaries: [level] Enforce symmetry BCs in constraint computation
        GROUP EMG_constraints_ApplyBCs: Apply boundary conditions
          GROUP BoundaryConditions: Execute all boundary conditions
            Boundary::Boundary_ApplyPhysicalBCs: Apply all requested local physical boundary conditions
            CartGrid3D::CartGrid3D_ApplyBC: Apply symmetry boundary conditions
            ReflectionSymmetry::ReflectionSymmetry_Apply: Apply reflection symmetries
          Boundary::Boundary_ClearSelection: [level] Unselect all grid variables for boundary conditions
      GROUP LeanBSSN_constraints: Compute constraints
        LeanBSSNMoL::LeanBSSN_bssn_constraints: Compute constraints
        LeanBSSNMoL::LeanBSSN_Constraints_Boundaries: [level] Enforce symmetry BCs in constraint computation
        GROUP LeanBSSN_Constraints_ApplyBCs: Apply boundary conditions
          GROUP BoundaryConditions: Execute all boundary conditions
            Boundary::Boundary_ApplyPhysicalBCs: Apply all requested local physical boundary conditions
            CartGrid3D::CartGrid3D_ApplyBC: Apply symmetry boundary conditions
            ReflectionSymmetry::ReflectionSymmetry_Apply: Apply reflection symmetries
          Boundary::Boundary_ClearSelection: [level] Unselect all grid variables for boundary conditions
      LoopControl::LC_statistics_analysis: [meta] Output LoopControl statistics
      Multipole::Multipole_Calc: [global] Calculate Multipoles
      GROUP CalcNPEMGScalars: Calculate NPScalars
        NPScalars_EMG::NPEMG_calcPsiGF: [local] calculate grid functions
        GROUP CalcNPEMGScalars_BC: Boundary conditions
          NPScalars_EMG::NPEMG_Boundaries: [level] Symmetry boundary conditions
          GROUP ApplyBCs_NPEMG: Apply boundary conditions
            GROUP BoundaryConditions: Execute all boundary conditions
              Boundary::Boundary_ApplyPhysicalBCs: Apply all requested local physical boundary conditions
              CartGrid3D::CartGrid3D_ApplyBC: Apply symmetry boundary conditions
              ReflectionSymmetry::ReflectionSymmetry_Apply: Apply reflection symmetries
            Boundary::Boundary_ClearSelection: [level] Unselect all grid variables for boundary conditions
      QuasiLocalMeasures::qlm_calculate: [global] Calculate quasi-local quantities
      SystemStatistics::SystemStatistics_Collect: [global] Collect system statistics
      TerminationTrigger::TerminationTrigger_CheckWalltime: Check elapsed job walltime
      TerminationTrigger::TerminationTrigger_CheckSignal: Check if we received a termination signal
      TerminationTrigger::TerminationTrigger_CheckFile: Check termination file
      TimerReport::zzz_TimerReport_Output: [global] Print the timer report
    endif
    Output grid variables
    enddo

  Termination routines
    [CCTK_TERMINATE]
      CarpetIOHDF5::CarpetIOHDF5_TerminationCheckpoint: [meta] Termination checkpoint routine
      LoopControl::LC_statistics_terminate: [meta] Output LoopControl statistics
      MoL::MoL_FreeIndexArrays: Free the MoL bookkeeping index arrays
      TimerReport::zzz_TimerReport_Output: [global] Print the timer report

  Shutdown routines
    [CCTK_SHUTDOWN]
      Timers::Timer_Shutdown: Prepare hierarchical timers

  Routines run after changing the grid hierarchy:
    [CCTK_POSTREGRID]
      SpaceMask::MaskZero: Initialise mask to zero
      CartGrid3D::SpatialCoordinates: Set Coordinates after regridding
      GROUP MaskBase_SetupMask: Set up the weight function
        GROUP MaskBase_SetupMaskAll: Set up the weight function
          CarpetReduce::MaskBase_AllocateMask: [global] Allocate the weight function
          CarpetReduce::MaskBase_InitMask: [global] [loop-local] Initialise the weight function
          GROUP SetupIMaskInternal: Set up the integer weight function (schedule other routines in here)
            CarpetReduce::CoordBase_SetupMask: [global] [loop-local] Set up the outer boundaries of the weight function
            CarpetReduce::CarpetMaskSetup: [global] [loop-singlemap] Set up the weight function for the restriction regions
          GROUP SetupIMask: Set up the integer weight function (schedule other routines in here)
            CarpetMask::CarpetExcludedSetup: [global] [loop-local] Set up the weight function for the excluded regions
            CarpetMask::CarpetSurfaceSetup: [global] [loop-local] Set up the weight function for the excluded spherical surfaces
          CarpetReduce::MaskBase_SetMask: [global] [loop-local] Set the weight function
          GROUP SetupMask: Set up the real weight function (schedule other routines in here)
          CarpetReduce::MaskBase_TestMask: [global] Test the weight function
      Dissipation::setup_epsdis: Setup spatially varying dissipation
      GROUP MoL_PostStep: Ensure that everything is correct after regridding
        LeanBSSNMoL::LeanBSSN_remove_trA: Remove trace of A
        EMGEvolve::EMG_Boundaries: [level] MoL boundary enforcement for EMG variables
        GROUP EMG_ApplyBCs: Apply boundary conditions
          GROUP BoundaryConditions: Execute all boundary conditions
            Boundary::Boundary_ApplyPhysicalBCs: Apply all requested local physical boundary conditions
            CartGrid3D::CartGrid3D_ApplyBC: Apply symmetry boundary conditions
            ReflectionSymmetry::ReflectionSymmetry_Apply: Apply reflection symmetries
          Boundary::Boundary_ClearSelection: [level] Unselect all grid variables for boundary conditions
        LeanBSSNMoL::LeanBSSN_impose_conf_fac_floor: Make sure conformal factor does not drop below specified value
        LeanBSSNMoL::LeanBSSN_Boundaries: [level] MoL boundary enforcement
        GROUP LeanBSSN_ApplyBCs: Apply boundary conditions
          GROUP BoundaryConditions: Execute all boundary conditions
            Boundary::Boundary_ApplyPhysicalBCs: Apply all requested local physical boundary conditions
            CartGrid3D::CartGrid3D_ApplyBC: Apply symmetry boundary conditions
            ReflectionSymmetry::ReflectionSymmetry_Apply: Apply reflection symmetries
          Boundary::Boundary_ClearSelection: [level] Unselect all grid variables for boundary conditions
        LeanBSSNMoL::LeanBSSN_bssn2adm: [local] Convert variables back to the ADM ones
        GROUP ADMBase_SetADMVars: Set the ADM variables before this group, and use them afterwards
        GROUP SetTmunu: Group for calculating the stress-energy tensor
          TmunuBase::TmunuBase_ZeroTmunu: Initialise the stress-energy tensor to zero
          GROUP AddToTmunu: Add to the stress-energy tensor here
            EMGEvolve::EMG_AddToTmunu: Compute the energy-momentum tensor
      GROUP MoL_PseudoEvolutionBoundaries: Apply boundary conditions to pseudo-evolved quantities
      GROUP CalcNPScalars_BC: Boundary conditions
        NPScalars::NPboundaries: [level] Symmetry boundary conditions
        GROUP ApplyBCs_NP: Apply boundary conditions
          GROUP BoundaryConditions: Execute all boundary conditions
            Boundary::Boundary_ApplyPhysicalBCs: Apply all requested local physical boundary conditions
            CartGrid3D::CartGrid3D_ApplyBC: Apply symmetry boundary conditions
            ReflectionSymmetry::ReflectionSymmetry_Apply: Apply reflection symmetries
          Boundary::Boundary_ClearSelection: [level] Unselect all grid variables for boundary conditions
      GROUP CalcNPEMGScalars_BC: Boundary conditions
        NPScalars_EMG::NPEMG_Boundaries: [level] Symmetry boundary conditions
        GROUP ApplyBCs_NPEMG: Apply boundary conditions
          GROUP BoundaryConditions: Execute all boundary conditions
            Boundary::Boundary_ApplyPhysicalBCs: Apply all requested local physical boundary conditions
            CartGrid3D::CartGrid3D_ApplyBC: Apply symmetry boundary conditions
            ReflectionSymmetry::ReflectionSymmetry_Apply: Apply reflection symmetries
          Boundary::Boundary_ClearSelection: [level] Unselect all grid variables for boundary conditions
      SpaceMask::MaskOne: Set mask to one
      AHFinderDirect::AHFinderDirect_maybe_do_masks: set mask(s) based on apparent horizon position(s)
--------------------------------------------------------------------------------
INFO (Carpet): Multi-Model listing:
   model 0: "world"
INFO (Carpet): Multi-Model process distribution:
   processes 0-111: model 0 "world"
INFO (Carpet): Multi-Model: This is process 0, model 0 "world"
INFO (CarpetLib): Process startup time was 20.3 seconds
Current core file size limit: hard=[unlimited], soft=0 MB
Current addres space size limit: hard=[unlimited], soft=[unlimited]
Current data segment size limit: hard=[unlimited], soft=[unlimited]
Current resident set size limit: hard=224000 MB, soft=224000 MB
INFO (CycleClock): Measuring CycleClock tick via OpenMP...
INFO (CycleClock): Calibrated CycleClock: 0.499972 ns per clock tick (2.00011 GHz)
INFO (Vectors): Using vector size 1 for architecture scalar (no vectorisation, 64-bit precision)
INFO (hwloc): library version 2.10.0rc3-git, API version 0x20800
--------------------------------------------------------------------------------
AMR driver provided by Carpet
--------------------------------------------------------------------------------
AMR scalar I/O provided by CarpetIOScalar
--------------------------------------------------------------------------------
AMR 0D ASCII I/O provided by CarpetIOASCII
--------------------------------------------------------------------------------
AMR 1D ASCII I/O provided by CarpetIOASCII
--------------------------------------------------------------------------------
AMR 2D ASCII I/O provided by CarpetIOASCII
--------------------------------------------------------------------------------
AMR 3D ASCII I/O provided by CarpetIOASCII
--------------------------------------------------------------------------------
AMR info I/O provided by CarpetIOBasic
--------------------------------------------------------------------------------
MoL: Generalized time integration.
--------------------------------------------------------------------------------
AMR HDF5 I/O provided by CarpetIOHDF5
--------------------------------------------------------------------------------
AMR 0D HDF5 I/O provided by CarpetIOHDF5
--------------------------------------------------------------------------------
AMR 1D HDF5 I/O provided by CarpetIOHDF5
--------------------------------------------------------------------------------
AMR 2D HDF5 I/O provided by CarpetIOHDF5
--------------------------------------------------------------------------------
AMR 3D HDF5 I/O provided by CarpetIOHDF5
--------------------------------------------------------------------------------

INFO (Carpet): MPI is enabled
INFO (Carpet): Carpet is running on 112 processes
INFO (Carpet): This is process 0
INFO (Carpet): OpenMP is enabled
INFO (Carpet): This process contains 1 threads, this is thread 0
INFO (Carpet): There are 112 threads in total
INFO (Carpet): There are 1 threads per process
INFO (Carpet): This process runs on host gs19r2b54, pid=686699
INFO (Carpet): This process runs on 224 cores: 0-223
INFO (Carpet): Thread 0 runs on 224 cores: 0-223
INFO (Carpet): This simulation is running in 3 dimensions
INFO (Carpet): Boundary specification for map 0:
   nboundaryzones: [[3,3,3],[3,3,3]]
   is_internal   : [[0,0,0],[0,0,0]]
   is_staggered  : [[0,0,0],[0,0,0]]
   shiftout      : [[0,0,0],[0,0,0]]
INFO (Carpet): CoordBase domain specification for map 0:
   physical extent: [-512,-512,-512] : [512,512,512]   ([1024,1024,1024])
   interior extent: [-504,-504,-504] : [504,504,504]   ([1008,1008,1008])
   exterior extent: [-528,-528,-528] : [528,528,528]   ([1056,1056,1056])
   base_spacing   : [8,8,8]
INFO (Carpet): Adapted domain specification for map 0:
   convergence factor: 2
   convergence level : 0
   physical extent   : [-512,-512,-512] : [512,512,512]   ([1024,1024,1024])
   interior extent   : [-504,-504,-504] : [504,504,504]   ([1008,1008,1008])
   exterior extent   : [-528,-528,-528] : [528,528,528]   ([1056,1056,1056])
   spacing           : [8,8,8]
INFO (Carpet): Base grid specification for map 0:
   number of grid points             : [133,133,133]
   number of coarse grid ghost points: [[3,3,3],[3,3,3]]
INFO (Carpet): Buffer zone counts (excluding ghosts):
   [0]: [[0,0,0],[0,0,0]]
   [1]: [[9,9,9],[9,9,9]]
   [2]: [[9,9,9],[9,9,9]]
   [3]: [[9,9,9],[9,9,9]]
   [4]: [[9,9,9],[9,9,9]]
   [5]: [[9,9,9],[9,9,9]]
   [6]: [[9,9,9],[9,9,9]]
   [7]: [[9,9,9],[9,9,9]]
   [8]: [[9,9,9],[9,9,9]]
INFO (Carpet): Overlap zone counts:
   [0]: [[0,0,0],[0,0,0]]
   [1]: [[0,0,0],[0,0,0]]
   [2]: [[0,0,0],[0,0,0]]
   [3]: [[0,0,0],[0,0,0]]
   [4]: [[0,0,0],[0,0,0]]
   [5]: [[0,0,0],[0,0,0]]
   [6]: [[0,0,0],[0,0,0]]
   [7]: [[0,0,0],[0,0,0]]
   [8]: [[0,0,0],[0,0,0]]
INFO (Carpet): Group and variable statistics:
INFO (Carpet):    There are 716 grid functions in 69 groups
INFO (Carpet):    There are 1158 grid scalars in 73 groups
INFO (Carpet):    There are 111 1-dimensional grid arrays in 10 groups
INFO (Carpet):    There are 416 2-dimensional grid arrays in 18 groups
INFO (Carpet):    There are 6 3-dimensional grid arrays in 1 groups
INFO (Carpet):    (The number of variables counts all time levels)
INFO (CarpetIOScalar): Periodic scalar output requested for:
   EMGEVOLVE::Ec
   EMGEVOLVE::Bc
   LEANBSSNMOL::hc
   LEANBSSNMOL::mcx
   LEANBSSNMOL::mcy
   LEANBSSNMOL::mcz
INFO (CarpetIOASCII): I/O Method 'IOASCII_0D' registered: 0D AMR output of grid variables to ASCII files
INFO (CarpetIOASCII): Periodic 0D AMR output requested for:
   CARPET::physical_time_per_hour
   CARPET::current_physical_time_per_hour
   CARPET::time_total
   CARPET::time_evolution
   CARPET::time_computing
   CARPET::time_communicating
   CARPET::time_io
   CARPET::evolution_steps_count
   CARPET::local_grid_points_per_second
   CARPET::total_grid_points_per_second
   CARPET::local_grid_point_updates_count
   CARPET::total_grid_point_updates_count
   CARPET::local_interior_points_per_second
   CARPET::total_interior_points_per_second
   CARPET::local_interior_point_updates_count
   CARPET::total_interior_point_updates_count
   CARPET::io_per_second
   CARPET::io_bytes_per_second
   CARPET::io_bytes_ascii_per_second
   CARPET::io_bytes_binary_per_second
   CARPET::io_count
   CARPET::io_bytes_count
   CARPET::io_bytes_ascii_count
   CARPET::io_bytes_binary_count
   CARPET::comm_per_second
   CARPET::comm_bytes_per_second
   CARPET::comm_count
   CARPET::comm_bytes_count
   CARPET::time_levels
   CARPET::current_walltime
   CARPET::syncs_count
   PUNCTURETRACKER::pt_loc_t[0]
   PUNCTURETRACKER::pt_loc_t[1]
   PUNCTURETRACKER::pt_loc_t[2]
   PUNCTURETRACKER::pt_loc_t[3]
   PUNCTURETRACKER::pt_loc_t[4]
   PUNCTURETRACKER::pt_loc_t[5]
   PUNCTURETRACKER::pt_loc_t[6]
   PUNCTURETRACKER::pt_loc_t[7]
   PUNCTURETRACKER::pt_loc_t[8]
   PUNCTURETRACKER::pt_loc_t[9]
   PUNCTURETRACKER::pt_loc_x[0]
   PUNCTURETRACKER::pt_loc_x[1]
   PUNCTURETRACKER::pt_loc_x[2]
   PUNCTURETRACKER::pt_loc_x[3]
   PUNCTURETRACKER::pt_loc_x[4]
   PUNCTURETRACKER::pt_loc_x[5]
   PUNCTURETRACKER::pt_loc_x[6]
   PUNCTURETRACKER::pt_loc_x[7]
   PUNCTURETRACKER::pt_loc_x[8]
   PUNCTURETRACKER::pt_loc_x[9]
   PUNCTURETRACKER::pt_loc_y[0]
   PUNCTURETRACKER::pt_loc_y[1]
   PUNCTURETRACKER::pt_loc_y[2]
   PUNCTURETRACKER::pt_loc_y[3]
   PUNCTURETRACKER::pt_loc_y[4]
   PUNCTURETRACKER::pt_loc_y[5]
   PUNCTURETRACKER::pt_loc_y[6]
   PUNCTURETRACKER::pt_loc_y[7]
   PUNCTURETRACKER::pt_loc_y[8]
   PUNCTURETRACKER::pt_loc_y[9]
   PUNCTURETRACKER::pt_loc_z[0]
   PUNCTURETRACKER::pt_loc_z[1]
   PUNCTURETRACKER::pt_loc_z[2]
   PUNCTURETRACKER::pt_loc_z[3]
   PUNCTURETRACKER::pt_loc_z[4]
   PUNCTURETRACKER::pt_loc_z[5]
   PUNCTURETRACKER::pt_loc_z[6]
   PUNCTURETRACKER::pt_loc_z[7]
   PUNCTURETRACKER::pt_loc_z[8]
   PUNCTURETRACKER::pt_loc_z[9]
   QUASILOCALMEASURES::qlm_time[0]
   QUASILOCALMEASURES::qlm_time[1]
   QUASILOCALMEASURES::qlm_time[2]
   QUASILOCALMEASURES::qlm_time[3]
   QUASILOCALMEASURES::qlm_time[4]
   QUASILOCALMEASURES::qlm_time[5]
   QUASILOCALMEASURES::qlm_equatorial_circumference[0]
   QUASILOCALMEASURES::qlm_equatorial_circumference[1]
   QUASILOCALMEASURES::qlm_equatorial_circumference[2]
   QUASILOCALMEASURES::qlm_equatorial_circumference[3]
   QUASILOCALMEASURES::qlm_equatorial_circumference[4]
   QUASILOCALMEASURES::qlm_equatorial_circumference[5]
   QUASILOCALMEASURES::qlm_polar_circumference_0[0]
   QUASILOCALMEASURES::qlm_polar_circumference_0[1]
   QUASILOCALMEASURES::qlm_polar_circumference_0[2]
   QUASILOCALMEASURES::qlm_polar_circumference_0[3]
   QUASILOCALMEASURES::qlm_polar_circumference_0[4]
   QUASILOCALMEASURES::qlm_polar_circumference_0[5]
   QUASILOCALMEASURES::qlm_polar_circumference_pi_2[0]
   QUASILOCALMEASURES::qlm_polar_circumference_pi_2[1]
   QUASILOCALMEASURES::qlm_polar_circumference_pi_2[2]
   QUASILOCALMEASURES::qlm_polar_circumference_pi_2[3]
   QUASILOCALMEASURES::qlm_polar_circumference_pi_2[4]
   QUASILOCALMEASURES::qlm_polar_circumference_pi_2[5]
   QUASILOCALMEASURES::qlm_area[0]
   QUASILOCALMEASURES::qlm_area[1]
   QUASILOCALMEASURES::qlm_area[2]
   QUASILOCALMEASURES::qlm_area[3]
   QUASILOCALMEASURES::qlm_area[4]
   QUASILOCALMEASURES::qlm_area[5]
   QUASILOCALMEASURES::qlm_irreducible_mass[0]
   QUASILOCALMEASURES::qlm_irreducible_mass[1]
   QUASILOCALMEASURES::qlm_irreducible_mass[2]
   QUASILOCALMEASURES::qlm_irreducible_mass[3]
   QUASILOCALMEASURES::qlm_irreducible_mass[4]
   QUASILOCALMEASURES::qlm_irreducible_mass[5]
   QUASILOCALMEASURES::qlm_radius[0]
   QUASILOCALMEASURES::qlm_radius[1]
   QUASILOCALMEASURES::qlm_radius[2]
   QUASILOCALMEASURES::qlm_radius[3]
   QUASILOCALMEASURES::qlm_radius[4]
   QUASILOCALMEASURES::qlm_radius[5]
   QUASILOCALMEASURES::qlm_spin_guess[0]
   QUASILOCALMEASURES::qlm_spin_guess[1]
   QUASILOCALMEASURES::qlm_spin_guess[2]
   QUASILOCALMEASURES::qlm_spin_guess[3]
   QUASILOCALMEASURES::qlm_spin_guess[4]
   QUASILOCALMEASURES::qlm_spin_guess[5]
   QUASILOCALMEASURES::qlm_mass_guess[0]
   QUASILOCALMEASURES::qlm_mass_guess[1]
   QUASILOCALMEASURES::qlm_mass_guess[2]
   QUASILOCALMEASURES::qlm_mass_guess[3]
   QUASILOCALMEASURES::qlm_mass_guess[4]
   QUASILOCALMEASURES::qlm_mass_guess[5]
   QUASILOCALMEASURES::qlm_killing_eigenvalue_re[0]
   QUASILOCALMEASURES::qlm_killing_eigenvalue_re[1]
   QUASILOCALMEASURES::qlm_killing_eigenvalue_re[2]
   QUASILOCALMEASURES::qlm_killing_eigenvalue_re[3]
   QUASILOCALMEASURES::qlm_killing_eigenvalue_re[4]
   QUASILOCALMEASURES::qlm_killing_eigenvalue_re[5]
   QUASILOCALMEASURES::qlm_killing_eigenvalue_im[0]
   QUASILOCALMEASURES::qlm_killing_eigenvalue_im[1]
   QUASILOCALMEASURES::qlm_killing_eigenvalue_im[2]
   QUASILOCALMEASURES::qlm_killing_eigenvalue_im[3]
   QUASILOCALMEASURES::qlm_killing_eigenvalue_im[4]
   QUASILOCALMEASURES::qlm_killing_eigenvalue_im[5]
   QUASILOCALMEASURES::qlm_spin[0]
   QUASILOCALMEASURES::qlm_spin[1]
   QUASILOCALMEASURES::qlm_spin[2]
   QUASILOCALMEASURES::qlm_spin[3]
   QUASILOCALMEASURES::qlm_spin[4]
   QUASILOCALMEASURES::qlm_spin[5]
   QUASILOCALMEASURES::qlm_npspin[0]
   QUASILOCALMEASURES::qlm_npspin[1]
   QUASILOCALMEASURES::qlm_npspin[2]
   QUASILOCALMEASURES::qlm_npspin[3]
   QUASILOCALMEASURES::qlm_npspin[4]
   QUASILOCALMEASURES::qlm_npspin[5]
   QUASILOCALMEASURES::qlm_wsspin[0]
   QUASILOCALMEASURES::qlm_wsspin[1]
   QUASILOCALMEASURES::qlm_wsspin[2]
   QUASILOCALMEASURES::qlm_wsspin[3]
   QUASILOCALMEASURES::qlm_wsspin[4]
   QUASILOCALMEASURES::qlm_wsspin[5]
   QUASILOCALMEASURES::qlm_cvspin[0]
   QUASILOCALMEASURES::qlm_cvspin[1]
   QUASILOCALMEASURES::qlm_cvspin[2]
   QUASILOCALMEASURES::qlm_cvspin[3]
   QUASILOCALMEASURES::qlm_cvspin[4]
   QUASILOCALMEASURES::qlm_cvspin[5]
   QUASILOCALMEASURES::qlm_coordspinx[0]
   QUASILOCALMEASURES::qlm_coordspinx[1]
   QUASILOCALMEASURES::qlm_coordspinx[2]
   QUASILOCALMEASURES::qlm_coordspinx[3]
   QUASILOCALMEASURES::qlm_coordspinx[4]
   QUASILOCALMEASURES::qlm_coordspinx[5]
   QUASILOCALMEASURES::qlm_coordspiny[0]
   QUASILOCALMEASURES::qlm_coordspiny[1]
   QUASILOCALMEASURES::qlm_coordspiny[2]
   QUASILOCALMEASURES::qlm_coordspiny[3]
   QUASILOCALMEASURES::qlm_coordspiny[4]
   QUASILOCALMEASURES::qlm_coordspiny[5]
   QUASILOCALMEASURES::qlm_coordspinz[0]
   QUASILOCALMEASURES::qlm_coordspinz[1]
   QUASILOCALMEASURES::qlm_coordspinz[2]
   QUASILOCALMEASURES::qlm_coordspinz[3]
   QUASILOCALMEASURES::qlm_coordspinz[4]
   QUASILOCALMEASURES::qlm_coordspinz[5]
   QUASILOCALMEASURES::qlm_mass[0]
   QUASILOCALMEASURES::qlm_mass[1]
   QUASILOCALMEASURES::qlm_mass[2]
   QUASILOCALMEASURES::qlm_mass[3]
   QUASILOCALMEASURES::qlm_mass[4]
   QUASILOCALMEASURES::qlm_mass[5]
   QUASILOCALMEASURES::qlm_adm_energy[0]
   QUASILOCALMEASURES::qlm_adm_energy[1]
   QUASILOCALMEASURES::qlm_adm_energy[2]
   QUASILOCALMEASURES::qlm_adm_energy[3]
   QUASILOCALMEASURES::qlm_adm_energy[4]
   QUASILOCALMEASURES::qlm_adm_energy[5]
   QUASILOCALMEASURES::qlm_adm_momentum_x[0]
   QUASILOCALMEASURES::qlm_adm_momentum_x[1]
   QUASILOCALMEASURES::qlm_adm_momentum_x[2]
   QUASILOCALMEASURES::qlm_adm_momentum_x[3]
   QUASILOCALMEASURES::qlm_adm_momentum_x[4]
   QUASILOCALMEASURES::qlm_adm_momentum_x[5]
   QUASILOCALMEASURES::qlm_adm_momentum_y[0]
   QUASILOCALMEASURES::qlm_adm_momentum_y[1]
   QUASILOCALMEASURES::qlm_adm_momentum_y[2]
   QUASILOCALMEASURES::qlm_adm_momentum_y[3]
   QUASILOCALMEASURES::qlm_adm_momentum_y[4]
   QUASILOCALMEASURES::qlm_adm_momentum_y[5]
   QUASILOCALMEASURES::qlm_adm_momentum_z[0]
   QUASILOCALMEASURES::qlm_adm_momentum_z[1]
   QUASILOCALMEASURES::qlm_adm_momentum_z[2]
   QUASILOCALMEASURES::qlm_adm_momentum_z[3]
   QUASILOCALMEASURES::qlm_adm_momentum_z[4]
   QUASILOCALMEASURES::qlm_adm_momentum_z[5]
   QUASILOCALMEASURES::qlm_adm_angular_momentum_x[0]
   QUASILOCALMEASURES::qlm_adm_angular_momentum_x[1]
   QUASILOCALMEASURES::qlm_adm_angular_momentum_x[2]
   QUASILOCALMEASURES::qlm_adm_angular_momentum_x[3]
   QUASILOCALMEASURES::qlm_adm_angular_momentum_x[4]
   QUASILOCALMEASURES::qlm_adm_angular_momentum_x[5]
   QUASILOCALMEASURES::qlm_adm_angular_momentum_y[0]
   QUASILOCALMEASURES::qlm_adm_angular_momentum_y[1]
   QUASILOCALMEASURES::qlm_adm_angular_momentum_y[2]
   QUASILOCALMEASURES::qlm_adm_angular_momentum_y[3]
   QUASILOCALMEASURES::qlm_adm_angular_momentum_y[4]
   QUASILOCALMEASURES::qlm_adm_angular_momentum_y[5]
   QUASILOCALMEASURES::qlm_adm_angular_momentum_z[0]
   QUASILOCALMEASURES::qlm_adm_angular_momentum_z[1]
   QUASILOCALMEASURES::qlm_adm_angular_momentum_z[2]
   QUASILOCALMEASURES::qlm_adm_angular_momentum_z[3]
   QUASILOCALMEASURES::qlm_adm_angular_momentum_z[4]
   QUASILOCALMEASURES::qlm_adm_angular_momentum_z[5]
   QUASILOCALMEASURES::qlm_w_energy[0]
   QUASILOCALMEASURES::qlm_w_energy[1]
   QUASILOCALMEASURES::qlm_w_energy[2]
   QUASILOCALMEASURES::qlm_w_energy[3]
   QUASILOCALMEASURES::qlm_w_energy[4]
   QUASILOCALMEASURES::qlm_w_energy[5]
   QUASILOCALMEASURES::qlm_w_momentum_x[0]
   QUASILOCALMEASURES::qlm_w_momentum_x[1]
   QUASILOCALMEASURES::qlm_w_momentum_x[2]
   QUASILOCALMEASURES::qlm_w_momentum_x[3]
   QUASILOCALMEASURES::qlm_w_momentum_x[4]
   QUASILOCALMEASURES::qlm_w_momentum_x[5]
   QUASILOCALMEASURES::qlm_w_momentum_y[0]
   QUASILOCALMEASURES::qlm_w_momentum_y[1]
   QUASILOCALMEASURES::qlm_w_momentum_y[2]
   QUASILOCALMEASURES::qlm_w_momentum_y[3]
   QUASILOCALMEASURES::qlm_w_momentum_y[4]
   QUASILOCALMEASURES::qlm_w_momentum_y[5]
   QUASILOCALMEASURES::qlm_w_momentum_z[0]
   QUASILOCALMEASURES::qlm_w_momentum_z[1]
   QUASILOCALMEASURES::qlm_w_momentum_z[2]
   QUASILOCALMEASURES::qlm_w_momentum_z[3]
   QUASILOCALMEASURES::qlm_w_momentum_z[4]
   QUASILOCALMEASURES::qlm_w_momentum_z[5]
   QUASILOCALMEASURES::qlm_w_angular_momentum_x[0]
   QUASILOCALMEASURES::qlm_w_angular_momentum_x[1]
   QUASILOCALMEASURES::qlm_w_angular_momentum_x[2]
   QUASILOCALMEASURES::qlm_w_angular_momentum_x[3]
   QUASILOCALMEASURES::qlm_w_angular_momentum_x[4]
   QUASILOCALMEASURES::qlm_w_angular_momentum_x[5]
   QUASILOCALMEASURES::qlm_w_angular_momentum_y[0]
   QUASILOCALMEASURES::qlm_w_angular_momentum_y[1]
   QUASILOCALMEASURES::qlm_w_angular_momentum_y[2]
   QUASILOCALMEASURES::qlm_w_angular_momentum_y[3]
   QUASILOCALMEASURES::qlm_w_angular_momentum_y[4]
   QUASILOCALMEASURES::qlm_w_angular_momentum_y[5]
   QUASILOCALMEASURES::qlm_w_angular_momentum_z[0]
   QUASILOCALMEASURES::qlm_w_angular_momentum_z[1]
   QUASILOCALMEASURES::qlm_w_angular_momentum_z[2]
   QUASILOCALMEASURES::qlm_w_angular_momentum_z[3]
   QUASILOCALMEASURES::qlm_w_angular_momentum_z[4]
   QUASILOCALMEASURES::qlm_w_angular_momentum_z[5]
   SPHERICALSURFACE::sf_area[0]
   SPHERICALSURFACE::sf_area[1]
   SPHERICALSURFACE::sf_area[2]
   SPHERICALSURFACE::sf_area[3]
   SPHERICALSURFACE::sf_area[4]
   SPHERICALSURFACE::sf_area[5]
   SPHERICALSURFACE::sf_mean_radius[0]
   SPHERICALSURFACE::sf_mean_radius[1]
   SPHERICALSURFACE::sf_mean_radius[2]
   SPHERICALSURFACE::sf_mean_radius[3]
   SPHERICALSURFACE::sf_mean_radius[4]
WARNING[L1,P0] (Cactus): Attempt to create a directory with an empty or NULL string
WARNING[L1,P0] (Cactus): Attempt to create a directory with an empty or NULL string
WARNING[L1,P0] (CarpetIOHDF5): Problem creating HDF5 output directory ''
WARNING[L1,P1] (Cactus): Attempt to create a directory with an empty or NULL string
WARNING[L1,P1] (CarpetIOHDF5): Problem creating HDF5 output directory ''
WARNING[L1,P2] (Cactus): Attempt to create a directory with an empty or NULL string
WARNING[L1,P2] (CarpetIOHDF5): Problem creating HDF5 output directory ''
WARNING[L1,P3] (Cactus): Attempt to create a directory with an empty or NULL string
WARNING[L1,P3] (CarpetIOHDF5): Problem creating HDF5 output directory ''
WARNING[L1,P4] (Cactus): Attempt to create a directory with an empty or NULL string
WARNING[L1,P4] (CarpetIOHDF5): Problem creating HDF5 output directory ''
WARNING[L1,P5] (Cactus): Attempt to create a directory with an empty or NULL string
WARNING[L1,P5] (CarpetIOHDF5): Problem creating HDF5 output directory ''
WARNING[L1,P6] (Cactus): Attempt to create a directory with an empty or NULL string
WARNING[L1,P6] (CarpetIOHDF5): Problem creating HDF5 output directory ''
WARNING[L1,P7] (Cactus): Attempt to create a directory with an empty or NULL string
WARNING[L1,P7] (CarpetIOHDF5): Problem creating HDF5 output directory ''
WARNING[L1,P8] (Cactus): Attempt to create a directory with an empty or NULL string
WARNING[L1,P8] (CarpetIOHDF5): Problem creating HDF5 output directory ''
WARNING[L1,P9] (Cactus): Attempt to create a directory with an empty or NULL string
WARNING[L1,P9] (CarpetIOHDF5): Problem creating HDF5 output directory ''
WARNING[L1,P10] (Cactus): Attempt to create a directory with an empty or NULL string
WARNING[L1,P10] (CarpetIOHDF5): Problem creating HDF5 output directory ''
WARNING[L1,P11] (Cactus): Attempt to create a directory with an empty or NULL string
WARNING[L1,P11] (CarpetIOHDF5): Problem creating HDF5 output directory ''
WARNING[L1,P12] (Cactus): Attempt to create a directory with an empty or NULL string
WARNING[L1,P12] (CarpetIOHDF5): Problem creating HDF5 output directory ''
WARNING[L1,P13] (Cactus): Attempt to create a directory with an empty or NULL string
WARNING[L1,P13] (CarpetIOHDF5): Problem creating HDF5 output directory ''
WARNING[L1,P14] (Cactus): Attempt to create a directory with an empty or NULL string
WARNING[L1,P14] (CarpetIOHDF5): Problem creating HDF5 output directory ''
WARNING[L1,P15] (Cactus): Attempt to create a directory with an empty or NULL string
WARNING[L1,P15] (CarpetIOHDF5): Problem creating HDF5 output directory ''
WARNING[L1,P16] (Cactus): Attempt to create a directory with an empty or NULL string
WARNING[L1,P16] (CarpetIOHDF5): Problem creating HDF5 output directory ''
WARNING[L1,P17] (Cactus): Attempt to create a directory with an empty or NULL string
WARNING[L1,P17] (CarpetIOHDF5): Problem creating HDF5 output directory ''
WARNING[L1,P18] (Cactus): Attempt to create a directory with an empty or NULL string
WARNING[L1,P18] (CarpetIOHDF5): Problem creating HDF5 output directory ''
WARNING[L1,P19] (Cactus): Attempt to create a directory with an empty or NULL string
WARNING[L1,P19] (CarpetIOHDF5): Problem creating HDF5 output directory ''
WARNING[L1,P20] (Cactus): Attempt to create a directory with an empty or NULL string
WARNING[L1,P20] (CarpetIOHDF5): Problem creating HDF5 output directory ''
WARNING[L1,P21] (Cactus): Attempt to create a directory with an empty or NULL string
WARNING[L1,P21] (CarpetIOHDF5): Problem creating HDF5 output directory ''
WARNING[L1,P22] (Cactus): Attempt to create a directory with an empty or NULL string
WARNING[L1,P22] (CarpetIOHDF5): Problem creating HDF5 output directory ''
WARNING[L1,P23] (Cactus): Attempt to create a directory with an empty or NULL string
WARNING[L1,P23] (CarpetIOHDF5): Problem creating HDF5 output directory ''
WARNING[L1,P24] (Cactus): Attempt to create a directory with an empty or NULL string
WARNING[L1,P24] (CarpetIOHDF5): Problem creating HDF5 output directory ''
WARNING[L1,P25] (Cactus): Attempt to create a directory with an empty or NULL string
WARNING[L1,P25] (CarpetIOHDF5): Problem creating HDF5 output directory ''
WARNING[L1,P26] (Cactus): Attempt to create a directory with an empty or NULL string
WARNING[L1,P26] (CarpetIOHDF5): Problem creating HDF5 output directory ''
WARNING[L1,P27] (Cactus): Attempt to create a directory with an empty or NULL string
WARNING[L1,P27] (CarpetIOHDF5): Problem creating HDF5 output directory ''
WARNING[L1,P28] (Cactus): Attempt to create a directory with an empty or NULL string
WARNING[L1,P28] (CarpetIOHDF5): Problem creating HDF5 output directory ''
WARNING[L1,P29] (Cactus): Attempt to create a directory with an empty or NULL string
WARNING[L1,P29] (CarpetIOHDF5): Problem creating HDF5 output directory ''
WARNING[L1,P30] (Cactus): Attempt to create a directory with an empty or NULL string
WARNING[L1,P30] (CarpetIOHDF5): Problem creating HDF5 output directory ''
WARNING[L1,P31] (Cactus): Attempt to create a directory with an empty or NULL string
WARNING[L1,P31] (CarpetIOHDF5): Problem creating HDF5 output directory ''
WARNING[L1,P32] (Cactus): Attempt to create a directory with an empty or NULL string
WARNING[L1,P32] (CarpetIOHDF5): Problem creating HDF5 output directory ''
WARNING[L1,P33] (Cactus): Attempt to create a directory with an empty or NULL string
WARNING[L1,P33] (CarpetIOHDF5): Problem creating HDF5 output directory ''
WARNING[L1,P34] (Cactus): Attempt to create a directory with an empty or NULL string
WARNING[L1,P34] (CarpetIOHDF5): Problem creating HDF5 output directory ''
WARNING[L1,P35] (Cactus): Attempt to create a directory with an empty or NULL string
WARNING[L1,P35] (CarpetIOHDF5): Problem creating HDF5 output directory ''
WARNING[L1,P36] (Cactus): Attempt to create a directory with an empty or NULL string
WARNING[L1,P36] (CarpetIOHDF5): Problem creating HDF5 output directory ''
WARNING[L1,P37] (Cactus): Attempt to create a directory with an empty or NULL string
WARNING[L1,P37] (CarpetIOHDF5): Problem creating HDF5 output directory ''
WARNING[L1,P38] (Cactus): Attempt to create a directory with an empty or NULL string
WARNING[L1,P38] (CarpetIOHDF5): Problem creating HDF5 output directory ''
WARNING[L1,P39] (Cactus): Attempt to create a directory with an empty or NULL string
WARNING[L1,P39] (CarpetIOHDF5): Problem creating HDF5 output directory ''
WARNING[L1,P40] (Cactus): Attempt to create a directory with an empty or NULL string
WARNING[L1,P40] (CarpetIOHDF5): Problem creating HDF5 output directory ''
WARNING[L1,P41] (Cactus): Attempt to create a directory with an empty or NULL string
WARNING[L1,P41] (CarpetIOHDF5): Problem creating HDF5 output directory ''
WARNING[L1,P42] (Cactus): Attempt to create a directory with an empty or NULL string
WARNING[L1,P42] (CarpetIOHDF5): Problem creating HDF5 output directory ''
WARNING[L1,P43] (Cactus): Attempt to create a directory with an empty or NULL string
WARNING[L1,P43] (CarpetIOHDF5): Problem creating HDF5 output directory ''
WARNING[L1,P44] (Cactus): Attempt to create a directory with an empty or NULL string
WARNING[L1,P44] (CarpetIOHDF5): Problem creating HDF5 output directory ''
WARNING[L1,P45] (Cactus): Attempt to create a directory with an empty or NULL string
WARNING[L1,P45] (CarpetIOHDF5): Problem creating HDF5 output directory ''
WARNING[L1,P46] (Cactus): Attempt to create a directory with an empty or NULL string
WARNING[L1,P46] (CarpetIOHDF5): Problem creating HDF5 output directory ''
WARNING[L1,P47] (Cactus): Attempt to create a directory with an empty or NULL string
WARNING[L1,P47] (CarpetIOHDF5): Problem creating HDF5 output directory ''
WARNING[L1,P48] (Cactus): Attempt to create a directory with an empty or NULL string
WARNING[L1,P48] (CarpetIOHDF5): Problem creating HDF5 output directory ''
WARNING[L1,P49] (Cactus): Attempt to create a directory with an empty or NULL string
WARNING[L1,P49] (CarpetIOHDF5): Problem creating HDF5 output directory ''
WARNING[L1,P50] (Cactus): Attempt to create a directory with an empty or NULL string
WARNING[L1,P50] (CarpetIOHDF5): Problem creating HDF5 output directory ''
WARNING[L1,P51] (Cactus): Attempt to create a directory with an empty or NULL string
WARNING[L1,P51] (CarpetIOHDF5): Problem creating HDF5 output directory ''
WARNING[L1,P52] (Cactus): Attempt to create a directory with an empty or NULL string
WARNING[L1,P52] (CarpetIOHDF5): Problem creating HDF5 output directory ''
WARNING[L1,P53] (Cactus): Attempt to create a directory with an empty or NULL string
WARNING[L1,P53] (CarpetIOHDF5): Problem creating HDF5 output directory ''
WARNING[L1,P54] (Cactus): Attempt to create a directory with an empty or NULL string
WARNING[L1,P54] (CarpetIOHDF5): Problem creating HDF5 output directory ''
WARNING[L1,P55] (Cactus): Attempt to create a directory with an empty or NULL string
WARNING[L1,P55] (CarpetIOHDF5): Problem creating HDF5 output directory ''
WARNING[L1,P56] (Cactus): Attempt to create a directory with an empty or NULL string
WARNING[L1,P56] (CarpetIOHDF5): Problem creating HDF5 output directory ''
WARNING[L1,P57] (Cactus): Attempt to create a directory with an empty or NULL string
WARNING[L1,P57] (CarpetIOHDF5): Problem creating HDF5 output directory ''
WARNING[L1,P58] (Cactus): Attempt to create a directory with an empty or NULL string
WARNING[L1,P58] (CarpetIOHDF5): Problem creating HDF5 output directory ''
WARNING[L1,P59] (Cactus): Attempt to create a directory with an empty or NULL string
WARNING[L1,P59] (CarpetIOHDF5): Problem creating HDF5 output directory ''
WARNING[L1,P60] (Cactus): Attempt to create a directory with an empty or NULL string
WARNING[L1,P60] (CarpetIOHDF5): Problem creating HDF5 output directory ''
WARNING[L1,P61] (Cactus): Attempt to create a directory with an empty or NULL string
WARNING[L1,P61] (CarpetIOHDF5): Problem creating HDF5 output directory ''
WARNING[L1,P62] (Cactus): Attempt to create a directory with an empty or NULL string
WARNING[L1,P62] (CarpetIOHDF5): Problem creating HDF5 output directory ''
WARNING[L1,P63] (Cactus): Attempt to create a directory with an empty or NULL string
WARNING[L1,P63] (CarpetIOHDF5): Problem creating HDF5 output directory ''
WARNING[L1,P64] (Cactus): Attempt to create a directory with an empty or NULL string
WARNING[L1,P64] (CarpetIOHDF5): Problem creating HDF5 output directory ''
WARNING[L1,P65] (Cactus): Attempt to create a directory with an empty or NULL string
WARNING[L1,P65] (CarpetIOHDF5): Problem creating HDF5 output directory ''
WARNING[L1,P66] (Cactus): Attempt to create a directory with an empty or NULL string
WARNING[L1,P66] (CarpetIOHDF5): Problem creating HDF5 output directory ''
WARNING[L1,P67] (Cactus): Attempt to create a directory with an empty or NULL string
WARNING[L1,P67] (CarpetIOHDF5): Problem creating HDF5 output directory ''
WARNING[L1,P68] (Cactus): Attempt to create a directory with an empty or NULL string
WARNING[L1,P68] (CarpetIOHDF5): Problem creating HDF5 output directory ''
WARNING[L1,P69] (Cactus): Attempt to create a directory with an empty or NULL string
WARNING[L1,P69] (CarpetIOHDF5): Problem creating HDF5 output directory ''
WARNING[L1,P70] (Cactus): Attempt to create a directory with an empty or NULL string
WARNING[L1,P70] (CarpetIOHDF5): Problem creating HDF5 output directory ''
WARNING[L1,P71] (Cactus): Attempt to create a directory with an empty or NULL string
WARNING[L1,P71] (CarpetIOHDF5): Problem creating HDF5 output directory ''
WARNING[L1,P72] (Cactus): Attempt to create a directory with an empty or NULL string
WARNING[L1,P72] (CarpetIOHDF5): Problem creating HDF5 output directory ''
WARNING[L1,P73] (Cactus): Attempt to create a directory with an empty or NULL string
WARNING[L1,P73] (CarpetIOHDF5): Problem creating HDF5 output directory ''
WARNING[L1,P74] (Cactus): Attempt to create a directory with an empty or NULL string
WARNING[L1,P74] (CarpetIOHDF5): Problem creating HDF5 output directory ''
WARNING[L1,P75] (Cactus): Attempt to create a directory with an empty or NULL string
WARNING[L1,P75] (CarpetIOHDF5): Problem creating HDF5 output directory ''
WARNING[L1,P76] (Cactus): Attempt to create a directory with an empty or NULL string
WARNING[L1,P76] (CarpetIOHDF5): Problem creating HDF5 output directory ''
WARNING[L1,P77] (Cactus): Attempt to create a directory with an empty or NULL string
WARNING[L1,P77] (CarpetIOHDF5): Problem creating HDF5 output directory ''
WARNING[L1,P78] (Cactus): Attempt to create a directory with an empty or NULL string
WARNING[L1,P78] (CarpetIOHDF5): Problem creating HDF5 output directory ''
WARNING[L1,P79] (Cactus): Attempt to create a directory with an empty or NULL string
WARNING[L1,P79] (CarpetIOHDF5): Problem creating HDF5 output directory ''
WARNING[L1,P80] (Cactus): Attempt to create a directory with an empty or NULL string
WARNING[L1,P80] (CarpetIOHDF5): Problem creating HDF5 output directory ''
WARNING[L1,P81] (Cactus): Attempt to create a directory with an empty or NULL string
WARNING[L1,P81] (CarpetIOHDF5): Problem creating HDF5 output directory ''
WARNING[L1,P82] (Cactus): Attempt to create a directory with an empty or NULL string
WARNING[L1,P82] (CarpetIOHDF5): Problem creating HDF5 output directory ''
WARNING[L1,P83] (Cactus): Attempt to create a directory with an empty or NULL string
WARNING[L1,P83] (CarpetIOHDF5): Problem creating HDF5 output directory ''
WARNING[L1,P84] (Cactus): Attempt to create a directory with an empty or NULL string
WARNING[L1,P84] (CarpetIOHDF5): Problem creating HDF5 output directory ''
WARNING[L1,P85] (Cactus): Attempt to create a directory with an empty or NULL string
WARNING[L1,P85] (CarpetIOHDF5): Problem creating HDF5 output directory ''
WARNING[L1,P86] (Cactus): Attempt to create a directory with an empty or NULL string
WARNING[L1,P86] (CarpetIOHDF5): Problem creating HDF5 output directory ''
WARNING[L1,P87] (Cactus): Attempt to create a directory with an empty or NULL string
WARNING[L1,P87] (CarpetIOHDF5): Problem creating HDF5 output directory ''
WARNING[L1,P88] (Cactus): Attempt to create a directory with an empty or NULL string
WARNING[L1,P88] (CarpetIOHDF5): Problem creating HDF5 output directory ''
WARNING[L1,P89] (Cactus): Attempt to create a directory with an empty or NULL string
WARNING[L1,P89] (CarpetIOHDF5): Problem creating HDF5 output directory ''
WARNING[L1,P90] (Cactus): Attempt to create a directory with an empty or NULL string
WARNING[L1,P90] (CarpetIOHDF5): Problem creating HDF5 output directory ''
WARNING[L1,P91] (Cactus): Attempt to create a directory with an empty or NULL string
WARNING[L1,P91] (CarpetIOHDF5): Problem creating HDF5 output directory ''
WARNING[L1,P92] (Cactus): Attempt to create a directory with an empty or NULL string
WARNING[L1,P92] (CarpetIOHDF5): Problem creating HDF5 output directory ''
WARNING[L1,P93] (Cactus): Attempt to create a directory with an empty or NULL string
WARNING[L1,P93] (CarpetIOHDF5): Problem creating HDF5 output directory ''
WARNING[L1,P94] (Cactus): Attempt to create a directory with an empty or NULL string
WARNING[L1,P94] (CarpetIOHDF5): Problem creating HDF5 output directory ''
WARNING[L1,P95] (Cactus): Attempt to create a directory with an empty or NULL string
WARNING[L1,P95] (CarpetIOHDF5): Problem creating HDF5 output directory ''
WARNING[L1,P96] (Cactus): Attempt to create a directory with an empty or NULL string
WARNING[L1,P96] (CarpetIOHDF5): Problem creating HDF5 output directory ''
WARNING[L1,P97] (Cactus): Attempt to create a directory with an empty or NULL string
WARNING[L1,P97] (CarpetIOHDF5): Problem creating HDF5 output directory ''
WARNING[L1,P98] (Cactus): Attempt to create a directory with an empty or NULL string
WARNING[L1,P98] (CarpetIOHDF5): Problem creating HDF5 output directory ''
WARNING[L1,P99] (Cactus): Attempt to create a directory with an empty or NULL string
WARNING[L1,P99] (CarpetIOHDF5): Problem creating HDF5 output directory ''
WARNING[L1,P100] (Cactus): Attempt to create a directory with an empty or NULL string
WARNING[L1,P100] (CarpetIOHDF5): Problem creating HDF5 output directory ''
WARNING[L1,P101] (Cactus): Attempt to create a directory with an empty or NULL string
WARNING[L1,P101] (CarpetIOHDF5): Problem creating HDF5 output directory ''
WARNING[L1,P102] (Cactus): Attempt to create a directory with an empty or NULL string
WARNING[L1,P102] (CarpetIOHDF5): Problem creating HDF5 output directory ''
WARNING[L1,P103] (Cactus): Attempt to create a directory with an empty or NULL string
WARNING[L1,P103] (CarpetIOHDF5): Problem creating HDF5 output directory ''
WARNING[L1,P104] (Cactus): Attempt to create a directory with an empty or NULL string
WARNING[L1,P104] (CarpetIOHDF5): Problem creating HDF5 output directory ''
WARNING[L1,P105] (Cactus): Attempt to create a directory with an empty or NULL string
WARNING[L1,P105] (CarpetIOHDF5): Problem creating HDF5 output directory ''
WARNING[L1,P106] (Cactus): Attempt to create a directory with an empty or NULL string
WARNING[L1,P106] (CarpetIOHDF5): Problem creating HDF5 output directory ''
WARNING[L1,P107] (Cactus): Attempt to create a directory with an empty or NULL string
WARNING[L1,P107] (CarpetIOHDF5): Problem creating HDF5 output directory ''
WARNING[L1,P108] (Cactus): Attempt to create a directory with an empty or NULL string
WARNING[L1,P108] (CarpetIOHDF5): Problem creating HDF5 output directory ''
WARNING[L1,P109] (Cactus): Attempt to create a directory with an empty or NULL string
WARNING[L1,P109] (CarpetIOHDF5): Problem creating HDF5 output directory ''
WARNING[L1,P110] (Cactus): Attempt to create a directory with an empty or NULL string
WARNING[L1,P110] (CarpetIOHDF5): Problem creating HDF5 output directory ''
WARNING[L1,P111] (Cactus): Attempt to create a directory with an empty or NULL string
WARNING[L1,P111] (CarpetIOHDF5): Problem creating HDF5 output directory ''
   SPHERICALSURFACE::sf_mean_radius[5]
   SPHERICALSURFACE::sf_centroid_x[0]
   SPHERICALSURFACE::sf_centroid_x[1]
   SPHERICALSURFACE::sf_centroid_x[2]
   SPHERICALSURFACE::sf_centroid_x[3]
   SPHERICALSURFACE::sf_centroid_x[4]
   SPHERICALSURFACE::sf_centroid_x[5]
   SPHERICALSURFACE::sf_centroid_y[0]
   SPHERICALSURFACE::sf_centroid_y[1]
   SPHERICALSURFACE::sf_centroid_y[2]
   SPHERICALSURFACE::sf_centroid_y[3]
   SPHERICALSURFACE::sf_centroid_y[4]
   SPHERICALSURFACE::sf_centroid_y[5]
   SPHERICALSURFACE::sf_centroid_z[0]
   SPHERICALSURFACE::sf_centroid_z[1]
   SPHERICALSURFACE::sf_centroid_z[2]
   SPHERICALSURFACE::sf_centroid_z[3]
   SPHERICALSURFACE::sf_centroid_z[4]
   SPHERICALSURFACE::sf_centroid_z[5]
   SPHERICALSURFACE::sf_quadrupole_xx[0]
   SPHERICALSURFACE::sf_quadrupole_xx[1]
   SPHERICALSURFACE::sf_quadrupole_xx[2]
   SPHERICALSURFACE::sf_quadrupole_xx[3]
   SPHERICALSURFACE::sf_quadrupole_xx[4]
   SPHERICALSURFACE::sf_quadrupole_xx[5]
   SPHERICALSURFACE::sf_quadrupole_xy[0]
   SPHERICALSURFACE::sf_quadrupole_xy[1]
   SPHERICALSURFACE::sf_quadrupole_xy[2]
   SPHERICALSURFACE::sf_quadrupole_xy[3]
   SPHERICALSURFACE::sf_quadrupole_xy[4]
   SPHERICALSURFACE::sf_quadrupole_xy[5]
   SPHERICALSURFACE::sf_quadrupole_xz[0]
   SPHERICALSURFACE::sf_quadrupole_xz[1]
   SPHERICALSURFACE::sf_quadrupole_xz[2]
   SPHERICALSURFACE::sf_quadrupole_xz[3]
   SPHERICALSURFACE::sf_quadrupole_xz[4]
   SPHERICALSURFACE::sf_quadrupole_xz[5]
   SPHERICALSURFACE::sf_quadrupole_yy[0]
   SPHERICALSURFACE::sf_quadrupole_yy[1]
   SPHERICALSURFACE::sf_quadrupole_yy[2]
   SPHERICALSURFACE::sf_quadrupole_yy[3]
   SPHERICALSURFACE::sf_quadrupole_yy[4]
   SPHERICALSURFACE::sf_quadrupole_yy[5]
   SPHERICALSURFACE::sf_quadrupole_yz[0]
   SPHERICALSURFACE::sf_quadrupole_yz[1]
   SPHERICALSURFACE::sf_quadrupole_yz[2]
   SPHERICALSURFACE::sf_quadrupole_yz[3]
   SPHERICALSURFACE::sf_quadrupole_yz[4]
   SPHERICALSURFACE::sf_quadrupole_yz[5]
   SPHERICALSURFACE::sf_quadrupole_zz[0]
   SPHERICALSURFACE::sf_quadrupole_zz[1]
   SPHERICALSURFACE::sf_quadrupole_zz[2]
   SPHERICALSURFACE::sf_quadrupole_zz[3]
   SPHERICALSURFACE::sf_quadrupole_zz[4]
   SPHERICALSURFACE::sf_quadrupole_zz[5]
   SPHERICALSURFACE::sf_min_radius[0]
   SPHERICALSURFACE::sf_min_radius[1]
   SPHERICALSURFACE::sf_min_radius[2]
   SPHERICALSURFACE::sf_min_radius[3]
   SPHERICALSURFACE::sf_min_radius[4]
   SPHERICALSURFACE::sf_min_radius[5]
   SPHERICALSURFACE::sf_max_radius[0]
   SPHERICALSURFACE::sf_max_radius[1]
   SPHERICALSURFACE::sf_max_radius[2]
   SPHERICALSURFACE::sf_max_radius[3]
   SPHERICALSURFACE::sf_max_radius[4]
   SPHERICALSURFACE::sf_max_radius[5]
   SPHERICALSURFACE::sf_min_x[0]
   SPHERICALSURFACE::sf_min_x[1]
   SPHERICALSURFACE::sf_min_x[2]
   SPHERICALSURFACE::sf_min_x[3]
   SPHERICALSURFACE::sf_min_x[4]
   SPHERICALSURFACE::sf_min_x[5]
   SPHERICALSURFACE::sf_min_y[0]
   SPHERICALSURFACE::sf_min_y[1]
   SPHERICALSURFACE::sf_min_y[2]
   SPHERICALSURFACE::sf_min_y[3]
   SPHERICALSURFACE::sf_min_y[4]
   SPHERICALSURFACE::sf_min_y[5]
   SPHERICALSURFACE::sf_min_z[0]
   SPHERICALSURFACE::sf_min_z[1]
   SPHERICALSURFACE::sf_min_z[2]
   SPHERICALSURFACE::sf_min_z[3]
   SPHERICALSURFACE::sf_min_z[4]
   SPHERICALSURFACE::sf_min_z[5]
   SPHERICALSURFACE::sf_max_x[0]
   SPHERICALSURFACE::sf_max_x[1]
   SPHERICALSURFACE::sf_max_x[2]
   SPHERICALSURFACE::sf_max_x[3]
   SPHERICALSURFACE::sf_max_x[4]
   SPHERICALSURFACE::sf_max_x[5]
   SPHERICALSURFACE::sf_max_y[0]
   SPHERICALSURFACE::sf_max_y[1]
   SPHERICALSURFACE::sf_max_y[2]
   SPHERICALSURFACE::sf_max_y[3]
   SPHERICALSURFACE::sf_max_y[4]
   SPHERICALSURFACE::sf_max_y[5]
   SPHERICALSURFACE::sf_max_z[0]
   SPHERICALSURFACE::sf_max_z[1]
   SPHERICALSURFACE::sf_max_z[2]
   SPHERICALSURFACE::sf_max_z[3]
   SPHERICALSURFACE::sf_max_z[4]
   SPHERICALSURFACE::sf_max_z[5]
INFO (CarpetIOASCII): I/O Method 'IOASCII_1D' registered: 1D AMR output of grid variables to ASCII files
INFO (CarpetIOASCII): Periodic 1D AMR output requested for:
   EMGBASE::Ex
   EMGBASE::Ey
   EMGBASE::Ez
   EMGBASE::Bx
   EMGBASE::By
   EMGBASE::Bz
   EMGEVOLVE::Ec
   EMGEVOLVE::Bc
   LEANBSSNMOL::hc
   LEANBSSNMOL::mcx
   LEANBSSNMOL::mcy
   LEANBSSNMOL::mcz
INFO (CarpetIOASCII): I/O Method 'IOASCII_2D' registered: 2D AMR output of grid variables to ASCII files
INFO (CarpetIOASCII): I/O Method 'IOASCII_3D' registered: 3D AMR output of grid variables to ASCII files
INFO (CarpetIOHDF5): I/O Method 'IOHDF5' registered: AMR output of grid variables to HDF5 files
INFO (CarpetIOHDF5): I/O Method 'IOHDF5_0D' registered: 0D AMR output of grid variables to HDF5 files
INFO (CarpetIOHDF5): I/O Method 'IOHDF5_1D' registered: 1D AMR output of grid variables to HDF5 files
INFO (CarpetIOHDF5): I/O Method 'IOHDF5_2D' registered: 2D AMR output of grid variables to HDF5 files
INFO (CarpetIOHDF5): I/O Method 'IOHDF5_3D' registered: 3D AMR output of grid variables to HDF5 files
INFO (CarpetRegrid2): Initialising position of centre 0 to [8,0,0]
INFO (CarpetRegrid2): Initialising position of centre 1 to [-8,0,0]
INFO (MoL): Using Runge-Kutta 4 as the time integrator.
INFO (MoL): The maximum number of evolved variables is 1861. 29 are registered.
INFO (MoL): The maximum number of slow evolved variables is 1861. 0 are registered.
INFO (MoL): The maximum number of constrained variables is 1861. 12 are registered.
INFO (MoL): The maximum number of SandR variables is 1861. 0 are registered.
INFO (MoL): The maximum number of evolved array variables is 1861. 0 are registered.
INFO (MoL): The maximum number of constrained array variables is 1861. 0 are registered.
INFO (MoL): The maximum number of SandR array variables is 1861. 0 are registered.
INFO (MoL): The maximum size of any array variables is 0.
INFO (Vectors): Testing vectorisation... [errors may result in segfaults]
INFO (Vectors): 101/101 tests passed 
INFO (CarpetRegrid2): Centre 1 is at position [8,0,0] with 9 levels
INFO (CarpetRegrid2): Centre 2 is at position [-8,0,0] with 9 levels
INFO (CarpetRegrid2): Regridding level 0 map 0 at iteration 0 time 0
INFO (CarpetRegrid2): Regridding levels 1 and up
INFO (CarpetRegrid2): Enforcing grid structure properties, iteration 0
INFO (CarpetRegrid2): Enforcing grid structure properties, iteration 0
INFO (CarpetRegrid2): Enforcing grid structure properties, iteration 0
INFO (CarpetRegrid2): Enforcing grid structure properties, iteration 0
INFO (CarpetRegrid2): Enforcing grid structure properties, iteration 0
INFO (CarpetRegrid2): Enforcing grid structure properties, iteration 0
INFO (CarpetRegrid2): Enforcing grid structure properties, iteration 0
INFO (CarpetRegrid2): Enforcing grid structure properties, iteration 0
INFO (Carpet): Grid structure (superregions, grid points):
   [0][0][0]   exterior: [0,0,0] : [132,132,132]   ([133,133,133] + PADDING) 2352637
   [1][0][0]   exterior: [89,91,91] : [175,173,173]   ([87,83,83] + PADDING) 599343
   [2][0][0]   exterior: [219,223,223] : [309,305,305]   ([91,83,83] + PADDING) 626899
   [3][0][0]   exterior: [487,495,495] : [569,561,561]   ([83,67,67] + PADDING) 372587
   [4][0][0]   exterior: [1007,1023,1023] : [1105,1089,1089]   ([99,67,67] + PADDING) 444411
   [5][0][0]   exterior: [2048,2080,2080] : [2176,2144,2144]   ([129,65,65] + PADDING) 545025
   [6][0][0]   exterior: [4129,4193,4193] : [4191,4255,4255]   ([63,63,63] + PADDING) 250047
   [6][0][1]   exterior: [4257,4193,4193] : [4319,4255,4255]   ([63,63,63] + PADDING) 250047
   [7][0][0]   exterior: [8291,8419,8419] : [8349,8477,8477]   ([59,59,59] + PADDING) 205379
   [7][0][1]   exterior: [8547,8419,8419] : [8605,8477,8477]   ([59,59,59] + PADDING) 205379
   [8][0][0]   exterior: [16615,16871,16871] : [16665,16921,16921]   ([51,51,51] + PADDING) 132651
   [8][0][1]   exterior: [17127,16871,16871] : [17177,16921,16921]   ([51,51,51] + PADDING) 132651
INFO (Carpet): Grid structure (superregions, coordinates):
   [0][0][0]   exterior: [-528,-528,-528] : [528,528,528] : [8,8,8]
   [1][0][0]   exterior: [-172,-164,-164] : [172,164,164] : [4,4,4]
   [2][0][0]   exterior: [-90,-82,-82] : [90,82,82] : [2,2,2]
   [3][0][0]   exterior: [-41,-33,-33] : [41,33,33] : [1,1,1]
   [4][0][0]   exterior: [-24.5,-16.5,-16.5] : [24.5,16.5,16.5] : [0.5,0.5,0.5]
   [5][0][0]   exterior: [-16,-8,-8] : [16,8,8] : [0.25,0.25,0.25]
   [6][0][0]   exterior: [-11.875,-3.875,-3.875] : [-4.125,3.875,3.875] : [0.125,0.125,0.125]
   [6][0][1]   exterior: [4.125,-3.875,-3.875] : [11.875,3.875,3.875] : [0.125,0.125,0.125]
   [7][0][0]   exterior: [-9.8125,-1.8125,-1.8125] : [-6.1875,1.8125,1.8125] : [0.0625,0.0625,0.0625]
   [7][0][1]   exterior: [6.1875,-1.8125,-1.8125] : [9.8125,1.8125,1.8125] : [0.0625,0.0625,0.0625]
   [8][0][0]   exterior: [-8.78125,-0.78125,-0.78125] : [-7.21875,0.78125,0.78125] : [0.03125,0.03125,0.03125]
   [8][0][1]   exterior: [7.21875,-0.78125,-0.78125] : [8.78125,0.78125,0.78125] : [0.03125,0.03125,0.03125]
INFO (Carpet): Global grid structure statistics:
INFO (Carpet): GF: rhs: 129k active, 367k owned (+185%), 1013k total (+176%), 256 steps/time
INFO (Carpet): GF: vars: 247, pts: 898M active, 1436M owned (+60%), 3342M total (+133%), 1.0 comp/proc
INFO (Carpet): GA: vars: 1664, pts: 381M active, 381M total (+0%)
INFO (Carpet): Total required memory: 30.775 GByte (for GAs and currently active GFs)
INFO (Carpet): Load balance:  min     avg     max     sdv     max/avg-1
INFO (Carpet): Level  0:       4M      5M      6M      0M owned     25%
INFO (Carpet): Level  1:       1M      1M      1M      0M owned      6%
INFO (Carpet): Level  2:       1M      1M      1M      0M owned      8%
INFO (Carpet): Level  3:       1M      1M      1M      0M owned      7%
INFO (Carpet): Level  4:       1M      1M      1M      0M owned      9%
INFO (Carpet): Level  5:       1M      1M      1M      0M owned     13%
INFO (Carpet): Level  6:       1M      1M      1M      0M owned      5%
INFO (Carpet): Level  7:       1M      1M      1M      0M owned      6%
INFO (Carpet): Level  8:       0M      1M      1M      0M owned      7%
INFO (CartGrid3D): Grid Spacings:
INFO (CartGrid3D): dx=>8.0000000e+00  dy=>8.0000000e+00  dz=>8.0000000e+00
INFO (CartGrid3D): Computational Coordinates:
INFO (CartGrid3D): x=>[-528.000,528.000]  y=>[-528.000,528.000]  z=>[-528.000,528.000]
INFO (CartGrid3D): Indices of Physical Coordinates:
INFO (CartGrid3D): x=>[0,132]  y=>[0,132]  z=>[0,132]
INFO (AHFinderDirect): setting up AHFinderDirect data structures
INFO (AHFinderDirect):            to search for 6 horizons on 112 processors
INFO (AHFinderDirect):       constructing full sphere patch system
INFO (AHFinderDirect):                    at origin (8.001,0,0)
INFO (AHFinderDirect):                    with 18 angular zones per right angle
INFO (AHFinderDirect):       ==> 2166 nominal, 3174 ghosted angular grid points
INFO (AHFinderDirect):       constructing full sphere patch system
INFO (AHFinderDirect):                    at origin (-8.001,0,0)
INFO (AHFinderDirect):                    with 18 angular zones per right angle
INFO (AHFinderDirect):       ==> 2166 nominal, 3174 ghosted angular grid points
INFO (AHFinderDirect):       constructing full sphere patch system
INFO (AHFinderDirect):                    at origin (0,0,0)
INFO (AHFinderDirect):                    with 18 angular zones per right angle
INFO (AHFinderDirect):       ==> 2166 nominal, 3174 ghosted angular grid points
INFO (AHFinderDirect):       constructing full sphere patch system
INFO (AHFinderDirect):                    at origin (0,0,0)
INFO (AHFinderDirect):                    with 18 angular zones per right angle
INFO (AHFinderDirect):       ==> 2166 nominal, 3174 ghosted angular grid points
INFO (AHFinderDirect):       constructing full sphere patch system
INFO (AHFinderDirect):                    at origin (0,0,0)
INFO (AHFinderDirect):                    with 18 angular zones per right angle
INFO (AHFinderDirect):       ==> 2166 nominal, 3174 ghosted angular grid points
INFO (AHFinderDirect):       constructing full sphere patch system
INFO (AHFinderDirect):                    at origin (0,0,0)
INFO (AHFinderDirect):                    with 18 angular zones per right angle
INFO (AHFinderDirect):       ==> 2166 nominal, 3174 ghosted angular grid points
INFO (TerminationTrigger): Reminding you every 0 minutes about remaining walltime
INFO (Time): Timestep set to 2 (courant_static)
INFO (TwoChargedPunctures): Solving puncture equation for BH-BH system
INFO (TwoChargedPunctures): b = 8.001
TCP_Newton: it=0 	 |F|=2.753736e-07
bare mass: mp=0.5 	 mm=0.5
bicgstab:  itmax 100, tol 2.753736e-10
bicgstab:     0   2.321e-05
bicgstab:     1   9.417e-03   1.093e+00   0.000e+00  -2.836e-02
bicgstab:     2   6.697e-01  -3.970e-01   7.610e-01   5.245e-01
bicgstab:     3   9.205e-01   1.774e+00  -7.794e-01   1.461e+00
bicgstab:     4   3.252e+00  -1.329e+01   3.779e+00   6.286e-01
bicgstab:     5   1.914e+00   1.859e+00  -2.723e+01   1.240e+00
bicgstab:     6   3.363e+00  -4.301e-02  -1.832e+01  -6.764e-02
bicgstab:     7   1.898e-01   5.462e-01   1.436e-01   8.457e-01
bicgstab:     8   8.440e-03   5.956e-01   9.082e-02   4.378e-01
bicgstab:     9   3.493e-03   1.073e+00  -8.585e-02   4.694e-01
bicgstab:    10   1.998e-03   4.418e-01  -4.207e-01  -4.178e-01
bicgstab:    11   2.218e-03  -8.455e-02   4.051e-01  -3.625e-01
bicgstab:    12   2.698e-04   2.382e+00   3.091e-01   1.441e-01
bicgstab:    13   1.182e-04   8.843e-01   1.061e+00  -3.039e-01
bicgstab:    14   1.824e-04   5.644e-01   3.244e-02  -1.294e+00
bicgstab:    15   2.007e-04  -2.360e+00  -2.239e-01   5.412e-01
bicgstab:    16   5.016e-04  -4.596e+00  -6.800e+00   7.913e-01
bicgstab:    17   1.801e-04   4.371e-01   3.816e+00   6.053e-01
bicgstab:    18   1.618e-04  -2.060e-01   3.679e-02   4.338e-01
bicgstab:    19   1.246e-04   3.652e-02   1.606e+00   4.609e+00
bicgstab:    20   4.690e-05   3.189e+00  -3.332e-01   7.486e-01
bicgstab:    21   3.545e-04   2.188e+01   1.569e+00  -2.113e-01
bicgstab:    22   6.640e-06  -2.696e-02   7.648e+02   4.845e-01
bicgstab:    23   4.429e-06   5.586e-01  -7.121e-04   9.461e-01
bicgstab:    24   4.022e-06  -2.561e-01  -5.650e-01   2.373e-01
bicgstab:    25   5.793e-06   4.469e+00  -4.680e-01   4.298e-01
bicgstab:    26   7.446e-06   1.002e+00   1.596e+00   6.232e-01
bicgstab:    27   5.943e-06   6.707e-01  -5.577e-01   1.045e+00
bicgstab:    28   3.146e-06  -9.878e-02   4.988e+00   1.635e+01
bicgstab:    29   6.599e-06  -1.960e+00   5.171e-03   2.784e-01
bicgstab:    30   1.179e-05  -2.103e+00  -6.657e+00   2.630e+00
bicgstab:    31   1.639e-05   3.180e+00  -1.111e+00   5.604e-02
bicgstab:    32   1.476e-05  -1.849e-01   2.287e+00   1.345e-01
bicgstab:    33   3.473e-06   1.417e+00  -7.488e-01   7.056e-01
bicgstab:    34   1.094e-06   5.764e-01   6.818e-01   4.012e-01
bicgstab:    35   4.434e-07   3.738e-01   3.950e-01   4.746e+00
bicgstab:    36   2.575e-07   4.104e-02  -9.345e-02   1.414e+00
bicgstab:    37   2.673e-07   4.679e-01  -2.229e-01   1.968e-01
bicgstab:    38   1.512e-08   9.988e+00  -5.201e-01   4.208e-01
bicgstab:    39   3.601e-08   8.938e-02  -2.637e+01   4.323e+00
bicgstab:    40   8.735e-09   8.451e-01  -6.052e-02   5.412e-01
bicgstab:    41   9.227e-09   3.108e-01  -1.597e-01   3.343e+00
bicgstab:    42   7.980e-09  -8.462e-01  -3.176e-02   5.480e-01
bicgstab:    43   7.725e-09   1.026e+00  -2.780e+00   1.938e+00
bicgstab:    44   5.275e-09  -5.890e-01   9.820e-01   4.653e-01
bicgstab:    45   5.633e-10   4.665e+00  -1.736e+00   4.639e-01
bicgstab:    46   1.078e-10   3.151e-01   1.935e+00   4.639e-01
TCP_Newton: it=1 	 |F|=6.254561e-11 
INFO (TwoChargedPunctures): Wrote coefficient file v.dat
INFO (TwoChargedPunctures): The two puncture masses are mp=0.5 and mm=0.5
INFO (TwoChargedPunctures): Puncture 1 ADM mass is 0.50781
INFO (TwoChargedPunctures): Puncture 2 ADM mass is 0.50781
INFO (TwoChargedPunctures): The total ADM mass is 0.999851
INFO (TwoChargedPunctures): Setting initial lapse to psi^-2.000000 profile.
INFO (TwoChargedPunctures): Interpolating result
INFO (QuasiLocalMeasures): Initialising Quasi-Local Measure calculations
INFO (TerminationTrigger): Reminding you every 0 minutes about remaining walltime
INFO (Time): Timestep set to 2 (courant_static)
INFO (TwoChargedPunctures): Setting initial lapse to psi^-2.000000 profile.
INFO (TwoChargedPunctures): Interpolating result
INFO (TerminationTrigger): Reminding you every 0 minutes about remaining walltime
INFO (Time): Timestep set to 1 (courant_static)
INFO (TwoChargedPunctures): Setting initial lapse to psi^-2.000000 profile.
INFO (TwoChargedPunctures): Interpolating result
INFO (TerminationTrigger): Reminding you every 0 minutes about remaining walltime
INFO (Time): Timestep set to 0.5 (courant_static)
INFO (TwoChargedPunctures): Setting initial lapse to psi^-2.000000 profile.
INFO (TwoChargedPunctures): Interpolating result
INFO (TerminationTrigger): Reminding you every 0 minutes about remaining walltime
INFO (Time): Timestep set to 0.25 (courant_static)
INFO (TwoChargedPunctures): Setting initial lapse to psi^-2.000000 profile.
INFO (TwoChargedPunctures): Interpolating result
INFO (TerminationTrigger): Reminding you every 0 minutes about remaining walltime
INFO (Time): Timestep set to 0.125 (courant_static)
INFO (TwoChargedPunctures): Setting initial lapse to psi^-2.000000 profile.
INFO (TwoChargedPunctures): Interpolating result
INFO (TerminationTrigger): Reminding you every 0 minutes about remaining walltime
INFO (Time): Timestep set to 0.0625 (courant_static)
INFO (TwoChargedPunctures): Setting initial lapse to psi^-2.000000 profile.
INFO (TwoChargedPunctures): Interpolating result
INFO (TerminationTrigger): Reminding you every 0 minutes about remaining walltime
INFO (Time): Timestep set to 0.03125 (courant_static)
INFO (TwoChargedPunctures): Setting initial lapse to psi^-2.000000 profile.
INFO (TwoChargedPunctures): Interpolating result
INFO (TerminationTrigger): Reminding you every 0 minutes about remaining walltime
INFO (Time): Timestep set to 0.015625 (courant_static)
INFO (TwoChargedPunctures): Setting initial lapse to psi^-2.000000 profile.
INFO (TwoChargedPunctures): Interpolating result
INFO (AHFinderDirect): proc 0: searching for horizon 1/6
INFO (AHFinderDirect): AH 6/6: r=239.003 at (0.000003,0.000023,-0.000044)
INFO (AHFinderDirect): AH 6/6: area=723845.2459 m_irreducible=120.0018484
INFO (AHFinderDirect): AH 3/6: r=78.9972 at (-0.000000,0.000000,-0.000000)
INFO (AHFinderDirect): AH 3/6: area=80425.06427 m_irreducible=40.0000727
INFO (AHFinderDirect): AH 4/6: r=98.9978 at (-0.000000,-0.000000,-0.000000)
INFO (AHFinderDirect): AH 4/6: area=125663.9353 m_irreducible=50.00004558
INFO (AHFinderDirect): AH 5/6: r=178.999 at (-0.000000,0.000000,0.000000)
INFO (AHFinderDirect): AH 5/6: area=407150.527 m_irreducible=90.00001317
INFO (AHFinderDirect): AH 1/6: r=0.244669 at (8.000981,0.000000,-0.000000)
INFO (AHFinderDirect): AH 1/6: area=12.89491573 m_irreducible=0.506494025
INFO (AHFinderDirect): AH 2/6: r=0.244669 at (-8.000981,0.000000,0.000000)
INFO (AHFinderDirect): AH 2/6: area=12.89491573 m_irreducible=0.506494025
INFO (QuasiLocalMeasures): Calculating quasi-local quantities for surface    0
INFO (QuasiLocalMeasures): Importing from spherical surface    0
INFO (QuasiLocalMeasures): Geometric quantities for surface    0:
INFO (QuasiLocalMeasures):    Area A:                            12.8950
INFO (QuasiLocalMeasures):    Irreducible mass M = R/2:         0.506496
INFO (QuasiLocalMeasures):    Areal radius R = sqrt(A/4pi):      1.01299
INFO (QuasiLocalMeasures): Coordinate-dependent quantities for surface    0:
INFO (QuasiLocalMeasures):    Equatorial circumference:             6.36463
INFO (QuasiLocalMeasures):    Polar circumference at phi=0:         6.36376
INFO (QuasiLocalMeasures):    Polar circumference at phi=pi/2:      6.36453
INFO (QuasiLocalMeasures):    No valid spin guess from distortion.
INFO (QuasiLocalMeasures):    (Spin guess is imaginary.)
INFO (QuasiLocalMeasures):    Magnitude of invalid spin guess:     0.390104E-02
INFO (QuasiLocalMeasures):    Mass guess M from distortion:        0.506481
INFO (QuasiLocalMeasures): Isolated Horizon quantities for surface    0:
INFO (QuasiLocalMeasures):    Killing vector field eigenvalue norm:      1.00000
INFO (QuasiLocalMeasures):    Spin J:                                  -0.885673E-18
INFO (QuasiLocalMeasures):    Kerr spin parameter a = J/M:             -0.174863E-17
INFO (QuasiLocalMeasures):    Dimensionless spin parameter a = J/M^2:  -0.345240E-17
INFO (QuasiLocalMeasures):    Spin J from NP:                          -0.287585E-17
INFO (QuasiLocalMeasures):    Spin J from phi-coordinate-vector:         0.00000
INFO (QuasiLocalMeasures):    Mass M:                                   0.506496
INFO (QuasiLocalMeasures): Global quantities for surface    0:
INFO (QuasiLocalMeasures):    ADM energy:                 -8.59629
INFO (QuasiLocalMeasures):    ADM momentum x:            -0.824573E-22
INFO (QuasiLocalMeasures):    ADM momentum y:            -0.172531E-22
INFO (QuasiLocalMeasures):    ADM momentum z:            -0.221578E-22
INFO (QuasiLocalMeasures):    ADM angular momentum x:    -0.113701E-07
INFO (QuasiLocalMeasures):    ADM angular momentum y:     0.214153E-21
INFO (QuasiLocalMeasures):    ADM angular momentum z:    -0.141353E-21
INFO (QuasiLocalMeasures):    Weinberg energy:                  17.3648
INFO (QuasiLocalMeasures):    Weinberg momentum x:            -0.116663E-21
INFO (QuasiLocalMeasures):    Weinberg momentum y:            -0.455725E-22
INFO (QuasiLocalMeasures):    Weinberg momentum z:             0.831663E-21
INFO (QuasiLocalMeasures):    Weinberg angular momentum x:    -0.194816E-06
INFO (QuasiLocalMeasures):    Weinberg angular momentum y:    -0.159851E-20
INFO (QuasiLocalMeasures):    Weinberg angular momentum z:    -0.475577E-21
------------------------------------------------------------------------------------
Iteration      Time | *me_per_hour |     LEANBSSNMOL::conf_fac | *TISTICS::maxrss_mb
                    |              |      minimum      maximum |   minimum   maximum
------------------------------------------------------------------------------------
        0     0.000 |    0.0000000 |    0.0001000    0.9988735 |       507       581
INFO (Carpet): Terminating due to cctk_final_time at t = 0.000000
INFO (TimerReport): Timer Report before terminating at iteration 0 time 0
INFO (TimerReport): Top timers at iteration 0 time 0
======================================================================
    %    Time/s   Min/s   Max/s   Timer (gettimeofday)
======================================================================
100.0   757.313 757.308 757.321   main/Initialise
100.0   757.256 757.246 757.267   meta mode/meta mode/global mode
 98.9   749.318 749.315 749.320   main/Initialise/CallInitial
 97.3   736.790 725.474 744.101   main/Initialise/CallInitial/CCTK_INITIAL
 97.3   736.789 725.473 744.100   main/Initialise/CallInitial/CCTK_INITIAL/CallFunction
 95.2   720.917 720.874 720.957   meta mode/meta mode/global mode/level(0)
 95.1   720.285 702.902 742.903   main/Initialise/CallInitial/CCTK_INITIAL/CallFunction/thorns
 95.1   720.253 702.870 742.870   [0098] TwoChargedPunctures: TwoChargedPunctures in CCTK_INITIAL
 95.1   720.252 702.870 742.869   main/Initialise/CallInitial/CCTK_INITIAL/CallFunction/thorns/TwoChargedPunctures
  2.2    16.500   0.805  34.766   [0107] LeanBSSNMoL: LeanBSSN_Boundaries in CCTK_INITIAL
  2.2    16.500   0.804  34.765   main/Initialise/CallInitial/CCTK_INITIAL/CallFunction/syncs
  2.1    15.614   0.125  34.368   main/Initialise/CallInitial/CCTK_INITIAL/CallFunction/syncs/Sync
  2.1    15.611   0.122  34.365   main/Initialise/CallInitial/CCTK_INITIAL/CallFunction/syncs/Sync/comm_state[6].state_do_some_work.step
  1.1     8.248   0.917  19.576   main/Initialise/CallInitial/CCTK_POSTINITIAL
  1.1     8.247   0.916  19.575   main/Initialise/CallInitial/CCTK_POSTINITIAL/CallFunction
  1.1     7.956   0.608  19.293   main/Initialise/CallInitial/CCTK_POSTINITIAL/CallFunction/syncs
  1.0     7.596   0.214  18.929   main/Initialise/CallInitial/CCTK_POSTINITIAL/CallFunction/syncs/Sync
  1.0     7.562   0.177  18.901   main/Initialise/CallInitial/CCTK_POSTINITIAL/CallFunction/syncs/Sync/comm_state[6].state_do_some_work.step
  0.7     5.336   0.095  14.510   [0117] EMGEvolve: EMG_Boundaries in CCTK_POSTINITIAL
  0.7     5.250   5.247   5.254   main/Initialise/CallAnalysis
  0.7     5.070   5.069   5.072   main/CarpetStartup
  0.7     5.054   5.051   5.060   main/CarpetStartup/CarpetLib::gh::regrid
  0.7     5.053   5.050   5.060   main/CarpetStartup/CarpetLib::gh::regrid/CarpetLib::dh::regrid
  0.6     4.900   4.889   4.907   meta mode/meta mode/global mode/level(2)
  0.6     4.780   4.759   4.806   meta mode/meta mode/global mode/level(1)
  0.6     4.589   4.578   4.597   meta mode/meta mode/global mode/level(5)
  0.5     4.125   4.119   4.131   meta mode/meta mode/global mode/level(6)
  0.5     4.116   4.105   4.124   main/Initialise/CallInitial/CallRegridInitialMeta
  0.5     4.096   4.094   4.097   main/Initialise/CallInitial/CallRegridInitialMeta/Regrid
  0.5     3.929   3.919   3.941   meta mode/meta mode/global mode/level(4)
  0.5     3.900   3.896   3.981   main/Initialise/CallInitial/CallRegridInitialMeta/Regrid/RegridMap
  0.5     3.899   3.896   3.902   main/Initialise/CallInitial/CallRegridInitialMeta/Regrid/RegridMap/CarpetLib::gh::regrid
  0.5     3.899   3.896   3.902   main/Initialise/CallInitial/CallRegridInitialMeta/Regrid/RegridMap/CarpetLib::gh::regrid/CarpetLib::dh::regrid
  0.5     3.661   3.654   3.668   meta mode/meta mode/global mode/level(7)
  0.5     3.538   3.531   3.545   meta mode/meta mode/global mode/level(3)
  0.4     3.081   3.051   3.121   main/Initialise/CallAnalysis/OutputGH
  0.4     3.081   3.051   3.121   main/Initialise/CallAnalysis/OutputGH/OutputGH
  0.4     3.058   3.026   3.099   main/Initialise/CallAnalysis/OutputGH/OutputGH/IOASCII::IOASCII_1D [2]
  0.4     3.058   3.026   3.099   main/Initialise/CallAnalysis/OutputGH/OutputGH/IOASCII::IOASCII_1D [2]/OutputGH<1>
  0.4     2.757   2.737   2.803   meta mode/meta mode/global mode/level(8)
======================================================================
==================================================================================================================================================================================================
Thorn           | Scheduled routine in time bin           | gettimeofday [secs] | getrusage [secs] | cycle [secs] | cycle[avg] [secs] | cycle[sdv] [secs] | cycle[min] [secs] | cycle[max] [secs] 
==================================================================================================================================================================================================
Carpet          | Multi-model Startup routine             |          0.01176700 |       0.00984400 |   0.00000000 |        0.00000000 |        0.00000000 |        0.00000000 |        0.00000000 
CycleClock      | Set up CycleClock                       |          0.10008500 |       0.09951400 |   0.00000106 |        0.00000106 |        0.00000000 |        0.00000106 |        0.00000106 
LoopControl     | Set up LoopControl                      |          0.00005600 |       0.00005500 |   0.00005548 |        0.00005548 |        0.00000000 |        0.00005548 |        0.00005548 
Timers          | Prepare hierarchical timers             |          0.00031700 |       0.00009600 |   0.00031711 |        0.00031711 |        0.00000000 |        0.00031711 |        0.00031711 
Carpet          | Startup routine                         |          0.00003300 |       0.00000500 |   0.00002379 |        0.00002379 |        0.00000000 |        0.00002379 |        0.00002379 
IOUtil          | Startup routine                         |          0.00005800 |       0.00000000 |   0.00005728 |        0.00005728 |        0.00000000 |        0.00005728 |        0.00005728 
CarpetIOScalar  | Startup routine                         |          0.00010700 |       0.00000000 |   0.00010642 |        0.00010642 |        0.00000000 |        0.00010642 |        0.00010642 
CarpetInterp    | Startup routine                         |          0.00002300 |       0.00000000 |   0.00002367 |        0.00002367 |        0.00000000 |        0.00002367 |        0.00002367 
CarpetReduce    | Startup routine                         |          0.00010700 |       0.00000000 |   0.00010677 |        0.00010677 |        0.00000000 |        0.00010677 |        0.00010677 
CartGrid3D      | Register GH Extension for GridSymmetry  |          0.00000400 |       0.00000000 |   0.00000083 |        0.00000083 |        0.00000000 |        0.00000083 |        0.00000083 
CoordBase       | Register a GH extension to store the coo|          0.00000200 |       0.00000000 |   0.00000113 |        0.00000113 |        0.00000000 |        0.00000113 |        0.00000113 
AEILocalInterp  | register CCTK_InterpLocalUniform() inter|          0.00000500 |       0.00000000 |   0.00000524 |        0.00000524 |        0.00000000 |        0.00000524 |        0.00000524 
EMGEvolve       | Register the masks for excision         |          0.00000700 |       0.00000000 |   0.00000663 |        0.00000663 |        0.00000000 |        0.00000663 |        0.00000663 
CarpetIOASCII   | Startup routine                         |          0.00025300 |       0.00000000 |   0.00025319 |        0.00025319 |        0.00000000 |        0.00025319 |        0.00025319 
LeanBSSNMoL     | Register slicing                        |          0.00003000 |       0.00000000 |   0.00003040 |        0.00003040 |        0.00000000 |        0.00003040 |        0.00003040 
LocalInterp     | register LocalInterp's interpolation ope|          0.00000100 |       0.00000000 |   0.00000119 |        0.00000119 |        0.00000000 |        0.00000119 |        0.00000119 
CarpetIOBasic   | Startup routine                         |          0.00000400 |       0.00000000 |   0.00000331 |        0.00000331 |        0.00000000 |        0.00000331 |        0.00000331 
MoL             | Startup banner                          |          0.00000200 |       0.00000000 |   0.00000068 |        0.00000068 |        0.00000000 |        0.00000068 |        0.00000068 
Slab            | Create MPI datatypes for complex variabl|          0.00000300 |       0.00000000 |   0.00000354 |        0.00000354 |        0.00000000 |        0.00000354 |        0.00000354 
SymBase         | Register GH Extension for SymBase       |          0.00000700 |       0.00000000 |   0.00000650 |        0.00000650 |        0.00000000 |        0.00000650 |        0.00000650 
TerminationTrigg| Start signal handler                    |          0.00004000 |       0.00000000 |   0.00004049 |        0.00004049 |        0.00000000 |        0.00004049 |        0.00004049 
CarpetIOHDF5    | Startup routine                         |          0.00019500 |       0.00000000 |   0.00019496 |        0.00019496 |        0.00000000 |        0.00019496 |        0.00019496 
Vectors         | Print startup message                   |          0.00000200 |       0.00000000 |   0.00000216 |        0.00000216 |        0.00000000 |        0.00000216 |        0.00000216 
hwloc           | Output hwloc version                    |          0.00000200 |       0.00000000 |   0.00000440 |        0.00000440 |        0.00000000 |        0.00000440 |        0.00000440 
--------------------------------------------------------------------------------------------------------------------------------------------------------------------------------------------------
                | Total time for CCTK_STARTUP             |          0.11311000 |       0.10951400 |   0.00124622 |        0.00124622 |        0.00000000 |        0.00124622 |        0.00124622 
==================================================================================================================================================================================================
ADMBase         | Set up GF symmetries                    |          0.00004300 |       0.00002500 |   0.00004327 |        0.00004327 |        0.00000000 |        0.00004327 |        0.00004327 
Boundary        | Register boundary conditions that this t|          0.00001700 |       0.00001100 |   0.00001772 |        0.00001772 |        0.00000000 |        0.00001772 |        0.00001772 
CarpetRegrid2   | Initialise locations of refined regions |          0.00002700 |       0.00001500 |   0.00002733 |        0.00002733 |        0.00000000 |        0.00002733 |        0.00002733 
CartGrid3D      | Register coordinates for the Cartesian g|          0.00018000 |       0.00010300 |   0.00017942 |        0.00017942 |        0.00000000 |        0.00017942 |        0.00017942 
CoordGauge      | Initialize slicing, setup priorities for|          0.00001200 |       0.00000600 |   0.00001119 |        0.00001119 |        0.00000000 |        0.00001119 |        0.00001119 
CoordGauge      | Identify the slicing for the next iterat|          0.00001000 |       0.00000500 |   0.00000937 |        0.00000937 |        0.00000000 |        0.00000937 |        0.00000937 
MoL             | Set up the MoL bookkeeping index arrays |          0.00004800 |       0.00000200 |   0.00004843 |        0.00004843 |        0.00000000 |        0.00004843 |        0.00004843 
MoL             | Set the flag so it is ok to register wit|          0.00001000 |       0.00000000 |   0.00000996 |        0.00000996 |        0.00000000 |        0.00000996 |        0.00000996 
TmunuBase       | Set the stress_energy_state variable    |          0.00010300 |       0.00000000 |   0.00010303 |        0.00010303 |        0.00000000 |        0.00010303 |        0.00010303 
EMGEvolve       | Register variables for MoL              |          0.00012700 |       0.00000000 |   0.00012724 |        0.00012724 |        0.00000000 |        0.00012724 |        0.00012724 
LeanBSSNMoL     | Register variables for MoL              |          0.00015200 |       0.00000000 |   0.00015268 |        0.00015268 |        0.00000000 |        0.00015268 |        0.00015268 
Slab            | Initialise timers                       |          0.00002600 |       0.00000000 |   0.00002624 |        0.00002624 |        0.00000000 |        0.00002624 |        0.00002624 
SpaceMask       | Set grid symmetries for mask            |          0.00001400 |       0.00000000 |   0.00001395 |        0.00001395 |        0.00000000 |        0.00001395 |        0.00001395 
SpaceMask       | Set grid symmetries for emask (compatibi|          0.00000900 |       0.00000000 |   0.00000904 |        0.00000904 |        0.00000000 |        0.00000904 |        0.00000904 
CartGrid3D      | Register symmetry boundaries            |          0.00009500 |       0.00000000 |   0.00009498 |        0.00009498 |        0.00000000 |        0.00009498 |        0.00009498 
ReflectionSymmet| Register reflection symmetry boundaries |          0.00001300 |       0.00000000 |   0.00001248 |        0.00001248 |        0.00000000 |        0.00001248 |        0.00001248 
SymBase         | Print symmetry boundary face description|          0.00000900 |       0.00000000 |   0.00000939 |        0.00000939 |        0.00000000 |        0.00000939 |        0.00000939 
MoL             | Report how many of each type of variable|          0.00009800 |       0.00000000 |   0.00009721 |        0.00009721 |        0.00000000 |        0.00009721 |        0.00009721 
--------------------------------------------------------------------------------------------------------------------------------------------------------------------------------------------------
                | Total time for CCTK_WRAGH               |          0.00099300 |       0.00016700 |   0.00099292 |        0.00099292 |        0.00000000 |        0.00099292 |        0.00099292 
==================================================================================================================================================================================================
ADMBase         | Check consistency of parameters         |          0.00001600 |       0.00000000 |   0.00001612 |        0.00001612 |        0.00000000 |        0.00001612 |        0.00001612 
Boundary        | Check dimension of grid variables       |          0.00000700 |       0.00000000 |   0.00000702 |        0.00000702 |        0.00000000 |        0.00000702 |        0.00000702 
Carpet          | Parameter checking routine              |          0.00001800 |       0.00000000 |   0.00001714 |        0.00001714 |        0.00000000 |        0.00001714 |        0.00001714 
CarpetLib       | Test prolongation operators             |          0.00003300 |       0.00000000 |   0.00003286 |        0.00003286 |        0.00000000 |        0.00003286 |        0.00003286 
CarpetMask      | Check parameters                        |          0.00000800 |       0.00000000 |   0.00000789 |        0.00000789 |        0.00000000 |        0.00000789 |        0.00000789 
CarpetRegrid2   | Check parameters                        |          0.00002300 |       0.00000000 |   0.00002305 |        0.00002305 |        0.00000000 |        0.00002305 |        0.00002305 
CartGrid3D      | Check coordinates for CartGrid3D        |          0.00001000 |       0.00000000 |   0.00001051 |        0.00001051 |        0.00000000 |        0.00001051 |        0.00001051 
Dissipation     | Check dissipation parameters for consist|          0.00001200 |       0.00000000 |   0.00001174 |        0.00001174 |        0.00000000 |        0.00001174 |        0.00001174 
Fortran         | Test whether Fortran parameters work cor|          0.00000800 |       0.00000000 |   0.00000863 |        0.00000863 |        0.00000000 |        0.00000863 |        0.00000863 
LeanBSSNMoL     | Check Lean parameters for consistency   |          0.00000800 |       0.00000000 |   0.00000802 |        0.00000802 |        0.00000000 |        0.00000802 |        0.00000802 
MoL             | Basic parameter checking                |          0.00001000 |       0.00000000 |   0.00001005 |        0.00001005 |        0.00000000 |        0.00001005 |        0.00001005 
Multipole       | Check Multipole parameters              |          0.00001000 |       0.00000000 |   0.00001015 |        0.00001015 |        0.00000000 |        0.00001015 |        0.00001015 
NPScalars       | Check NPScalars parameters for consisten|          0.00000800 |       0.00000000 |   0.00000730 |        0.00000730 |        0.00000000 |        0.00000730 |        0.00000730 
QuasiLocalMeasur| Check quasi-local parameter settings    |          0.00143900 |       0.00142100 |   0.00143874 |        0.00143874 |        0.00000000 |        0.00143874 |        0.00143874 
SphericalSurface| Check that all surface names are unique |          0.00000700 |       0.00000800 |   0.00000781 |        0.00000781 |        0.00000000 |        0.00000781 |        0.00000781 
TerminationTrigg| Check consitency of parameters          |          0.00000800 |       0.00000800 |   0.00000765 |        0.00000765 |        0.00000000 |        0.00000765 |        0.00000765 
TmunuBase       | Check that no deprecated parameters are |          0.00000700 |       0.00000700 |   0.00000724 |        0.00000724 |        0.00000000 |        0.00000724 |        0.00000724 
TwoChargedPunctu| Check parameters and thorn needs        |          0.00001000 |       0.00000900 |   0.00000914 |        0.00000914 |        0.00000000 |        0.00000914 |        0.00000914 
Vectors         | Run correctness tests.                  |          0.00004700 |       0.00004700 |   0.00004681 |        0.00004681 |        0.00000000 |        0.00004681 |        0.00004681 
--------------------------------------------------------------------------------------------------------------------------------------------------------------------------------------------------
                | Total time for CCTK_PARAMCHECK          |          0.00168900 |       0.00150000 |   0.00168787 |        0.00168787 |        0.00000000 |        0.00168787 |        0.00168787 
==================================================================================================================================================================================================
ADMBase         | Set the shift_state variable to 1       |          0.00236500 |       0.00233000 |   0.00236358 |        0.00026262 |        0.00020918 |        0.00018806 |        0.00042777 
ADMBase         | Set the dtlapse_state variable to 1     |          0.00019800 |       0.00019400 |   0.00019569 |        0.00002174 |        0.00001894 |        0.00001747 |        0.00003574 
ADMBase         | Set the dtshift_state variable to 1     |          0.00017500 |       0.00017200 |   0.00017342 |        0.00001927 |        0.00001810 |        0.00001642 |        0.00003631 
ADMMacros       | Initialize the local_spatial_order      |          0.00017900 |       0.00018100 |   0.00017982 |        0.00001998 |        0.00001514 |        0.00001740 |        0.00003420 
CartGrid3D      | Set up ranges for spatial 3D Cartesian c|          0.00028000 |       0.00028100 |   0.00028036 |        0.00003115 |        0.00008389 |        0.00001915 |        0.00011005 
CartGrid3D      | Set up spatial 3D Cartesian coordinates |          0.00402600 |       0.00358900 |   0.00402485 |        0.00044721 |        0.00066091 |        0.00028645 |        0.00105061 
SphericalSurface| Set surface resolution automatically    |          0.00084400 |       0.00083600 |   0.00084342 |        0.00009371 |        0.00078375 |        0.00000120 |        0.00083264 
AHFinderDirect  | setup data structures                   |          0.00343000 |       0.00249600 |   0.00343039 |        0.00038115 |        0.00322285 |        0.00000117 |        0.00341969 
Dissipation     | Ensure that there are enough ghost zones|          0.00112700 |       0.00064900 |   0.00112266 |        0.00012474 |        0.00030611 |        0.00006910 |        0.00040664 
EMGBase         | Register symmetries of the grid function|          0.00008100 |       0.00000800 |   0.00007807 |        0.00000867 |        0.00006285 |        0.00000104 |        0.00006793 
EMGEvolve       | Schedule symmetries                     |          0.00086300 |       0.00043600 |   0.00086174 |        0.00009575 |        0.00080049 |        0.00000107 |        0.00085046 
EMGEvolve       | set all rhs functions to zero to prevent|          0.00607400 |       0.00173900 |   0.00607383 |        0.00067487 |        0.00144103 |        0.00039256 |        0.00201615 
LeanBSSNMoL     | Register symmetries of the BSSN grid fun|          0.00026900 |       0.00011300 |   0.00026865 |        0.00002985 |        0.00024237 |        0.00000110 |        0.00025836 
LeanBSSNMoL     | Set all rhs functions to zero to prevent|          0.01470000 |       0.00072700 |   0.01469959 |        0.00163329 |        0.00316385 |        0.00102123 |        0.00457755 
NPScalars       | Set symmetries for grid functions       |          0.00090100 |       0.00089100 |   0.00090033 |        0.00010004 |        0.00083599 |        0.00000125 |        0.00088822 
NPScalars_EMG   | Set symmetries for grid functions       |          0.00057000 |       0.00055500 |   0.00056676 |        0.00006297 |        0.00052277 |        0.00000108 |        0.00055585 
NaNChecker      | Reset the NaNChecker::NaNsFound counter |          0.00003600 |       0.00002900 |   0.00003789 |        0.00000421 |        0.00002382 |        0.00000118 |        0.00002667 
SpaceMask       | Initialise mask to zero                 |          0.00128800 |       0.00052500 |   0.00128771 |        0.00014308 |        0.00016177 |        0.00009862 |        0.00027309 
SpaceMask       | Set old style mask to one               |          0.00083700 |       0.00019600 |   0.00083460 |        0.00009273 |        0.00015899 |        0.00006307 |        0.00023959 
SphericalSurface| Calculate surface coordinate descriptors|          0.00005200 |       0.00000200 |   0.00005042 |        0.00000560 |        0.00003756 |        0.00000107 |        0.00004101 
CarpetReduce    | Allocate the weight function            |          0.00022600 |       0.00000300 |   0.00022729 |        0.00002525 |        0.00020245 |        0.00000113 |        0.00021612 
CarpetReduce    | Initialise the weight function          |          0.00152900 |       0.00098300 |   0.00152916 |        0.00016991 |        0.00142919 |        0.00000117 |        0.00151736 
CarpetReduce    | Set up the outer boundaries of the weigh|          0.00118000 |       0.00115100 |   0.00117750 |        0.00013083 |        0.00109714 |        0.00000135 |        0.00116522 
CarpetReduce    | Set up the weight function for the restr|          0.00197400 |       0.00194100 |   0.00197145 |        0.00021905 |        0.00184666 |        0.00000114 |        0.00196010 
CarpetMask      | Set up the weight function for the exclu|          0.00044400 |       0.00000300 |   0.00044313 |        0.00004924 |        0.00040396 |        0.00000144 |        0.00043009 
CarpetMask      | Set up the weight function for the exclu|          0.00037500 |       0.00000200 |   0.00037499 |        0.00004167 |        0.00033963 |        0.00000127 |        0.00036187 
CarpetReduce    | Set the weight function                 |          0.00235700 |       0.00018400 |   0.00235641 |        0.00026182 |        0.00221014 |        0.00000120 |        0.00234557 
CarpetReduce    | Test the weight function                |          0.00132600 |       0.00130800 |   0.00132165 |        0.00014685 |        0.00123401 |        0.00000118 |        0.00131028 
SphericalSurface| Set surface radii to be used for initial|          0.00004500 |       0.00003600 |   0.00004395 |        0.00000488 |        0.00002804 |        0.00000141 |        0.00003132 
SphericalSurface| Test the state of the spherical surfaces|          0.00003100 |       0.00002200 |   0.00003148 |        0.00000350 |        0.00001802 |        0.00000120 |        0.00002049 
SymBase         | Check whether the driver set up the grid|          0.00024900 |       0.00012000 |   0.00024802 |        0.00002756 |        0.00004812 |        0.00002000 |        0.00007283 
TerminationTrigg| Clear trigger state                     |          0.00018100 |       0.00008700 |   0.00018150 |        0.00002017 |        0.00001499 |        0.00001772 |        0.00003426 
TerminationTrigg| Start timer                             |          0.00028900 |       0.00012200 |   0.00028941 |        0.00003216 |        0.00001522 |        0.00002490 |        0.00003854 
TerminationTrigg| Create termination file                 |          0.00573100 |       0.00088000 |   0.00573142 |        0.00063682 |        0.00155602 |        0.00031761 |        0.00202058 
Time            | Initialise Time variables               |          0.00003400 |       0.00002100 |   0.00003294 |        0.00000366 |        0.00001741 |        0.00000147 |        0.00002007 
Time            | Set timestep based on Courant condition |          0.00010300 |       0.00006500 |   0.00010125 |        0.00001125 |        0.00000684 |        0.00000910 |        0.00001727 
--------------------------------------------------------------------------------------------------------------------------------------------------------------------------------------------------
                | Total time for CCTK_BASEGRID            |          0.05436900 |       0.02287700 |   0.05433534 |        0.00603726 |        0.02323821 |        0.00260300 |        0.02771047 
==================================================================================================================================================================================================
StaticConformal | Set the conformal_state variable to 0   |          0.00029800 |       0.00018400 |   0.00029779 |        0.00003309 |        0.00004884 |        0.00002410 |        0.00007701 
TwoChargedPunctu| Create puncture black hole initial data |        715.05851100 |     710.92745200 | 715.00278032 |       79.44475337 |      645.43092110 |        2.34406817 |      687.96101015 
ADMBase         | Set the shift to 0 at all points        |          0.00533000 |       0.00211400 |   0.00533007 |        0.00059223 |        0.00133139 |        0.00033645 |        0.00183999 
ADMBase         | Set the dtlapse to 0 at all points      |          0.00149400 |       0.00075100 |   0.00149205 |        0.00016578 |        0.00020304 |        0.00011627 |        0.00035218 
ADMBase         | Set the dtshift to 0 at all points      |          0.00362700 |       0.00127500 |   0.00362472 |        0.00040275 |        0.00051378 |        0.00026909 |        0.00087317 
CarpetIOASCII   | Initialisation routine                  |          0.00008800 |       0.00007800 |   0.00008630 |        0.00000959 |        0.00007138 |        0.00000107 |        0.00007689 
CarpetIOBasic   | Initialisation routine                  |          0.00004400 |       0.00002600 |   0.00003985 |        0.00000443 |        0.00002611 |        0.00000126 |        0.00002904 
CarpetIOHDF5    | Initialisation routine                  |          0.00004100 |       0.00003000 |   0.00003727 |        0.00000414 |        0.00002569 |        0.00000106 |        0.00002836 
CarpetIOScalar  | Initialisation routine                  |          0.00002800 |       0.00002100 |   0.00002797 |        0.00000311 |        0.00001754 |        0.00000102 |        0.00001964 
LeanBSSNMoL     | Convert initial data into BSSN variables|          0.02365700 |       0.01723500 |   0.02365634 |        0.00262848 |        0.00438186 |        0.00143001 |        0.00663981 
LeanBSSNMoL     | Boundary enforcement                    |         14.72364400 |      14.66130800 |  14.72249085 |        1.63583232 |       13.18088259 |        0.00052891 |       14.05844250 
MoL             | Initialise the step size control        |          0.00006200 |       0.00005700 |   0.00006151 |        0.00000683 |        0.00001568 |        0.00000430 |        0.00002144 
PunctureTracker | Calculate initial location of punctures |          0.00009500 |       0.00009500 |   0.00009612 |        0.00001068 |        0.00008069 |        0.00000103 |        0.00008675 
QuasiLocalMeasur| Initialise quasi-local calculations     |          0.00027300 |       0.00027100 |   0.00027292 |        0.00003032 |        0.00024797 |        0.00000101 |        0.00026411 
Boundary        | Apply all requested local physical bound|          0.00077400 |       0.00071900 |   0.00077486 |        0.00008610 |        0.00009436 |        0.00005530 |        0.00013516 
CartGrid3D      | Apply symmetry boundary conditions      |          0.00020500 |       0.00018400 |   0.00020463 |        0.00002274 |        0.00001128 |        0.00001978 |        0.00003234 
ReflectionSymmet| Apply reflection symmetries             |          0.00039000 |       0.00021700 |   0.00039147 |        0.00004350 |        0.00012857 |        0.00002606 |        0.00016458 
Boundary        | Unselect all grid variables for boundary|          0.00004000 |       0.00003100 |   0.00004161 |        0.00000462 |        0.00000330 |        0.00000385 |        0.00000757 
--------------------------------------------------------------------------------------------------------------------------------------------------------------------------------------------------
                | Total time for CCTK_INITIAL             |        729.81860100 |     725.61204800 | 729.76170664 |       81.08463407 |      658.61900514 |        2.34688876 |      702.03010068 
==================================================================================================================================================================================================
CarpetIOHDF5    | Close all filereader input files        |          0.00012100 |       0.00000900 |   0.00012174 |        0.00001353 |        0.00010323 |        0.00000110 |        0.00011086 
LeanBSSNMoL     | Remove trace of A                       |          0.00407300 |       0.00303200 |   0.00407120 |        0.00045236 |        0.00066467 |        0.00025895 |        0.00105073 
EMGEvolve       | MoL boundary enforcement for EMG variabl|         14.48012600 |      14.39882200 |  14.47899238 |        1.60877693 |       12.94555350 |        0.00427624 |       13.81200050 
Boundary        | Apply all requested local physical bound|          0.00496500 |       0.00479900 |   0.00496619 |        0.00011036 |        0.00047446 |        0.00002824 |        0.00045009 
CartGrid3D      | Apply symmetry boundary conditions      |          0.00095700 |       0.00092700 |   0.00095396 |        0.00002120 |        0.00003038 |        0.00001620 |        0.00004767 
ReflectionSymmet| Apply reflection symmetries             |          0.00112400 |       0.00109000 |   0.00111810 |        0.00002485 |        0.00003682 |        0.00001666 |        0.00004709 
Boundary        | Unselect all grid variables for boundary|          0.00023700 |       0.00021700 |   0.00022976 |        0.00000511 |        0.00001137 |        0.00000293 |        0.00001372 
LeanBSSNMoL     | Make sure conformal factor does not drop|          0.00051300 |       0.00046000 |   0.00051251 |        0.00005695 |        0.00005876 |        0.00003584 |        0.00010873 
LeanBSSNMoL     | MoL boundary enforcement                |          0.31051400 |       0.30311000 |   0.31049156 |        0.03449906 |        0.17824782 |        0.00750259 |        0.20234288 
LeanBSSNMoL     | Convert variables back to the ADM ones  |          0.00690800 |       0.00587500 |   0.00690790 |        0.00076754 |        0.00250898 |        0.00027106 |        0.00311172 
TmunuBase       | Initialise the stress-energy tensor to z|          0.00646100 |       0.00263300 |   0.00645846 |        0.00071761 |        0.00135402 |        0.00031095 |        0.00192318 
EMGEvolve       | Compute the energy-momentum tensor      |          0.00767500 |       0.00508500 |   0.00767422 |        0.00085269 |        0.00164378 |        0.00038264 |        0.00234339 
NPScalars       | calculate Psi4 as grid function         |          0.16343400 |       0.15987200 |   0.16342214 |        0.00907901 |        0.02350361 |        0.00398795 |        0.02423415 
NPScalars       | Symmetry boundary conditions            |          0.07405200 |       0.07163600 |   0.07404593 |        0.00411366 |        0.01673244 |        0.00117410 |        0.01638736 
NPScalars_EMG   | calculate grid functions                |          0.08393200 |       0.07843500 |   0.08392499 |        0.00932500 |        0.01698416 |        0.00419953 |        0.02464058 
NPScalars_EMG   | Symmetry boundary conditions            |          0.06602400 |       0.06465900 |   0.06602071 |        0.00733563 |        0.00791472 |        0.00544891 |        0.01439322 
--------------------------------------------------------------------------------------------------------------------------------------------------------------------------------------------------
                | Total time for CCTK_POSTINITIAL         |         15.21111600 |      15.10066100 |  15.20991177 |        1.67615148 |       13.19582272 |        0.02791389 |       14.10320586 
==================================================================================================================================================================================================
LeanBSSNMoL     | Remove trace of A                       |          0.00683000 |       0.00677000 |   0.00682290 |        0.00075810 |        0.00055807 |        0.00055816 |        0.00112868 
EMGEvolve       | MoL boundary enforcement for EMG variabl|          0.09248600 |       0.09169300 |   0.09247874 |        0.01027542 |        0.01612544 |        0.00617231 |        0.02520905 
Boundary        | Apply all requested local physical bound|          0.00421000 |       0.00403800 |   0.00420588 |        0.00011683 |        0.00037300 |        0.00004312 |        0.00039954 
CartGrid3D      | Apply symmetry boundary conditions      |          0.00075500 |       0.00069500 |   0.00075049 |        0.00002085 |        0.00001889 |        0.00001701 |        0.00003359 
ReflectionSymmet| Apply reflection symmetries             |          0.00092000 |       0.00084100 |   0.00091427 |        0.00002540 |        0.00002620 |        0.00001853 |        0.00003472 
Boundary        | Unselect all grid variables for boundary|          0.00018500 |       0.00016200 |   0.00018092 |        0.00000503 |        0.00001014 |        0.00000364 |        0.00001327 
LeanBSSNMoL     | Make sure conformal factor does not drop|          0.00052000 |       0.00047000 |   0.00052038 |        0.00005782 |        0.00004928 |        0.00004088 |        0.00010019 
LeanBSSNMoL     | MoL boundary enforcement                |          0.11694000 |       0.11388400 |   0.11693341 |        0.01299260 |        0.00537537 |        0.01064243 |        0.01695530 
LeanBSSNMoL     | Convert variables back to the ADM ones  |          0.00520900 |       0.00517600 |   0.00521174 |        0.00057908 |        0.00079910 |        0.00029366 |        0.00124188 
TmunuBase       | Initialise the stress-energy tensor to z|          0.00282900 |       0.00281800 |   0.00283037 |        0.00031449 |        0.00034232 |        0.00018189 |        0.00055764 
EMGEvolve       | Compute the energy-momentum tensor      |          0.00765500 |       0.00760900 |   0.00765413 |        0.00085046 |        0.00173934 |        0.00038671 |        0.00243828 
NPScalars       | Symmetry boundary conditions            |          0.03858700 |       0.03740500 |   0.03858489 |        0.00428721 |        0.00819676 |        0.00185813 |        0.01131765 
NPScalars_EMG   | Symmetry boundary conditions            |          0.05638400 |       0.05299200 |   0.05638064 |        0.00626452 |        0.00345759 |        0.00399120 |        0.00801824 
--------------------------------------------------------------------------------------------------------------------------------------------------------------------------------------------------
                | Total time for CCTK_POSTRESTRICTINITIAL |          0.33351000 |       0.32455300 |   0.33346873 |        0.03654779 |        0.03707150 |        0.02420765 |        0.06744804 
==================================================================================================================================================================================================
CarpetIOHDF5    | Initial data checkpoint routine         |          0.00030000 |       0.00030000 |   0.00029682 |        0.00003298 |        0.00023423 |        0.00000417 |        0.00025378 
--------------------------------------------------------------------------------------------------------------------------------------------------------------------------------------------------
                | Total time for CCTK_CPINITIAL           |          0.00030000 |       0.00030000 |   0.00029682 |        0.00003298 |        0.00023423 |        0.00000417 |        0.00025378 
==================================================================================================================================================================================================
AHFinderDirect  | import the excision mask                |          0.00185800 |       0.00056100 |   0.00185785 |        0.00020643 |        0.00173894 |        0.00000126 |        0.00184591 
AHFinderDirect  | find apparent horizon(s) after this time|          2.25209500 |       2.19101900 |   2.25191759 |        0.25021307 |        2.12311863 |        0.00000107 |        2.25190851 
AHFinderDirect  | store apparent horizon(s) into spherical|          0.00428300 |       0.00420700 |   0.00428277 |        0.00047586 |        0.00402637 |        0.00000108 |        0.00427196 
AHFinderDirect  | save apparent horizon(s) into Cactus var|          0.00022100 |       0.00021800 |   0.00022012 |        0.00002446 |        0.00019645 |        0.00000117 |        0.00020968 
AHFinderDirect  | set mask(s) based on apparent horizon po|          0.00148700 |       0.00147300 |   0.00148449 |        0.00016494 |        0.00028266 |        0.00009901 |        0.00042110 
SphericalSurface| Set surface radii                       |          0.00004500 |       0.00004500 |   0.00004510 |        0.00000501 |        0.00003368 |        0.00000099 |        0.00003677 
SphericalSurface| Test the state of the spherical surfaces|          0.00001900 |       0.00001900 |   0.00001970 |        0.00000219 |        0.00000961 |        0.00000102 |        0.00001125 
NaNChecker      | Prepare data structures to check for NaN|          0.00005000 |       0.00005000 |   0.00005110 |        0.00000568 |        0.00001708 |        0.00000312 |        0.00002172 
NaNChecker      | Check for NaNs                          |          0.00176900 |       0.00162100 |   0.00176816 |        0.00019646 |        0.00023756 |        0.00013228 |        0.00041165 
NaNChecker      | Count NaNs in NaNChecker::NaNsFound     |          0.00857800 |       0.00761800 |   0.00857781 |        0.00095309 |        0.00279631 |        0.00025491 |        0.00332635 
NaNChecker      | Output NaNChecker::NaNmask and take acti|          0.00008000 |       0.00007900 |   0.00007862 |        0.00000874 |        0.00006449 |        0.00000101 |        0.00006954 
PunctureTracker | Copy puncture positions to spherical sur|          0.00002600 |       0.00002500 |   0.00002471 |        0.00000275 |        0.00001404 |        0.00000103 |        0.00001598 
SpaceMask       | Ensure that all mask values are legal   |          0.00064400 |       0.00063100 |   0.00064449 |        0.00007161 |        0.00009722 |        0.00004202 |        0.00014928 
Dissipation     | Setup spatially varying dissipation     |          0.00274600 |       0.00270900 |   0.00274470 |        0.00030497 |        0.00079553 |        0.00014924 |        0.00104731 
CarpetReduce    | Allocate the weight function            |          0.00008400 |       0.00008100 |   0.00008306 |        0.00000923 |        0.00006856 |        0.00000104 |        0.00007387 
CarpetReduce    | Initialise the weight function          |          0.00119000 |       0.00117600 |   0.00118861 |        0.00013207 |        0.00111140 |        0.00000104 |        0.00117991 
CarpetReduce    | Set up the outer boundaries of the weigh|          0.00065300 |       0.00062800 |   0.00065087 |        0.00007232 |        0.00060367 |        0.00000106 |        0.00064146 
CarpetReduce    | Set up the weight function for the restr|          0.00122300 |       0.00038100 |   0.00122222 |        0.00013580 |        0.00114345 |        0.00000096 |        0.00121386 
CarpetMask      | Set up the weight function for the exclu|          0.00022400 |       0.00006800 |   0.00022400 |        0.00002489 |        0.00020237 |        0.00000098 |        0.00021568 
CarpetMask      | Set up the weight function for the exclu|          0.01049900 |       0.01040200 |   0.01049875 |        0.00116653 |        0.00988943 |        0.00000099 |        0.01049037 
CarpetReduce    | Set the weight function                 |          0.00253700 |       0.00055300 |   0.00253757 |        0.00028195 |        0.00238356 |        0.00000099 |        0.00252919 
CarpetReduce    | Test the weight function                |          0.00472200 |       0.00466500 |   0.00472038 |        0.00052449 |        0.00444162 |        0.00000094 |        0.00471208 
--------------------------------------------------------------------------------------------------------------------------------------------------------------------------------------------------
                | Total time for CCTK_POSTSTEP            |          2.29503300 |       2.22822900 |   2.29484270 |        0.25498252 |        2.15327264 |        0.00069721 |        2.28480343 
==================================================================================================================================================================================================
CarpetLib       | Print timing statistics if desired      |          0.00004700 |       0.00004700 |   0.00004617 |        0.00000513 |        0.00002170 |        0.00000165 |        0.00002498 
CarpetLib       | Print memory statistics if desired      |          0.00002300 |       0.00002600 |   0.00002473 |        0.00000275 |        0.00001143 |        0.00000102 |        0.00001350 
EMGEvolve       | Compute constraints                     |          0.02525300 |       0.02004600 |   0.02525131 |        0.00280570 |        0.00371240 |        0.00146355 |        0.00597960 
EMGEvolve       | Enforce symmetry BCs in constraint compu|          0.00593300 |       0.00546200 |   0.00593114 |        0.00065902 |        0.00034963 |        0.00048442 |        0.00081810 
Boundary        | Apply all requested local physical bound|          0.00447000 |       0.00418300 |   0.00446994 |        0.00016555 |        0.00029100 |        0.00010281 |        0.00036141 
CartGrid3D      | Apply symmetry boundary conditions      |          0.00066200 |       0.00061200 |   0.00065986 |        0.00002444 |        0.00003115 |        0.00001862 |        0.00004112 
ReflectionSymmet| Apply reflection symmetries             |          0.00073500 |       0.00063600 |   0.00072349 |        0.00002680 |        0.00003151 |        0.00002013 |        0.00004204 
Boundary        | Unselect all grid variables for boundary|          0.00016800 |       0.00013800 |   0.00015995 |        0.00000592 |        0.00001201 |        0.00000406 |        0.00001685 
LeanBSSNMoL     | Compute constraints                     |          0.07065200 |       0.06753900 |   0.07065021 |        0.00785002 |        0.01311343 |        0.00332224 |        0.01921643 
LeanBSSNMoL     | Enforce symmetry BCs in constraint compu|          0.02750500 |       0.02606800 |   0.02750194 |        0.00305577 |        0.00753264 |        0.00113077 |        0.00977744 
LoopControl     | Output LoopControl statistics           |          0.00062900 |       0.00062500 |   0.00062784 |        0.00006976 |        0.00058033 |        0.00000115 |        0.00061690 
Multipole       | Calculate Multipoles                    |          1.56375100 |       1.45904100 |   1.56362833 |        0.17373648 |        1.47419186 |        0.00000112 |        1.56361790 
NPScalars_EMG   | calculate grid functions                |          0.08962200 |       0.08830500 |   0.08961261 |        0.00995696 |        0.01590921 |        0.00425403 |        0.02340124 
NPScalars_EMG   | Symmetry boundary conditions            |          0.05605800 |       0.05064700 |   0.05605363 |        0.00622818 |        0.01009204 |        0.00177389 |        0.01335088 
QuasiLocalMeasur| Calculate quasi-local quantities        |          0.24152900 |       0.18454500 |   0.24151035 |        0.24151035 |        0.00000000 |        0.24151035 |        0.24151035 
SystemStatistics| Collect system statistics               |          0.00024800 |       0.00024300 |   0.00024193 |        0.00002688 |        0.00021533 |        0.00000125 |        0.00022989 
TerminationTrigg| Check elapsed job walltime              |          0.00029300 |       0.00027300 |   0.00029099 |        0.00003233 |        0.00008625 |        0.00001843 |        0.00011316 
TerminationTrigg| Check if we received a termination signa|          0.00021400 |       0.00019500 |   0.00021319 |        0.00002369 |        0.00002570 |        0.00001866 |        0.00004688 
TerminationTrigg| Check termination file                  |          0.00190100 |       0.00123800 |   0.00189910 |        0.00021101 |        0.00055626 |        0.00004906 |        0.00072190 
TimerReport     | Print the timer report                  |          0.00003200 |       0.00003100 |   0.00003149 |        0.00000350 |        0.00001825 |        0.00000111 |        0.00002067 
--------------------------------------------------------------------------------------------------------------------------------------------------------------------------------------------------
                | Total time for CCTK_ANALYSIS            |          2.08972500 |       1.90990000 |   2.08952820 |        0.44640024 |        1.52678214 |        0.25417831 |        1.87992123 
==================================================================================================================================================================================================
CarpetIOHDF5    | Termination checkpoint routine          |          0.00014000 |       0.00009800 |   0.00014156 |        0.00001573 |        0.00009246 |        0.00000110 |        0.00009735 
LoopControl     | Output LoopControl statistics           |          0.00009100 |       0.00008300 |   0.00009070 |        0.00001008 |        0.00007630 |        0.00000101 |        0.00008201 
MoL             | Free the MoL bookkeeping index arrays   |          0.00064900 |       0.00019600 |   0.00065108 |        0.00007234 |        0.00010522 |        0.00005121 |        0.00017064 
TimerReport     | Print the timer report                  |          1.11789800 |       1.09460400 |   1.11781017 |        0.12420113 |        1.05387240 |        0.00000099 |        1.11780155 
--------------------------------------------------------------------------------------------------------------------------------------------------------------------------------------------------
                | Total time for CCTK_TERMINATE           |          1.11877800 |       1.09498100 |   1.11869351 |        0.12429928 |        1.05414638 |        0.00005432 |        1.11815155 
==================================================================================================================================================================================================
Timers          | Prepare hierarchical timers             |          0.00039900 |       0.00039500 |   0.00039842 |        0.00039842 |        0.00000000 |        0.00039842 |        0.00039842 
--------------------------------------------------------------------------------------------------------------------------------------------------------------------------------------------------
                | Total time for CCTK_SHUTDOWN            |          0.00039900 |       0.00039500 |   0.00039842 |        0.00039842 |        0.00000000 |        0.00039842 |        0.00039842 
==================================================================================================================================================================================================
--------------------------------------------------------------------------------------------------------------------------------------------------------------------------------------------------
                | Total time for simulation               |        758.43431000 |     751.49188800 | 758.37518502 |      758.37518502 |        0.00000000 |      758.37518502 |      758.37518502 
==================================================================================================================================================================================================
--------------------------------------------------------------------------------
Done.
