unload BOOST/1.88.0 (PATH, LD_LIBRARY_PATH, LIBRARY_PATH, PKG_CONFIG_PATH,
C_INCLUDE_PATH, CPLUS_INCLUDE_PATH, BOOST_ROOT, BOOST_DIR) 
remove cmake/3.25.1 (LD_LIBRARY_PATH)
unload SCALAPACK/2.2.0 (LD_LIBRARY_PATH, LIBRARY_PATH, PKG_CONFIG_PATH,
C_INCLUDE_PATH, CPLUS_INCLUDE_PATH) 
unload HDF5/1.14.1-2 (PATH, LD_LIBRARY_PATH, LIBRARY_PATH, C_INCLUDE_PATH,
CPLUS_INCLUDE_PATH, HDF5_DIR, HDF5_ROOT, CFLAGS, CPPFLAGS, LDFLAGS) 
unload OPENBLAS/0.3.27-openmp (LD_LIBRARY_PATH, LIBRARY_PATH, PKG_CONFIG_PATH,
CMAKE_PREFIX_PATH) 
unload FFTW/3.3.10 (LD_LIBRARY_PATH, LIBRARY_PATH, CPATH, C_INCLUDE_PATH,
CPLUS_INCLUDE_PATH, PKG_CONFIG_PATH, FFTW_ROOT, FFTW_HOME) 
unload ZLIB/1.3.1 (LD_LIBRARY_PATH, PKG_CONFIG_PATH, C_INCLUDE_PATH,
CPLUS_INCLUDE_PATH, MANPATH, CFLAGS, CXXFLAGS, LDFLAGS) 
unload HWLOC/2.10.0 (PATH, MANPATH, LD_LIBRARY_PATH, LIBRARY_PATH,
C_INCLUDE_PATH, PKG_CONFIG_PATH, HWLOC_DIR, HWLOC_ROOT) 
unload LAPACK/3.11 (LD_LIBRARY_PATH, LIBRARY_PATH, PKG_CONFIG_PATH,
C_INCLUDE_PATH, CPLUS_INCLUDE_PATH) 
remove mkl/2024.2 (LD_LIBRARY_PATH)
remove openmpi/4.1.5-gcc (LD_LIBRARY_PATH)
load openmpi/4.1.5-gcc (LD_LIBRARY_PATH)
load mkl/2024.2 (LD_LIBRARY_PATH)
load LAPACK/3.11 (LD_LIBRARY_PATH, LIBRARY_PATH, PKG_CONFIG_PATH,
C_INCLUDE_PATH, CPLUS_INCLUDE_PATH) 
load HWLOC/2.10.0 (PATH, MANPATH, LD_LIBRARY_PATH, LIBRARY_PATH,
C_INCLUDE_PATH, PKG_CONFIG_PATH, HWLOC_DIR, HWLOC_ROOT) 
load ZLIB/1.3.1 (LD_LIBRARY_PATH, PKG_CONFIG_PATH, C_INCLUDE_PATH,
CPLUS_INCLUDE_PATH, MANPATH, CFLAGS, CXXFLAGS, LDFLAGS) 
load FFTW/3.3.10 (LD_LIBRARY_PATH, LIBRARY_PATH, CPATH, C_INCLUDE_PATH,
CPLUS_INCLUDE_PATH, PKG_CONFIG_PATH, FFTW_ROOT, FFTW_HOME) 
load OPENBLAS/0.3.27-openmp (LD_LIBRARY_PATH, LIBRARY_PATH, PKG_CONFIG_PATH,
CMAKE_PREFIX_PATH) 
load HDF5/1.14.1-2 (PATH, LD_LIBRARY_PATH, LIBRARY_PATH, C_INCLUDE_PATH,
CPLUS_INCLUDE_PATH, HDF5_DIR, HDF5_ROOT, CFLAGS, CPPFLAGS, LDFLAGS) 
load SCALAPACK/2.2.0 (LD_LIBRARY_PATH, LIBRARY_PATH, PKG_CONFIG_PATH,
C_INCLUDE_PATH, CPLUS_INCLUDE_PATH) 
load cmake/3.25.1 (LD_LIBRARY_PATH)
load BOOST/1.88.0 (PATH, LD_LIBRARY_PATH, LIBRARY_PATH, PKG_CONFIG_PATH,
C_INCLUDE_PATH, CPLUS_INCLUDE_PATH, BOOST_ROOT, BOOST_DIR) 
--------------------------------------------------------------------------
WARNING: Could not generate an xpmem segment id for this process'
address space.

The vader shared memory BTL will fall back on another single-copy
mechanism if one is available. This may result in lower performance.

  Local host: gs07r1b40
  Error code: 2 (No such file or directory)
--------------------------------------------------------------------------
--------------------------------------------------------------------------
WARNING: Could not generate an xpmem segment id for this process'
address space.

The vader shared memory BTL will fall back on another single-copy
mechanism if one is available. This may result in lower performance.

  Local host: gs07r1b40
  Error code: 2 (No such file or directory)
--------------------------------------------------------------------------
--------------------------------------------------------------------------
WARNING: Could not generate an xpmem segment id for this process'
address space.

The vader shared memory BTL will fall back on another single-copy
mechanism if one is available. This may result in lower performance.

  Local host: gs07r1b40
  Error code: 2 (No such file or directory)
--------------------------------------------------------------------------
--------------------------------------------------------------------------
WARNING: Could not generate an xpmem segment id for this process'
address space.

The vader shared memory BTL will fall back on another single-copy
mechanism if one is available. This may result in lower performance.

  Local host: gs07r1b40
  Error code: 2 (No such file or directory)
--------------------------------------------------------------------------
--------------------------------------------------------------------------
WARNING: Could not generate an xpmem segment id for this process'
address space.

The vader shared memory BTL will fall back on another single-copy
mechanism if one is available. This may result in lower performance.

  Local host: gs07r1b40
  Error code: 2 (No such file or directory)
--------------------------------------------------------------------------
--------------------------------------------------------------------------
WARNING: Could not generate an xpmem segment id for this process'
address space.

The vader shared memory BTL will fall back on another single-copy
mechanism if one is available. This may result in lower performance.

  Local host: gs07r1b40
  Error code: 2 (No such file or directory)
--------------------------------------------------------------------------
--------------------------------------------------------------------------
WARNING: Could not generate an xpmem segment id for this process'
address space.

The vader shared memory BTL will fall back on another single-copy
mechanism if one is available. This may result in lower performance.

  Local host: gs07r1b40
  Error code: 2 (No such file or directory)
--------------------------------------------------------------------------
--------------------------------------------------------------------------
WARNING: Could not generate an xpmem segment id for this process'
address space.

The vader shared memory BTL will fall back on another single-copy
mechanism if one is available. This may result in lower performance.

  Local host: gs07r1b40
  Error code: 2 (No such file or directory)
--------------------------------------------------------------------------
--------------------------------------------------------------------------
WARNING: Could not generate an xpmem segment id for this process'
address space.

The vader shared memory BTL will fall back on another single-copy
mechanism if one is available. This may result in lower performance.

  Local host: gs07r1b40
  Error code: 2 (No such file or directory)
--------------------------------------------------------------------------
--------------------------------------------------------------------------
WARNING: Could not generate an xpmem segment id for this process'
address space.

The vader shared memory BTL will fall back on another single-copy
mechanism if one is available. This may result in lower performance.

  Local host: gs07r1b40
  Error code: 2 (No such file or directory)
--------------------------------------------------------------------------
--------------------------------------------------------------------------
WARNING: Could not generate an xpmem segment id for this process'
address space.

The vader shared memory BTL will fall back on another single-copy
mechanism if one is available. This may result in lower performance.

  Local host: gs07r1b40
  Error code: 2 (No such file or directory)
--------------------------------------------------------------------------
--------------------------------------------------------------------------
WARNING: Could not generate an xpmem segment id for this process'
address space.

The vader shared memory BTL will fall back on another single-copy
mechanism if one is available. This may result in lower performance.

  Local host: gs07r1b40
  Error code: 2 (No such file or directory)
--------------------------------------------------------------------------
--------------------------------------------------------------------------
WARNING: Could not generate an xpmem segment id for this process'
address space.

The vader shared memory BTL will fall back on another single-copy
mechanism if one is available. This may result in lower performance.

  Local host: gs07r1b40
  Error code: 2 (No such file or directory)
--------------------------------------------------------------------------
--------------------------------------------------------------------------
WARNING: Could not generate an xpmem segment id for this process'
address space.

The vader shared memory BTL will fall back on another single-copy
mechanism if one is available. This may result in lower performance.

  Local host: gs07r1b40
  Error code: 2 (No such file or directory)
--------------------------------------------------------------------------
--------------------------------------------------------------------------
WARNING: Could not generate an xpmem segment id for this process'
address space.

The vader shared memory BTL will fall back on another single-copy
mechanism if one is available. This may result in lower performance.

  Local host: gs07r1b40
  Error code: 2 (No such file or directory)
--------------------------------------------------------------------------
--------------------------------------------------------------------------
WARNING: Could not generate an xpmem segment id for this process'
address space.

The vader shared memory BTL will fall back on another single-copy
mechanism if one is available. This may result in lower performance.

  Local host: gs07r1b40
  Error code: 2 (No such file or directory)
--------------------------------------------------------------------------
--------------------------------------------------------------------------
WARNING: Could not generate an xpmem segment id for this process'
address space.

The vader shared memory BTL will fall back on another single-copy
mechanism if one is available. This may result in lower performance.

  Local host: gs07r1b40
  Error code: 2 (No such file or directory)
--------------------------------------------------------------------------
--------------------------------------------------------------------------
WARNING: Could not generate an xpmem segment id for this process'
address space.

The vader shared memory BTL will fall back on another single-copy
mechanism if one is available. This may result in lower performance.

  Local host: gs07r1b40
  Error code: 2 (No such file or directory)
--------------------------------------------------------------------------
--------------------------------------------------------------------------
WARNING: Could not generate an xpmem segment id for this process'
address space.

The vader shared memory BTL will fall back on another single-copy
mechanism if one is available. This may result in lower performance.

  Local host: gs07r1b40
  Error code: 2 (No such file or directory)
--------------------------------------------------------------------------
--------------------------------------------------------------------------
WARNING: Could not generate an xpmem segment id for this process'
address space.

The vader shared memory BTL will fall back on another single-copy
mechanism if one is available. This may result in lower performance.

  Local host: gs07r1b40
  Error code: 2 (No such file or directory)
--------------------------------------------------------------------------
--------------------------------------------------------------------------
WARNING: Could not generate an xpmem segment id for this process'
address space.

The vader shared memory BTL will fall back on another single-copy
mechanism if one is available. This may result in lower performance.

  Local host: gs07r1b40
  Error code: 2 (No such file or directory)
--------------------------------------------------------------------------
--------------------------------------------------------------------------
WARNING: Could not generate an xpmem segment id for this process'
address space.

The vader shared memory BTL will fall back on another single-copy
mechanism if one is available. This may result in lower performance.

  Local host: gs07r1b40
  Error code: 2 (No such file or directory)
--------------------------------------------------------------------------
--------------------------------------------------------------------------
WARNING: Could not generate an xpmem segment id for this process'
address space.

The vader shared memory BTL will fall back on another single-copy
mechanism if one is available. This may result in lower performance.

  Local host: gs07r1b40
  Error code: 2 (No such file or directory)
--------------------------------------------------------------------------
--------------------------------------------------------------------------
WARNING: Could not generate an xpmem segment id for this process'
address space.

The vader shared memory BTL will fall back on another single-copy
mechanism if one is available. This may result in lower performance.

  Local host: gs07r1b40
  Error code: 2 (No such file or directory)
--------------------------------------------------------------------------
--------------------------------------------------------------------------
WARNING: Could not generate an xpmem segment id for this process'
address space.

The vader shared memory BTL will fall back on another single-copy
mechanism if one is available. This may result in lower performance.

  Local host: gs07r1b40
  Error code: 2 (No such file or directory)
--------------------------------------------------------------------------
--------------------------------------------------------------------------
WARNING: Could not generate an xpmem segment id for this process'
address space.

The vader shared memory BTL will fall back on another single-copy
mechanism if one is available. This may result in lower performance.

  Local host: gs07r1b40
  Error code: 2 (No such file or directory)
--------------------------------------------------------------------------
--------------------------------------------------------------------------
WARNING: Could not generate an xpmem segment id for this process'
address space.

The vader shared memory BTL will fall back on another single-copy
mechanism if one is available. This may result in lower performance.

  Local host: gs07r1b40
  Error code: 2 (No such file or directory)
--------------------------------------------------------------------------
--------------------------------------------------------------------------
WARNING: Could not generate an xpmem segment id for this process'
address space.

The vader shared memory BTL will fall back on another single-copy
mechanism if one is available. This may result in lower performance.

  Local host: gs07r1b40
  Error code: 2 (No such file or directory)
--------------------------------------------------------------------------
--------------------------------------------------------------------------
WARNING: Could not generate an xpmem segment id for this process'
address space.

The vader shared memory BTL will fall back on another single-copy
mechanism if one is available. This may result in lower performance.

  Local host: gs07r1b40
  Error code: 2 (No such file or directory)
--------------------------------------------------------------------------
--------------------------------------------------------------------------
WARNING: Could not generate an xpmem segment id for this process'
address space.

The vader shared memory BTL will fall back on another single-copy
mechanism if one is available. This may result in lower performance.

  Local host: gs07r1b40
  Error code: 2 (No such file or directory)
--------------------------------------------------------------------------
--------------------------------------------------------------------------
WARNING: Could not generate an xpmem segment id for this process'
address space.

The vader shared memory BTL will fall back on another single-copy
mechanism if one is available. This may result in lower performance.

  Local host: gs07r1b40
  Error code: 2 (No such file or directory)
--------------------------------------------------------------------------
--------------------------------------------------------------------------
WARNING: Could not generate an xpmem segment id for this process'
address space.

The vader shared memory BTL will fall back on another single-copy
mechanism if one is available. This may result in lower performance.

  Local host: gs07r1b40
  Error code: 2 (No such file or directory)
--------------------------------------------------------------------------
--------------------------------------------------------------------------
WARNING: Could not generate an xpmem segment id for this process'
address space.

The vader shared memory BTL will fall back on another single-copy
mechanism if one is available. This may result in lower performance.

  Local host: gs07r1b40
  Error code: 2 (No such file or directory)
--------------------------------------------------------------------------
--------------------------------------------------------------------------
WARNING: Could not generate an xpmem segment id for this process'
address space.

The vader shared memory BTL will fall back on another single-copy
mechanism if one is available. This may result in lower performance.

  Local host: gs07r1b40
  Error code: 2 (No such file or directory)
--------------------------------------------------------------------------
--------------------------------------------------------------------------
WARNING: Could not generate an xpmem segment id for this process'
address space.

The vader shared memory BTL will fall back on another single-copy
mechanism if one is available. This may result in lower performance.

  Local host: gs07r1b40
  Error code: 2 (No such file or directory)
--------------------------------------------------------------------------
--------------------------------------------------------------------------
WARNING: Could not generate an xpmem segment id for this process'
address space.

The vader shared memory BTL will fall back on another single-copy
mechanism if one is available. This may result in lower performance.

  Local host: gs07r1b40
  Error code: 2 (No such file or directory)
--------------------------------------------------------------------------
--------------------------------------------------------------------------
WARNING: Could not generate an xpmem segment id for this process'
address space.

The vader shared memory BTL will fall back on another single-copy
mechanism if one is available. This may result in lower performance.

  Local host: gs07r1b40
  Error code: 2 (No such file or directory)
--------------------------------------------------------------------------
--------------------------------------------------------------------------
WARNING: Could not generate an xpmem segment id for this process'
address space.

The vader shared memory BTL will fall back on another single-copy
mechanism if one is available. This may result in lower performance.

  Local host: gs07r1b40
  Error code: 2 (No such file or directory)
--------------------------------------------------------------------------
--------------------------------------------------------------------------
WARNING: Could not generate an xpmem segment id for this process'
address space.

The vader shared memory BTL will fall back on another single-copy
mechanism if one is available. This may result in lower performance.

  Local host: gs07r1b40
  Error code: 2 (No such file or directory)
--------------------------------------------------------------------------
--------------------------------------------------------------------------
WARNING: Could not generate an xpmem segment id for this process'
address space.

The vader shared memory BTL will fall back on another single-copy
mechanism if one is available. This may result in lower performance.

  Local host: gs07r1b40
  Error code: 2 (No such file or directory)
--------------------------------------------------------------------------
--------------------------------------------------------------------------
WARNING: Could not generate an xpmem segment id for this process'
address space.

The vader shared memory BTL will fall back on another single-copy
mechanism if one is available. This may result in lower performance.

  Local host: gs07r1b40
  Error code: 2 (No such file or directory)
--------------------------------------------------------------------------
--------------------------------------------------------------------------
WARNING: Could not generate an xpmem segment id for this process'
address space.

The vader shared memory BTL will fall back on another single-copy
mechanism if one is available. This may result in lower performance.

  Local host: gs07r1b40
  Error code: 2 (No such file or directory)
--------------------------------------------------------------------------
--------------------------------------------------------------------------
WARNING: Could not generate an xpmem segment id for this process'
address space.

The vader shared memory BTL will fall back on another single-copy
mechanism if one is available. This may result in lower performance.

  Local host: gs07r1b40
  Error code: 2 (No such file or directory)
--------------------------------------------------------------------------
--------------------------------------------------------------------------
WARNING: Could not generate an xpmem segment id for this process'
address space.

The vader shared memory BTL will fall back on another single-copy
mechanism if one is available. This may result in lower performance.

  Local host: gs07r1b40
  Error code: 2 (No such file or directory)
--------------------------------------------------------------------------
--------------------------------------------------------------------------
WARNING: Could not generate an xpmem segment id for this process'
address space.

The vader shared memory BTL will fall back on another single-copy
mechanism if one is available. This may result in lower performance.

  Local host: gs07r1b40
  Error code: 2 (No such file or directory)
--------------------------------------------------------------------------
--------------------------------------------------------------------------
WARNING: Could not generate an xpmem segment id for this process'
address space.

The vader shared memory BTL will fall back on another single-copy
mechanism if one is available. This may result in lower performance.

  Local host: gs07r1b40
  Error code: 2 (No such file or directory)
--------------------------------------------------------------------------
--------------------------------------------------------------------------
WARNING: Could not generate an xpmem segment id for this process'
address space.

The vader shared memory BTL will fall back on another single-copy
mechanism if one is available. This may result in lower performance.

  Local host: gs07r1b40
  Error code: 2 (No such file or directory)
--------------------------------------------------------------------------
--------------------------------------------------------------------------
WARNING: Could not generate an xpmem segment id for this process'
address space.

The vader shared memory BTL will fall back on another single-copy
mechanism if one is available. This may result in lower performance.

  Local host: gs07r1b40
  Error code: 2 (No such file or directory)
--------------------------------------------------------------------------
--------------------------------------------------------------------------
WARNING: Could not generate an xpmem segment id for this process'
address space.

The vader shared memory BTL will fall back on another single-copy
mechanism if one is available. This may result in lower performance.

  Local host: gs07r1b40
  Error code: 2 (No such file or directory)
--------------------------------------------------------------------------
--------------------------------------------------------------------------
WARNING: Could not generate an xpmem segment id for this process'
address space.

The vader shared memory BTL will fall back on another single-copy
mechanism if one is available. This may result in lower performance.

  Local host: gs07r1b40
  Error code: 2 (No such file or directory)
--------------------------------------------------------------------------
--------------------------------------------------------------------------
WARNING: Could not generate an xpmem segment id for this process'
address space.

The vader shared memory BTL will fall back on another single-copy
mechanism if one is available. This may result in lower performance.

  Local host: gs07r1b40
  Error code: 2 (No such file or directory)
--------------------------------------------------------------------------
--------------------------------------------------------------------------
WARNING: Could not generate an xpmem segment id for this process'
address space.

The vader shared memory BTL will fall back on another single-copy
mechanism if one is available. This may result in lower performance.

  Local host: gs07r1b40
  Error code: 2 (No such file or directory)
--------------------------------------------------------------------------
--------------------------------------------------------------------------
WARNING: Could not generate an xpmem segment id for this process'
address space.

The vader shared memory BTL will fall back on another single-copy
mechanism if one is available. This may result in lower performance.

  Local host: gs07r1b40
  Error code: 2 (No such file or directory)
--------------------------------------------------------------------------
--------------------------------------------------------------------------
WARNING: Could not generate an xpmem segment id for this process'
address space.

The vader shared memory BTL will fall back on another single-copy
mechanism if one is available. This may result in lower performance.

  Local host: gs07r1b40
  Error code: 2 (No such file or directory)
--------------------------------------------------------------------------
--------------------------------------------------------------------------
WARNING: Could not generate an xpmem segment id for this process'
address space.

The vader shared memory BTL will fall back on another single-copy
mechanism if one is available. This may result in lower performance.

  Local host: gs07r1b40
  Error code: 2 (No such file or directory)
--------------------------------------------------------------------------
--------------------------------------------------------------------------
WARNING: Could not generate an xpmem segment id for this process'
address space.

The vader shared memory BTL will fall back on another single-copy
mechanism if one is available. This may result in lower performance.

  Local host: gs07r1b40
  Error code: 2 (No such file or directory)
--------------------------------------------------------------------------
--------------------------------------------------------------------------
WARNING: Could not generate an xpmem segment id for this process'
address space.

The vader shared memory BTL will fall back on another single-copy
mechanism if one is available. This may result in lower performance.

  Local host: gs07r1b40
  Error code: 2 (No such file or directory)
--------------------------------------------------------------------------
--------------------------------------------------------------------------
WARNING: Could not generate an xpmem segment id for this process'
address space.

The vader shared memory BTL will fall back on another single-copy
mechanism if one is available. This may result in lower performance.

  Local host: gs07r1b40
  Error code: 2 (No such file or directory)
--------------------------------------------------------------------------
--------------------------------------------------------------------------
WARNING: Could not generate an xpmem segment id for this process'
address space.

The vader shared memory BTL will fall back on another single-copy
mechanism if one is available. This may result in lower performance.

  Local host: gs07r1b40
  Error code: 2 (No such file or directory)
--------------------------------------------------------------------------
--------------------------------------------------------------------------
WARNING: Could not generate an xpmem segment id for this process'
address space.

The vader shared memory BTL will fall back on another single-copy
mechanism if one is available. This may result in lower performance.

  Local host: gs07r1b40
  Error code: 2 (No such file or directory)
--------------------------------------------------------------------------
--------------------------------------------------------------------------
WARNING: Could not generate an xpmem segment id for this process'
address space.

The vader shared memory BTL will fall back on another single-copy
mechanism if one is available. This may result in lower performance.

  Local host: gs07r1b40
  Error code: 2 (No such file or directory)
--------------------------------------------------------------------------
--------------------------------------------------------------------------
WARNING: Could not generate an xpmem segment id for this process'
address space.

The vader shared memory BTL will fall back on another single-copy
mechanism if one is available. This may result in lower performance.

  Local host: gs07r1b40
  Error code: 2 (No such file or directory)
--------------------------------------------------------------------------
--------------------------------------------------------------------------
WARNING: Could not generate an xpmem segment id for this process'
address space.

The vader shared memory BTL will fall back on another single-copy
mechanism if one is available. This may result in lower performance.

  Local host: gs07r1b40
  Error code: 2 (No such file or directory)
--------------------------------------------------------------------------
--------------------------------------------------------------------------
WARNING: Could not generate an xpmem segment id for this process'
address space.

The vader shared memory BTL will fall back on another single-copy
mechanism if one is available. This may result in lower performance.

  Local host: gs07r1b40
  Error code: 2 (No such file or directory)
--------------------------------------------------------------------------
--------------------------------------------------------------------------
WARNING: Could not generate an xpmem segment id for this process'
address space.

The vader shared memory BTL will fall back on another single-copy
mechanism if one is available. This may result in lower performance.

  Local host: gs07r1b40
  Error code: 2 (No such file or directory)
--------------------------------------------------------------------------
--------------------------------------------------------------------------
WARNING: Could not generate an xpmem segment id for this process'
address space.

The vader shared memory BTL will fall back on another single-copy
mechanism if one is available. This may result in lower performance.

  Local host: gs07r1b40
  Error code: 2 (No such file or directory)
--------------------------------------------------------------------------
--------------------------------------------------------------------------
WARNING: Could not generate an xpmem segment id for this process'
address space.

The vader shared memory BTL will fall back on another single-copy
mechanism if one is available. This may result in lower performance.

  Local host: gs07r1b40
  Error code: 2 (No such file or directory)
--------------------------------------------------------------------------
--------------------------------------------------------------------------
WARNING: Could not generate an xpmem segment id for this process'
address space.

The vader shared memory BTL will fall back on another single-copy
mechanism if one is available. This may result in lower performance.

  Local host: gs07r1b40
  Error code: 2 (No such file or directory)
--------------------------------------------------------------------------
--------------------------------------------------------------------------
WARNING: Could not generate an xpmem segment id for this process'
address space.

The vader shared memory BTL will fall back on another single-copy
mechanism if one is available. This may result in lower performance.

  Local host: gs07r1b40
  Error code: 2 (No such file or directory)
--------------------------------------------------------------------------
--------------------------------------------------------------------------
WARNING: Could not generate an xpmem segment id for this process'
address space.

The vader shared memory BTL will fall back on another single-copy
mechanism if one is available. This may result in lower performance.

  Local host: gs07r1b40
  Error code: 2 (No such file or directory)
--------------------------------------------------------------------------
--------------------------------------------------------------------------
WARNING: Could not generate an xpmem segment id for this process'
address space.

The vader shared memory BTL will fall back on another single-copy
mechanism if one is available. This may result in lower performance.

  Local host: gs07r1b40
  Error code: 2 (No such file or directory)
--------------------------------------------------------------------------
--------------------------------------------------------------------------
WARNING: Could not generate an xpmem segment id for this process'
address space.

The vader shared memory BTL will fall back on another single-copy
mechanism if one is available. This may result in lower performance.

  Local host: gs07r1b40
  Error code: 2 (No such file or directory)
--------------------------------------------------------------------------
--------------------------------------------------------------------------
WARNING: Could not generate an xpmem segment id for this process'
address space.

The vader shared memory BTL will fall back on another single-copy
mechanism if one is available. This may result in lower performance.

  Local host: gs07r1b40
  Error code: 2 (No such file or directory)
--------------------------------------------------------------------------
--------------------------------------------------------------------------
WARNING: Could not generate an xpmem segment id for this process'
address space.

The vader shared memory BTL will fall back on another single-copy
mechanism if one is available. This may result in lower performance.

  Local host: gs07r1b40
  Error code: 2 (No such file or directory)
--------------------------------------------------------------------------
--------------------------------------------------------------------------
WARNING: Could not generate an xpmem segment id for this process'
address space.

The vader shared memory BTL will fall back on another single-copy
mechanism if one is available. This may result in lower performance.

  Local host: gs07r1b40
  Error code: 2 (No such file or directory)
--------------------------------------------------------------------------
--------------------------------------------------------------------------
WARNING: Could not generate an xpmem segment id for this process'
address space.

The vader shared memory BTL will fall back on another single-copy
mechanism if one is available. This may result in lower performance.

  Local host: gs07r1b40
  Error code: 2 (No such file or directory)
--------------------------------------------------------------------------
--------------------------------------------------------------------------
WARNING: Could not generate an xpmem segment id for this process'
address space.

The vader shared memory BTL will fall back on another single-copy
mechanism if one is available. This may result in lower performance.

  Local host: gs07r1b40
  Error code: 2 (No such file or directory)
--------------------------------------------------------------------------
--------------------------------------------------------------------------
WARNING: Could not generate an xpmem segment id for this process'
address space.

The vader shared memory BTL will fall back on another single-copy
mechanism if one is available. This may result in lower performance.

  Local host: gs07r1b40
  Error code: 2 (No such file or directory)
--------------------------------------------------------------------------
--------------------------------------------------------------------------
WARNING: Could not generate an xpmem segment id for this process'
address space.

The vader shared memory BTL will fall back on another single-copy
mechanism if one is available. This may result in lower performance.

  Local host: gs07r1b40
  Error code: 2 (No such file or directory)
--------------------------------------------------------------------------
--------------------------------------------------------------------------
WARNING: Could not generate an xpmem segment id for this process'
address space.

The vader shared memory BTL will fall back on another single-copy
mechanism if one is available. This may result in lower performance.

  Local host: gs07r1b40
  Error code: 2 (No such file or directory)
--------------------------------------------------------------------------
--------------------------------------------------------------------------
WARNING: Could not generate an xpmem segment id for this process'
address space.

The vader shared memory BTL will fall back on another single-copy
mechanism if one is available. This may result in lower performance.

  Local host: gs07r1b40
  Error code: 2 (No such file or directory)
--------------------------------------------------------------------------
--------------------------------------------------------------------------
WARNING: Could not generate an xpmem segment id for this process'
address space.

The vader shared memory BTL will fall back on another single-copy
mechanism if one is available. This may result in lower performance.

  Local host: gs07r1b40
  Error code: 2 (No such file or directory)
--------------------------------------------------------------------------
--------------------------------------------------------------------------
WARNING: Could not generate an xpmem segment id for this process'
address space.

The vader shared memory BTL will fall back on another single-copy
mechanism if one is available. This may result in lower performance.

  Local host: gs07r1b40
  Error code: 2 (No such file or directory)
--------------------------------------------------------------------------
--------------------------------------------------------------------------
WARNING: Could not generate an xpmem segment id for this process'
address space.

The vader shared memory BTL will fall back on another single-copy
mechanism if one is available. This may result in lower performance.

  Local host: gs07r1b40
  Error code: 2 (No such file or directory)
--------------------------------------------------------------------------
--------------------------------------------------------------------------
WARNING: Could not generate an xpmem segment id for this process'
address space.

The vader shared memory BTL will fall back on another single-copy
mechanism if one is available. This may result in lower performance.

  Local host: gs07r1b40
  Error code: 2 (No such file or directory)
--------------------------------------------------------------------------
--------------------------------------------------------------------------
WARNING: Could not generate an xpmem segment id for this process'
address space.

The vader shared memory BTL will fall back on another single-copy
mechanism if one is available. This may result in lower performance.

  Local host: gs07r1b40
  Error code: 2 (No such file or directory)
--------------------------------------------------------------------------
--------------------------------------------------------------------------
WARNING: Could not generate an xpmem segment id for this process'
address space.

The vader shared memory BTL will fall back on another single-copy
mechanism if one is available. This may result in lower performance.

  Local host: gs07r1b40
  Error code: 2 (No such file or directory)
--------------------------------------------------------------------------
--------------------------------------------------------------------------
WARNING: Could not generate an xpmem segment id for this process'
address space.

The vader shared memory BTL will fall back on another single-copy
mechanism if one is available. This may result in lower performance.

  Local host: gs07r1b40
  Error code: 2 (No such file or directory)
--------------------------------------------------------------------------
--------------------------------------------------------------------------
WARNING: Could not generate an xpmem segment id for this process'
address space.

The vader shared memory BTL will fall back on another single-copy
mechanism if one is available. This may result in lower performance.

  Local host: gs07r1b40
  Error code: 2 (No such file or directory)
--------------------------------------------------------------------------
--------------------------------------------------------------------------
WARNING: Could not generate an xpmem segment id for this process'
address space.

The vader shared memory BTL will fall back on another single-copy
mechanism if one is available. This may result in lower performance.

  Local host: gs07r1b40
  Error code: 2 (No such file or directory)
--------------------------------------------------------------------------
--------------------------------------------------------------------------
WARNING: Could not generate an xpmem segment id for this process'
address space.

The vader shared memory BTL will fall back on another single-copy
mechanism if one is available. This may result in lower performance.

  Local host: gs07r1b40
  Error code: 2 (No such file or directory)
--------------------------------------------------------------------------
--------------------------------------------------------------------------
WARNING: Could not generate an xpmem segment id for this process'
address space.

The vader shared memory BTL will fall back on another single-copy
mechanism if one is available. This may result in lower performance.

  Local host: gs07r1b40
  Error code: 2 (No such file or directory)
--------------------------------------------------------------------------
--------------------------------------------------------------------------
WARNING: Could not generate an xpmem segment id for this process'
address space.

The vader shared memory BTL will fall back on another single-copy
mechanism if one is available. This may result in lower performance.

  Local host: gs07r1b40
  Error code: 2 (No such file or directory)
--------------------------------------------------------------------------
--------------------------------------------------------------------------
WARNING: Could not generate an xpmem segment id for this process'
address space.

The vader shared memory BTL will fall back on another single-copy
mechanism if one is available. This may result in lower performance.

  Local host: gs07r1b40
  Error code: 2 (No such file or directory)
--------------------------------------------------------------------------
--------------------------------------------------------------------------
WARNING: Could not generate an xpmem segment id for this process'
address space.

The vader shared memory BTL will fall back on another single-copy
mechanism if one is available. This may result in lower performance.

  Local host: gs07r1b40
  Error code: 2 (No such file or directory)
--------------------------------------------------------------------------
--------------------------------------------------------------------------
WARNING: Could not generate an xpmem segment id for this process'
address space.

The vader shared memory BTL will fall back on another single-copy
mechanism if one is available. This may result in lower performance.

  Local host: gs07r1b40
  Error code: 2 (No such file or directory)
--------------------------------------------------------------------------
--------------------------------------------------------------------------
WARNING: Could not generate an xpmem segment id for this process'
address space.

The vader shared memory BTL will fall back on another single-copy
mechanism if one is available. This may result in lower performance.

  Local host: gs07r1b40
  Error code: 2 (No such file or directory)
--------------------------------------------------------------------------
--------------------------------------------------------------------------
WARNING: Could not generate an xpmem segment id for this process'
address space.

The vader shared memory BTL will fall back on another single-copy
mechanism if one is available. This may result in lower performance.

  Local host: gs07r1b40
  Error code: 2 (No such file or directory)
--------------------------------------------------------------------------
--------------------------------------------------------------------------
WARNING: Could not generate an xpmem segment id for this process'
address space.

The vader shared memory BTL will fall back on another single-copy
mechanism if one is available. This may result in lower performance.

  Local host: gs07r1b40
  Error code: 2 (No such file or directory)
--------------------------------------------------------------------------
--------------------------------------------------------------------------
WARNING: Could not generate an xpmem segment id for this process'
address space.

The vader shared memory BTL will fall back on another single-copy
mechanism if one is available. This may result in lower performance.

  Local host: gs07r1b40
  Error code: 2 (No such file or directory)
--------------------------------------------------------------------------
--------------------------------------------------------------------------
WARNING: Could not generate an xpmem segment id for this process'
address space.

The vader shared memory BTL will fall back on another single-copy
mechanism if one is available. This may result in lower performance.

  Local host: gs07r1b40
  Error code: 2 (No such file or directory)
--------------------------------------------------------------------------
--------------------------------------------------------------------------
WARNING: Could not generate an xpmem segment id for this process'
address space.

The vader shared memory BTL will fall back on another single-copy
mechanism if one is available. This may result in lower performance.

  Local host: gs07r1b40
  Error code: 2 (No such file or directory)
--------------------------------------------------------------------------
--------------------------------------------------------------------------
WARNING: Could not generate an xpmem segment id for this process'
address space.

The vader shared memory BTL will fall back on another single-copy
mechanism if one is available. This may result in lower performance.

  Local host: gs07r1b40
  Error code: 2 (No such file or directory)
--------------------------------------------------------------------------
--------------------------------------------------------------------------
WARNING: Could not generate an xpmem segment id for this process'
address space.

The vader shared memory BTL will fall back on another single-copy
mechanism if one is available. This may result in lower performance.

  Local host: gs07r1b40
  Error code: 2 (No such file or directory)
--------------------------------------------------------------------------
--------------------------------------------------------------------------
WARNING: Could not generate an xpmem segment id for this process'
address space.

The vader shared memory BTL will fall back on another single-copy
mechanism if one is available. This may result in lower performance.

  Local host: gs07r1b40
  Error code: 2 (No such file or directory)
--------------------------------------------------------------------------
--------------------------------------------------------------------------
WARNING: Could not generate an xpmem segment id for this process'
address space.

The vader shared memory BTL will fall back on another single-copy
mechanism if one is available. This may result in lower performance.

  Local host: gs07r1b40
  Error code: 2 (No such file or directory)
--------------------------------------------------------------------------
--------------------------------------------------------------------------
WARNING: Could not generate an xpmem segment id for this process'
address space.

The vader shared memory BTL will fall back on another single-copy
mechanism if one is available. This may result in lower performance.

  Local host: gs07r1b40
  Error code: 2 (No such file or directory)
--------------------------------------------------------------------------
--------------------------------------------------------------------------
WARNING: Could not generate an xpmem segment id for this process'
address space.

The vader shared memory BTL will fall back on another single-copy
mechanism if one is available. This may result in lower performance.

  Local host: gs07r1b40
  Error code: 2 (No such file or directory)
--------------------------------------------------------------------------
--------------------------------------------------------------------------
WARNING: Could not generate an xpmem segment id for this process'
address space.

The vader shared memory BTL will fall back on another single-copy
mechanism if one is available. This may result in lower performance.

  Local host: gs07r1b40
  Error code: 2 (No such file or directory)
--------------------------------------------------------------------------
--------------------------------------------------------------------------
WARNING: Could not generate an xpmem segment id for this process'
address space.

The vader shared memory BTL will fall back on another single-copy
mechanism if one is available. This may result in lower performance.

  Local host: gs07r1b40
  Error code: 2 (No such file or directory)
--------------------------------------------------------------------------
--------------------------------------------------------------------------
WARNING: Could not generate an xpmem segment id for this process'
address space.

The vader shared memory BTL will fall back on another single-copy
mechanism if one is available. This may result in lower performance.

  Local host: gs07r1b40
  Error code: 2 (No such file or directory)
--------------------------------------------------------------------------
--------------------------------------------------------------------------
WARNING: Could not generate an xpmem segment id for this process'
address space.

The vader shared memory BTL will fall back on another single-copy
mechanism if one is available. This may result in lower performance.

  Local host: gs07r1b40
  Error code: 2 (No such file or directory)
--------------------------------------------------------------------------
--------------------------------------------------------------------------------

       10                                  
  1   0101       ************************  
  01  1010 10      The Cactus Code V4.16.0    
 1010 1101 011      www.cactuscode.org     
  1001 100101    ************************  
    00010101                               
     100011     (c) Copyright The Authors  
      0100      GNU Licensed. No Warranty  
      0101                                 
--------------------------------------------------------------------------------

Cactus version:    4.16.0
Compile date:      Aug 24 2026 (12:43:48)
Run date:          Aug 24 2026 (13:09:44+0200)
Run host:          gs07r1b40 (pid=3772693)
Working directory: /gpfs/projects/epor63/uapt015213/dyonic-collision/simulations/IC_L=512_M=0.5,0.5-Q=0.05,0.05-G=0,0-x0=8_h=4/output-0000
Executable:        /gpfs/projects/epor63/uapt015213/cactus/exe/cactus_base
Parameter file:    BSSN.par
--------------------------------------------------------------------------------

Activating thorn Cactus...Success -> active implementation Cactus
Activation requested for 
--->ADMBase ADMCoupling ADMMacros AEILocalInterp AHFinderDirect Boundary Carpet CarpetInterp CarpetLib CarpetMask CarpetReduce CarpetRegrid2 CarpetSlab CarpetTracker CartGrid3D CoordBase CoordGauge Dissipation GenericFD InitBase LocalInterp LoopControl MoL Multipole NaNChecker NewRad PunctureTracker ReflectionSymmetry Slab SpaceMask SphericalSurface StaticConformal SymBase Time TmunuBase Fortran GSL HDF5 LeanBSSNMoL EMGBase EMGEvolve TwoChargedPunctures NPScalars NPScalars_EMG QuasiLocalMeasures SystemStatistics TerminationTrigger TimerReport CarpetIOASCII CarpetIOBasic CarpetIOHDF5 CarpetIOScalar IOUtil<---
Thorn Carpet requests automatic activation of MPI
Thorn Carpet requests automatic activation of Timers
Thorn CarpetLib requests automatic activation of Vectors
Thorn CarpetLib requests automatic activation of Boost
Thorn CarpetLib requests automatic activation of CycleClock
Thorn HDF5 requests automatic activation of zlib
Thorn LoopControl requests automatic activation of hwloc
Thorn QuasiLocalMeasures requests automatic activation of LAPACK
Thorn QuasiLocalMeasures requests automatic activation of TGRtensor
Thorn LAPACK requests automatic activation of BLAS
Activating thorn ADMBase...Success -> active implementation ADMBase
Activating thorn ADMCoupling...Success -> active implementation ADMCoupling
Activating thorn ADMMacros...Success -> active implementation ADMMacros
Activating thorn AEILocalInterp...Success -> active implementation AEILocalInterp
Activating thorn AHFinderDirect...Success -> active implementation AHFinderDirect
Activating thorn BLAS...Success -> active implementation BLAS
Activating thorn Boost...Success -> active implementation Boost
Activating thorn Boundary...Success -> active implementation boundary
Activating thorn Carpet...Success -> active implementation Driver
Activating thorn CarpetInterp...Success -> active implementation interp
Activating thorn CarpetIOASCII...Success -> active implementation IOASCII
Activating thorn CarpetIOBasic...Success -> active implementation IOBasic
Activating thorn CarpetIOHDF5...Success -> active implementation IOHDF5
Activating thorn CarpetIOScalar...Success -> active implementation IOScalar
Activating thorn CarpetLib...Success -> active implementation CarpetLib
Activating thorn CarpetMask...Success -> active implementation CarpetMask
Activating thorn CarpetReduce...Success -> active implementation reduce
Activating thorn CarpetRegrid2...Success -> active implementation CarpetRegrid2
Activating thorn CarpetSlab...Success -> active implementation Hyperslab
Activating thorn CarpetTracker...Success -> active implementation CarpetTracker
Activating thorn CartGrid3D...Success -> active implementation grid
Activating thorn CoordBase...Success -> active implementation CoordBase
Activating thorn CoordGauge...Success -> active implementation CoordGauge
Activating thorn CycleClock...Success -> active implementation CycleClock
Activating thorn Dissipation...Success -> active implementation Dissipation
Activating thorn EMGBase...Success -> active implementation EMGBase
Activating thorn EMGEvolve...Success -> active implementation EMGEvolve
Activating thorn Fortran...Success -> active implementation Fortran
Activating thorn GenericFD...Success -> active implementation GenericFD
Activating thorn GSL...Success -> active implementation GSL
Activating thorn HDF5...Success -> active implementation HDF5
Activating thorn hwloc...Success -> active implementation hwloc
Activating thorn InitBase...Success -> active implementation InitBase
Activating thorn IOUtil...Success -> active implementation IO
Activating thorn LAPACK...Success -> active implementation LAPACK
Activating thorn LeanBSSNMoL...Success -> active implementation LeanBSSNMoL
Activating thorn LocalInterp...Success -> active implementation LocalInterp
Activating thorn LoopControl...Success -> active implementation LoopControl
Activating thorn MoL...Success -> active implementation MethodOfLines
Activating thorn MPI...Success -> active implementation MPI
Activating thorn Multipole...Success -> active implementation multipole
Activating thorn NaNChecker...Success -> active implementation NaNChecker
Activating thorn NewRad...Success -> active implementation NewRad
Activating thorn NPScalars...Success -> active implementation NPScalars
Activating thorn NPScalars_EMG...Success -> active implementation NPScalars_EMG
Activating thorn PunctureTracker...Success -> active implementation PunctureTracker
Activating thorn QuasiLocalMeasures...Success -> active implementation QuasiLocalMeasures
Activating thorn ReflectionSymmetry...Success -> active implementation ReflectionSymmetry
Activating thorn Slab...Success -> active implementation Slab
Activating thorn SpaceMask...Success -> active implementation SpaceMask
Activating thorn SphericalSurface...Success -> active implementation SphericalSurface
Activating thorn StaticConformal...Success -> active implementation StaticConformal
Activating thorn SymBase...Success -> active implementation SymBase
Activating thorn SystemStatistics...Success -> active implementation SystemStatistics
Activating thorn TerminationTrigger...Success -> active implementation TerminationTrigger
Activating thorn TGRtensor...Success -> active implementation TGRtensor
Activating thorn Time...Success -> active implementation time
Activating thorn TimerReport...Success -> active implementation timerreport
Activating thorn Timers...Success -> active implementation Timers
Activating thorn TmunuBase...Success -> active implementation TmunuBase
Activating thorn TwoChargedPunctures...Success -> active implementation TwoChargedPunctures
Activating thorn Vectors...Success -> active implementation Vectors
Activating thorn zlib...Success -> active implementation zlib
--------------------------------------------------------------------------------
  if (recover initial data)
    Recover parameters
  endif

  Startup routines
    [CCTK_STARTUP]
      Carpet::MultiModel_Startup: Multi-model Startup routine
      CycleClock::CycleClock_Setup: Set up CycleClock
      LoopControl::LC_setup: Set up LoopControl
      Timers::Timer_Startup: Prepare hierarchical timers
      Carpet::Driver_Startup: Startup routine
      IOUtil::IOUtil_Startup: Startup routine
      CarpetIOScalar::CarpetIOScalarStartup: [global] Startup routine
      CarpetInterp::CarpetInterpStartup: Startup routine
      CarpetReduce::CarpetReduceStartup: Startup routine
      CartGrid3D::SymmetryStartup: Register GH Extension for GridSymmetry
      CoordBase::CoordBase_Startup: Register a GH extension to store the coordinate system handles
      AEILocalInterp::AEILocalInterp_U_Startup: register CCTK_InterpLocalUniform() interpolation operators
      EMGEvolve::EMG_RegisterMask: Register the masks for excision
      CarpetIOASCII::CarpetIOASCIIStartup: [global] Startup routine
      LeanBSSNMoL::LeanBSSN_RegisterSlicing: [meta] Register slicing
      LocalInterp::LocalInterp_Startup: register LocalInterp's interpolation operators
      CarpetIOBasic::CarpetIOBasicStartup: [global] Startup routine
      MoL::MoL_Startup: Startup banner
      Slab::Slab_InitMPIDatatypes: Create MPI datatypes for complex variables in C
      SymBase::SymBase_Startup: Register GH Extension for SymBase
      TerminationTrigger::TerminationTrigger_StartSignalHandler: Start signal handler
      CarpetIOHDF5::CarpetIOHDF5_Startup: Startup routine
      Vectors::Vectors_Startup: Print startup message
      GROUP hwloc_startup: hwloc startup group
        hwloc::hwloc_version: Output hwloc version

  Startup routines which need an existing grid hierarchy
    [CCTK_WRAGH]
      ADMBase::Einstein_InitSymBound: [global] Set up GF symmetries
      Boundary::Boundary_RegisterBCs: [global] Register boundary conditions that this thorn provides
      CarpetRegrid2::CarpetRegrid2_Initialise: [global] Initialise locations of refined regions
      CartGrid3D::RegisterCartGrid3DCoords: [meta] Register coordinates for the Cartesian grid
      CoordGauge::Einstein_ActivateSlicing: Initialize slicing, setup priorities for mixed slicings
      CoordGauge::Einstein_SetNextSlicing: Identify the slicing for the next iteration
      MoL::MoL_SetupIndexArrays: Set up the MoL bookkeeping index arrays
      MoL::MoL_SetScheduleStatus: [global] Set the flag so it is ok to register with MoL
      TmunuBase::TmunuBase_SetStressEnergyState: [global] Set the stress_energy_state variable
      GROUP MoL_Register: The group where physics thorns register variables with MoL
        EMGEvolve::EMG_RegisterVars: [meta] Register variables for MoL
        LeanBSSNMoL::LeanBSSN_RegisterVars: [meta] Register variables for MoL
      Slab::Slab_InitTimers: Initialise timers
      SpaceMask::MaskSym: [global] Set grid symmetries for mask
      SpaceMask::MaskSym_emask: [global] Set grid symmetries for emask (compatibility mode)
      GROUP SymBase_Wrapper: Wrapper group for SymBase
        GROUP SymmetryRegister: Register your symmetries here
          CartGrid3D::CartGrid3D_RegisterSymmetryBoundaries: [meta] Register symmetry boundaries
          ReflectionSymmetry::ReflectionSymmetry_Register: Register reflection symmetry boundaries
        SymBase::SymBase_Statistics: Print symmetry boundary face descriptions
      MoL::MoL_ReportNumberVariables: [meta] Report how many of each type of variable there are
  Parameter checking routines
    [CCTK_PARAMCHECK]
      ADMBase::ADMBase_ParamCheck: [global] Check consistency of parameters
      Boundary::Boundary_Check: Check dimension of grid variables
      Carpet::CarpetParamCheck: Parameter checking routine
      CarpetLib::CarpetLib_test_prolongate_3d_rf2: [global] Test prolongation operators
      CarpetMask::CarpetSurfaceParamCheck: [global] Check parameters
      CarpetRegrid2::CarpetRegrid2_ParamCheck: Check parameters
      CartGrid3D::ParamCheck_CartGrid3D: Check coordinates for CartGrid3D
      Dissipation::dissipation_paramcheck: Check dissipation parameters for consistency
      Fortran::CheckFortranParameters: Test whether Fortran parameters work correctly
      LeanBSSNMoL::Lean_ParamCheck: Check Lean parameters for consistency
      MoL::MoL_ParamCheck: Basic parameter checking
      Multipole::Multipole_ParamCheck: [global] Check Multipole parameters
      NPScalars::NPScalars_ParamCheck: Check NPScalars parameters for consistency
      QuasiLocalMeasures::qlm_paramcheck: [global] Check quasi-local parameter settings
      SphericalSurface::SphericalSurface_ParamCheck: [global] Check that all surface names are unique
      TerminationTrigger::TerminationTrigger_ParamCheck: Check consitency of parameters
      TmunuBase::TmunuBase_ParamCheck: [global] Check that no deprecated parameters are used.
      TwoChargedPunctures::TwoChargedPunctures_ParamCheck: Check parameters and thorn needs
      Vectors::Vectors_Test: Run correctness tests.

  Initialisation
    if (NOT (recover initial data AND recovery_mode is 'strict'))
      [CCTK_PREREGRIDINITIAL]
      Set up grid hierarchy
      [CCTK_POSTREGRIDINITIAL]
        SpaceMask::MaskZero: Initialise mask to zero
        CartGrid3D::SpatialCoordinates: Set Coordinates after regridding
        GROUP MaskBase_SetupMask: Set up the weight function
          GROUP MaskBase_SetupMaskAll: Set up the weight function
            CarpetReduce::MaskBase_AllocateMask: [global] Allocate the weight function
            CarpetReduce::MaskBase_InitMask: [global] [loop-local] Initialise the weight function
            GROUP SetupIMaskInternal: Set up the integer weight function (schedule other routines in here)
              CarpetReduce::CoordBase_SetupMask: [global] [loop-local] Set up the outer boundaries of the weight function
              CarpetReduce::CarpetMaskSetup: [global] [loop-singlemap] Set up the weight function for the restriction regions
            GROUP SetupIMask: Set up the integer weight function (schedule other routines in here)
              CarpetMask::CarpetExcludedSetup: [global] [loop-local] Set up the weight function for the excluded regions
              CarpetMask::CarpetSurfaceSetup: [global] [loop-local] Set up the weight function for the excluded spherical surfaces
            CarpetReduce::MaskBase_SetMask: [global] [loop-local] Set the weight function
            GROUP SetupMask: Set up the real weight function (schedule other routines in here)
            CarpetReduce::MaskBase_TestMask: [global] Test the weight function
        Dissipation::setup_epsdis: Setup spatially varying dissipation
        GROUP MoL_PseudoEvolutionBoundaries: Apply boundary conditions to pseudo-evolved quantities
        GROUP CalcNPScalars_BC: Boundary conditions
          NPScalars::NPboundaries: [level] Symmetry boundary conditions
          GROUP ApplyBCs_NP: Apply boundary conditions
            GROUP BoundaryConditions: Execute all boundary conditions
              Boundary::Boundary_ApplyPhysicalBCs: Apply all requested local physical boundary conditions
              CartGrid3D::CartGrid3D_ApplyBC: Apply symmetry boundary conditions
              ReflectionSymmetry::ReflectionSymmetry_Apply: Apply reflection symmetries
            Boundary::Boundary_ClearSelection: [level] Unselect all grid variables for boundary conditions
        GROUP CalcNPEMGScalars_BC: Boundary conditions
          NPScalars_EMG::NPEMG_Boundaries: [level] Symmetry boundary conditions
          GROUP ApplyBCs_NPEMG: Apply boundary conditions
            GROUP BoundaryConditions: Execute all boundary conditions
              Boundary::Boundary_ApplyPhysicalBCs: Apply all requested local physical boundary conditions
              CartGrid3D::CartGrid3D_ApplyBC: Apply symmetry boundary conditions
              ReflectionSymmetry::ReflectionSymmetry_Apply: Apply reflection symmetries
            Boundary::Boundary_ClearSelection: [level] Unselect all grid variables for boundary conditions
        SpaceMask::MaskOne: Set mask to one
        AHFinderDirect::AHFinderDirect_maybe_do_masks: set mask(s) based on apparent horizon position(s)
      [CCTK_BASEGRID]
        ADMBase::ADMBase_SetShiftStateOn: Set the shift_state variable to 1
        ADMBase::ADMBase_SetDtLapseStateOn: Set the dtlapse_state variable to 1
        ADMBase::ADMBase_SetDtShiftStateOn: Set the dtshift_state variable to 1
        ADMMacros::ADMMacros_SetLocalSpatialOrder: Initialize the local_spatial_order
        CartGrid3D::SpatialSpacings: Set up ranges for spatial 3D Cartesian coordinates (on all grids)
        CartGrid3D::SpatialCoordinates: Set up spatial 3D Cartesian coordinates on the GH
        SphericalSurface::SphericalSurface_SetupRes: [global] [loop-local] Set surface resolution automatically
        AHFinderDirect::AHFinderDirect_setup: [global] setup data structures
        Dissipation::dissipation_basegrid: Ensure that there are enough ghost zones
        EMGBase::emg_symmetries: [global] Register symmetries of the grid functions
        EMGEvolve::EMG_InitSymBound: [meta] Schedule symmetries
        EMGEvolve::EMG_zero_rhs: set all rhs functions to zero to prevent spurious nans
        LeanBSSNMoL::LeanBSSN_symmetries: [global] Register symmetries of the BSSN grid functions
        LeanBSSNMoL::LeanBSSN_zero_rhs: Set all rhs functions to zero to prevent spurious nans
        NPScalars::NP_symmetries: [meta] Set symmetries for grid functions
        NPScalars_EMG::NPEMG_symmetries: [meta] Set symmetries for grid functions
        NaNChecker::NaNChecker_ResetCounter: [global] Reset the NaNChecker::NaNsFound counter
        SpaceMask::MaskZero: Initialise mask to zero
        SpaceMask::MaskOne: Set old style mask to one
        SphericalSurface::SphericalSurface_Setup: [global] Calculate surface coordinate descriptors
        GROUP MaskBase_SetupMask: Set up the weight function
          GROUP MaskBase_SetupMaskAll: Set up the weight function
            CarpetReduce::MaskBase_AllocateMask: [global] Allocate the weight function
            CarpetReduce::MaskBase_InitMask: [global] [loop-local] Initialise the weight function
            GROUP SetupIMaskInternal: Set up the integer weight function (schedule other routines in here)
              CarpetReduce::CoordBase_SetupMask: [global] [loop-local] Set up the outer boundaries of the weight function
              CarpetReduce::CarpetMaskSetup: [global] [loop-singlemap] Set up the weight function for the restriction regions
            GROUP SetupIMask: Set up the integer weight function (schedule other routines in here)
              CarpetMask::CarpetExcludedSetup: [global] [loop-local] Set up the weight function for the excluded regions
              CarpetMask::CarpetSurfaceSetup: [global] [loop-local] Set up the weight function for the excluded spherical surfaces
            CarpetReduce::MaskBase_SetMask: [global] [loop-local] Set the weight function
            GROUP SetupMask: Set up the real weight function (schedule other routines in here)
            CarpetReduce::MaskBase_TestMask: [global] Test the weight function
        SphericalSurface::SphericalSurface_Set: [global] Set surface radii to be used for initial setup in other thorns
        GROUP SphericalSurface_HasBeenSet: Set the spherical surfaces before this group, and use it afterwards
          SphericalSurface::SphericalSurface_CheckState: [global] Test the state of the spherical surfaces
        SymBase::SymBase_Check: Check whether the driver set up the grid consistently
        TerminationTrigger::TerminationTrigger_ResetTrigger: Clear trigger state
        TerminationTrigger::TerminationTrigger_StartTimer: Start timer
        TerminationTrigger::TerminationTrigger_CreateFile: Create termination file
        Time::Time_Initialise: [global] Initialise Time variables
        Time::TemporalSpacings: [singlemap] Set timestep based on Courant condition (courant_static)
      [CCTK_INITIAL]
        StaticConformal::StaticConformal_InitialiseState: Set the conformal_state variable to 0
        GROUP ADMBase_InitialData: Schedule group for calculating ADM initial data
          GROUP TwoChargedPunctures_Group: TwoChargedPunctures initial data group
            TwoChargedPunctures::TwoChargedPunctures: Create puncture black hole initial data
        GROUP ADMBase_InitialGauge: Schedule group for the ADM initial gauge condition
          ADMBase::ADMBase_ShiftZero: Set the shift to 0 at all points
          ADMBase::ADMBase_DtLapseZero: Set the dtlapse to 0 at all points
          ADMBase::ADMBase_DtShiftZero: Set the dtshift to 0 at all points
        CarpetIOASCII::CarpetIOASCIIInit: [global] Initialisation routine
        CarpetIOBasic::CarpetIOBasicInit: [global] Initialisation routine
        CarpetIOHDF5::CarpetIOHDF5_Init: [global] Initialisation routine
        CarpetIOScalar::CarpetIOScalarInit: [global] Initialisation routine
        GROUP ADMBase_PostInitial: Schedule group for modifying the ADM initial data, such as e.g. adding noise
        LeanBSSNMoL::LeanBSSN_adm2bssn: [local] Convert initial data into BSSN variables
        LeanBSSNMoL::LeanBSSN_Boundaries: [level] Boundary enforcement
        MoL::MoL_StartLoop: [level] Initialise the step size control
        PunctureTracker::PunctureTracker_Init: [global] Calculate initial location of punctures
        QuasiLocalMeasures::qlm_init: [global] Initialise quasi-local calculations
        GROUP LeanBSSN_ApplyBCs: Apply boundary conditions
          GROUP BoundaryConditions: Execute all boundary conditions
            Boundary::Boundary_ApplyPhysicalBCs: Apply all requested local physical boundary conditions
            CartGrid3D::CartGrid3D_ApplyBC: Apply symmetry boundary conditions
            ReflectionSymmetry::ReflectionSymmetry_Apply: Apply reflection symmetries
          Boundary::Boundary_ClearSelection: [level] Unselect all grid variables for boundary conditions
      [CCTK_POSTINITIAL]
        CarpetIOHDF5::CarpetIOHDF5_CloseFiles: [global] Close all filereader input files
        GROUP MoL_PostStepModify: The group for physics thorns to schedule enforcing constraints
        GROUP MoL_PostStep: Ensure that everything is correct after the initial data have been set up
          LeanBSSNMoL::LeanBSSN_remove_trA: Remove trace of A
          EMGEvolve::EMG_Boundaries: [level] MoL boundary enforcement for EMG variables
          GROUP EMG_ApplyBCs: Apply boundary conditions
            GROUP BoundaryConditions: Execute all boundary conditions
              Boundary::Boundary_ApplyPhysicalBCs: Apply all requested local physical boundary conditions
              CartGrid3D::CartGrid3D_ApplyBC: Apply symmetry boundary conditions
              ReflectionSymmetry::ReflectionSymmetry_Apply: Apply reflection symmetries
            Boundary::Boundary_ClearSelection: [level] Unselect all grid variables for boundary conditions
          LeanBSSNMoL::LeanBSSN_impose_conf_fac_floor: Make sure conformal factor does not drop below specified value
          LeanBSSNMoL::LeanBSSN_Boundaries: [level] MoL boundary enforcement
          GROUP LeanBSSN_ApplyBCs: Apply boundary conditions
            GROUP BoundaryConditions: Execute all boundary conditions
              Boundary::Boundary_ApplyPhysicalBCs: Apply all requested local physical boundary conditions
              CartGrid3D::CartGrid3D_ApplyBC: Apply symmetry boundary conditions
              ReflectionSymmetry::ReflectionSymmetry_Apply: Apply reflection symmetries
            Boundary::Boundary_ClearSelection: [level] Unselect all grid variables for boundary conditions
          LeanBSSNMoL::LeanBSSN_bssn2adm: [local] Convert variables back to the ADM ones
          GROUP ADMBase_SetADMVars: Set the ADM variables before this group, and use them afterwards
          GROUP SetTmunu: Group for calculating the stress-energy tensor
            TmunuBase::TmunuBase_ZeroTmunu: Initialise the stress-energy tensor to zero
            GROUP AddToTmunu: Add to the stress-energy tensor here
              EMGEvolve::EMG_AddToTmunu: Compute the energy-momentum tensor
        GROUP MoL_PseudoEvolution: Calculate pseudo-evolved quantities
          GROUP ADMBase_SetADMVars: Set the ADM variables before this group, and use them afterwards
          GROUP CalcNPScalars: Calculate NPScalars
            NPScalars::NP_calcPsiGF: [local] calculate Psi4 as grid function
            GROUP CalcNPScalars_BC: Boundary conditions
              NPScalars::NPboundaries: [level] Symmetry boundary conditions
              GROUP ApplyBCs_NP: Apply boundary conditions
                GROUP BoundaryConditions: Execute all boundary conditions
                  Boundary::Boundary_ApplyPhysicalBCs: Apply all requested local physical boundary conditions
                  CartGrid3D::CartGrid3D_ApplyBC: Apply symmetry boundary conditions
                  ReflectionSymmetry::ReflectionSymmetry_Apply: Apply reflection symmetries
                Boundary::Boundary_ClearSelection: [level] Unselect all grid variables for boundary conditions
        GROUP CalcNPScalars: Calculate NPScalars
          NPScalars::NP_calcPsiGF: [local] calculate Psi4 as grid function
          GROUP CalcNPScalars_BC: Boundary conditions
            NPScalars::NPboundaries: [level] Symmetry boundary conditions
            GROUP ApplyBCs_NP: Apply boundary conditions
              GROUP BoundaryConditions: Execute all boundary conditions
                Boundary::Boundary_ApplyPhysicalBCs: Apply all requested local physical boundary conditions
                CartGrid3D::CartGrid3D_ApplyBC: Apply symmetry boundary conditions
                ReflectionSymmetry::ReflectionSymmetry_Apply: Apply reflection symmetries
              Boundary::Boundary_ClearSelection: [level] Unselect all grid variables for boundary conditions
        GROUP CalcNPEMGScalars: Calculate NPScalars
          NPScalars_EMG::NPEMG_calcPsiGF: [local] calculate grid functions
          GROUP CalcNPEMGScalars_BC: Boundary conditions
            NPScalars_EMG::NPEMG_Boundaries: [level] Symmetry boundary conditions
            GROUP ApplyBCs_NPEMG: Apply boundary conditions
              GROUP BoundaryConditions: Execute all boundary conditions
                Boundary::Boundary_ApplyPhysicalBCs: Apply all requested local physical boundary conditions
                CartGrid3D::CartGrid3D_ApplyBC: Apply symmetry boundary conditions
                ReflectionSymmetry::ReflectionSymmetry_Apply: Apply reflection symmetries
              Boundary::Boundary_ClearSelection: [level] Unselect all grid variables for boundary conditions
      Initialise finer grids recursively
      Restrict from finer grids
      [CCTK_POSTRESTRICTINITIAL]
        GROUP MoL_PostStep: Ensure that everything is correct after restriction
          LeanBSSNMoL::LeanBSSN_remove_trA: Remove trace of A
          EMGEvolve::EMG_Boundaries: [level] MoL boundary enforcement for EMG variables
          GROUP EMG_ApplyBCs: Apply boundary conditions
            GROUP BoundaryConditions: Execute all boundary conditions
              Boundary::Boundary_ApplyPhysicalBCs: Apply all requested local physical boundary conditions
              CartGrid3D::CartGrid3D_ApplyBC: Apply symmetry boundary conditions
              ReflectionSymmetry::ReflectionSymmetry_Apply: Apply reflection symmetries
            Boundary::Boundary_ClearSelection: [level] Unselect all grid variables for boundary conditions
          LeanBSSNMoL::LeanBSSN_impose_conf_fac_floor: Make sure conformal factor does not drop below specified value
          LeanBSSNMoL::LeanBSSN_Boundaries: [level] MoL boundary enforcement
          GROUP LeanBSSN_ApplyBCs: Apply boundary conditions
            GROUP BoundaryConditions: Execute all boundary conditions
              Boundary::Boundary_ApplyPhysicalBCs: Apply all requested local physical boundary conditions
              CartGrid3D::CartGrid3D_ApplyBC: Apply symmetry boundary conditions
              ReflectionSymmetry::ReflectionSymmetry_Apply: Apply reflection symmetries
            Boundary::Boundary_ClearSelection: [level] Unselect all grid variables for boundary conditions
          LeanBSSNMoL::LeanBSSN_bssn2adm: [local] Convert variables back to the ADM ones
          GROUP ADMBase_SetADMVars: Set the ADM variables before this group, and use them afterwards
          GROUP SetTmunu: Group for calculating the stress-energy tensor
            TmunuBase::TmunuBase_ZeroTmunu: Initialise the stress-energy tensor to zero
            GROUP AddToTmunu: Add to the stress-energy tensor here
              EMGEvolve::EMG_AddToTmunu: Compute the energy-momentum tensor
        GROUP MoL_PseudoEvolutionBoundaries: Apply boundary conditions to pseudo-evolved quantities
        GROUP CalcNPScalars_BC: Boundary conditions
          NPScalars::NPboundaries: [level] Symmetry boundary conditions
          GROUP ApplyBCs_NP: Apply boundary conditions
            GROUP BoundaryConditions: Execute all boundary conditions
              Boundary::Boundary_ApplyPhysicalBCs: Apply all requested local physical boundary conditions
              CartGrid3D::CartGrid3D_ApplyBC: Apply symmetry boundary conditions
              ReflectionSymmetry::ReflectionSymmetry_Apply: Apply reflection symmetries
            Boundary::Boundary_ClearSelection: [level] Unselect all grid variables for boundary conditions
        GROUP CalcNPEMGScalars_BC: Boundary conditions
          NPScalars_EMG::NPEMG_Boundaries: [level] Symmetry boundary conditions
          GROUP ApplyBCs_NPEMG: Apply boundary conditions
            GROUP BoundaryConditions: Execute all boundary conditions
              Boundary::Boundary_ApplyPhysicalBCs: Apply all requested local physical boundary conditions
              CartGrid3D::CartGrid3D_ApplyBC: Apply symmetry boundary conditions
              ReflectionSymmetry::ReflectionSymmetry_Apply: Apply reflection symmetries
            Boundary::Boundary_ClearSelection: [level] Unselect all grid variables for boundary conditions
      [CCTK_POSTPOSTINITIAL]
      [CCTK_POSTSTEP]
        AHFinderDirect::AHFinderDirect_import_mask: [global] [loop-local] import the excision mask
        AHFinderDirect::AHFinderDirect_find_horizons: [global] find apparent horizon(s) after this time step
        AHFinderDirect::AHFinderDirect_store: [global] store apparent horizon(s) into spherical surface(s)
        AHFinderDirect::AHFinderDirect_save: [global] save apparent horizon(s) into Cactus variables
        AHFinderDirect::AHFinderDirect_maybe_do_masks: set mask(s) based on apparent horizon position(s)
        SphericalSurface::SphericalSurface_Set: [global] Set surface radii
        GROUP SphericalSurface_HasBeenSet: Set the spherical surfaces before this group, and use it afterwards
          SphericalSurface::SphericalSurface_CheckState: [global] Test the state of the spherical surfaces
        GROUP zzz_NaNChecker_NaNCheck: Check for NaNs and count them in NaNChecker::NaNsFound
          NaNChecker::NaNChecker_NaNCheck_Prepare: [level] Prepare data structures to check for NaNs
          NaNChecker::NaNChecker_NaNCheck_Check: [local] Check for NaNs
          NaNChecker::NaNChecker_NaNCheck_Finish: [level] Count NaNs in NaNChecker::NaNsFound
        NaNChecker::NaNChecker_TakeAction: [global] [loop-level] Output NaNChecker::NaNmask and take action according to NaNChecker::action_if_found
        PunctureTracker::PunctureTracker_SetPositions: [global] Copy puncture positions to spherical surfaces
        SpaceMask::CheckMask: Ensure that all mask values are legal
        Dissipation::setup_epsdis: Setup spatially varying dissipation
        GROUP MaskBase_SetupMask: Set up the weight function
          GROUP MaskBase_SetupMaskAll: Set up the weight function
            CarpetReduce::MaskBase_AllocateMask: [global] Allocate the weight function
            CarpetReduce::MaskBase_InitMask: [global] [loop-local] Initialise the weight function
            GROUP SetupIMaskInternal: Set up the integer weight function (schedule other routines in here)
              CarpetReduce::CoordBase_SetupMask: [global] [loop-local] Set up the outer boundaries of the weight function
              CarpetReduce::CarpetMaskSetup: [global] [loop-singlemap] Set up the weight function for the restriction regions
            GROUP SetupIMask: Set up the integer weight function (schedule other routines in here)
              CarpetMask::CarpetExcludedSetup: [global] [loop-local] Set up the weight function for the excluded regions
              CarpetMask::CarpetSurfaceSetup: [global] [loop-local] Set up the weight function for the excluded spherical surfaces
            CarpetReduce::MaskBase_SetMask: [global] [loop-local] Set the weight function
            GROUP SetupMask: Set up the real weight function (schedule other routines in here)
            CarpetReduce::MaskBase_TestMask: [global] Test the weight function
    endif
    if (recover initial data)
      [CCTK_BASEGRID]
        ADMBase::ADMBase_SetShiftStateOn: Set the shift_state variable to 1
        ADMBase::ADMBase_SetDtLapseStateOn: Set the dtlapse_state variable to 1
        ADMBase::ADMBase_SetDtShiftStateOn: Set the dtshift_state variable to 1
        ADMMacros::ADMMacros_SetLocalSpatialOrder: Initialize the local_spatial_order
        CartGrid3D::SpatialSpacings: Set up ranges for spatial 3D Cartesian coordinates (on all grids)
        CartGrid3D::SpatialCoordinates: Set up spatial 3D Cartesian coordinates on the GH
        SphericalSurface::SphericalSurface_SetupRes: [global] [loop-local] Set surface resolution automatically
        AHFinderDirect::AHFinderDirect_setup: [global] setup data structures
        Dissipation::dissipation_basegrid: Ensure that there are enough ghost zones
        EMGBase::emg_symmetries: [global] Register symmetries of the grid functions
        EMGEvolve::EMG_InitSymBound: [meta] Schedule symmetries
        EMGEvolve::EMG_zero_rhs: set all rhs functions to zero to prevent spurious nans
        LeanBSSNMoL::LeanBSSN_symmetries: [global] Register symmetries of the BSSN grid functions
        LeanBSSNMoL::LeanBSSN_zero_rhs: Set all rhs functions to zero to prevent spurious nans
        NPScalars::NP_symmetries: [meta] Set symmetries for grid functions
        NPScalars_EMG::NPEMG_symmetries: [meta] Set symmetries for grid functions
        NaNChecker::NaNChecker_ResetCounter: [global] Reset the NaNChecker::NaNsFound counter
        SpaceMask::MaskZero: Initialise mask to zero
        SpaceMask::MaskOne: Set old style mask to one
        SphericalSurface::SphericalSurface_Setup: [global] Calculate surface coordinate descriptors
        GROUP MaskBase_SetupMask: Set up the weight function
          GROUP MaskBase_SetupMaskAll: Set up the weight function
            CarpetReduce::MaskBase_AllocateMask: [global] Allocate the weight function
            CarpetReduce::MaskBase_InitMask: [global] [loop-local] Initialise the weight function
            GROUP SetupIMaskInternal: Set up the integer weight function (schedule other routines in here)
              CarpetReduce::CoordBase_SetupMask: [global] [loop-local] Set up the outer boundaries of the weight function
              CarpetReduce::CarpetMaskSetup: [global] [loop-singlemap] Set up the weight function for the restriction regions
            GROUP SetupIMask: Set up the integer weight function (schedule other routines in here)
              CarpetMask::CarpetExcludedSetup: [global] [loop-local] Set up the weight function for the excluded regions
              CarpetMask::CarpetSurfaceSetup: [global] [loop-local] Set up the weight function for the excluded spherical surfaces
            CarpetReduce::MaskBase_SetMask: [global] [loop-local] Set the weight function
            GROUP SetupMask: Set up the real weight function (schedule other routines in here)
            CarpetReduce::MaskBase_TestMask: [global] Test the weight function
        SphericalSurface::SphericalSurface_Set: [global] Set surface radii to be used for initial setup in other thorns
        GROUP SphericalSurface_HasBeenSet: Set the spherical surfaces before this group, and use it afterwards
          SphericalSurface::SphericalSurface_CheckState: [global] Test the state of the spherical surfaces
        SymBase::SymBase_Check: Check whether the driver set up the grid consistently
        TerminationTrigger::TerminationTrigger_ResetTrigger: Clear trigger state
        TerminationTrigger::TerminationTrigger_StartTimer: Start timer
        TerminationTrigger::TerminationTrigger_CreateFile: Create termination file
        Time::Time_Initialise: [global] Initialise Time variables
        Time::TemporalSpacings: [singlemap] Set timestep based on Courant condition (courant_static)
      [CCTK_RECOVER_VARIABLES]
        IOUtil::IOUtil_RecoverGH: [level] Checkpoint recovery routine
      [CCTK_POST_RECOVER_VARIABLES]
        AHFinderDirect::AHFinderDirect_recover: [global] import horizon data from Cactus variables
        CarpetIOHDF5::CarpetIOHDF5_InitCheckpointingIntervals: [global] Initialisation of checkpointing intervals after recovery
        CarpetIOHDF5::CarpetIOHDF5_CloseFiles: [meta] Close all initial data checkpoint files after recovery
        GROUP MaskBase_SetupMask: Set up the weight function
          GROUP MaskBase_SetupMaskAll: Set up the weight function
            CarpetReduce::MaskBase_AllocateMask: [global] Allocate the weight function
            CarpetReduce::MaskBase_InitMask: [global] [loop-local] Initialise the weight function
            GROUP SetupIMaskInternal: Set up the integer weight function (schedule other routines in here)
              CarpetReduce::CoordBase_SetupMask: [global] [loop-local] Set up the outer boundaries of the weight function
              CarpetReduce::CarpetMaskSetup: [global] [loop-singlemap] Set up the weight function for the restriction regions
            GROUP SetupIMask: Set up the integer weight function (schedule other routines in here)
              CarpetMask::CarpetExcludedSetup: [global] [loop-local] Set up the weight function for the excluded regions
              CarpetMask::CarpetSurfaceSetup: [global] [loop-local] Set up the weight function for the excluded spherical surfaces
            CarpetReduce::MaskBase_SetMask: [global] [loop-local] Set the weight function
            GROUP SetupMask: Set up the real weight function (schedule other routines in here)
            CarpetReduce::MaskBase_TestMask: [global] Test the weight function
        GROUP MoL_PostStep: Ensure that everything is correct after recovery
          LeanBSSNMoL::LeanBSSN_remove_trA: Remove trace of A
          EMGEvolve::EMG_Boundaries: [level] MoL boundary enforcement for EMG variables
          GROUP EMG_ApplyBCs: Apply boundary conditions
            GROUP BoundaryConditions: Execute all boundary conditions
              Boundary::Boundary_ApplyPhysicalBCs: Apply all requested local physical boundary conditions
              CartGrid3D::CartGrid3D_ApplyBC: Apply symmetry boundary conditions
              ReflectionSymmetry::ReflectionSymmetry_Apply: Apply reflection symmetries
            Boundary::Boundary_ClearSelection: [level] Unselect all grid variables for boundary conditions
          LeanBSSNMoL::LeanBSSN_impose_conf_fac_floor: Make sure conformal factor does not drop below specified value
          LeanBSSNMoL::LeanBSSN_Boundaries: [level] MoL boundary enforcement
          GROUP LeanBSSN_ApplyBCs: Apply boundary conditions
            GROUP BoundaryConditions: Execute all boundary conditions
              Boundary::Boundary_ApplyPhysicalBCs: Apply all requested local physical boundary conditions
              CartGrid3D::CartGrid3D_ApplyBC: Apply symmetry boundary conditions
              ReflectionSymmetry::ReflectionSymmetry_Apply: Apply reflection symmetries
            Boundary::Boundary_ClearSelection: [level] Unselect all grid variables for boundary conditions
          LeanBSSNMoL::LeanBSSN_bssn2adm: [local] Convert variables back to the ADM ones
          GROUP ADMBase_SetADMVars: Set the ADM variables before this group, and use them afterwards
          GROUP SetTmunu: Group for calculating the stress-energy tensor
            TmunuBase::TmunuBase_ZeroTmunu: Initialise the stress-energy tensor to zero
            GROUP AddToTmunu: Add to the stress-energy tensor here
              EMGEvolve::EMG_AddToTmunu: Compute the energy-momentum tensor
        GROUP zzz_NaNChecker_NaNCheck: Check for NaNs and count them in NaNChecker::NaNsFound
          NaNChecker::NaNChecker_NaNCheck_Prepare: [level] Prepare data structures to check for NaNs
          NaNChecker::NaNChecker_NaNCheck_Check: [local] Check for NaNs
          NaNChecker::NaNChecker_NaNCheck_Finish: [level] Count NaNs in NaNChecker::NaNsFound
        NaNChecker::NaNChecker_TakeAction: [global] [loop-level] Output NaNChecker::NaNmask and take action according to NaNChecker::action_if_found
        TerminationTrigger::TerminationTrigger_ResetMinutes: [global] Reset Watchtime
    endif
    if (checkpoint initial data)
      [CCTK_CPINITIAL]
        CarpetIOHDF5::CarpetIOHDF5_InitialDataCheckpoint: [meta] Initial data checkpoint routine
    endif
    if (analysis)
      [CCTK_ANALYSIS]
        CarpetLib::CarpetLib_printtimestats: [global] Print timing statistics if desired
        CarpetLib::CarpetLib_printmemstats: [global] Print memory statistics if desired
        GROUP EMG_constraints: Group to compute constraints
          EMGEvolve::EMG_constraints: Compute constraints
          EMGEvolve::EMG_constraints_boundaries: [level] Enforce symmetry BCs in constraint computation
          GROUP EMG_constraints_ApplyBCs: Apply boundary conditions
            GROUP BoundaryConditions: Execute all boundary conditions
              Boundary::Boundary_ApplyPhysicalBCs: Apply all requested local physical boundary conditions
              CartGrid3D::CartGrid3D_ApplyBC: Apply symmetry boundary conditions
              ReflectionSymmetry::ReflectionSymmetry_Apply: Apply reflection symmetries
            Boundary::Boundary_ClearSelection: [level] Unselect all grid variables for boundary conditions
        GROUP LeanBSSN_constraints: Compute constraints
          LeanBSSNMoL::LeanBSSN_bssn_constraints: Compute constraints
          LeanBSSNMoL::LeanBSSN_Constraints_Boundaries: [level] Enforce symmetry BCs in constraint computation
          GROUP LeanBSSN_Constraints_ApplyBCs: Apply boundary conditions
            GROUP BoundaryConditions: Execute all boundary conditions
              Boundary::Boundary_ApplyPhysicalBCs: Apply all requested local physical boundary conditions
              CartGrid3D::CartGrid3D_ApplyBC: Apply symmetry boundary conditions
              ReflectionSymmetry::ReflectionSymmetry_Apply: Apply reflection symmetries
            Boundary::Boundary_ClearSelection: [level] Unselect all grid variables for boundary conditions
        LoopControl::LC_statistics_analysis: [meta] Output LoopControl statistics
        Multipole::Multipole_Calc: [global] Calculate Multipoles
        GROUP CalcNPEMGScalars: Calculate NPScalars
          NPScalars_EMG::NPEMG_calcPsiGF: [local] calculate grid functions
          GROUP CalcNPEMGScalars_BC: Boundary conditions
            NPScalars_EMG::NPEMG_Boundaries: [level] Symmetry boundary conditions
            GROUP ApplyBCs_NPEMG: Apply boundary conditions
              GROUP BoundaryConditions: Execute all boundary conditions
                Boundary::Boundary_ApplyPhysicalBCs: Apply all requested local physical boundary conditions
                CartGrid3D::CartGrid3D_ApplyBC: Apply symmetry boundary conditions
                ReflectionSymmetry::ReflectionSymmetry_Apply: Apply reflection symmetries
              Boundary::Boundary_ClearSelection: [level] Unselect all grid variables for boundary conditions
        QuasiLocalMeasures::qlm_calculate: [global] Calculate quasi-local quantities
        SystemStatistics::SystemStatistics_Collect: [global] Collect system statistics
        TerminationTrigger::TerminationTrigger_CheckWalltime: Check elapsed job walltime
        TerminationTrigger::TerminationTrigger_CheckSignal: Check if we received a termination signal
        TerminationTrigger::TerminationTrigger_CheckFile: Check termination file
        TimerReport::zzz_TimerReport_Output: [global] Print the timer report
  endif
  Output grid variables

  do loop over timesteps
    [CCTK_PREREGRID]
      CarpetTracker::CarpetTracker_SetPositions: [global] Set positions of refined regions
    Change grid hierarchy
    [CCTK_POSTREGRID]
      SpaceMask::MaskZero: Initialise mask to zero
      CartGrid3D::SpatialCoordinates: Set Coordinates after regridding
      GROUP MaskBase_SetupMask: Set up the weight function
        GROUP MaskBase_SetupMaskAll: Set up the weight function
          CarpetReduce::MaskBase_AllocateMask: [global] Allocate the weight function
          CarpetReduce::MaskBase_InitMask: [global] [loop-local] Initialise the weight function
          GROUP SetupIMaskInternal: Set up the integer weight function (schedule other routines in here)
            CarpetReduce::CoordBase_SetupMask: [global] [loop-local] Set up the outer boundaries of the weight function
            CarpetReduce::CarpetMaskSetup: [global] [loop-singlemap] Set up the weight function for the restriction regions
          GROUP SetupIMask: Set up the integer weight function (schedule other routines in here)
            CarpetMask::CarpetExcludedSetup: [global] [loop-local] Set up the weight function for the excluded regions
            CarpetMask::CarpetSurfaceSetup: [global] [loop-local] Set up the weight function for the excluded spherical surfaces
          CarpetReduce::MaskBase_SetMask: [global] [loop-local] Set the weight function
          GROUP SetupMask: Set up the real weight function (schedule other routines in here)
          CarpetReduce::MaskBase_TestMask: [global] Test the weight function
      Dissipation::setup_epsdis: Setup spatially varying dissipation
      GROUP MoL_PostStep: Ensure that everything is correct after regridding
        LeanBSSNMoL::LeanBSSN_remove_trA: Remove trace of A
        EMGEvolve::EMG_Boundaries: [level] MoL boundary enforcement for EMG variables
        GROUP EMG_ApplyBCs: Apply boundary conditions
          GROUP BoundaryConditions: Execute all boundary conditions
            Boundary::Boundary_ApplyPhysicalBCs: Apply all requested local physical boundary conditions
            CartGrid3D::CartGrid3D_ApplyBC: Apply symmetry boundary conditions
            ReflectionSymmetry::ReflectionSymmetry_Apply: Apply reflection symmetries
          Boundary::Boundary_ClearSelection: [level] Unselect all grid variables for boundary conditions
        LeanBSSNMoL::LeanBSSN_impose_conf_fac_floor: Make sure conformal factor does not drop below specified value
        LeanBSSNMoL::LeanBSSN_Boundaries: [level] MoL boundary enforcement
        GROUP LeanBSSN_ApplyBCs: Apply boundary conditions
          GROUP BoundaryConditions: Execute all boundary conditions
            Boundary::Boundary_ApplyPhysicalBCs: Apply all requested local physical boundary conditions
            CartGrid3D::CartGrid3D_ApplyBC: Apply symmetry boundary conditions
            ReflectionSymmetry::ReflectionSymmetry_Apply: Apply reflection symmetries
          Boundary::Boundary_ClearSelection: [level] Unselect all grid variables for boundary conditions
        LeanBSSNMoL::LeanBSSN_bssn2adm: [local] Convert variables back to the ADM ones
        GROUP ADMBase_SetADMVars: Set the ADM variables before this group, and use them afterwards
        GROUP SetTmunu: Group for calculating the stress-energy tensor
          TmunuBase::TmunuBase_ZeroTmunu: Initialise the stress-energy tensor to zero
          GROUP AddToTmunu: Add to the stress-energy tensor here
            EMGEvolve::EMG_AddToTmunu: Compute the energy-momentum tensor
      GROUP MoL_PseudoEvolutionBoundaries: Apply boundary conditions to pseudo-evolved quantities
      GROUP CalcNPScalars_BC: Boundary conditions
        NPScalars::NPboundaries: [level] Symmetry boundary conditions
        GROUP ApplyBCs_NP: Apply boundary conditions
          GROUP BoundaryConditions: Execute all boundary conditions
            Boundary::Boundary_ApplyPhysicalBCs: Apply all requested local physical boundary conditions
            CartGrid3D::CartGrid3D_ApplyBC: Apply symmetry boundary conditions
            ReflectionSymmetry::ReflectionSymmetry_Apply: Apply reflection symmetries
          Boundary::Boundary_ClearSelection: [level] Unselect all grid variables for boundary conditions
      GROUP CalcNPEMGScalars_BC: Boundary conditions
        NPScalars_EMG::NPEMG_Boundaries: [level] Symmetry boundary conditions
        GROUP ApplyBCs_NPEMG: Apply boundary conditions
          GROUP BoundaryConditions: Execute all boundary conditions
            Boundary::Boundary_ApplyPhysicalBCs: Apply all requested local physical boundary conditions
            CartGrid3D::CartGrid3D_ApplyBC: Apply symmetry boundary conditions
            ReflectionSymmetry::ReflectionSymmetry_Apply: Apply reflection symmetries
          Boundary::Boundary_ClearSelection: [level] Unselect all grid variables for boundary conditions
      SpaceMask::MaskOne: Set mask to one
      AHFinderDirect::AHFinderDirect_maybe_do_masks: set mask(s) based on apparent horizon position(s)
    Rotate timelevels
    iteration = iteration+1
    t = t+dt
    [CCTK_PRESTEP]
      CoordGauge::Einstein_SetNextSlicing: Identify the slicing for the next iteration
      LoopControl::LC_steer: [meta] Update LoopControl algorithm preferences
      NaNChecker::NaNChecker_ResetCounter: [global] Reset the NaNChecker::NaNsFound counter
    [CCTK_EVOL]
      MoL::MoL_StartLoop: [level] Initialise the step size control
      while (MoL::MoL_Stepsize_Bad)
        GROUP MoL_Evolution: A single Cactus evolution step using MoL
          GROUP MoL_StartStep: MoL internal setup for the evolution step
            MoL::MoL_SetCounter: [level] Set the counter for the ODE method to loop over
            MoL::MoL_SetTime: [level] Ensure the correct time and timestep are used
            MoL::MoL_AllocateScratchSpace: [level] Allocate storage for scratch levels
          GROUP MoL_PreStep: Physics thorns can schedule preloop setup routines in here
          MoL::MoL_AllocateScratch: Allocate sufficient space for array scratch variables
          MoL::MoL_InitialCopy: Ensure the data is in the correct timelevel
          while (MoL::MoL_Intermediate_Step)
            GROUP MoL_Step: The loop over the intermediate steps for the ODE integrator
              MoL::MoL_InitRHS: Initialise the RHS functions
              GROUP MoL_CalcRHS: Physics thorns schedule the calculation of the discrete spatial operator in here
                EMGEvolve::EMG_CalcRHS: MoL RHS calculation for EMG variables
                EMGEvolve::EMG_CalcRHS_Bdry: MoL boundary RHS calculation for EMG variables
                LeanBSSNMoL::LeanBSSN_CalcRHS: MoL RHS calculation
                LeanBSSNMoL::LeanBSSN_CalcRHS_Bdry: MoL boundary RHS calculation
              GROUP MoL_PostRHS: Modify RHS functions
                Dissipation::dissipation_add: Add Kreiss-Oliger dissipation to the right hand sides
              GROUP MoL_RHSBoundaries: Any 'final' modifications to the RHS functions (boundaries etc.)
              MoL::MoL_Add: Updates calculated with the efficient Runge-Kutta 4 method
              MoL::MoL_DecrementCounter: [level] Alter the counter number
              MoL::MoL_ResetTime: [level] If necessary, change the time
              GROUP MoL_PostStepModify: The group for physics thorns to schedule enforcing constraints
              GROUP MoL_PostStep: The group for physics thorns to schedule boundary calls etc.
                LeanBSSNMoL::LeanBSSN_remove_trA: Remove trace of A
                EMGEvolve::EMG_Boundaries: [level] MoL boundary enforcement for EMG variables
                GROUP EMG_ApplyBCs: Apply boundary conditions
                  GROUP BoundaryConditions: Execute all boundary conditions
                    Boundary::Boundary_ApplyPhysicalBCs: Apply all requested local physical boundary conditions
                    CartGrid3D::CartGrid3D_ApplyBC: Apply symmetry boundary conditions
                    ReflectionSymmetry::ReflectionSymmetry_Apply: Apply reflection symmetries
                  Boundary::Boundary_ClearSelection: [level] Unselect all grid variables for boundary conditions
                LeanBSSNMoL::LeanBSSN_impose_conf_fac_floor: Make sure conformal factor does not drop below specified value
                LeanBSSNMoL::LeanBSSN_Boundaries: [level] MoL boundary enforcement
                GROUP LeanBSSN_ApplyBCs: Apply boundary conditions
                  GROUP BoundaryConditions: Execute all boundary conditions
                    Boundary::Boundary_ApplyPhysicalBCs: Apply all requested local physical boundary conditions
                    CartGrid3D::CartGrid3D_ApplyBC: Apply symmetry boundary conditions
                    ReflectionSymmetry::ReflectionSymmetry_Apply: Apply reflection symmetries
                  Boundary::Boundary_ClearSelection: [level] Unselect all grid variables for boundary conditions
                LeanBSSNMoL::LeanBSSN_bssn2adm: [local] Convert variables back to the ADM ones
                GROUP ADMBase_SetADMVars: Set the ADM variables before this group, and use them afterwards
                GROUP SetTmunu: Group for calculating the stress-energy tensor
                  TmunuBase::TmunuBase_ZeroTmunu: Initialise the stress-energy tensor to zero
                  GROUP AddToTmunu: Add to the stress-energy tensor here
                    EMGEvolve::EMG_AddToTmunu: Compute the energy-momentum tensor
              MoL::MoL_ResetDeltaTime: [level] If necessary, change the timestep
          end while
          MoL::MoL_FinishLoop: [level] Control the step size
          MoL::MoL_RestoreSandR: Restoring the Save and Restore variables to the original state
          MoL::MoL_FreeScratchSpace: [level] Free storage for scratch levels
      end while
      GROUP MoL_PseudoEvolution: Calculate pseudo-evolved quantities
        GROUP ADMBase_SetADMVars: Set the ADM variables before this group, and use them afterwards
        GROUP CalcNPScalars: Calculate NPScalars
          NPScalars::NP_calcPsiGF: [local] calculate Psi4 as grid function
          GROUP CalcNPScalars_BC: Boundary conditions
            NPScalars::NPboundaries: [level] Symmetry boundary conditions
            GROUP ApplyBCs_NP: Apply boundary conditions
              GROUP BoundaryConditions: Execute all boundary conditions
                Boundary::Boundary_ApplyPhysicalBCs: Apply all requested local physical boundary conditions
                CartGrid3D::CartGrid3D_ApplyBC: Apply symmetry boundary conditions
                ReflectionSymmetry::ReflectionSymmetry_Apply: Apply reflection symmetries
              Boundary::Boundary_ClearSelection: [level] Unselect all grid variables for boundary conditions
      PunctureTracker::PunctureTracker_Track: [global] Calculate new location of punctures
    Evolve finer grids recursively
    Restrict from finer grids
    [CCTK_POSTRESTRICT]
      GROUP MoL_PostStep: Ensure that everything is correct after restriction
        LeanBSSNMoL::LeanBSSN_remove_trA: Remove trace of A
        EMGEvolve::EMG_Boundaries: [level] MoL boundary enforcement for EMG variables
        GROUP EMG_ApplyBCs: Apply boundary conditions
          GROUP BoundaryConditions: Execute all boundary conditions
            Boundary::Boundary_ApplyPhysicalBCs: Apply all requested local physical boundary conditions
            CartGrid3D::CartGrid3D_ApplyBC: Apply symmetry boundary conditions
            ReflectionSymmetry::ReflectionSymmetry_Apply: Apply reflection symmetries
          Boundary::Boundary_ClearSelection: [level] Unselect all grid variables for boundary conditions
        LeanBSSNMoL::LeanBSSN_impose_conf_fac_floor: Make sure conformal factor does not drop below specified value
        LeanBSSNMoL::LeanBSSN_Boundaries: [level] MoL boundary enforcement
        GROUP LeanBSSN_ApplyBCs: Apply boundary conditions
          GROUP BoundaryConditions: Execute all boundary conditions
            Boundary::Boundary_ApplyPhysicalBCs: Apply all requested local physical boundary conditions
            CartGrid3D::CartGrid3D_ApplyBC: Apply symmetry boundary conditions
            ReflectionSymmetry::ReflectionSymmetry_Apply: Apply reflection symmetries
          Boundary::Boundary_ClearSelection: [level] Unselect all grid variables for boundary conditions
        LeanBSSNMoL::LeanBSSN_bssn2adm: [local] Convert variables back to the ADM ones
        GROUP ADMBase_SetADMVars: Set the ADM variables before this group, and use them afterwards
        GROUP SetTmunu: Group for calculating the stress-energy tensor
          TmunuBase::TmunuBase_ZeroTmunu: Initialise the stress-energy tensor to zero
          GROUP AddToTmunu: Add to the stress-energy tensor here
            EMGEvolve::EMG_AddToTmunu: Compute the energy-momentum tensor
      GROUP MoL_PseudoEvolutionBoundaries: Apply boundary conditions to pseudo-evolved quantities
      GROUP CalcNPScalars_BC: Boundary conditions
        NPScalars::NPboundaries: [level] Symmetry boundary conditions
        GROUP ApplyBCs_NP: Apply boundary conditions
          GROUP BoundaryConditions: Execute all boundary conditions
            Boundary::Boundary_ApplyPhysicalBCs: Apply all requested local physical boundary conditions
            CartGrid3D::CartGrid3D_ApplyBC: Apply symmetry boundary conditions
            ReflectionSymmetry::ReflectionSymmetry_Apply: Apply reflection symmetries
          Boundary::Boundary_ClearSelection: [level] Unselect all grid variables for boundary conditions
      GROUP CalcNPEMGScalars_BC: Boundary conditions
        NPScalars_EMG::NPEMG_Boundaries: [level] Symmetry boundary conditions
        GROUP ApplyBCs_NPEMG: Apply boundary conditions
          GROUP BoundaryConditions: Execute all boundary conditions
            Boundary::Boundary_ApplyPhysicalBCs: Apply all requested local physical boundary conditions
            CartGrid3D::CartGrid3D_ApplyBC: Apply symmetry boundary conditions
            ReflectionSymmetry::ReflectionSymmetry_Apply: Apply reflection symmetries
          Boundary::Boundary_ClearSelection: [level] Unselect all grid variables for boundary conditions
    [CCTK_POSTSTEP]
      AHFinderDirect::AHFinderDirect_import_mask: [global] [loop-local] import the excision mask
      AHFinderDirect::AHFinderDirect_find_horizons: [global] find apparent horizon(s) after this time step
      AHFinderDirect::AHFinderDirect_store: [global] store apparent horizon(s) into spherical surface(s)
      AHFinderDirect::AHFinderDirect_save: [global] save apparent horizon(s) into Cactus variables
      AHFinderDirect::AHFinderDirect_maybe_do_masks: set mask(s) based on apparent horizon position(s)
      SphericalSurface::SphericalSurface_Set: [global] Set surface radii
      GROUP SphericalSurface_HasBeenSet: Set the spherical surfaces before this group, and use it afterwards
        SphericalSurface::SphericalSurface_CheckState: [global] Test the state of the spherical surfaces
      GROUP zzz_NaNChecker_NaNCheck: Check for NaNs and count them in NaNChecker::NaNsFound
        NaNChecker::NaNChecker_NaNCheck_Prepare: [level] Prepare data structures to check for NaNs
        NaNChecker::NaNChecker_NaNCheck_Check: [local] Check for NaNs
        NaNChecker::NaNChecker_NaNCheck_Finish: [level] Count NaNs in NaNChecker::NaNsFound
      NaNChecker::NaNChecker_TakeAction: [global] [loop-level] Output NaNChecker::NaNmask and take action according to NaNChecker::action_if_found
      PunctureTracker::PunctureTracker_SetPositions: [global] Copy puncture positions to spherical surfaces
      SpaceMask::CheckMask: Ensure that all mask values are legal
      Dissipation::setup_epsdis: Setup spatially varying dissipation
      GROUP MaskBase_SetupMask: Set up the weight function
        GROUP MaskBase_SetupMaskAll: Set up the weight function
          CarpetReduce::MaskBase_AllocateMask: [global] Allocate the weight function
          CarpetReduce::MaskBase_InitMask: [global] [loop-local] Initialise the weight function
          GROUP SetupIMaskInternal: Set up the integer weight function (schedule other routines in here)
            CarpetReduce::CoordBase_SetupMask: [global] [loop-local] Set up the outer boundaries of the weight function
            CarpetReduce::CarpetMaskSetup: [global] [loop-singlemap] Set up the weight function for the restriction regions
          GROUP SetupIMask: Set up the integer weight function (schedule other routines in here)
            CarpetMask::CarpetExcludedSetup: [global] [loop-local] Set up the weight function for the excluded regions
            CarpetMask::CarpetSurfaceSetup: [global] [loop-local] Set up the weight function for the excluded spherical surfaces
          CarpetReduce::MaskBase_SetMask: [global] [loop-local] Set the weight function
          GROUP SetupMask: Set up the real weight function (schedule other routines in here)
          CarpetReduce::MaskBase_TestMask: [global] Test the weight function
    if (checkpoint)
      [CCTK_CHECKPOINT]
      CarpetIOHDF5::CarpetIOHDF5_EvolutionCheckpoint: [meta] Evolution checkpoint routine
      TimerReport::zzz_TimerReport_Checkpoint: [global] Print the timer report
    endif
    if (analysis)
      [CCTK_ANALYSIS]
      CarpetLib::CarpetLib_printtimestats: [global] Print timing statistics if desired
      CarpetLib::CarpetLib_printmemstats: [global] Print memory statistics if desired
      GROUP EMG_constraints: Group to compute constraints
        EMGEvolve::EMG_constraints: Compute constraints
        EMGEvolve::EMG_constraints_boundaries: [level] Enforce symmetry BCs in constraint computation
        GROUP EMG_constraints_ApplyBCs: Apply boundary conditions
          GROUP BoundaryConditions: Execute all boundary conditions
            Boundary::Boundary_ApplyPhysicalBCs: Apply all requested local physical boundary conditions
            CartGrid3D::CartGrid3D_ApplyBC: Apply symmetry boundary conditions
            ReflectionSymmetry::ReflectionSymmetry_Apply: Apply reflection symmetries
          Boundary::Boundary_ClearSelection: [level] Unselect all grid variables for boundary conditions
      GROUP LeanBSSN_constraints: Compute constraints
        LeanBSSNMoL::LeanBSSN_bssn_constraints: Compute constraints
        LeanBSSNMoL::LeanBSSN_Constraints_Boundaries: [level] Enforce symmetry BCs in constraint computation
        GROUP LeanBSSN_Constraints_ApplyBCs: Apply boundary conditions
          GROUP BoundaryConditions: Execute all boundary conditions
            Boundary::Boundary_ApplyPhysicalBCs: Apply all requested local physical boundary conditions
            CartGrid3D::CartGrid3D_ApplyBC: Apply symmetry boundary conditions
            ReflectionSymmetry::ReflectionSymmetry_Apply: Apply reflection symmetries
          Boundary::Boundary_ClearSelection: [level] Unselect all grid variables for boundary conditions
      LoopControl::LC_statistics_analysis: [meta] Output LoopControl statistics
      Multipole::Multipole_Calc: [global] Calculate Multipoles
      GROUP CalcNPEMGScalars: Calculate NPScalars
        NPScalars_EMG::NPEMG_calcPsiGF: [local] calculate grid functions
        GROUP CalcNPEMGScalars_BC: Boundary conditions
          NPScalars_EMG::NPEMG_Boundaries: [level] Symmetry boundary conditions
          GROUP ApplyBCs_NPEMG: Apply boundary conditions
            GROUP BoundaryConditions: Execute all boundary conditions
              Boundary::Boundary_ApplyPhysicalBCs: Apply all requested local physical boundary conditions
              CartGrid3D::CartGrid3D_ApplyBC: Apply symmetry boundary conditions
              ReflectionSymmetry::ReflectionSymmetry_Apply: Apply reflection symmetries
            Boundary::Boundary_ClearSelection: [level] Unselect all grid variables for boundary conditions
      QuasiLocalMeasures::qlm_calculate: [global] Calculate quasi-local quantities
      SystemStatistics::SystemStatistics_Collect: [global] Collect system statistics
      TerminationTrigger::TerminationTrigger_CheckWalltime: Check elapsed job walltime
      TerminationTrigger::TerminationTrigger_CheckSignal: Check if we received a termination signal
      TerminationTrigger::TerminationTrigger_CheckFile: Check termination file
      TimerReport::zzz_TimerReport_Output: [global] Print the timer report
    endif
    Output grid variables
    enddo

  Termination routines
    [CCTK_TERMINATE]
      CarpetIOHDF5::CarpetIOHDF5_TerminationCheckpoint: [meta] Termination checkpoint routine
      LoopControl::LC_statistics_terminate: [meta] Output LoopControl statistics
      MoL::MoL_FreeIndexArrays: Free the MoL bookkeeping index arrays
      TimerReport::zzz_TimerReport_Output: [global] Print the timer report

  Shutdown routines
    [CCTK_SHUTDOWN]
      Timers::Timer_Shutdown: Prepare hierarchical timers

  Routines run after changing the grid hierarchy:
    [CCTK_POSTREGRID]
      SpaceMask::MaskZero: Initialise mask to zero
      CartGrid3D::SpatialCoordinates: Set Coordinates after regridding
      GROUP MaskBase_SetupMask: Set up the weight function
        GROUP MaskBase_SetupMaskAll: Set up the weight function
          CarpetReduce::MaskBase_AllocateMask: [global] Allocate the weight function
          CarpetReduce::MaskBase_InitMask: [global] [loop-local] Initialise the weight function
          GROUP SetupIMaskInternal: Set up the integer weight function (schedule other routines in here)
            CarpetReduce::CoordBase_SetupMask: [global] [loop-local] Set up the outer boundaries of the weight function
            CarpetReduce::CarpetMaskSetup: [global] [loop-singlemap] Set up the weight function for the restriction regions
          GROUP SetupIMask: Set up the integer weight function (schedule other routines in here)
            CarpetMask::CarpetExcludedSetup: [global] [loop-local] Set up the weight function for the excluded regions
            CarpetMask::CarpetSurfaceSetup: [global] [loop-local] Set up the weight function for the excluded spherical surfaces
          CarpetReduce::MaskBase_SetMask: [global] [loop-local] Set the weight function
          GROUP SetupMask: Set up the real weight function (schedule other routines in here)
          CarpetReduce::MaskBase_TestMask: [global] Test the weight function
      Dissipation::setup_epsdis: Setup spatially varying dissipation
      GROUP MoL_PostStep: Ensure that everything is correct after regridding
        LeanBSSNMoL::LeanBSSN_remove_trA: Remove trace of A
        EMGEvolve::EMG_Boundaries: [level] MoL boundary enforcement for EMG variables
        GROUP EMG_ApplyBCs: Apply boundary conditions
          GROUP BoundaryConditions: Execute all boundary conditions
            Boundary::Boundary_ApplyPhysicalBCs: Apply all requested local physical boundary conditions
            CartGrid3D::CartGrid3D_ApplyBC: Apply symmetry boundary conditions
            ReflectionSymmetry::ReflectionSymmetry_Apply: Apply reflection symmetries
          Boundary::Boundary_ClearSelection: [level] Unselect all grid variables for boundary conditions
        LeanBSSNMoL::LeanBSSN_impose_conf_fac_floor: Make sure conformal factor does not drop below specified value
        LeanBSSNMoL::LeanBSSN_Boundaries: [level] MoL boundary enforcement
        GROUP LeanBSSN_ApplyBCs: Apply boundary conditions
          GROUP BoundaryConditions: Execute all boundary conditions
            Boundary::Boundary_ApplyPhysicalBCs: Apply all requested local physical boundary conditions
            CartGrid3D::CartGrid3D_ApplyBC: Apply symmetry boundary conditions
            ReflectionSymmetry::ReflectionSymmetry_Apply: Apply reflection symmetries
          Boundary::Boundary_ClearSelection: [level] Unselect all grid variables for boundary conditions
        LeanBSSNMoL::LeanBSSN_bssn2adm: [local] Convert variables back to the ADM ones
        GROUP ADMBase_SetADMVars: Set the ADM variables before this group, and use them afterwards
        GROUP SetTmunu: Group for calculating the stress-energy tensor
          TmunuBase::TmunuBase_ZeroTmunu: Initialise the stress-energy tensor to zero
          GROUP AddToTmunu: Add to the stress-energy tensor here
            EMGEvolve::EMG_AddToTmunu: Compute the energy-momentum tensor
      GROUP MoL_PseudoEvolutionBoundaries: Apply boundary conditions to pseudo-evolved quantities
      GROUP CalcNPScalars_BC: Boundary conditions
        NPScalars::NPboundaries: [level] Symmetry boundary conditions
        GROUP ApplyBCs_NP: Apply boundary conditions
          GROUP BoundaryConditions: Execute all boundary conditions
            Boundary::Boundary_ApplyPhysicalBCs: Apply all requested local physical boundary conditions
            CartGrid3D::CartGrid3D_ApplyBC: Apply symmetry boundary conditions
            ReflectionSymmetry::ReflectionSymmetry_Apply: Apply reflection symmetries
          Boundary::Boundary_ClearSelection: [level] Unselect all grid variables for boundary conditions
      GROUP CalcNPEMGScalars_BC: Boundary conditions
        NPScalars_EMG::NPEMG_Boundaries: [level] Symmetry boundary conditions
        GROUP ApplyBCs_NPEMG: Apply boundary conditions
          GROUP BoundaryConditions: Execute all boundary conditions
            Boundary::Boundary_ApplyPhysicalBCs: Apply all requested local physical boundary conditions
            CartGrid3D::CartGrid3D_ApplyBC: Apply symmetry boundary conditions
            ReflectionSymmetry::ReflectionSymmetry_Apply: Apply reflection symmetries
          Boundary::Boundary_ClearSelection: [level] Unselect all grid variables for boundary conditions
      SpaceMask::MaskOne: Set mask to one
      AHFinderDirect::AHFinderDirect_maybe_do_masks: set mask(s) based on apparent horizon position(s)
--------------------------------------------------------------------------------
INFO (Carpet): Multi-Model listing:
   model 0: "world"
INFO (Carpet): Multi-Model process distribution:
   processes 0-111: model 0 "world"
INFO (Carpet): Multi-Model: This is process 0, model 0 "world"
INFO (CarpetLib): Process startup time was 19.1 seconds
Current core file size limit: hard=[unlimited], soft=0 MB
Current addres space size limit: hard=[unlimited], soft=[unlimited]
Current data segment size limit: hard=[unlimited], soft=[unlimited]
Current resident set size limit: hard=224000 MB, soft=224000 MB
INFO (CycleClock): Measuring CycleClock tick via OpenMP...
INFO (CycleClock): Calibrated CycleClock: 0.499943 ns per clock tick (2.00023 GHz)
INFO (Vectors): Using vector size 1 for architecture scalar (no vectorisation, 64-bit precision)
INFO (hwloc): library version 2.10.0rc3-git, API version 0x20800
--------------------------------------------------------------------------------
AMR driver provided by Carpet
--------------------------------------------------------------------------------
AMR scalar I/O provided by CarpetIOScalar
--------------------------------------------------------------------------------
AMR 0D ASCII I/O provided by CarpetIOASCII
--------------------------------------------------------------------------------
AMR 1D ASCII I/O provided by CarpetIOASCII
--------------------------------------------------------------------------------
AMR 2D ASCII I/O provided by CarpetIOASCII
--------------------------------------------------------------------------------
AMR 3D ASCII I/O provided by CarpetIOASCII
--------------------------------------------------------------------------------
AMR info I/O provided by CarpetIOBasic
--------------------------------------------------------------------------------
MoL: Generalized time integration.
--------------------------------------------------------------------------------
AMR HDF5 I/O provided by CarpetIOHDF5
--------------------------------------------------------------------------------
AMR 0D HDF5 I/O provided by CarpetIOHDF5
--------------------------------------------------------------------------------
AMR 1D HDF5 I/O provided by CarpetIOHDF5
--------------------------------------------------------------------------------
AMR 2D HDF5 I/O provided by CarpetIOHDF5
--------------------------------------------------------------------------------
AMR 3D HDF5 I/O provided by CarpetIOHDF5
--------------------------------------------------------------------------------

INFO (Carpet): MPI is enabled
INFO (Carpet): Carpet is running on 112 processes
INFO (Carpet): This is process 0
INFO (Carpet): OpenMP is enabled
INFO (Carpet): This process contains 1 threads, this is thread 0
INFO (Carpet): There are 112 threads in total
INFO (Carpet): There are 1 threads per process
INFO (Carpet): This process runs on host gs07r1b40, pid=3772693
INFO (Carpet): This process runs on 224 cores: 0-223
INFO (Carpet): Thread 0 runs on 224 cores: 0-223
INFO (Carpet): This simulation is running in 3 dimensions
INFO (Carpet): Boundary specification for map 0:
   nboundaryzones: [[3,3,3],[3,3,3]]
   is_internal   : [[0,0,0],[0,0,0]]
   is_staggered  : [[0,0,0],[0,0,0]]
   shiftout      : [[0,0,0],[0,0,0]]
INFO (Carpet): CoordBase domain specification for map 0:
   physical extent: [-512,-512,-512] : [512,512,512]   ([1024,1024,1024])
   interior extent: [-508,-508,-508] : [508,508,508]   ([1016,1016,1016])
   exterior extent: [-520,-520,-520] : [520,520,520]   ([1040,1040,1040])
   base_spacing   : [4,4,4]
INFO (Carpet): Adapted domain specification for map 0:
   convergence factor: 2
   convergence level : 0
   physical extent   : [-512,-512,-512] : [512,512,512]   ([1024,1024,1024])
   interior extent   : [-508,-508,-508] : [508,508,508]   ([1016,1016,1016])
   exterior extent   : [-520,-520,-520] : [520,520,520]   ([1040,1040,1040])
   spacing           : [4,4,4]
INFO (Carpet): Base grid specification for map 0:
   number of grid points             : [261,261,261]
   number of coarse grid ghost points: [[3,3,3],[3,3,3]]
INFO (Carpet): Buffer zone counts (excluding ghosts):
   [0]: [[0,0,0],[0,0,0]]
   [1]: [[9,9,9],[9,9,9]]
   [2]: [[9,9,9],[9,9,9]]
   [3]: [[9,9,9],[9,9,9]]
   [4]: [[9,9,9],[9,9,9]]
   [5]: [[9,9,9],[9,9,9]]
   [6]: [[9,9,9],[9,9,9]]
   [7]: [[9,9,9],[9,9,9]]
   [8]: [[9,9,9],[9,9,9]]
INFO (Carpet): Overlap zone counts:
   [0]: [[0,0,0],[0,0,0]]
   [1]: [[0,0,0],[0,0,0]]
   [2]: [[0,0,0],[0,0,0]]
   [3]: [[0,0,0],[0,0,0]]
   [4]: [[0,0,0],[0,0,0]]
   [5]: [[0,0,0],[0,0,0]]
   [6]: [[0,0,0],[0,0,0]]
   [7]: [[0,0,0],[0,0,0]]
   [8]: [[0,0,0],[0,0,0]]
INFO (Carpet): Group and variable statistics:
INFO (Carpet):    There are 716 grid functions in 69 groups
INFO (Carpet):    There are 1158 grid scalars in 73 groups
INFO (Carpet):    There are 111 1-dimensional grid arrays in 10 groups
INFO (Carpet):    There are 416 2-dimensional grid arrays in 18 groups
INFO (Carpet):    There are 6 3-dimensional grid arrays in 1 groups
INFO (Carpet):    (The number of variables counts all time levels)
INFO (CarpetIOScalar): Periodic scalar output requested for:
   EMGEVOLVE::Ec
   EMGEVOLVE::Bc
   LEANBSSNMOL::hc
   LEANBSSNMOL::mcx
   LEANBSSNMOL::mcy
   LEANBSSNMOL::mcz
INFO (CarpetIOASCII): I/O Method 'IOASCII_0D' registered: 0D AMR output of grid variables to ASCII files
INFO (CarpetIOASCII): Periodic 0D AMR output requested for:
   CARPET::physical_time_per_hour
   CARPET::current_physical_time_per_hour
   CARPET::time_total
   CARPET::time_evolution
   CARPET::time_computing
   CARPET::time_communicating
   CARPET::time_io
   CARPET::evolution_steps_count
   CARPET::local_grid_points_per_second
   CARPET::total_grid_points_per_second
   CARPET::local_grid_point_updates_count
   CARPET::total_grid_point_updates_count
   CARPET::local_interior_points_per_second
   CARPET::total_interior_points_per_second
   CARPET::local_interior_point_updates_count
   CARPET::total_interior_point_updates_count
   CARPET::io_per_second
   CARPET::io_bytes_per_second
   CARPET::io_bytes_ascii_per_second
   CARPET::io_bytes_binary_per_second
   CARPET::io_count
   CARPET::io_bytes_count
   CARPET::io_bytes_ascii_count
   CARPET::io_bytes_binary_count
   CARPET::comm_per_second
   CARPET::comm_bytes_per_second
   CARPET::comm_count
   CARPET::comm_bytes_count
   CARPET::time_levels
   CARPET::current_walltime
   CARPET::syncs_count
   PUNCTURETRACKER::pt_loc_t[0]
   PUNCTURETRACKER::pt_loc_t[1]
   PUNCTURETRACKER::pt_loc_t[2]
   PUNCTURETRACKER::pt_loc_t[3]
   PUNCTURETRACKER::pt_loc_t[4]
   PUNCTURETRACKER::pt_loc_t[5]
   PUNCTURETRACKER::pt_loc_t[6]
   PUNCTURETRACKER::pt_loc_t[7]
   PUNCTURETRACKER::pt_loc_t[8]
   PUNCTURETRACKER::pt_loc_t[9]
   PUNCTURETRACKER::pt_loc_x[0]
   PUNCTURETRACKER::pt_loc_x[1]
   PUNCTURETRACKER::pt_loc_x[2]
   PUNCTURETRACKER::pt_loc_x[3]
   PUNCTURETRACKER::pt_loc_x[4]
   PUNCTURETRACKER::pt_loc_x[5]
   PUNCTURETRACKER::pt_loc_x[6]
   PUNCTURETRACKER::pt_loc_x[7]
   PUNCTURETRACKER::pt_loc_x[8]
   PUNCTURETRACKER::pt_loc_x[9]
   PUNCTURETRACKER::pt_loc_y[0]
   PUNCTURETRACKER::pt_loc_y[1]
   PUNCTURETRACKER::pt_loc_y[2]
   PUNCTURETRACKER::pt_loc_y[3]
   PUNCTURETRACKER::pt_loc_y[4]
   PUNCTURETRACKER::pt_loc_y[5]
   PUNCTURETRACKER::pt_loc_y[6]
   PUNCTURETRACKER::pt_loc_y[7]
   PUNCTURETRACKER::pt_loc_y[8]
   PUNCTURETRACKER::pt_loc_y[9]
   PUNCTURETRACKER::pt_loc_z[0]
   PUNCTURETRACKER::pt_loc_z[1]
   PUNCTURETRACKER::pt_loc_z[2]
   PUNCTURETRACKER::pt_loc_z[3]
   PUNCTURETRACKER::pt_loc_z[4]
   PUNCTURETRACKER::pt_loc_z[5]
   PUNCTURETRACKER::pt_loc_z[6]
   PUNCTURETRACKER::pt_loc_z[7]
   PUNCTURETRACKER::pt_loc_z[8]
   PUNCTURETRACKER::pt_loc_z[9]
   QUASILOCALMEASURES::qlm_time[0]
   QUASILOCALMEASURES::qlm_time[1]
   QUASILOCALMEASURES::qlm_time[2]
   QUASILOCALMEASURES::qlm_time[3]
   QUASILOCALMEASURES::qlm_time[4]
   QUASILOCALMEASURES::qlm_time[5]
   QUASILOCALMEASURES::qlm_equatorial_circumference[0]
   QUASILOCALMEASURES::qlm_equatorial_circumference[1]
   QUASILOCALMEASURES::qlm_equatorial_circumference[2]
   QUASILOCALMEASURES::qlm_equatorial_circumference[3]
   QUASILOCALMEASURES::qlm_equatorial_circumference[4]
   QUASILOCALMEASURES::qlm_equatorial_circumference[5]
   QUASILOCALMEASURES::qlm_polar_circumference_0[0]
   QUASILOCALMEASURES::qlm_polar_circumference_0[1]
   QUASILOCALMEASURES::qlm_polar_circumference_0[2]
   QUASILOCALMEASURES::qlm_polar_circumference_0[3]
   QUASILOCALMEASURES::qlm_polar_circumference_0[4]
   QUASILOCALMEASURES::qlm_polar_circumference_0[5]
   QUASILOCALMEASURES::qlm_polar_circumference_pi_2[0]
   QUASILOCALMEASURES::qlm_polar_circumference_pi_2[1]
   QUASILOCALMEASURES::qlm_polar_circumference_pi_2[2]
   QUASILOCALMEASURES::qlm_polar_circumference_pi_2[3]
   QUASILOCALMEASURES::qlm_polar_circumference_pi_2[4]
   QUASILOCALMEASURES::qlm_polar_circumference_pi_2[5]
   QUASILOCALMEASURES::qlm_area[0]
   QUASILOCALMEASURES::qlm_area[1]
   QUASILOCALMEASURES::qlm_area[2]
   QUASILOCALMEASURES::qlm_area[3]
   QUASILOCALMEASURES::qlm_area[4]
   QUASILOCALMEASURES::qlm_area[5]
   QUASILOCALMEASURES::qlm_irreducible_mass[0]
   QUASILOCALMEASURES::qlm_irreducible_mass[1]
   QUASILOCALMEASURES::qlm_irreducible_mass[2]
   QUASILOCALMEASURES::qlm_irreducible_mass[3]
   QUASILOCALMEASURES::qlm_irreducible_mass[4]
   QUASILOCALMEASURES::qlm_irreducible_mass[5]
   QUASILOCALMEASURES::qlm_radius[0]
   QUASILOCALMEASURES::qlm_radius[1]
   QUASILOCALMEASURES::qlm_radius[2]
   QUASILOCALMEASURES::qlm_radius[3]
   QUASILOCALMEASURES::qlm_radius[4]
   QUASILOCALMEASURES::qlm_radius[5]
   QUASILOCALMEASURES::qlm_spin_guess[0]
   QUASILOCALMEASURES::qlm_spin_guess[1]
   QUASILOCALMEASURES::qlm_spin_guess[2]
   QUASILOCALMEASURES::qlm_spin_guess[3]
   QUASILOCALMEASURES::qlm_spin_guess[4]
   QUASILOCALMEASURES::qlm_spin_guess[5]
   QUASILOCALMEASURES::qlm_mass_guess[0]
   QUASILOCALMEASURES::qlm_mass_guess[1]
   QUASILOCALMEASURES::qlm_mass_guess[2]
   QUASILOCALMEASURES::qlm_mass_guess[3]
   QUASILOCALMEASURES::qlm_mass_guess[4]
   QUASILOCALMEASURES::qlm_mass_guess[5]
   QUASILOCALMEASURES::qlm_killing_eigenvalue_re[0]
   QUASILOCALMEASURES::qlm_killing_eigenvalue_re[1]
   QUASILOCALMEASURES::qlm_killing_eigenvalue_re[2]
   QUASILOCALMEASURES::qlm_killing_eigenvalue_re[3]
   QUASILOCALMEASURES::qlm_killing_eigenvalue_re[4]
   QUASILOCALMEASURES::qlm_killing_eigenvalue_re[5]
   QUASILOCALMEASURES::qlm_killing_eigenvalue_im[0]
   QUASILOCALMEASURES::qlm_killing_eigenvalue_im[1]
   QUASILOCALMEASURES::qlm_killing_eigenvalue_im[2]
   QUASILOCALMEASURES::qlm_killing_eigenvalue_im[3]
   QUASILOCALMEASURES::qlm_killing_eigenvalue_im[4]
   QUASILOCALMEASURES::qlm_killing_eigenvalue_im[5]
   QUASILOCALMEASURES::qlm_spin[0]
   QUASILOCALMEASURES::qlm_spin[1]
   QUASILOCALMEASURES::qlm_spin[2]
   QUASILOCALMEASURES::qlm_spin[3]
   QUASILOCALMEASURES::qlm_spin[4]
   QUASILOCALMEASURES::qlm_spin[5]
   QUASILOCALMEASURES::qlm_npspin[0]
   QUASILOCALMEASURES::qlm_npspin[1]
   QUASILOCALMEASURES::qlm_npspin[2]
   QUASILOCALMEASURES::qlm_npspin[3]
   QUASILOCALMEASURES::qlm_npspin[4]
   QUASILOCALMEASURES::qlm_npspin[5]
   QUASILOCALMEASURES::qlm_wsspin[0]
   QUASILOCALMEASURES::qlm_wsspin[1]
   QUASILOCALMEASURES::qlm_wsspin[2]
   QUASILOCALMEASURES::qlm_wsspin[3]
   QUASILOCALMEASURES::qlm_wsspin[4]
   QUASILOCALMEASURES::qlm_wsspin[5]
   QUASILOCALMEASURES::qlm_cvspin[0]
   QUASILOCALMEASURES::qlm_cvspin[1]
   QUASILOCALMEASURES::qlm_cvspin[2]
   QUASILOCALMEASURES::qlm_cvspin[3]
   QUASILOCALMEASURES::qlm_cvspin[4]
   QUASILOCALMEASURES::qlm_cvspin[5]
   QUASILOCALMEASURES::qlm_coordspinx[0]
   QUASILOCALMEASURES::qlm_coordspinx[1]
   QUASILOCALMEASURES::qlm_coordspinx[2]
   QUASILOCALMEASURES::qlm_coordspinx[3]
   QUASILOCALMEASURES::qlm_coordspinx[4]
   QUASILOCALMEASURES::qlm_coordspinx[5]
   QUASILOCALMEASURES::qlm_coordspiny[0]
   QUASILOCALMEASURES::qlm_coordspiny[1]
   QUASILOCALMEASURES::qlm_coordspiny[2]
   QUASILOCALMEASURES::qlm_coordspiny[3]
   QUASILOCALMEASURES::qlm_coordspiny[4]
   QUASILOCALMEASURES::qlm_coordspiny[5]
   QUASILOCALMEASURES::qlm_coordspinz[0]
   QUASILOCALMEASURES::qlm_coordspinz[1]
   QUASILOCALMEASURES::qlm_coordspinz[2]
   QUASILOCALMEASURES::qlm_coordspinz[3]
   QUASILOCALMEASURES::qlm_coordspinz[4]
   QUASILOCALMEASURES::qlm_coordspinz[5]
   QUASILOCALMEASURES::qlm_mass[0]
   QUASILOCALMEASURES::qlm_mass[1]
   QUASILOCALMEASURES::qlm_mass[2]
   QUASILOCALMEASURES::qlm_mass[3]
   QUASILOCALMEASURES::qlm_mass[4]
   QUASILOCALMEASURES::qlm_mass[5]
   QUASILOCALMEASURES::qlm_adm_energy[0]
   QUASILOCALMEASURES::qlm_adm_energy[1]
   QUASILOCALMEASURES::qlm_adm_energy[2]
   QUASILOCALMEASURES::qlm_adm_energy[3]
   QUASILOCALMEASURES::qlm_adm_energy[4]
   QUASILOCALMEASURES::qlm_adm_energy[5]
WARNING[L1,P0] (Cactus): Attempt to create a directory with an empty or NULL string
   QUASILOCALMEASURES::qlm_adm_momentum_x[0]
   QUASILOCALMEASURES::qlm_adm_momentum_x[1]
   QUASILOCALMEASURES::qlm_adm_momentum_x[2]
   QUASILOCALMEASURES::qlm_adm_momentum_x[3]
   QUASILOCALMEASURES::qlm_adm_momentum_x[4]
   QUASILOCALMEASURES::qlm_adm_momentum_x[5]
   QUASILOCALMEASURES::qlm_adm_momentum_y[0]
   QUASILOCALMEASURES::qlm_adm_momentum_y[1]
   QUASILOCALMEASURES::qlm_adm_momentum_y[2]
   QUASILOCALMEASURES::qlm_adm_momentum_y[3]
   QUASILOCALMEASURES::qlm_adm_momentum_y[4]
   QUASILOCALMEASURES::qlm_adm_momentum_y[5]
   QUASILOCALMEASURES::qlm_adm_momentum_z[0]
   QUASILOCALMEASURES::qlm_adm_momentum_z[1]
   QUASILOCALMEASURES::qlm_adm_momentum_z[2]
   QUASILOCALMEASURES::qlm_adm_momentum_z[3]
   QUASILOCALMEASURES::qlm_adm_momentum_z[4]
   QUASILOCALMEASURES::qlm_adm_momentum_z[5]
   QUASILOCALMEASURES::qlm_adm_angular_momentum_x[0]
   QUASILOCALMEASURES::qlm_adm_angular_momentum_x[1]
   QUASILOCALMEASURES::qlm_adm_angular_momentum_x[2]
   QUASILOCALMEASURES::qlm_adm_angular_momentum_x[3]
   QUASILOCALMEASURES::qlm_adm_angular_momentum_x[4]
   QUASILOCALMEASURES::qlm_adm_angular_momentum_x[5]
   QUASILOCALMEASURES::qlm_adm_angular_momentum_y[0]
   QUASILOCALMEASURES::qlm_adm_angular_momentum_y[1]
   QUASILOCALMEASURES::qlm_adm_angular_momentum_y[2]
   QUASILOCALMEASURES::qlm_adm_angular_momentum_y[3]
   QUASILOCALMEASURES::qlm_adm_angular_momentum_y[4]
   QUASILOCALMEASURES::qlm_adm_angular_momentum_y[5]
   QUASILOCALMEASURES::qlm_adm_angular_momentum_z[0]
   QUASILOCALMEASURES::qlm_adm_angular_momentum_z[1]
   QUASILOCALMEASURES::qlm_adm_angular_momentum_z[2]
   QUASILOCALMEASURES::qlm_adm_angular_momentum_z[3]
   QUASILOCALMEASURES::qlm_adm_angular_momentum_z[4]
   QUASILOCALMEASURES::qlm_adm_angular_momentum_z[5]
   QUASILOCALMEASURES::qlm_w_energy[0]
   QUASILOCALMEASURES::qlm_w_energy[1]
   QUASILOCALMEASURES::qlm_w_energy[2]
   QUASILOCALMEASURES::qlm_w_energy[3]
   QUASILOCALMEASURES::qlm_w_energy[4]
   QUASILOCALMEASURES::qlm_w_energy[5]
   QUASILOCALMEASURES::qlm_w_momentum_x[0]
   QUASILOCALMEASURES::qlm_w_momentum_x[1]
   QUASILOCALMEASURES::qlm_w_momentum_x[2]
   QUASILOCALMEASURES::qlm_w_momentum_x[3]
   QUASILOCALMEASURES::qlm_w_momentum_x[4]
   QUASILOCALMEASURES::qlm_w_momentum_x[5]
   QUASILOCALMEASURES::qlm_w_momentum_y[0]
   QUASILOCALMEASURES::qlm_w_momentum_y[1]
   QUASILOCALMEASURES::qlm_w_momentum_y[2]
   QUASILOCALMEASURES::qlm_w_momentum_y[3]
   QUASILOCALMEASURES::qlm_w_momentum_y[4]
   QUASILOCALMEASURES::qlm_w_momentum_y[5]
   QUASILOCALMEASURES::qlm_w_momentum_z[0]
   QUASILOCALMEASURES::qlm_w_momentum_z[1]
   QUASILOCALMEASURES::qlm_w_momentum_z[2]
   QUASILOCALMEASURES::qlm_w_momentum_z[3]
   QUASILOCALMEASURES::qlm_w_momentum_z[4]
   QUASILOCALMEASURES::qlm_w_momentum_z[5]
   QUASILOCALMEASURES::qlm_w_angular_momentum_x[0]
   QUASILOCALMEASURES::qlm_w_angular_momentum_x[1]
   QUASILOCALMEASURES::qlm_w_angular_momentum_x[2]
   QUASILOCALMEASURES::qlm_w_angular_momentum_x[3]
   QUASILOCALMEASURES::qlm_w_angular_momentum_x[4]
   QUASILOCALMEASURES::qlm_w_angular_momentum_x[5]
   QUASILOCALMEASURES::qlm_w_angular_momentum_y[0]
   QUASILOCALMEASURES::qlm_w_angular_momentum_y[1]
   QUASILOCALMEASURES::qlm_w_angular_momentum_y[2]
   QUASILOCALMEASURES::qlm_w_angular_momentum_y[3]
   QUASILOCALMEASURES::qlm_w_angular_momentum_y[4]
   QUASILOCALMEASURES::qlm_w_angular_momentum_y[5]
   QUASILOCALMEASURES::qlm_w_angular_momentum_z[0]
   QUASILOCALMEASURES::qlm_w_angular_momentum_z[1]
   QUASILOCALMEASURES::qlm_w_angular_momentum_z[2]
   QUASILOCALMEASURES::qlm_w_angular_momentum_z[3]
   QUASILOCALMEASURES::qlm_w_angular_momentum_z[4]
   QUASILOCALMEASURES::qlm_w_angular_momentum_z[5]
   SPHERICALSURFACE::sf_area[0]
   SPHERICALSURFACE::sf_area[1]
   SPHERICALSURFACE::sf_area[2]
   SPHERICALSURFACE::sf_area[3]
   SPHERICALSURFACE::sf_area[4]
   SPHERICALSURFACE::sf_area[5]
   SPHERICALSURFACE::sf_mean_radius[0]
   SPHERICALSURFACE::sf_mean_radius[1]
   SPHERICALSURFACE::sf_mean_radius[2]
   SPHERICALSURFACE::sf_mean_radius[3]
   SPHERICALSURFACE::sf_mean_radius[4]
   SPHERICALSURFACE::sf_mean_radius[5]
   SPHERICALSURFACE::sf_centroid_x[0]
   SPHERICALSURFACE::sf_centroid_x[1]
   SPHERICALSURFACE::sf_centroid_x[2]
   SPHERICALSURFACE::sf_centroid_x[3]
   SPHERICALSURFACE::sf_centroid_x[4]
   SPHERICALSURFACE::sf_centroid_x[5]
   SPHERICALSURFACE::sf_centroid_y[0]
   SPHERICALSURFACE::sf_centroid_y[1]
   SPHERICALSURFACE::sf_centroid_y[2]
   SPHERICALSURFACE::sf_centroid_y[3]
   SPHERICALSURFACE::sf_centroid_y[4]
   SPHERICALSURFACE::sf_centroid_y[5]
   SPHERICALSURFACE::sf_centroid_z[0]
   SPHERICALSURFACE::sf_centroid_z[1]
   SPHERICALSURFACE::sf_centroid_z[2]
   SPHERICALSURFACE::sf_centroid_z[3]
   SPHERICALSURFACE::sf_centroid_z[4]
   SPHERICALSURFACE::sf_centroid_z[5]
   SPHERICALSURFACE::sf_quadrupole_xx[0]
   SPHERICALSURFACE::sf_quadrupole_xx[1]
   SPHERICALSURFACE::sf_quadrupole_xx[2]
   SPHERICALSURFACE::sf_quadrupole_xx[3]
   SPHERICALSURFACE::sf_quadrupole_xx[4]
   SPHERICALSURFACE::sf_quadrupole_xx[5]
   SPHERICALSURFACE::sf_quadrupole_xy[0]
   SPHERICALSURFACE::sf_quadrupole_xy[1]
   SPHERICALSURFACE::sf_quadrupole_xy[2]
   SPHERICALSURFACE::sf_quadrupole_xy[3]
   SPHERICALSURFACE::sf_quadrupole_xy[4]
   SPHERICALSURFACE::sf_quadrupole_xy[5]
   SPHERICALSURFACE::sf_quadrupole_xz[0]
   SPHERICALSURFACE::sf_quadrupole_xz[1]
   SPHERICALSURFACE::sf_quadrupole_xz[2]
   SPHERICALSURFACE::sf_quadrupole_xz[3]
   SPHERICALSURFACE::sf_quadrupole_xz[4]
   SPHERICALSURFACE::sf_quadrupole_xz[5]
   SPHERICALSURFACE::sf_quadrupole_yy[0]
   SPHERICALSURFACE::sf_quadrupole_yy[1]
   SPHERICALSURFACE::sf_quadrupole_yy[2]
   SPHERICALSURFACE::sf_quadrupole_yy[3]
   SPHERICALSURFACE::sf_quadrupole_yy[4]
   SPHERICALSURFACE::sf_quadrupole_yy[5]
   SPHERICALSURFACE::sf_quadrupole_yz[0]
   SPHERICALSURFACE::sf_quadrupole_yz[1]
   SPHERICALSURFACE::sf_quadrupole_yz[2]
   SPHERICALSURFACE::sf_quadrupole_yz[3]
   SPHERICALSURFACE::sf_quadrupole_yz[4]
   SPHERICALSURFACE::sf_quadrupole_yz[5]
   SPHERICALSURFACE::sf_quadrupole_zz[0]
   SPHERICALSURFACE::sf_quadrupole_zz[1]
   SPHERICALSURFACE::sf_quadrupole_zz[2]
   SPHERICALSURFACE::sf_quadrupole_zz[3]
   SPHERICALSURFACE::sf_quadrupole_zz[4]
   SPHERICALSURFACE::sf_quadrupole_zz[5]
   SPHERICALSURFACE::sf_min_radius[0]
   SPHERICALSURFACE::sf_min_radius[1]
   SPHERICALSURFACE::sf_min_radius[2]
   SPHERICALSURFACE::sf_min_radius[3]
   SPHERICALSURFACE::sf_min_radius[4]
   SPHERICALSURFACE::sf_min_radius[5]
   SPHERICALSURFACE::sf_max_radius[0]
   SPHERICALSURFACE::sf_max_radius[1]
   SPHERICALSURFACE::sf_max_radius[2]
   SPHERICALSURFACE::sf_max_radius[3]
   SPHERICALSURFACE::sf_max_radius[4]
   SPHERICALSURFACE::sf_max_radius[5]
   SPHERICALSURFACE::sf_min_x[0]
   SPHERICALSURFACE::sf_min_x[1]
   SPHERICALSURFACE::sf_min_x[2]
   SPHERICALSURFACE::sf_min_x[3]
   SPHERICALSURFACE::sf_min_x[4]
   SPHERICALSURFACE::sf_min_x[5]
   SPHERICALSURFACE::sf_min_y[0]
   SPHERICALSURFACE::sf_min_y[1]
   SPHERICALSURFACE::sf_min_y[2]
   SPHERICALSURFACE::sf_min_y[3]
   SPHERICALSURFACE::sf_min_y[4]
   SPHERICALSURFACE::sf_min_y[5]
   SPHERICALSURFACE::sf_min_z[0]
   SPHERICALSURFACE::sf_min_z[1]
   SPHERICALSURFACE::sf_min_z[2]
   SPHERICALSURFACE::sf_min_z[3]
   SPHERICALSURFACE::sf_min_z[4]
   SPHERICALSURFACE::sf_min_z[5]
   SPHERICALSURFACE::sf_max_x[0]
   SPHERICALSURFACE::sf_max_x[1]
   SPHERICALSURFACE::sf_max_x[2]
   SPHERICALSURFACE::sf_max_x[3]
   SPHERICALSURFACE::sf_max_x[4]
   SPHERICALSURFACE::sf_max_x[5]
   SPHERICALSURFACE::sf_max_y[0]
   SPHERICALSURFACE::sf_max_y[1]
   SPHERICALSURFACE::sf_max_y[2]
   SPHERICALSURFACE::sf_max_y[3]
   SPHERICALSURFACE::sf_max_y[4]
   SPHERICALSURFACE::sf_max_y[5]
   SPHERICALSURFACE::sf_max_z[0]
   SPHERICALSURFACE::sf_max_z[1]
   SPHERICALSURFACE::sf_max_z[2]
   SPHERICALSURFACE::sf_max_z[3]
   SPHERICALSURFACE::sf_max_z[4]
   SPHERICALSURFACE::sf_max_z[5]
INFO (CarpetIOASCII): I/O Method 'IOASCII_1D' registered: 1D AMR output of grid variables to ASCII files
INFO (CarpetIOASCII): Periodic 1D AMR output requested for:
   EMGBASE::Ex
   EMGBASE::Ey
   EMGBASE::Ez
   EMGBASE::Bx
   EMGBASE::By
   EMGBASE::Bz
   EMGEVOLVE::Ec
   EMGEVOLVE::Bc
   LEANBSSNMOL::hc
   LEANBSSNMOL::mcx
WARNING[L1,P0] (Cactus): Attempt to create a directory with an empty or NULL string
WARNING[L1,P0] (CarpetIOHDF5): Problem creating HDF5 output directory ''
WARNING[L1,P1] (Cactus): Attempt to create a directory with an empty or NULL string
WARNING[L1,P1] (CarpetIOHDF5): Problem creating HDF5 output directory ''
WARNING[L1,P2] (Cactus): Attempt to create a directory with an empty or NULL string
WARNING[L1,P2] (CarpetIOHDF5): Problem creating HDF5 output directory ''
WARNING[L1,P3] (Cactus): Attempt to create a directory with an empty or NULL string
WARNING[L1,P3] (CarpetIOHDF5): Problem creating HDF5 output directory ''
WARNING[L1,P4] (Cactus): Attempt to create a directory with an empty or NULL string
WARNING[L1,P4] (CarpetIOHDF5): Problem creating HDF5 output directory ''
WARNING[L1,P5] (Cactus): Attempt to create a directory with an empty or NULL string
WARNING[L1,P5] (CarpetIOHDF5): Problem creating HDF5 output directory ''
WARNING[L1,P6] (Cactus): Attempt to create a directory with an empty or NULL string
WARNING[L1,P6] (CarpetIOHDF5): Problem creating HDF5 output directory ''
WARNING[L1,P7] (Cactus): Attempt to create a directory with an empty or NULL string
WARNING[L1,P7] (CarpetIOHDF5): Problem creating HDF5 output directory ''
WARNING[L1,P8] (Cactus): Attempt to create a directory with an empty or NULL string
WARNING[L1,P8] (CarpetIOHDF5): Problem creating HDF5 output directory ''
WARNING[L1,P9] (Cactus): Attempt to create a directory with an empty or NULL string
WARNING[L1,P9] (CarpetIOHDF5): Problem creating HDF5 output directory ''
WARNING[L1,P10] (Cactus): Attempt to create a directory with an empty or NULL string
WARNING[L1,P10] (CarpetIOHDF5): Problem creating HDF5 output directory ''
WARNING[L1,P11] (Cactus): Attempt to create a directory with an empty or NULL string
WARNING[L1,P11] (CarpetIOHDF5): Problem creating HDF5 output directory ''
WARNING[L1,P12] (Cactus): Attempt to create a directory with an empty or NULL string
WARNING[L1,P12] (CarpetIOHDF5): Problem creating HDF5 output directory ''
WARNING[L1,P13] (Cactus): Attempt to create a directory with an empty or NULL string
WARNING[L1,P13] (CarpetIOHDF5): Problem creating HDF5 output directory ''
WARNING[L1,P14] (Cactus): Attempt to create a directory with an empty or NULL string
WARNING[L1,P14] (CarpetIOHDF5): Problem creating HDF5 output directory ''
WARNING[L1,P15] (Cactus): Attempt to create a directory with an empty or NULL string
WARNING[L1,P15] (CarpetIOHDF5): Problem creating HDF5 output directory ''
WARNING[L1,P16] (Cactus): Attempt to create a directory with an empty or NULL string
WARNING[L1,P16] (CarpetIOHDF5): Problem creating HDF5 output directory ''
WARNING[L1,P17] (Cactus): Attempt to create a directory with an empty or NULL string
WARNING[L1,P17] (CarpetIOHDF5): Problem creating HDF5 output directory ''
WARNING[L1,P18] (Cactus): Attempt to create a directory with an empty or NULL string
WARNING[L1,P18] (CarpetIOHDF5): Problem creating HDF5 output directory ''
WARNING[L1,P19] (Cactus): Attempt to create a directory with an empty or NULL string
WARNING[L1,P19] (CarpetIOHDF5): Problem creating HDF5 output directory ''
WARNING[L1,P20] (Cactus): Attempt to create a directory with an empty or NULL string
WARNING[L1,P20] (CarpetIOHDF5): Problem creating HDF5 output directory ''
WARNING[L1,P21] (Cactus): Attempt to create a directory with an empty or NULL string
WARNING[L1,P21] (CarpetIOHDF5): Problem creating HDF5 output directory ''
WARNING[L1,P22] (Cactus): Attempt to create a directory with an empty or NULL string
WARNING[L1,P22] (CarpetIOHDF5): Problem creating HDF5 output directory ''
WARNING[L1,P23] (Cactus): Attempt to create a directory with an empty or NULL string
WARNING[L1,P23] (CarpetIOHDF5): Problem creating HDF5 output directory ''
WARNING[L1,P24] (Cactus): Attempt to create a directory with an empty or NULL string
WARNING[L1,P24] (CarpetIOHDF5): Problem creating HDF5 output directory ''
WARNING[L1,P25] (Cactus): Attempt to create a directory with an empty or NULL string
WARNING[L1,P25] (CarpetIOHDF5): Problem creating HDF5 output directory ''
WARNING[L1,P26] (Cactus): Attempt to create a directory with an empty or NULL string
WARNING[L1,P26] (CarpetIOHDF5): Problem creating HDF5 output directory ''
WARNING[L1,P27] (Cactus): Attempt to create a directory with an empty or NULL string
WARNING[L1,P27] (CarpetIOHDF5): Problem creating HDF5 output directory ''
WARNING[L1,P28] (Cactus): Attempt to create a directory with an empty or NULL string
WARNING[L1,P28] (CarpetIOHDF5): Problem creating HDF5 output directory ''
WARNING[L1,P29] (Cactus): Attempt to create a directory with an empty or NULL string
WARNING[L1,P29] (CarpetIOHDF5): Problem creating HDF5 output directory ''
WARNING[L1,P30] (Cactus): Attempt to create a directory with an empty or NULL string
WARNING[L1,P30] (CarpetIOHDF5): Problem creating HDF5 output directory ''
WARNING[L1,P31] (Cactus): Attempt to create a directory with an empty or NULL string
WARNING[L1,P31] (CarpetIOHDF5): Problem creating HDF5 output directory ''
WARNING[L1,P32] (Cactus): Attempt to create a directory with an empty or NULL string
WARNING[L1,P32] (CarpetIOHDF5): Problem creating HDF5 output directory ''
WARNING[L1,P33] (Cactus): Attempt to create a directory with an empty or NULL string
WARNING[L1,P33] (CarpetIOHDF5): Problem creating HDF5 output directory ''
WARNING[L1,P34] (Cactus): Attempt to create a directory with an empty or NULL string
WARNING[L1,P34] (CarpetIOHDF5): Problem creating HDF5 output directory ''
WARNING[L1,P35] (Cactus): Attempt to create a directory with an empty or NULL string
WARNING[L1,P35] (CarpetIOHDF5): Problem creating HDF5 output directory ''
WARNING[L1,P36] (Cactus): Attempt to create a directory with an empty or NULL string
WARNING[L1,P36] (CarpetIOHDF5): Problem creating HDF5 output directory ''
WARNING[L1,P37] (Cactus): Attempt to create a directory with an empty or NULL string
WARNING[L1,P37] (CarpetIOHDF5): Problem creating HDF5 output directory ''
WARNING[L1,P38] (Cactus): Attempt to create a directory with an empty or NULL string
WARNING[L1,P38] (CarpetIOHDF5): Problem creating HDF5 output directory ''
WARNING[L1,P39] (Cactus): Attempt to create a directory with an empty or NULL string
WARNING[L1,P39] (CarpetIOHDF5): Problem creating HDF5 output directory ''
WARNING[L1,P40] (Cactus): Attempt to create a directory with an empty or NULL string
WARNING[L1,P40] (CarpetIOHDF5): Problem creating HDF5 output directory ''
WARNING[L1,P41] (Cactus): Attempt to create a directory with an empty or NULL string
WARNING[L1,P41] (CarpetIOHDF5): Problem creating HDF5 output directory ''
WARNING[L1,P42] (Cactus): Attempt to create a directory with an empty or NULL string
WARNING[L1,P42] (CarpetIOHDF5): Problem creating HDF5 output directory ''
WARNING[L1,P43] (Cactus): Attempt to create a directory with an empty or NULL string
WARNING[L1,P43] (CarpetIOHDF5): Problem creating HDF5 output directory ''
WARNING[L1,P44] (Cactus): Attempt to create a directory with an empty or NULL string
WARNING[L1,P44] (CarpetIOHDF5): Problem creating HDF5 output directory ''
WARNING[L1,P45] (Cactus): Attempt to create a directory with an empty or NULL string
WARNING[L1,P45] (CarpetIOHDF5): Problem creating HDF5 output directory ''
WARNING[L1,P46] (Cactus): Attempt to create a directory with an empty or NULL string
WARNING[L1,P46] (CarpetIOHDF5): Problem creating HDF5 output directory ''
WARNING[L1,P47] (Cactus): Attempt to create a directory with an empty or NULL string
WARNING[L1,P47] (CarpetIOHDF5): Problem creating HDF5 output directory ''
WARNING[L1,P48] (Cactus): Attempt to create a directory with an empty or NULL string
WARNING[L1,P48] (CarpetIOHDF5): Problem creating HDF5 output directory ''
WARNING[L1,P49] (Cactus): Attempt to create a directory with an empty or NULL string
WARNING[L1,P49] (CarpetIOHDF5): Problem creating HDF5 output directory ''
WARNING[L1,P50] (Cactus): Attempt to create a directory with an empty or NULL string
WARNING[L1,P50] (CarpetIOHDF5): Problem creating HDF5 output directory ''
WARNING[L1,P51] (Cactus): Attempt to create a directory with an empty or NULL string
WARNING[L1,P51] (CarpetIOHDF5): Problem creating HDF5 output directory ''
WARNING[L1,P52] (Cactus): Attempt to create a directory with an empty or NULL string
WARNING[L1,P52] (CarpetIOHDF5): Problem creating HDF5 output directory ''
WARNING[L1,P53] (Cactus): Attempt to create a directory with an empty or NULL string
WARNING[L1,P53] (CarpetIOHDF5): Problem creating HDF5 output directory ''
WARNING[L1,P54] (Cactus): Attempt to create a directory with an empty or NULL string
WARNING[L1,P54] (CarpetIOHDF5): Problem creating HDF5 output directory ''
WARNING[L1,P55] (Cactus): Attempt to create a directory with an empty or NULL string
WARNING[L1,P55] (CarpetIOHDF5): Problem creating HDF5 output directory ''
WARNING[L1,P56] (Cactus): Attempt to create a directory with an empty or NULL string
WARNING[L1,P56] (CarpetIOHDF5): Problem creating HDF5 output directory ''
WARNING[L1,P57] (Cactus): Attempt to create a directory with an empty or NULL string
WARNING[L1,P57] (CarpetIOHDF5): Problem creating HDF5 output directory ''
WARNING[L1,P58] (Cactus): Attempt to create a directory with an empty or NULL string
WARNING[L1,P58] (CarpetIOHDF5): Problem creating HDF5 output directory ''
WARNING[L1,P59] (Cactus): Attempt to create a directory with an empty or NULL string
WARNING[L1,P59] (CarpetIOHDF5): Problem creating HDF5 output directory ''
WARNING[L1,P60] (Cactus): Attempt to create a directory with an empty or NULL string
WARNING[L1,P60] (CarpetIOHDF5): Problem creating HDF5 output directory ''
WARNING[L1,P61] (Cactus): Attempt to create a directory with an empty or NULL string
WARNING[L1,P61] (CarpetIOHDF5): Problem creating HDF5 output directory ''
WARNING[L1,P62] (Cactus): Attempt to create a directory with an empty or NULL string
WARNING[L1,P62] (CarpetIOHDF5): Problem creating HDF5 output directory ''
WARNING[L1,P63] (Cactus): Attempt to create a directory with an empty or NULL string
WARNING[L1,P63] (CarpetIOHDF5): Problem creating HDF5 output directory ''
WARNING[L1,P64] (Cactus): Attempt to create a directory with an empty or NULL string
WARNING[L1,P64] (CarpetIOHDF5): Problem creating HDF5 output directory ''
WARNING[L1,P65] (Cactus): Attempt to create a directory with an empty or NULL string
WARNING[L1,P65] (CarpetIOHDF5): Problem creating HDF5 output directory ''
WARNING[L1,P66] (Cactus): Attempt to create a directory with an empty or NULL string
WARNING[L1,P66] (CarpetIOHDF5): Problem creating HDF5 output directory ''
WARNING[L1,P67] (Cactus): Attempt to create a directory with an empty or NULL string
WARNING[L1,P67] (CarpetIOHDF5): Problem creating HDF5 output directory ''
WARNING[L1,P68] (Cactus): Attempt to create a directory with an empty or NULL string
WARNING[L1,P68] (CarpetIOHDF5): Problem creating HDF5 output directory ''
WARNING[L1,P69] (Cactus): Attempt to create a directory with an empty or NULL string
WARNING[L1,P69] (CarpetIOHDF5): Problem creating HDF5 output directory ''
WARNING[L1,P70] (Cactus): Attempt to create a directory with an empty or NULL string
WARNING[L1,P70] (CarpetIOHDF5): Problem creating HDF5 output directory ''
WARNING[L1,P71] (Cactus): Attempt to create a directory with an empty or NULL string
WARNING[L1,P71] (CarpetIOHDF5): Problem creating HDF5 output directory ''
WARNING[L1,P72] (Cactus): Attempt to create a directory with an empty or NULL string
WARNING[L1,P72] (CarpetIOHDF5): Problem creating HDF5 output directory ''
WARNING[L1,P73] (Cactus): Attempt to create a directory with an empty or NULL string
WARNING[L1,P73] (CarpetIOHDF5): Problem creating HDF5 output directory ''
WARNING[L1,P74] (Cactus): Attempt to create a directory with an empty or NULL string
WARNING[L1,P74] (CarpetIOHDF5): Problem creating HDF5 output directory ''
WARNING[L1,P75] (Cactus): Attempt to create a directory with an empty or NULL string
WARNING[L1,P75] (CarpetIOHDF5): Problem creating HDF5 output directory ''
WARNING[L1,P76] (Cactus): Attempt to create a directory with an empty or NULL string
WARNING[L1,P76] (CarpetIOHDF5): Problem creating HDF5 output directory ''
WARNING[L1,P77] (Cactus): Attempt to create a directory with an empty or NULL string
WARNING[L1,P77] (CarpetIOHDF5): Problem creating HDF5 output directory ''
WARNING[L1,P78] (Cactus): Attempt to create a directory with an empty or NULL string
WARNING[L1,P78] (CarpetIOHDF5): Problem creating HDF5 output directory ''
WARNING[L1,P79] (Cactus): Attempt to create a directory with an empty or NULL string
WARNING[L1,P79] (CarpetIOHDF5): Problem creating HDF5 output directory ''
WARNING[L1,P80] (Cactus): Attempt to create a directory with an empty or NULL string
WARNING[L1,P80] (CarpetIOHDF5): Problem creating HDF5 output directory ''
WARNING[L1,P81] (Cactus): Attempt to create a directory with an empty or NULL string
WARNING[L1,P81] (CarpetIOHDF5): Problem creating HDF5 output directory ''
WARNING[L1,P82] (Cactus): Attempt to create a directory with an empty or NULL string
WARNING[L1,P82] (CarpetIOHDF5): Problem creating HDF5 output directory ''
WARNING[L1,P83] (Cactus): Attempt to create a directory with an empty or NULL string
WARNING[L1,P83] (CarpetIOHDF5): Problem creating HDF5 output directory ''
WARNING[L1,P84] (Cactus): Attempt to create a directory with an empty or NULL string
WARNING[L1,P84] (CarpetIOHDF5): Problem creating HDF5 output directory ''
WARNING[L1,P85] (Cactus): Attempt to create a directory with an empty or NULL string
WARNING[L1,P85] (CarpetIOHDF5): Problem creating HDF5 output directory ''
WARNING[L1,P86] (Cactus): Attempt to create a directory with an empty or NULL string
WARNING[L1,P86] (CarpetIOHDF5): Problem creating HDF5 output directory ''
WARNING[L1,P87] (Cactus): Attempt to create a directory with an empty or NULL string
WARNING[L1,P87] (CarpetIOHDF5): Problem creating HDF5 output directory ''
WARNING[L1,P88] (Cactus): Attempt to create a directory with an empty or NULL string
WARNING[L1,P88] (CarpetIOHDF5): Problem creating HDF5 output directory ''
WARNING[L1,P89] (Cactus): Attempt to create a directory with an empty or NULL string
WARNING[L1,P89] (CarpetIOHDF5): Problem creating HDF5 output directory ''
WARNING[L1,P90] (Cactus): Attempt to create a directory with an empty or NULL string
WARNING[L1,P90] (CarpetIOHDF5): Problem creating HDF5 output directory ''
WARNING[L1,P91] (Cactus): Attempt to create a directory with an empty or NULL string
WARNING[L1,P91] (CarpetIOHDF5): Problem creating HDF5 output directory ''
WARNING[L1,P92] (Cactus): Attempt to create a directory with an empty or NULL string
WARNING[L1,P92] (CarpetIOHDF5): Problem creating HDF5 output directory ''
WARNING[L1,P93] (Cactus): Attempt to create a directory with an empty or NULL string
WARNING[L1,P93] (CarpetIOHDF5): Problem creating HDF5 output directory ''
WARNING[L1,P94] (Cactus): Attempt to create a directory with an empty or NULL string
WARNING[L1,P94] (CarpetIOHDF5): Problem creating HDF5 output directory ''
WARNING[L1,P95] (Cactus): Attempt to create a directory with an empty or NULL string
WARNING[L1,P95] (CarpetIOHDF5): Problem creating HDF5 output directory ''
WARNING[L1,P96] (Cactus): Attempt to create a directory with an empty or NULL string
WARNING[L1,P96] (CarpetIOHDF5): Problem creating HDF5 output directory ''
WARNING[L1,P97] (Cactus): Attempt to create a directory with an empty or NULL string
WARNING[L1,P97] (CarpetIOHDF5): Problem creating HDF5 output directory ''
WARNING[L1,P98] (Cactus): Attempt to create a directory with an empty or NULL string
WARNING[L1,P98] (CarpetIOHDF5): Problem creating HDF5 output directory ''
WARNING[L1,P99] (Cactus): Attempt to create a directory with an empty or NULL string
WARNING[L1,P99] (CarpetIOHDF5): Problem creating HDF5 output directory ''
WARNING[L1,P100] (Cactus): Attempt to create a directory with an empty or NULL string
WARNING[L1,P100] (CarpetIOHDF5): Problem creating HDF5 output directory ''
WARNING[L1,P101] (Cactus): Attempt to create a directory with an empty or NULL string
WARNING[L1,P101] (CarpetIOHDF5): Problem creating HDF5 output directory ''
WARNING[L1,P102] (Cactus): Attempt to create a directory with an empty or NULL string
WARNING[L1,P102] (CarpetIOHDF5): Problem creating HDF5 output directory ''
WARNING[L1,P103] (Cactus): Attempt to create a directory with an empty or NULL string
WARNING[L1,P103] (CarpetIOHDF5): Problem creating HDF5 output directory ''
WARNING[L1,P104] (Cactus): Attempt to create a directory with an empty or NULL string
WARNING[L1,P104] (CarpetIOHDF5): Problem creating HDF5 output directory ''
WARNING[L1,P105] (Cactus): Attempt to create a directory with an empty or NULL string
WARNING[L1,P105] (CarpetIOHDF5): Problem creating HDF5 output directory ''
WARNING[L1,P106] (Cactus): Attempt to create a directory with an empty or NULL string
WARNING[L1,P106] (CarpetIOHDF5): Problem creating HDF5 output directory ''
WARNING[L1,P107] (Cactus): Attempt to create a directory with an empty or NULL string
WARNING[L1,P107] (CarpetIOHDF5): Problem creating HDF5 output directory ''
WARNING[L1,P108] (Cactus): Attempt to create a directory with an empty or NULL string
WARNING[L1,P108] (CarpetIOHDF5): Problem creating HDF5 output directory ''
WARNING[L1,P109] (Cactus): Attempt to create a directory with an empty or NULL string
WARNING[L1,P109] (CarpetIOHDF5): Problem creating HDF5 output directory ''
WARNING[L1,P110] (Cactus): Attempt to create a directory with an empty or NULL string
WARNING[L1,P110] (CarpetIOHDF5): Problem creating HDF5 output directory ''
WARNING[L1,P111] (Cactus): Attempt to create a directory with an empty or NULL string
WARNING[L1,P111] (CarpetIOHDF5): Problem creating HDF5 output directory ''
   LEANBSSNMOL::mcy
   LEANBSSNMOL::mcz
INFO (CarpetIOASCII): I/O Method 'IOASCII_2D' registered: 2D AMR output of grid variables to ASCII files
INFO (CarpetIOASCII): I/O Method 'IOASCII_3D' registered: 3D AMR output of grid variables to ASCII files
INFO (CarpetIOHDF5): I/O Method 'IOHDF5' registered: AMR output of grid variables to HDF5 files
INFO (CarpetIOHDF5): I/O Method 'IOHDF5_0D' registered: 0D AMR output of grid variables to HDF5 files
INFO (CarpetIOHDF5): I/O Method 'IOHDF5_1D' registered: 1D AMR output of grid variables to HDF5 files
INFO (CarpetIOHDF5): I/O Method 'IOHDF5_2D' registered: 2D AMR output of grid variables to HDF5 files
INFO (CarpetIOHDF5): I/O Method 'IOHDF5_3D' registered: 3D AMR output of grid variables to HDF5 files
INFO (CarpetRegrid2): Initialising position of centre 0 to [8,0,0]
INFO (CarpetRegrid2): Initialising position of centre 1 to [-8,0,0]
INFO (MoL): Using Runge-Kutta 4 as the time integrator.
INFO (MoL): The maximum number of evolved variables is 1861. 29 are registered.
INFO (MoL): The maximum number of slow evolved variables is 1861. 0 are registered.
INFO (MoL): The maximum number of constrained variables is 1861. 12 are registered.
INFO (MoL): The maximum number of SandR variables is 1861. 0 are registered.
INFO (MoL): The maximum number of evolved array variables is 1861. 0 are registered.
INFO (MoL): The maximum number of constrained array variables is 1861. 0 are registered.
INFO (MoL): The maximum number of SandR array variables is 1861. 0 are registered.
INFO (MoL): The maximum size of any array variables is 0.
INFO (Vectors): Testing vectorisation... [errors may result in segfaults]
INFO (Vectors): 101/101 tests passed 
INFO (CarpetRegrid2): Centre 1 is at position [8,0,0] with 9 levels
INFO (CarpetRegrid2): Centre 2 is at position [-8,0,0] with 9 levels
INFO (CarpetRegrid2): Regridding level 0 map 0 at iteration 0 time 0
INFO (CarpetRegrid2): Regridding levels 1 and up
INFO (CarpetRegrid2): Enforcing grid structure properties, iteration 0
INFO (CarpetRegrid2): Enforcing grid structure properties, iteration 0
INFO (CarpetRegrid2): Enforcing grid structure properties, iteration 0
INFO (CarpetRegrid2): Enforcing grid structure properties, iteration 0
INFO (CarpetRegrid2): Enforcing grid structure properties, iteration 0
INFO (CarpetRegrid2): Enforcing grid structure properties, iteration 0
INFO (CarpetRegrid2): Enforcing grid structure properties, iteration 0
INFO (CarpetRegrid2): Enforcing grid structure properties, iteration 0
INFO (Carpet): Grid structure (superregions, grid points):
   [0][0][0]   exterior: [0,0,0] : [260,260,260]   ([261,261,261] + PADDING) 17779581
   [1][0][0]   exterior: [183,187,187] : [337,333,333]   ([155,147,147] + PADDING) 3349395
   [2][0][0]   exterior: [439,447,447] : [601,593,593]   ([163,147,147] + PADDING) 3522267
   [3][0][0]   exterior: [983,999,999] : [1097,1081,1081]   ([115,83,83] + PADDING) 792235
   [4][0][0]   exterior: [2007,2039,2039] : [2153,2121,2121]   ([147,83,83] + PADDING) 1012683
   [5][0][0]   exterior: [4055,4119,4119] : [4137,4201,4201]   ([83,83,83] + PADDING) 571787
   [5][0][1]   exterior: [4183,4119,4119] : [4265,4201,4201]   ([83,83,83] + PADDING) 571787
   [6][0][0]   exterior: [8151,8279,8279] : [8233,8361,8361]   ([83,83,83] + PADDING) 571787
   [6][0][1]   exterior: [8407,8279,8279] : [8489,8361,8361]   ([83,83,83] + PADDING) 571787
   [7][0][0]   exterior: [16343,16599,16599] : [16425,16681,16681]   ([83,83,83] + PADDING) 571787
   [7][0][1]   exterior: [16855,16599,16599] : [16937,16681,16681]   ([83,83,83] + PADDING) 571787
   [8][0][0]   exterior: [32727,33239,33239] : [32809,33321,33321]   ([83,83,83] + PADDING) 571787
   [8][0][1]   exterior: [33751,33239,33239] : [33833,33321,33321]   ([83,83,83] + PADDING) 571787
INFO (Carpet): Grid structure (superregions, coordinates):
   [0][0][0]   exterior: [-520,-520,-520] : [520,520,520] : [4,4,4]
   [1][0][0]   exterior: [-154,-146,-146] : [154,146,146] : [2,2,2]
   [2][0][0]   exterior: [-81,-73,-73] : [81,73,73] : [1,1,1]
   [3][0][0]   exterior: [-28.5,-20.5,-20.5] : [28.5,20.5,20.5] : [0.5,0.5,0.5]
   [4][0][0]   exterior: [-18.25,-10.25,-10.25] : [18.25,10.25,10.25] : [0.25,0.25,0.25]
   [5][0][0]   exterior: [-13.125,-5.125,-5.125] : [-2.875,5.125,5.125] : [0.125,0.125,0.125]
   [5][0][1]   exterior: [2.875,-5.125,-5.125] : [13.125,5.125,5.125] : [0.125,0.125,0.125]
   [6][0][0]   exterior: [-10.5625,-2.5625,-2.5625] : [-5.4375,2.5625,2.5625] : [0.0625,0.0625,0.0625]
   [6][0][1]   exterior: [5.4375,-2.5625,-2.5625] : [10.5625,2.5625,2.5625] : [0.0625,0.0625,0.0625]
   [7][0][0]   exterior: [-9.28125,-1.28125,-1.28125] : [-6.71875,1.28125,1.28125] : [0.03125,0.03125,0.03125]
   [7][0][1]   exterior: [6.71875,-1.28125,-1.28125] : [9.28125,1.28125,1.28125] : [0.03125,0.03125,0.03125]
   [8][0][0]   exterior: [-8.640625,-0.640625,-0.640625] : [-7.359375,0.640625,0.640625] : [0.015625,0.015625,0.015625]
   [8][0][1]   exterior: [7.359375,-0.640625,-0.640625] : [8.640625,0.640625,0.640625] : [0.015625,0.015625,0.015625]
INFO (Carpet): Global grid structure statistics:
INFO (Carpet): GF: rhs: 631k active, 1221k owned (+94%), 2495k total (+104%), 256 steps/time
INFO (Carpet): GF: vars: 247, pts: 6033M active, 7369M owned (+22%), 11890M total (+61%), 1.0 comp/proc
INFO (Carpet): GA: vars: 1664, pts: 381M active, 381M total (+0%)
INFO (Carpet): Total required memory: 98.886 GByte (for GAs and currently active GFs)
INFO (Carpet): Load balance:  min     avg     max     sdv     max/avg-1
INFO (Carpet): Level  0:      32M     37M     41M      2M owned     11%
INFO (Carpet): Level  1:       7M      7M      8M      0M owned      6%
INFO (Carpet): Level  2:       7M      8M      8M      0M owned      2%
INFO (Carpet): Level  3:       2M      2M      2M      0M owned      7%
INFO (Carpet): Level  4:       2M      2M      2M      0M owned      6%
INFO (Carpet): Level  5:       2M      3M      3M      0M owned      4%
INFO (Carpet): Level  6:       2M      3M      3M      0M owned      4%
INFO (Carpet): Level  7:       2M      3M      3M      0M owned      4%
INFO (Carpet): Level  8:       2M      3M      3M      0M owned      4%
INFO (CartGrid3D): Grid Spacings:
INFO (CartGrid3D): dx=>4.0000000e+00  dy=>4.0000000e+00  dz=>4.0000000e+00
INFO (CartGrid3D): Computational Coordinates:
INFO (CartGrid3D): x=>[-520.000,520.000]  y=>[-520.000,520.000]  z=>[-520.000,520.000]
INFO (CartGrid3D): Indices of Physical Coordinates:
INFO (CartGrid3D): x=>[0,260]  y=>[0,260]  z=>[0,260]
INFO (AHFinderDirect): setting up AHFinderDirect data structures
INFO (AHFinderDirect):            to search for 6 horizons on 112 processors
INFO (AHFinderDirect):       constructing full sphere patch system
INFO (AHFinderDirect):                    at origin (8.001,0,0)
INFO (AHFinderDirect):                    with 18 angular zones per right angle
INFO (AHFinderDirect):       ==> 2166 nominal, 3174 ghosted angular grid points
INFO (AHFinderDirect):       constructing full sphere patch system
INFO (AHFinderDirect):                    at origin (-8.001,0,0)
INFO (AHFinderDirect):                    with 18 angular zones per right angle
INFO (AHFinderDirect):       ==> 2166 nominal, 3174 ghosted angular grid points
INFO (AHFinderDirect):       constructing full sphere patch system
INFO (AHFinderDirect):                    at origin (0,0,0)
INFO (AHFinderDirect):                    with 18 angular zones per right angle
INFO (AHFinderDirect):       ==> 2166 nominal, 3174 ghosted angular grid points
INFO (AHFinderDirect):       constructing full sphere patch system
INFO (AHFinderDirect):                    at origin (0,0,0)
INFO (AHFinderDirect):                    with 18 angular zones per right angle
INFO (AHFinderDirect):       ==> 2166 nominal, 3174 ghosted angular grid points
INFO (AHFinderDirect):       constructing full sphere patch system
INFO (AHFinderDirect):                    at origin (0,0,0)
INFO (AHFinderDirect):                    with 18 angular zones per right angle
INFO (AHFinderDirect):       ==> 2166 nominal, 3174 ghosted angular grid points
INFO (AHFinderDirect):       constructing full sphere patch system
INFO (AHFinderDirect):                    at origin (0,0,0)
INFO (AHFinderDirect):                    with 18 angular zones per right angle
INFO (AHFinderDirect):       ==> 2166 nominal, 3174 ghosted angular grid points
INFO (TerminationTrigger): Reminding you every 0 minutes about remaining walltime
INFO (Time): Timestep set to 1 (courant_static)
INFO (TwoChargedPunctures): Solving puncture equation for BH-BH system
INFO (TwoChargedPunctures): b = 8.001
TCP_Newton: it=0 	 |F|=2.606456e-10
bare mass: mp=0.5 	 mm=0.5
bicgstab:  itmax 100, tol 2.606456e-13
bicgstab:     0   1.098e-09
bicgstab:     1   1.292e-10   6.326e-01   0.000e+00   4.939e-01
bicgstab:     2   1.805e-11   5.778e-01   1.224e-01   8.293e-01
bicgstab:     3   8.332e-12   8.550e-01   5.728e-02   1.142e+00
bicgstab:     4   1.928e-12   1.284e+00   2.528e-01   6.036e-01
bicgstab:     5   1.225e-12   6.785e-01   3.429e-01   2.505e+00
bicgstab:     6   1.159e-12   2.273e-01   2.256e-02   3.053e-01
bicgstab:     7   1.809e-12   7.234e+01  -6.582e-01   1.747e+00
bicgstab:     8   2.372e-13   2.482e-01  -1.743e+02   1.747e+00
TCP_Newton: it=1 	 |F|=7.530267e-14 
INFO (TwoChargedPunctures): Wrote coefficient file v.dat
INFO (TwoChargedPunctures): The two puncture masses are mp=0.5 and mm=0.5
INFO (TwoChargedPunctures): Puncture 1 ADM mass is 0.507812
INFO (TwoChargedPunctures): Puncture 2 ADM mass is 0.507812
INFO (TwoChargedPunctures): The total ADM mass is 1
INFO (TwoChargedPunctures): Setting initial lapse to psi^-2.000000 profile.
INFO (TwoChargedPunctures): Interpolating result
INFO (QuasiLocalMeasures): Initialising Quasi-Local Measure calculations
INFO (TerminationTrigger): Reminding you every 0 minutes about remaining walltime
INFO (Time): Timestep set to 1 (courant_static)
INFO (TwoChargedPunctures): Setting initial lapse to psi^-2.000000 profile.
INFO (TwoChargedPunctures): Interpolating result
INFO (TerminationTrigger): Reminding you every 0 minutes about remaining walltime
INFO (Time): Timestep set to 0.5 (courant_static)
INFO (TwoChargedPunctures): Setting initial lapse to psi^-2.000000 profile.
INFO (TwoChargedPunctures): Interpolating result
INFO (TerminationTrigger): Reminding you every 0 minutes about remaining walltime
INFO (Time): Timestep set to 0.25 (courant_static)
INFO (TwoChargedPunctures): Setting initial lapse to psi^-2.000000 profile.
INFO (TwoChargedPunctures): Interpolating result
INFO (TerminationTrigger): Reminding you every 0 minutes about remaining walltime
INFO (Time): Timestep set to 0.125 (courant_static)
INFO (TwoChargedPunctures): Setting initial lapse to psi^-2.000000 profile.
INFO (TwoChargedPunctures): Interpolating result
INFO (TerminationTrigger): Reminding you every 0 minutes about remaining walltime
INFO (Time): Timestep set to 0.0625 (courant_static)
INFO (TwoChargedPunctures): Setting initial lapse to psi^-2.000000 profile.
INFO (TwoChargedPunctures): Interpolating result
INFO (TerminationTrigger): Reminding you every 0 minutes about remaining walltime
INFO (Time): Timestep set to 0.03125 (courant_static)
INFO (TwoChargedPunctures): Setting initial lapse to psi^-2.000000 profile.
INFO (TwoChargedPunctures): Interpolating result
INFO (TerminationTrigger): Reminding you every 0 minutes about remaining walltime
INFO (Time): Timestep set to 0.015625 (courant_static)
INFO (TwoChargedPunctures): Setting initial lapse to psi^-2.000000 profile.
INFO (TwoChargedPunctures): Interpolating result
INFO (TerminationTrigger): Reminding you every 0 minutes about remaining walltime
INFO (Time): Timestep set to 0.0078125 (courant_static)
INFO (TwoChargedPunctures): Setting initial lapse to psi^-2.000000 profile.
INFO (TwoChargedPunctures): Interpolating result
INFO (AHFinderDirect): proc 0: searching for horizon 1/6
INFO (AHFinderDirect): AH 6/6: r=239.003 at (0.000006,0.000021,-0.000046)
INFO (AHFinderDirect): AH 6/6: area=723845.2527 m_irreducible=120.0018489
INFO (AHFinderDirect): AH 3/6: r=78.9971 at (-0.000000,-0.000000,-0.000000)
INFO (AHFinderDirect): AH 3/6: area=80425.06438 m_irreducible=40.00007273
INFO (AHFinderDirect): AH 4/6: r=98.9977 at (-0.000000,0.000000,-0.000000)
INFO (AHFinderDirect): AH 4/6: area=125663.9354 m_irreducible=50.00004561
INFO (AHFinderDirect): AH 5/6: r=178.999 at (0.000000,-0.000000,0.000000)
INFO (AHFinderDirect): AH 5/6: area=407150.5254 m_irreducible=90.00001298
INFO (AHFinderDirect): AH 1/6: r=0.244905 at (8.000981,-0.000000,0.000000)
INFO (AHFinderDirect): AH 1/6: area=12.89517994 m_irreducible=0.506499214
INFO (AHFinderDirect): AH 2/6: r=0.244905 at (-8.000981,-0.000000,0.000000)
INFO (AHFinderDirect): AH 2/6: area=12.89517994 m_irreducible=0.506499214
INFO (QuasiLocalMeasures): Calculating quasi-local quantities for surface    0
INFO (QuasiLocalMeasures): Importing from spherical surface    0
INFO (QuasiLocalMeasures): Geometric quantities for surface    0:
INFO (QuasiLocalMeasures):    Area A:                            12.8952
INFO (QuasiLocalMeasures):    Irreducible mass M = R/2:         0.506499
INFO (QuasiLocalMeasures):    Areal radius R = sqrt(A/4pi):      1.01300
INFO (QuasiLocalMeasures): Coordinate-dependent quantities for surface    0:
INFO (QuasiLocalMeasures):    Equatorial circumference:             6.36486
INFO (QuasiLocalMeasures):    Polar circumference at phi=0:         6.36390
INFO (QuasiLocalMeasures):    Polar circumference at phi=pi/2:      6.36476
INFO (QuasiLocalMeasures):    Spin guess J from distortion:        0.679659E-03
INFO (QuasiLocalMeasures):    Mass guess M from distortion:        0.506499
INFO (QuasiLocalMeasures): Isolated Horizon quantities for surface    0:
INFO (QuasiLocalMeasures):    Killing vector field eigenvalue norm:      1.00000
INFO (QuasiLocalMeasures):    Spin J:                                    0.00000
INFO (QuasiLocalMeasures):    Kerr spin parameter a = J/M:               0.00000
INFO (QuasiLocalMeasures):    Dimensionless spin parameter a = J/M^2:    0.00000
INFO (QuasiLocalMeasures):    Spin J from NP:                           0.304105E-18
INFO (QuasiLocalMeasures):    Spin J from phi-coordinate-vector:         0.00000
INFO (QuasiLocalMeasures):    Mass M:                                   0.506499
INFO (QuasiLocalMeasures): Global quantities for surface    0:
INFO (QuasiLocalMeasures):    ADM energy:                 -8.57940
INFO (QuasiLocalMeasures):    ADM momentum x:              0.00000
INFO (QuasiLocalMeasures):    ADM momentum y:              0.00000
INFO (QuasiLocalMeasures):    ADM momentum z:              0.00000
INFO (QuasiLocalMeasures):    ADM angular momentum x:      0.00000
INFO (QuasiLocalMeasures):    ADM angular momentum y:      0.00000
INFO (QuasiLocalMeasures):    ADM angular momentum z:      0.00000
INFO (QuasiLocalMeasures):    Weinberg energy:                  17.3313
INFO (QuasiLocalMeasures):    Weinberg momentum x:              0.00000
INFO (QuasiLocalMeasures):    Weinberg momentum y:              0.00000
INFO (QuasiLocalMeasures):    Weinberg momentum z:              0.00000
INFO (QuasiLocalMeasures):    Weinberg angular momentum x:      0.00000
INFO (QuasiLocalMeasures):    Weinberg angular momentum y:      0.00000
INFO (QuasiLocalMeasures):    Weinberg angular momentum z:      0.00000
------------------------------------------------------------------------------------
Iteration      Time | *me_per_hour |     LEANBSSNMOL::conf_fac | *TISTICS::maxrss_mb
                    |              |      minimum      maximum |   minimum   maximum
------------------------------------------------------------------------------------
        0     0.000 |    0.0000000 |    0.0001000    0.9988733 |      1060      1292
INFO (Carpet): Terminating due to cctk_final_time at t = 0.000000
INFO (TimerReport): Timer Report before terminating at iteration 0 time 0
INFO (TimerReport): Top timers at iteration 0 time 0
======================================================================
    %    Time/s   Min/s   Max/s   Timer (gettimeofday)
======================================================================
100.0   315.228 315.221 315.235   main/Initialise
100.0   315.182 315.173 315.192   meta mode/meta mode/global mode
 94.7   298.491 295.402 301.579   main/Initialise/CallInitial
 90.3   284.530 276.986 295.026   main/Initialise/CallInitial/CCTK_INITIAL
 90.3   284.529 276.985 295.025   main/Initialise/CallInitial/CCTK_INITIAL/CallFunction
 85.9   270.652 260.418 293.072   main/Initialise/CallInitial/CCTK_INITIAL/CallFunction/thorns
 85.8   270.517 260.299 292.920   [0098] TwoChargedPunctures: TwoChargedPunctures in CCTK_INITIAL
 85.8   270.516 260.298 292.918   main/Initialise/CallInitial/CCTK_INITIAL/CallFunction/thorns/TwoChargedPunctures
 68.4   215.562 215.461 215.634   meta mode/meta mode/global mode/level(0)
  7.8    24.662  22.428  28.648   meta mode/meta mode/global mode/level(2)
  6.9    21.595  21.524  21.685   meta mode/meta mode/global mode/level(1)
  4.4    13.872   0.024  27.586   [0107] LeanBSSNMoL: LeanBSSN_Boundaries in CCTK_INITIAL
  4.4    13.872   0.024  27.585   main/Initialise/CallInitial/CCTK_INITIAL/CallFunction/syncs
  3.5    10.972   0.013  25.240   main/Initialise/CallInitial/CCTK_INITIAL/CallFunction/syncs/Sync
  3.5    10.966   0.005  25.234   main/Initialise/CallInitial/CCTK_INITIAL/CallFunction/syncs/Sync/comm_state[6].state_do_some_work.step
  3.4    10.786   3.364  18.774   main/Initialise/CallInitial/CCTK_POSTINITIAL
  3.4    10.784   3.362  18.772   main/Initialise/CallInitial/CCTK_POSTINITIAL/CallFunction
  3.2    10.228  10.219  10.236   main/Initialise/CallAnalysis
  3.0     9.318   1.855  17.320   main/Initialise/CallInitial/CCTK_POSTINITIAL/CallFunction/syncs
  2.7     8.501   8.487   8.511   meta mode/meta mode/global mode/level(4)
  2.7     8.485   7.632   9.377   meta mode/meta mode/global mode/level(8)
  2.6     8.278   7.520   9.032   meta mode/meta mode/global mode/level(5)
  2.6     8.244   7.491   8.999   meta mode/meta mode/global mode/level(7)
  2.6     8.241   7.476   9.000   meta mode/meta mode/global mode/level(6)
  2.4     7.520   0.085  15.552   [0117] EMGEvolve: EMG_Boundaries in CCTK_POSTINITIAL
  2.4     7.468   6.560  12.780   meta mode/meta mode/global mode/level(3)
  2.2     7.021   6.937   7.115   main/Initialise/CallAnalysis/OutputGH
  2.2     7.021   6.936   7.115   main/Initialise/CallAnalysis/OutputGH/OutputGH
  2.2     6.985   6.886   7.081   main/Initialise/CallAnalysis/OutputGH/OutputGH/IOASCII::IOASCII_1D [2]
  2.2     6.985   6.886   7.081   main/Initialise/CallAnalysis/OutputGH/OutputGH/IOASCII::IOASCII_1D [2]/OutputGH<1>
  1.5     4.788   0.150  11.004   main/Initialise/CallInitial/CCTK_POSTINITIAL/CallFunction/syncs/Prolongate
  1.5     4.609   0.012  10.888   main/Initialise/CallInitial/CCTK_POSTINITIAL/CallFunction/syncs/Prolongate/comm_state[6].state_do_some_work.step
  1.4     4.529   0.280  11.093   main/Initialise/CallInitial/CCTK_POSTINITIAL/CallFunction/syncs/Sync
  1.4     4.427   0.173  11.007   main/Initialise/CallInitial/CCTK_POSTINITIAL/CallFunction/syncs/Sync/comm_state[6].state_do_some_work.step
  1.3     4.199   1.109   7.295   main/Initialise/CallRestrict
  1.1     3.465   3.463   3.466   main/CarpetStartup
  1.1     3.451   3.447   3.453   main/CarpetStartup/CarpetLib::gh::regrid
  1.1     3.450   3.446   3.452   main/CarpetStartup/CarpetLib::gh::regrid/CarpetLib::dh::regrid
  1.0     3.222   0.115   6.375   main/Initialise/CallRestrict/Restrict
  1.0     3.200   3.112   3.281   main/Initialise/CallAnalysis/CCTK_ANALYSIS
======================================================================
==================================================================================================================================================================================================
Thorn           | Scheduled routine in time bin           | gettimeofday [secs] | getrusage [secs] | cycle [secs] | cycle[avg] [secs] | cycle[sdv] [secs] | cycle[min] [secs] | cycle[max] [secs] 
==================================================================================================================================================================================================
Carpet          | Multi-model Startup routine             |          0.00702200 |       0.00393800 |   0.00000000 |        0.00000000 |        0.00000000 |        0.00000000 |        0.00000000 
CycleClock      | Set up CycleClock                       |          0.10003900 |       0.09931800 |   0.00000132 |        0.00000132 |        0.00000000 |        0.00000132 |        0.00000132 
LoopControl     | Set up LoopControl                      |          0.00000800 |       0.00000200 |   0.00000862 |        0.00000862 |        0.00000000 |        0.00000862 |        0.00000862 
Timers          | Prepare hierarchical timers             |          0.00002600 |       0.00000300 |   0.00002609 |        0.00002609 |        0.00000000 |        0.00002609 |        0.00002609 
Carpet          | Startup routine                         |          0.00000200 |       0.00000000 |   0.00000155 |        0.00000155 |        0.00000000 |        0.00000155 |        0.00000155 
IOUtil          | Startup routine                         |          0.00000800 |       0.00000100 |   0.00000735 |        0.00000735 |        0.00000000 |        0.00000735 |        0.00000735 
CarpetIOScalar  | Startup routine                         |          0.00000500 |       0.00000000 |   0.00000587 |        0.00000587 |        0.00000000 |        0.00000587 |        0.00000587 
CarpetInterp    | Startup routine                         |          0.00000400 |       0.00000000 |   0.00000387 |        0.00000387 |        0.00000000 |        0.00000387 |        0.00000387 
CarpetReduce    | Startup routine                         |          0.00009800 |       0.00001100 |   0.00009872 |        0.00009872 |        0.00000000 |        0.00009872 |        0.00009872 
CartGrid3D      | Register GH Extension for GridSymmetry  |          0.00000100 |       0.00000000 |   0.00000147 |        0.00000147 |        0.00000000 |        0.00000147 |        0.00000147 
CoordBase       | Register a GH extension to store the coo|          0.00000100 |       0.00000000 |   0.00000120 |        0.00000120 |        0.00000000 |        0.00000120 |        0.00000120 
AEILocalInterp  | register CCTK_InterpLocalUniform() inter|          0.00000300 |       0.00000100 |   0.00000288 |        0.00000288 |        0.00000000 |        0.00000288 |        0.00000288 
EMGEvolve       | Register the masks for excision         |          0.00001000 |       0.00000100 |   0.00001013 |        0.00001013 |        0.00000000 |        0.00001013 |        0.00001013 
CarpetIOASCII   | Startup routine                         |          0.00050200 |       0.00040000 |   0.00050248 |        0.00050248 |        0.00000000 |        0.00050248 |        0.00050248 
LeanBSSNMoL     | Register slicing                        |          0.00011900 |       0.00011900 |   0.00011939 |        0.00011939 |        0.00000000 |        0.00011939 |        0.00011939 
LocalInterp     | register LocalInterp's interpolation ope|          0.00000100 |       0.00000300 |   0.00000382 |        0.00000382 |        0.00000000 |        0.00000382 |        0.00000382 
CarpetIOBasic   | Startup routine                         |          0.00000500 |       0.00000300 |   0.00000329 |        0.00000329 |        0.00000000 |        0.00000329 |        0.00000329 
MoL             | Startup banner                          |          0.00000100 |       0.00000100 |   0.00000095 |        0.00000095 |        0.00000000 |        0.00000095 |        0.00000095 
Slab            | Create MPI datatypes for complex variabl|          0.00001100 |       0.00000600 |   0.00000573 |        0.00000573 |        0.00000000 |        0.00000573 |        0.00000573 
SymBase         | Register GH Extension for SymBase       |          0.00001600 |       0.00001500 |   0.00001036 |        0.00001036 |        0.00000000 |        0.00001036 |        0.00001036 
TerminationTrigg| Start signal handler                    |          0.00004900 |       0.00005000 |   0.00004714 |        0.00004714 |        0.00000000 |        0.00004714 |        0.00004714 
CarpetIOHDF5    | Startup routine                         |          0.00022200 |       0.00022200 |   0.00022239 |        0.00022239 |        0.00000000 |        0.00022239 |        0.00022239 
Vectors         | Print startup message                   |          0.00000200 |       0.00000100 |   0.00000188 |        0.00000188 |        0.00000000 |        0.00000188 |        0.00000188 
hwloc           | Output hwloc version                    |          0.00000400 |       0.00000500 |   0.00000471 |        0.00000471 |        0.00000000 |        0.00000471 |        0.00000471 
--------------------------------------------------------------------------------------------------------------------------------------------------------------------------------------------------
                | Total time for CCTK_STARTUP             |          0.10815900 |       0.10410000 |   0.00109121 |        0.00109121 |        0.00000000 |        0.00109121 |        0.00109121 
==================================================================================================================================================================================================
ADMBase         | Set up GF symmetries                    |          0.00008300 |       0.00005500 |   0.00008283 |        0.00008283 |        0.00000000 |        0.00008283 |        0.00008283 
Boundary        | Register boundary conditions that this t|          0.00001400 |       0.00001400 |   0.00001427 |        0.00001427 |        0.00000000 |        0.00001427 |        0.00001427 
CarpetRegrid2   | Initialise locations of refined regions |          0.00002700 |       0.00002700 |   0.00002639 |        0.00002639 |        0.00000000 |        0.00002639 |        0.00002639 
CartGrid3D      | Register coordinates for the Cartesian g|          0.00020500 |       0.00020500 |   0.00020541 |        0.00020541 |        0.00000000 |        0.00020541 |        0.00020541 
CoordGauge      | Initialize slicing, setup priorities for|          0.00001100 |       0.00001100 |   0.00001079 |        0.00001079 |        0.00000000 |        0.00001079 |        0.00001079 
CoordGauge      | Identify the slicing for the next iterat|          0.00000700 |       0.00000700 |   0.00000622 |        0.00000622 |        0.00000000 |        0.00000622 |        0.00000622 
MoL             | Set up the MoL bookkeeping index arrays |          0.00004400 |       0.00004500 |   0.00004429 |        0.00004429 |        0.00000000 |        0.00004429 |        0.00004429 
MoL             | Set the flag so it is ok to register wit|          0.00000700 |       0.00000700 |   0.00000661 |        0.00000661 |        0.00000000 |        0.00000661 |        0.00000661 
TmunuBase       | Set the stress_energy_state variable    |          0.00007200 |       0.00007200 |   0.00007224 |        0.00007224 |        0.00000000 |        0.00007224 |        0.00007224 
EMGEvolve       | Register variables for MoL              |          0.00014300 |       0.00014400 |   0.00014333 |        0.00014333 |        0.00000000 |        0.00014333 |        0.00014333 
LeanBSSNMoL     | Register variables for MoL              |          0.00013500 |       0.00013400 |   0.00013405 |        0.00013405 |        0.00000000 |        0.00013405 |        0.00013405 
Slab            | Initialise timers                       |          0.00001500 |       0.00001600 |   0.00001562 |        0.00001562 |        0.00000000 |        0.00001562 |        0.00001562 
SpaceMask       | Set grid symmetries for mask            |          0.00000900 |       0.00000900 |   0.00000892 |        0.00000892 |        0.00000000 |        0.00000892 |        0.00000892 
SpaceMask       | Set grid symmetries for emask (compatibi|          0.00000600 |       0.00000500 |   0.00000577 |        0.00000577 |        0.00000000 |        0.00000577 |        0.00000577 
CartGrid3D      | Register symmetry boundaries            |          0.00009100 |       0.00009200 |   0.00009189 |        0.00009189 |        0.00000000 |        0.00009189 |        0.00009189 
ReflectionSymmet| Register reflection symmetry boundaries |          0.00002200 |       0.00002300 |   0.00002217 |        0.00002217 |        0.00000000 |        0.00002217 |        0.00002217 
SymBase         | Print symmetry boundary face description|          0.00000600 |       0.00000600 |   0.00000624 |        0.00000624 |        0.00000000 |        0.00000624 |        0.00000624 
MoL             | Report how many of each type of variable|          0.00009800 |       0.00009800 |   0.00009802 |        0.00009802 |        0.00000000 |        0.00009802 |        0.00009802 
--------------------------------------------------------------------------------------------------------------------------------------------------------------------------------------------------
                | Total time for CCTK_WRAGH               |          0.00099500 |       0.00097000 |   0.00099506 |        0.00099506 |        0.00000000 |        0.00099506 |        0.00099506 
==================================================================================================================================================================================================
ADMBase         | Check consistency of parameters         |          0.00001200 |       0.00001300 |   0.00001237 |        0.00001237 |        0.00000000 |        0.00001237 |        0.00001237 
Boundary        | Check dimension of grid variables       |          0.00000500 |       0.00000400 |   0.00000429 |        0.00000429 |        0.00000000 |        0.00000429 |        0.00000429 
Carpet          | Parameter checking routine              |          0.00003300 |       0.00003300 |   0.00003267 |        0.00003267 |        0.00000000 |        0.00003267 |        0.00003267 
CarpetLib       | Test prolongation operators             |          0.00002900 |       0.00003000 |   0.00002945 |        0.00002945 |        0.00000000 |        0.00002945 |        0.00002945 
CarpetMask      | Check parameters                        |          0.00000500 |       0.00000400 |   0.00000488 |        0.00000488 |        0.00000000 |        0.00000488 |        0.00000488 
CarpetRegrid2   | Check parameters                        |          0.00004200 |       0.00004200 |   0.00004202 |        0.00004202 |        0.00000000 |        0.00004202 |        0.00004202 
CartGrid3D      | Check coordinates for CartGrid3D        |          0.00000900 |       0.00000900 |   0.00000914 |        0.00000914 |        0.00000000 |        0.00000914 |        0.00000914 
Dissipation     | Check dissipation parameters for consist|          0.00001000 |       0.00001000 |   0.00001037 |        0.00001037 |        0.00000000 |        0.00001037 |        0.00001037 
Fortran         | Test whether Fortran parameters work cor|          0.00000600 |       0.00000600 |   0.00000587 |        0.00000587 |        0.00000000 |        0.00000587 |        0.00000587 
LeanBSSNMoL     | Check Lean parameters for consistency   |          0.00000500 |       0.00000600 |   0.00000546 |        0.00000546 |        0.00000000 |        0.00000546 |        0.00000546 
MoL             | Basic parameter checking                |          0.00000600 |       0.00000700 |   0.00000667 |        0.00000667 |        0.00000000 |        0.00000667 |        0.00000667 
Multipole       | Check Multipole parameters              |          0.00000900 |       0.00000900 |   0.00000915 |        0.00000915 |        0.00000000 |        0.00000915 |        0.00000915 
NPScalars       | Check NPScalars parameters for consisten|          0.00000400 |       0.00000500 |   0.00000464 |        0.00000464 |        0.00000000 |        0.00000464 |        0.00000464 
QuasiLocalMeasur| Check quasi-local parameter settings    |          0.00092300 |       0.00090400 |   0.00092364 |        0.00092364 |        0.00000000 |        0.00092364 |        0.00092364 
SphericalSurface| Check that all surface names are unique |          0.00000500 |       0.00000400 |   0.00000468 |        0.00000468 |        0.00000000 |        0.00000468 |        0.00000468 
TerminationTrigg| Check consitency of parameters          |          0.00000500 |       0.00000600 |   0.00000528 |        0.00000528 |        0.00000000 |        0.00000528 |        0.00000528 
TmunuBase       | Check that no deprecated parameters are |          0.00000400 |       0.00000400 |   0.00000416 |        0.00000416 |        0.00000000 |        0.00000416 |        0.00000416 
TwoChargedPunctu| Check parameters and thorn needs        |          0.00000700 |       0.00000700 |   0.00000719 |        0.00000719 |        0.00000000 |        0.00000719 |        0.00000719 
Vectors         | Run correctness tests.                  |          0.00004300 |       0.00004300 |   0.00004284 |        0.00004284 |        0.00000000 |        0.00004284 |        0.00004284 
--------------------------------------------------------------------------------------------------------------------------------------------------------------------------------------------------
                | Total time for CCTK_PARAMCHECK          |          0.00116200 |       0.00114600 |   0.00116477 |        0.00116477 |        0.00000000 |        0.00116477 |        0.00116477 
==================================================================================================================================================================================================
ADMBase         | Set the shift_state variable to 1       |          0.00144100 |       0.00142600 |   0.00143718 |        0.00015969 |        0.00010647 |        0.00010319 |        0.00019928 
ADMBase         | Set the dtlapse_state variable to 1     |          0.00015800 |       0.00015800 |   0.00015686 |        0.00001743 |        0.00000327 |        0.00001566 |        0.00001936 
ADMBase         | Set the dtshift_state variable to 1     |          0.00014900 |       0.00014800 |   0.00014799 |        0.00001644 |        0.00000365 |        0.00001468 |        0.00001823 
ADMMacros       | Initialize the local_spatial_order      |          0.00015600 |       0.00015600 |   0.00015539 |        0.00001727 |        0.00000297 |        0.00001585 |        0.00001924 
CartGrid3D      | Set up ranges for spatial 3D Cartesian c|          0.00024800 |       0.00024500 |   0.00024703 |        0.00002745 |        0.00006698 |        0.00001771 |        0.00009050 
CartGrid3D      | Set up spatial 3D Cartesian coordinates |          0.01252200 |       0.00425800 |   0.01251789 |        0.00139088 |        0.00491762 |        0.00051061 |        0.00589085 
SphericalSurface| Set surface resolution automatically    |          0.00078200 |       0.00011300 |   0.00078324 |        0.00008703 |        0.00072695 |        0.00000113 |        0.00077241 
AHFinderDirect  | setup data structures                   |          0.00243000 |       0.00100900 |   0.00242750 |        0.00026972 |        0.00227741 |        0.00000098 |        0.00241688 
Dissipation     | Ensure that there are enough ghost zones|          0.00248400 |       0.00102700 |   0.00248060 |        0.00027562 |        0.00100174 |        0.00008700 |        0.00119228 
EMGBase         | Register symmetries of the grid function|          0.00007200 |       0.00003900 |   0.00006988 |        0.00000776 |        0.00005452 |        0.00000110 |        0.00005917 
EMGEvolve       | Schedule symmetries                     |          0.00064100 |       0.00038600 |   0.00063894 |        0.00007099 |        0.00058928 |        0.00000110 |        0.00062658 
EMGEvolve       | set all rhs functions to zero to prevent|          0.01893200 |       0.00177200 |   0.01892940 |        0.00210327 |        0.00895917 |        0.00059626 |        0.01041168 
LeanBSSNMoL     | Register symmetries of the BSSN grid fun|          0.00022100 |       0.00012500 |   0.00022107 |        0.00002456 |        0.00019464 |        0.00000113 |        0.00020807 
LeanBSSNMoL     | Set all rhs functions to zero to prevent|          0.05043300 |       0.00564500 |   0.05042641 |        0.00560293 |        0.02209272 |        0.00149321 |        0.02587021 
NPScalars       | Set symmetries for grid functions       |          0.00067700 |       0.00060400 |   0.00067698 |        0.00007522 |        0.00062340 |        0.00000134 |        0.00066297 
NPScalars_EMG   | Set symmetries for grid functions       |          0.00019900 |       0.00019300 |   0.00019845 |        0.00002205 |        0.00017631 |        0.00000108 |        0.00018827 
NaNChecker      | Reset the NaNChecker::NaNsFound counter |          0.00002900 |       0.00002500 |   0.00002918 |        0.00000324 |        0.00001692 |        0.00000109 |        0.00001919 
SpaceMask       | Initialise mask to zero                 |          0.00225100 |       0.00106900 |   0.00224987 |        0.00024999 |        0.00063197 |        0.00011708 |        0.00082670 
SpaceMask       | Set old style mask to one               |          0.00241000 |       0.00146300 |   0.00240658 |        0.00026740 |        0.00088858 |        0.00008329 |        0.00106668 
SphericalSurface| Calculate surface coordinate descriptors|          0.00006300 |       0.00003300 |   0.00006253 |        0.00000695 |        0.00003964 |        0.00000108 |        0.00004349 
CarpetReduce    | Allocate the weight function            |          0.00019600 |       0.00011800 |   0.00019478 |        0.00002164 |        0.00017241 |        0.00000105 |        0.00018419 
CarpetReduce    | Initialise the weight function          |          0.00235300 |       0.00028700 |   0.00234743 |        0.00026083 |        0.00220338 |        0.00000102 |        0.00233819 
CarpetReduce    | Set up the outer boundaries of the weigh|          0.00113400 |       0.00100500 |   0.00113149 |        0.00012572 |        0.00105659 |        0.00000095 |        0.00112189 
CarpetReduce    | Set up the weight function for the restr|          0.00142700 |       0.00139500 |   0.00142505 |        0.00015834 |        0.00133002 |        0.00000112 |        0.00141229 
CarpetMask      | Set up the weight function for the exclu|          0.00023600 |       0.00022600 |   0.00023239 |        0.00002582 |        0.00020510 |        0.00000136 |        0.00021919 
CarpetMask      | Set up the weight function for the exclu|          0.00019800 |       0.00019300 |   0.00019574 |        0.00002175 |        0.00017302 |        0.00000107 |        0.00018487 
CarpetReduce    | Set the weight function                 |          0.00551000 |       0.00249500 |   0.00550717 |        0.00061191 |        0.00518017 |        0.00000115 |        0.00549582 
CarpetReduce    | Test the weight function                |          0.01307300 |       0.01297700 |   0.01306909 |        0.00145212 |        0.01230930 |        0.00000107 |        0.01305744 
SphericalSurface| Set surface radii to be used for initial|          0.00004900 |       0.00004300 |   0.00004726 |        0.00000525 |        0.00003255 |        0.00000118 |        0.00003593 
SphericalSurface| Test the state of the spherical surfaces|          0.00002400 |       0.00001600 |   0.00002225 |        0.00000247 |        0.00000936 |        0.00000123 |        0.00001129 
SymBase         | Check whether the driver set up the grid|          0.00026300 |       0.00017600 |   0.00026068 |        0.00002896 |        0.00006825 |        0.00001838 |        0.00009317 
TerminationTrigg| Clear trigger state                     |          0.00016100 |       0.00009100 |   0.00016163 |        0.00001796 |        0.00000357 |        0.00001623 |        0.00001989 
TerminationTrigg| Start timer                             |          0.00024500 |       0.00012700 |   0.00024408 |        0.00002712 |        0.00001311 |        0.00002389 |        0.00003915 
TerminationTrigg| Create termination file                 |          0.00402400 |       0.00117000 |   0.00402448 |        0.00044716 |        0.00066511 |        0.00025749 |        0.00104655 
Time            | Initialise Time variables               |          0.00002800 |       0.00002300 |   0.00002659 |        0.00000295 |        0.00001174 |        0.00000107 |        0.00001401 
Time            | Set timestep based on Courant condition |          0.00008700 |       0.00005500 |   0.00008651 |        0.00000961 |        0.00000153 |        0.00000864 |        0.00001048 
--------------------------------------------------------------------------------------------------------------------------------------------------------------------------------------------------
                | Total time for CCTK_BASEGRID            |          0.12530600 |       0.04029100 |   0.12523962 |        0.01391551 |        0.06680941 |        0.00340147 |        0.07588640 
==================================================================================================================================================================================================
StaticConformal | Set the conformal_state variable to 0   |          0.00020000 |       0.00013000 |   0.00019784 |        0.00002198 |        0.00001088 |        0.00001759 |        0.00003048 
TwoChargedPunctu| Create puncture black hole initial data |        264.88338500 |     263.40276400 | 264.84801395 |       29.42755711 |      175.54218018 |        4.97760209 |      194.53017197 
ADMBase         | Set the shift to 0 at all points        |          0.01308700 |       0.00240000 |   0.01308379 |        0.00145375 |        0.00409097 |        0.00053335 |        0.00516005 
ADMBase         | Set the dtlapse to 0 at all points      |          0.00440100 |       0.00176400 |   0.00440122 |        0.00048902 |        0.00134899 |        0.00018787 |        0.00170608 
ADMBase         | Set the dtshift to 0 at all points      |          0.01169900 |       0.00200900 |   0.01169937 |        0.00129993 |        0.00399413 |        0.00044950 |        0.00493373 
CarpetIOASCII   | Initialisation routine                  |          0.00006700 |       0.00005200 |   0.00006297 |        0.00000700 |        0.00004320 |        0.00000114 |        0.00004745 
CarpetIOBasic   | Initialisation routine                  |          0.00002200 |       0.00001500 |   0.00002173 |        0.00000241 |        0.00001087 |        0.00000105 |        0.00001266 
CarpetIOHDF5    | Initialisation routine                  |          0.00002700 |       0.00001900 |   0.00002475 |        0.00000275 |        0.00001411 |        0.00000097 |        0.00001605 
CarpetIOScalar  | Initialisation routine                  |          0.00002200 |       0.00001500 |   0.00002097 |        0.00000233 |        0.00000988 |        0.00000104 |        0.00001164 
LeanBSSNMoL     | Convert initial data into BSSN variables|          0.10046200 |       0.07530700 |   0.10044977 |        0.01116109 |        0.04252249 |        0.00314028 |        0.05015879 
LeanBSSNMoL     | Boundary enforcement                    |         26.57055800 |      26.40800200 |  26.56700969 |        2.95188997 |        8.67989824 |        0.27541375 |       10.24471833 
MoL             | Initialise the step size control        |          0.00008800 |       0.00008300 |   0.00008545 |        0.00000949 |        0.00001395 |        0.00000520 |        0.00002139 
PunctureTracker | Calculate initial location of punctures |          0.00009100 |       0.00008900 |   0.00008981 |        0.00000998 |        0.00007400 |        0.00000103 |        0.00007974 
QuasiLocalMeasur| Initialise quasi-local calculations     |          0.00019600 |       0.00019700 |   0.00019471 |        0.00002163 |        0.00017386 |        0.00000106 |        0.00018555 
Boundary        | Apply all requested local physical bound|          0.00124400 |       0.00122400 |   0.00124095 |        0.00013788 |        0.00012229 |        0.00007658 |        0.00021188 
CartGrid3D      | Apply symmetry boundary conditions      |          0.00022700 |       0.00022300 |   0.00022586 |        0.00002510 |        0.00001061 |        0.00002091 |        0.00003377 
ReflectionSymmet| Apply reflection symmetries             |          0.00033900 |       0.00033500 |   0.00033911 |        0.00003768 |        0.00005807 |        0.00002583 |        0.00009195 
Boundary        | Unselect all grid variables for boundary|          0.00004300 |       0.00004300 |   0.00004363 |        0.00000485 |        0.00000278 |        0.00000394 |        0.00000721 
--------------------------------------------------------------------------------------------------------------------------------------------------------------------------------------------------
                | Total time for CCTK_INITIAL             |        291.58615800 |     289.89467100 | 291.54720556 |       32.39413395 |      184.27457949 |        5.25748318 |      204.83759874 
==================================================================================================================================================================================================
CarpetIOHDF5    | Close all filereader input files        |          0.00011800 |       0.00011000 |   0.00011402 |        0.00001267 |        0.00009251 |        0.00000144 |        0.00009988 
LeanBSSNMoL     | Remove trace of A                       |          0.01382500 |       0.01366900 |   0.01382106 |        0.00153567 |        0.00505294 |        0.00056221 |        0.00612576 
EMGEvolve       | MoL boundary enforcement for EMG variabl|          1.64138900 |       1.62563800 |   1.64116824 |        0.18235203 |        1.46838126 |        0.00523644 |        1.56671588 
Boundary        | Apply all requested local physical bound|          0.00738000 |       0.00645700 |   0.00736654 |        0.00016370 |        0.00128453 |        0.00003879 |        0.00134585 
CartGrid3D      | Apply symmetry boundary conditions      |          0.00100700 |       0.00086700 |   0.00099207 |        0.00002205 |        0.00006486 |        0.00001619 |        0.00008332 
ReflectionSymmet| Apply reflection symmetries             |          0.00118800 |       0.00103500 |   0.00118105 |        0.00002625 |        0.00006583 |        0.00001692 |        0.00008067 
Boundary        | Unselect all grid variables for boundary|          0.00026600 |       0.00022300 |   0.00026395 |        0.00000587 |        0.00001801 |        0.00000327 |        0.00001771 
LeanBSSNMoL     | Make sure conformal factor does not drop|          0.00126400 |       0.00073200 |   0.00126411 |        0.00014046 |        0.00031212 |        0.00005835 |        0.00036422 
LeanBSSNMoL     | MoL boundary enforcement                |          3.38275700 |       3.32615800 |   3.38230895 |        0.37581211 |        2.98543074 |        0.01461442 |        3.19034364 
LeanBSSNMoL     | Convert variables back to the ADM ones  |          0.02953600 |       0.02631200 |   0.02953346 |        0.00328150 |        0.01250254 |        0.00076219 |        0.01407757 
TmunuBase       | Initialise the stress-energy tensor to z|          0.02143500 |       0.00300700 |   0.02143210 |        0.00238134 |        0.00793676 |        0.00070547 |        0.00940065 
EMGEvolve       | Compute the energy-momentum tensor      |          0.03868200 |       0.03689900 |   0.03867757 |        0.00429751 |        0.01772600 |        0.00113668 |        0.02057550 
NPScalars       | calculate Psi4 as grid function         |          0.85662400 |       0.84753700 |   0.85651067 |        0.04758393 |        0.28343487 |        0.01136032 |        0.23640356 
NPScalars       | Symmetry boundary conditions            |          0.21355400 |       0.20954700 |   0.21352298 |        0.01186239 |        0.08672504 |        0.00146684 |        0.08977534 
NPScalars_EMG   | calculate grid functions                |          0.43405600 |       0.41598000 |   0.43399843 |        0.04822205 |        0.19987868 |        0.01231413 |        0.23170959 
NPScalars_EMG   | Symmetry boundary conditions            |          0.16993000 |       0.16324000 |   0.16990984 |        0.01887887 |        0.05651932 |        0.00622199 |        0.06564251 
--------------------------------------------------------------------------------------------------------------------------------------------------------------------------------------------------
                | Total time for CCTK_POSTINITIAL         |          6.81301100 |       6.67741100 |   6.81206503 |        0.69657837 |        5.12542600 |        0.05451566 |        5.43276165 
==================================================================================================================================================================================================
LeanBSSNMoL     | Remove trace of A                       |          0.02225800 |       0.01533400 |   0.02225372 |        0.00247264 |        0.00862450 |        0.00089147 |        0.01030742 
EMGEvolve       | MoL boundary enforcement for EMG variabl|          0.14830900 |       0.13727900 |   0.14829025 |        0.01647669 |        0.03914933 |        0.00535070 |        0.04344014 
Boundary        | Apply all requested local physical bound|          0.00682300 |       0.00658300 |   0.00682204 |        0.00018950 |        0.00188240 |        0.00008030 |        0.00202559 
CartGrid3D      | Apply symmetry boundary conditions      |          0.00083300 |       0.00076600 |   0.00083226 |        0.00002312 |        0.00010314 |        0.00001737 |        0.00012409 
ReflectionSymmet| Apply reflection symmetries             |          0.00093800 |       0.00086400 |   0.00093693 |        0.00002603 |        0.00002947 |        0.00001915 |        0.00003591 
Boundary        | Unselect all grid variables for boundary|          0.00018700 |       0.00017000 |   0.00018676 |        0.00000519 |        0.00001136 |        0.00000352 |        0.00001185 
LeanBSSNMoL     | Make sure conformal factor does not drop|          0.00162200 |       0.00050000 |   0.00162215 |        0.00018024 |        0.00066723 |        0.00006219 |        0.00079849 
LeanBSSNMoL     | MoL boundary enforcement                |          0.22990900 |       0.20828600 |   0.22988028 |        0.02554225 |        0.03265621 |        0.01479325 |        0.04470624 
LeanBSSNMoL     | Convert variables back to the ADM ones  |          0.03353200 |       0.02637200 |   0.03352849 |        0.00372539 |        0.01196264 |        0.00102069 |        0.01332806 
TmunuBase       | Initialise the stress-energy tensor to z|          0.01864000 |       0.00475100 |   0.01863614 |        0.00207068 |        0.00644208 |        0.00066336 |        0.00757239 
EMGEvolve       | Compute the energy-momentum tensor      |          0.03759800 |       0.03721500 |   0.03759385 |        0.00417709 |        0.01655281 |        0.00111406 |        0.01941703 
NPScalars       | Symmetry boundary conditions            |          0.09504600 |       0.09293400 |   0.09503067 |        0.01055896 |        0.05481024 |        0.00169908 |        0.06202995 
NPScalars_EMG   | Symmetry boundary conditions            |          0.10575300 |       0.10097300 |   0.10574196 |        0.01174911 |        0.01378293 |        0.00695431 |        0.01901115 
--------------------------------------------------------------------------------------------------------------------------------------------------------------------------------------------------
                | Total time for CCTK_POSTRESTRICTINITIAL |          0.70144800 |       0.63202700 |   0.70135551 |        0.07719689 |        0.18667433 |        0.03266945 |        0.22280831 
==================================================================================================================================================================================================
CarpetIOHDF5    | Initial data checkpoint routine         |          0.00028700 |       0.00027700 |   0.00028470 |        0.00003163 |        0.00023729 |        0.00000289 |        0.00025533 
--------------------------------------------------------------------------------------------------------------------------------------------------------------------------------------------------
                | Total time for CCTK_CPINITIAL           |          0.00028700 |       0.00027700 |   0.00028470 |        0.00003163 |        0.00023729 |        0.00000289 |        0.00025533 
==================================================================================================================================================================================================
AHFinderDirect  | import the excision mask                |          0.00526700 |       0.00412100 |   0.00526413 |        0.00058490 |        0.00495085 |        0.00000119 |        0.00525261 
AHFinderDirect  | find apparent horizon(s) after this time|          2.18444900 |       2.13361100 |   2.18415819 |        0.24268424 |        2.05923441 |        0.00000108 |        2.18414906 
AHFinderDirect  | store apparent horizon(s) into spherical|          0.00428100 |       0.00421400 |   0.00427782 |        0.00047531 |        0.00402265 |        0.00000116 |        0.00426790 
AHFinderDirect  | save apparent horizon(s) into Cactus var|          0.00014800 |       0.00013900 |   0.00014680 |        0.00001631 |        0.00012727 |        0.00000112 |        0.00013630 
AHFinderDirect  | set mask(s) based on apparent horizon po|          0.00243600 |       0.00197300 |   0.00243803 |        0.00027089 |        0.00052205 |        0.00012831 |        0.00068943 
SphericalSurface| Set surface radii                       |          0.00004600 |       0.00004500 |   0.00004762 |        0.00000529 |        0.00003543 |        0.00000098 |        0.00003870 
SphericalSurface| Test the state of the spherical surfaces|          0.00002000 |       0.00001700 |   0.00001932 |        0.00000215 |        0.00000917 |        0.00000097 |        0.00001079 
NaNChecker      | Prepare data structures to check for NaN|          0.00004300 |       0.00003800 |   0.00004418 |        0.00000491 |        0.00000898 |        0.00000322 |        0.00001320 
NaNChecker      | Check for NaNs                          |          0.00572000 |       0.00507100 |   0.00571888 |        0.00063543 |        0.00217576 |        0.00023152 |        0.00262980 
NaNChecker      | Count NaNs in NaNChecker::NaNsFound     |          0.02476700 |       0.02448400 |   0.02476275 |        0.00275142 |        0.01338033 |        0.00029706 |        0.01504587 
NaNChecker      | Output NaNChecker::NaNmask and take acti|          0.00008400 |       0.00008600 |   0.00008322 |        0.00000925 |        0.00006781 |        0.00000108 |        0.00007317 
PunctureTracker | Copy puncture positions to spherical sur|          0.00002500 |       0.00002700 |   0.00002525 |        0.00000281 |        0.00001456 |        0.00000100 |        0.00001653 
SpaceMask       | Ensure that all mask values are legal   |          0.00162400 |       0.00159200 |   0.00162139 |        0.00018015 |        0.00058279 |        0.00006760 |        0.00071292 
Dissipation     | Setup spatially varying dissipation     |          0.00491100 |       0.00386100 |   0.00491074 |        0.00054564 |        0.00167958 |        0.00023640 |        0.00208181 
CarpetReduce    | Allocate the weight function            |          0.00010000 |       0.00009300 |   0.00009840 |        0.00001093 |        0.00008266 |        0.00000104 |        0.00008886 
CarpetReduce    | Initialise the weight function          |          0.00185900 |       0.00183400 |   0.00185936 |        0.00020660 |        0.00174439 |        0.00000098 |        0.00185122 
CarpetReduce    | Set up the outer boundaries of the weigh|          0.00118400 |       0.00078500 |   0.00118362 |        0.00013151 |        0.00110733 |        0.00000098 |        0.00117552 
CarpetReduce    | Set up the weight function for the restr|          0.00152700 |       0.00091900 |   0.00152649 |        0.00016961 |        0.00142995 |        0.00000100 |        0.00151778 
CarpetMask      | Set up the weight function for the exclu|          0.00027800 |       0.00026500 |   0.00027711 |        0.00003079 |        0.00025234 |        0.00000101 |        0.00026870 
CarpetMask      | Set up the weight function for the exclu|          0.03878600 |       0.03842000 |   0.03877754 |        0.00430862 |        0.03655084 |        0.00000093 |        0.03876907 
CarpetReduce    | Set the weight function                 |          0.00522700 |       0.00319000 |   0.00522599 |        0.00058067 |        0.00491811 |        0.00000096 |        0.00521750 
CarpetReduce    | Test the weight function                |          0.01323800 |       0.01315500 |   0.01323563 |        0.00147063 |        0.01247048 |        0.00000093 |        0.01322791 
--------------------------------------------------------------------------------------------------------------------------------------------------------------------------------------------------
                | Total time for CCTK_POSTSTEP            |          2.29602000 |       2.23794000 |   2.29570243 |        0.25507805 |        2.14536774 |        0.00098051 |        2.27723466 
==================================================================================================================================================================================================
CarpetLib       | Print timing statistics if desired      |          0.00004600 |       0.00004600 |   0.00004561 |        0.00000507 |        0.00002143 |        0.00000160 |        0.00002485 
CarpetLib       | Print memory statistics if desired      |          0.00002700 |       0.00002300 |   0.00002435 |        0.00000271 |        0.00001278 |        0.00000104 |        0.00001476 
EMGEvolve       | Compute constraints                     |          0.09341900 |       0.07482100 |   0.09340582 |        0.01037842 |        0.03927508 |        0.00319566 |        0.04638012 
EMGEvolve       | Enforce symmetry BCs in constraint compu|          0.01142000 |       0.01071400 |   0.01141652 |        0.00126850 |        0.00152267 |        0.00082183 |        0.00244975 
Boundary        | Apply all requested local physical bound|          0.00639100 |       0.00518000 |   0.00637850 |        0.00023624 |        0.00139828 |        0.00011010 |        0.00133558 
CartGrid3D      | Apply symmetry boundary conditions      |          0.00077100 |       0.00059800 |   0.00076690 |        0.00002840 |        0.00009442 |        0.00001968 |        0.00009138 
ReflectionSymmet| Apply reflection symmetries             |          0.00069200 |       0.00054900 |   0.00069013 |        0.00002556 |        0.00002413 |        0.00002097 |        0.00003725 
Boundary        | Unselect all grid variables for boundary|          0.00014700 |       0.00010900 |   0.00014133 |        0.00000523 |        0.00000421 |        0.00000399 |        0.00000728 
LeanBSSNMoL     | Compute constraints                     |          0.33866400 |       0.32950300 |   0.33862179 |        0.03762464 |        0.15514962 |        0.00928036 |        0.17985164 
LeanBSSNMoL     | Enforce symmetry BCs in constraint compu|          0.06909200 |       0.06622000 |   0.06908364 |        0.00767596 |        0.02534218 |        0.00308198 |        0.03134092 
LoopControl     | Output LoopControl statistics           |          0.00073000 |       0.00071400 |   0.00072909 |        0.00008101 |        0.00067477 |        0.00000130 |        0.00071719 
Multipole       | Calculate Multipoles                    |          1.65694400 |       1.55834900 |   1.65672142 |        0.18408016 |        1.56196140 |        0.00000113 |        1.65671149 
NPScalars_EMG   | calculate grid functions                |          0.44481200 |       0.43960800 |   0.44475370 |        0.04941708 |        0.19782215 |        0.01163880 |        0.23107143 
NPScalars_EMG   | Symmetry boundary conditions            |          0.13220700 |       0.12780100 |   0.13218879 |        0.01468764 |        0.03434106 |        0.00691563 |        0.04486280 
QuasiLocalMeasur| Calculate quasi-local quantities        |          0.29331000 |       0.21048800 |   0.29327097 |        0.29327097 |        0.00000000 |        0.29327097 |        0.29327097 
SystemStatistics| Collect system statistics               |          0.00029000 |       0.00028100 |   0.00028338 |        0.00003149 |        0.00025350 |        0.00000098 |        0.00027049 
TerminationTrigg| Check elapsed job walltime              |          0.00028200 |       0.00027500 |   0.00028007 |        0.00003112 |        0.00008215 |        0.00001876 |        0.00010775 
TerminationTrigg| Check if we received a termination signa|          0.00019300 |       0.00018400 |   0.00019157 |        0.00002129 |        0.00001095 |        0.00001799 |        0.00002804 
TerminationTrigg| Check termination file                  |          0.00199100 |       0.00118500 |   0.00198844 |        0.00022094 |        0.00043755 |        0.00007001 |        0.00062009 
TimerReport     | Print the timer report                  |          0.00003600 |       0.00003300 |   0.00003664 |        0.00000407 |        0.00002344 |        0.00000114 |        0.00002617 
--------------------------------------------------------------------------------------------------------------------------------------------------------------------------------------------------
                | Total time for CCTK_ANALYSIS            |          3.05146400 |       2.82668100 |   3.05101867 |        0.59909651 |        2.01845178 |        0.32847393 |        2.48921994 
==================================================================================================================================================================================================
CarpetIOHDF5    | Termination checkpoint routine          |          0.00014600 |       0.00014600 |   0.00014654 |        0.00001628 |        0.00011969 |        0.00000109 |        0.00012893 
LoopControl     | Output LoopControl statistics           |          0.00011400 |       0.00011300 |   0.00011320 |        0.00001258 |        0.00009659 |        0.00000107 |        0.00010364 
MoL             | Free the MoL bookkeeping index arrays   |          0.00061000 |       0.00060400 |   0.00060912 |        0.00006768 |        0.00004209 |        0.00005362 |        0.00010082 
TimerReport     | Print the timer report                  |          1.14600300 |       1.12433100 |   1.14584932 |        0.12731659 |        1.08030810 |        0.00000100 |        1.14584083 
--------------------------------------------------------------------------------------------------------------------------------------------------------------------------------------------------
                | Total time for CCTK_TERMINATE           |          1.14687300 |       1.12519400 |   1.14671819 |        0.12741313 |        1.08056646 |        0.00005678 |        1.14617423 
==================================================================================================================================================================================================
Timers          | Prepare hierarchical timers             |          0.00034900 |       0.00034900 |   0.00034868 |        0.00034868 |        0.00000000 |        0.00034868 |        0.00034868 
--------------------------------------------------------------------------------------------------------------------------------------------------------------------------------------------------
                | Total time for CCTK_SHUTDOWN            |          0.00034900 |       0.00034900 |   0.00034868 |        0.00034868 |        0.00000000 |        0.00034868 |        0.00034868 
==================================================================================================================================================================================================
--------------------------------------------------------------------------------------------------------------------------------------------------------------------------------------------------
                | Total time for simulation               |        316.38353500 |     309.08525100 | 316.34128622 |      316.34128622 |        0.00000000 |      316.34128622 |      316.34128622 
==================================================================================================================================================================================================
--------------------------------------------------------------------------------
Done.
