unload bsc/1.0 (PATH, MANPATH)
unload UCX/1.15.0 (PATH, LD_LIBRARY_PATH, LIBRARY_PATH, C_INCLUDE_PATH,
CPLUS_INCLUDE_PATH) 
remove mkl/2023.2.0 (LD_LIBRARY_PATH)
remove impi/2021.10.0 (PATH, MANPATH, LD_LIBRARY_PATH)
load openmpi/4.1.5-gcc (LD_LIBRARY_PATH)
load mkl/2024.2 (LD_LIBRARY_PATH)
load LAPACK/3.11 (LD_LIBRARY_PATH, LIBRARY_PATH, PKG_CONFIG_PATH,
C_INCLUDE_PATH, CPLUS_INCLUDE_PATH) 
load HWLOC/2.10.0 (PATH, MANPATH, LD_LIBRARY_PATH, LIBRARY_PATH,
C_INCLUDE_PATH, PKG_CONFIG_PATH, HWLOC_DIR, HWLOC_ROOT) 
load ZLIB/1.3.1 (LD_LIBRARY_PATH, PKG_CONFIG_PATH, C_INCLUDE_PATH,
CPLUS_INCLUDE_PATH, MANPATH, CFLAGS, CXXFLAGS, LDFLAGS) 
load FFTW/3.3.10 (LD_LIBRARY_PATH, LIBRARY_PATH, CPATH, C_INCLUDE_PATH,
CPLUS_INCLUDE_PATH, PKG_CONFIG_PATH, FFTW_ROOT, FFTW_HOME) 
load OPENBLAS/0.3.27-openmp (LD_LIBRARY_PATH, LIBRARY_PATH, PKG_CONFIG_PATH,
CMAKE_PREFIX_PATH) 
load HDF5/1.14.1-2 (PATH, LD_LIBRARY_PATH, LIBRARY_PATH, C_INCLUDE_PATH,
CPLUS_INCLUDE_PATH, HDF5_DIR, HDF5_ROOT, CFLAGS, CPPFLAGS, LDFLAGS) 
load SCALAPACK/2.2.0 (LD_LIBRARY_PATH, LIBRARY_PATH, PKG_CONFIG_PATH,
C_INCLUDE_PATH, CPLUS_INCLUDE_PATH) 
load cmake/3.25.1 (LD_LIBRARY_PATH)
load BOOST/1.88.0 (PATH, LD_LIBRARY_PATH, LIBRARY_PATH, PKG_CONFIG_PATH,
C_INCLUDE_PATH, CPLUS_INCLUDE_PATH, BOOST_ROOT, BOOST_DIR) 
--------------------------------------------------------------------------------

       10                                  
  1   0101       ************************  
  01  1010 10      The Cactus Code V4.16.0    
 1010 1101 011      www.cactuscode.org     
  1001 100101    ************************  
    00010101                               
     100011     (c) Copyright The Authors  
      0100      GNU Licensed. No Warranty  
      0101                                 
--------------------------------------------------------------------------------

Cactus version:    4.16.0
Compile date:      Oct 01 2026 (11:20:29)
Run date:          Oct 01 2026 (11:33:55+0200)
Run host:          gs18r3b64 (pid=420413)
Working directory: /gpfs/projects/epor63/uapt015213/dyonic-collision/simulations/Headon_BSSN_L=512_M=0.5,0.5-Q=0.25,0-G=0,0.25-x0=8_h=4/output-0000
Executable:        /gpfs/projects/epor63/uapt015213/cactus/exe/cactus_base
Parameter file:    BSSN.par
--------------------------------------------------------------------------------

Activating thorn Cactus...Success -> active implementation Cactus
Activation requested for 
--->ADMBase ADMCoupling ADMMacros AEILocalInterp AHFinderDirect Boundary Carpet CarpetInterp CarpetLib CarpetMask CarpetReduce CarpetRegrid2 CarpetSlab CarpetTracker CartGrid3D CoordBase CoordGauge Dissipation GenericFD InitBase LocalInterp LoopControl MoL Multipole NaNChecker NewRad PunctureTracker ReflectionSymmetry Slab SpaceMask SphericalSurface StaticConformal SymBase Time TmunuBase Fortran GSL HDF5 LeanBSSNMoL EMGBase EMGEvolve TwoChargedPunctures NPScalars NPScalars_EMG QuasiLocalMeasures SystemStatistics TerminationTrigger TimerReport CarpetIOASCII CarpetIOBasic CarpetIOHDF5 CarpetIOScalar IOUtil<---
Thorn Carpet requests automatic activation of MPI
Thorn Carpet requests automatic activation of Timers
Thorn CarpetLib requests automatic activation of Vectors
Thorn CarpetLib requests automatic activation of Boost
Thorn CarpetLib requests automatic activation of CycleClock
Thorn HDF5 requests automatic activation of zlib
Thorn LoopControl requests automatic activation of hwloc
Thorn QuasiLocalMeasures requests automatic activation of LAPACK
Thorn QuasiLocalMeasures requests automatic activation of TGRtensor
Thorn LAPACK requests automatic activation of BLAS
Activating thorn ADMBase...Success -> active implementation ADMBase
Activating thorn ADMCoupling...Success -> active implementation ADMCoupling
Activating thorn ADMMacros...Success -> active implementation ADMMacros
Activating thorn AEILocalInterp...Success -> active implementation AEILocalInterp
Activating thorn AHFinderDirect...Success -> active implementation AHFinderDirect
Activating thorn BLAS...Success -> active implementation BLAS
Activating thorn Boost...Success -> active implementation Boost
Activating thorn Boundary...Success -> active implementation boundary
Activating thorn Carpet...Success -> active implementation Driver
Activating thorn CarpetInterp...Success -> active implementation interp
Activating thorn CarpetIOASCII...Success -> active implementation IOASCII
Activating thorn CarpetIOBasic...Success -> active implementation IOBasic
Activating thorn CarpetIOHDF5...Success -> active implementation IOHDF5
Activating thorn CarpetIOScalar...Success -> active implementation IOScalar
Activating thorn CarpetLib...Success -> active implementation CarpetLib
Activating thorn CarpetMask...Success -> active implementation CarpetMask
Activating thorn CarpetReduce...Success -> active implementation reduce
Activating thorn CarpetRegrid2...Success -> active implementation CarpetRegrid2
Activating thorn CarpetSlab...Success -> active implementation Hyperslab
Activating thorn CarpetTracker...Success -> active implementation CarpetTracker
Activating thorn CartGrid3D...Success -> active implementation grid
Activating thorn CoordBase...Success -> active implementation CoordBase
Activating thorn CoordGauge...Success -> active implementation CoordGauge
Activating thorn CycleClock...Success -> active implementation CycleClock
Activating thorn Dissipation...Success -> active implementation Dissipation
Activating thorn EMGBase...Success -> active implementation EMGBase
Activating thorn EMGEvolve...Success -> active implementation EMGEvolve
Activating thorn Fortran...Success -> active implementation Fortran
Activating thorn GenericFD...Success -> active implementation GenericFD
Activating thorn GSL...Success -> active implementation GSL
Activating thorn HDF5...Success -> active implementation HDF5
Activating thorn hwloc...Success -> active implementation hwloc
Activating thorn InitBase...Success -> active implementation InitBase
Activating thorn IOUtil...Success -> active implementation IO
Activating thorn LAPACK...Success -> active implementation LAPACK
Activating thorn LeanBSSNMoL...Success -> active implementation LeanBSSNMoL
Activating thorn LocalInterp...Success -> active implementation LocalInterp
Activating thorn LoopControl...Success -> active implementation LoopControl
Activating thorn MoL...Success -> active implementation MethodOfLines
Activating thorn MPI...Success -> active implementation MPI
Activating thorn Multipole...Success -> active implementation multipole
Activating thorn NaNChecker...Success -> active implementation NaNChecker
Activating thorn NewRad...Success -> active implementation NewRad
Activating thorn NPScalars...Success -> active implementation NPScalars
Activating thorn NPScalars_EMG...Success -> active implementation NPScalars_EMG
Activating thorn PunctureTracker...Success -> active implementation PunctureTracker
Activating thorn QuasiLocalMeasures...Success -> active implementation QuasiLocalMeasures
Activating thorn ReflectionSymmetry...Success -> active implementation ReflectionSymmetry
Activating thorn Slab...Success -> active implementation Slab
Activating thorn SpaceMask...Success -> active implementation SpaceMask
Activating thorn SphericalSurface...Success -> active implementation SphericalSurface
Activating thorn StaticConformal...Success -> active implementation StaticConformal
Activating thorn SymBase...Success -> active implementation SymBase
Activating thorn SystemStatistics...Success -> active implementation SystemStatistics
Activating thorn TerminationTrigger...Success -> active implementation TerminationTrigger
Activating thorn TGRtensor...Success -> active implementation TGRtensor
Activating thorn Time...Success -> active implementation time
Activating thorn TimerReport...Success -> active implementation timerreport
Activating thorn Timers...Success -> active implementation Timers
Activating thorn TmunuBase...Success -> active implementation TmunuBase
Activating thorn TwoChargedPunctures...Success -> active implementation TwoChargedPunctures
Activating thorn Vectors...Success -> active implementation Vectors
Activating thorn zlib...Success -> active implementation zlib
--------------------------------------------------------------------------------
  if (recover initial data)
    Recover parameters
  endif

  Startup routines
    [CCTK_STARTUP]
      Carpet::MultiModel_Startup: Multi-model Startup routine
      CycleClock::CycleClock_Setup: Set up CycleClock
      LoopControl::LC_setup: Set up LoopControl
      Timers::Timer_Startup: Prepare hierarchical timers
      Carpet::Driver_Startup: Startup routine
      IOUtil::IOUtil_Startup: Startup routine
      CarpetIOScalar::CarpetIOScalarStartup: [global] Startup routine
      CarpetInterp::CarpetInterpStartup: Startup routine
      CarpetReduce::CarpetReduceStartup: Startup routine
      CartGrid3D::SymmetryStartup: Register GH Extension for GridSymmetry
      CoordBase::CoordBase_Startup: Register a GH extension to store the coordinate system handles
      AEILocalInterp::AEILocalInterp_U_Startup: register CCTK_InterpLocalUniform() interpolation operators
      EMGEvolve::EMG_RegisterMask: Register the masks for excision
      CarpetIOASCII::CarpetIOASCIIStartup: [global] Startup routine
      LeanBSSNMoL::LeanBSSN_RegisterSlicing: [meta] Register slicing
      LocalInterp::LocalInterp_Startup: register LocalInterp's interpolation operators
      CarpetIOBasic::CarpetIOBasicStartup: [global] Startup routine
      MoL::MoL_Startup: Startup banner
      Slab::Slab_InitMPIDatatypes: Create MPI datatypes for complex variables in C
      SymBase::SymBase_Startup: Register GH Extension for SymBase
      TerminationTrigger::TerminationTrigger_StartSignalHandler: Start signal handler
      CarpetIOHDF5::CarpetIOHDF5_Startup: Startup routine
      Vectors::Vectors_Startup: Print startup message
      GROUP hwloc_startup: hwloc startup group
        hwloc::hwloc_version: Output hwloc version

  Startup routines which need an existing grid hierarchy
    [CCTK_WRAGH]
      ADMBase::Einstein_InitSymBound: [global] Set up GF symmetries
      Boundary::Boundary_RegisterBCs: [global] Register boundary conditions that this thorn provides
      CarpetRegrid2::CarpetRegrid2_Initialise: [global] Initialise locations of refined regions
      CartGrid3D::RegisterCartGrid3DCoords: [meta] Register coordinates for the Cartesian grid
      CoordGauge::Einstein_ActivateSlicing: Initialize slicing, setup priorities for mixed slicings
      CoordGauge::Einstein_SetNextSlicing: Identify the slicing for the next iteration
      MoL::MoL_SetupIndexArrays: Set up the MoL bookkeeping index arrays
      MoL::MoL_SetScheduleStatus: [global] Set the flag so it is ok to register with MoL
      TmunuBase::TmunuBase_SetStressEnergyState: [global] Set the stress_energy_state variable
      GROUP MoL_Register: The group where physics thorns register variables with MoL
        EMGEvolve::EMG_RegisterVars: [meta] Register variables for MoL
        LeanBSSNMoL::LeanBSSN_RegisterVars: [meta] Register variables for MoL
      Slab::Slab_InitTimers: Initialise timers
      SpaceMask::MaskSym: [global] Set grid symmetries for mask
      SpaceMask::MaskSym_emask: [global] Set grid symmetries for emask (compatibility mode)
      GROUP SymBase_Wrapper: Wrapper group for SymBase
        GROUP SymmetryRegister: Register your symmetries here
          CartGrid3D::CartGrid3D_RegisterSymmetryBoundaries: [meta] Register symmetry boundaries
          ReflectionSymmetry::ReflectionSymmetry_Register: Register reflection symmetry boundaries
        SymBase::SymBase_Statistics: Print symmetry boundary face descriptions
      MoL::MoL_ReportNumberVariables: [meta] Report how many of each type of variable there are
  Parameter checking routines
    [CCTK_PARAMCHECK]
      ADMBase::ADMBase_ParamCheck: [global] Check consistency of parameters
      Boundary::Boundary_Check: Check dimension of grid variables
      Carpet::CarpetParamCheck: Parameter checking routine
      CarpetLib::CarpetLib_test_prolongate_3d_rf2: [global] Test prolongation operators
      CarpetMask::CarpetSurfaceParamCheck: [global] Check parameters
      CarpetRegrid2::CarpetRegrid2_ParamCheck: Check parameters
      CartGrid3D::ParamCheck_CartGrid3D: Check coordinates for CartGrid3D
      Dissipation::dissipation_paramcheck: Check dissipation parameters for consistency
      Fortran::CheckFortranParameters: Test whether Fortran parameters work correctly
      LeanBSSNMoL::Lean_ParamCheck: Check Lean parameters for consistency
      MoL::MoL_ParamCheck: Basic parameter checking
      Multipole::Multipole_ParamCheck: [global] Check Multipole parameters
      NPScalars::NPScalars_ParamCheck: Check NPScalars parameters for consistency
      QuasiLocalMeasures::qlm_paramcheck: [global] Check quasi-local parameter settings
      SphericalSurface::SphericalSurface_ParamCheck: [global] Check that all surface names are unique
      TerminationTrigger::TerminationTrigger_ParamCheck: Check consitency of parameters
      TmunuBase::TmunuBase_ParamCheck: [global] Check that no deprecated parameters are used.
      TwoChargedPunctures::TwoChargedPunctures_ParamCheck: Check parameters and thorn needs
      Vectors::Vectors_Test: Run correctness tests.

  Initialisation
    if (NOT (recover initial data AND recovery_mode is 'strict'))
      [CCTK_PREREGRIDINITIAL]
      Set up grid hierarchy
      [CCTK_POSTREGRIDINITIAL]
        SpaceMask::MaskZero: Initialise mask to zero
        CartGrid3D::SpatialCoordinates: Set Coordinates after regridding
        GROUP MaskBase_SetupMask: Set up the weight function
          GROUP MaskBase_SetupMaskAll: Set up the weight function
            CarpetReduce::MaskBase_AllocateMask: [global] Allocate the weight function
            CarpetReduce::MaskBase_InitMask: [global] [loop-local] Initialise the weight function
            GROUP SetupIMaskInternal: Set up the integer weight function (schedule other routines in here)
              CarpetReduce::CoordBase_SetupMask: [global] [loop-local] Set up the outer boundaries of the weight function
              CarpetReduce::CarpetMaskSetup: [global] [loop-singlemap] Set up the weight function for the restriction regions
            GROUP SetupIMask: Set up the integer weight function (schedule other routines in here)
              CarpetMask::CarpetExcludedSetup: [global] [loop-local] Set up the weight function for the excluded regions
              CarpetMask::CarpetSurfaceSetup: [global] [loop-local] Set up the weight function for the excluded spherical surfaces
            CarpetReduce::MaskBase_SetMask: [global] [loop-local] Set the weight function
            GROUP SetupMask: Set up the real weight function (schedule other routines in here)
            CarpetReduce::MaskBase_TestMask: [global] Test the weight function
        Dissipation::setup_epsdis: Setup spatially varying dissipation
        GROUP MoL_PseudoEvolutionBoundaries: Apply boundary conditions to pseudo-evolved quantities
        GROUP CalcNPScalars_BC: Boundary conditions
          NPScalars::NPboundaries: [level] Symmetry boundary conditions
          GROUP ApplyBCs_NP: Apply boundary conditions
            GROUP BoundaryConditions: Execute all boundary conditions
              Boundary::Boundary_ApplyPhysicalBCs: Apply all requested local physical boundary conditions
              CartGrid3D::CartGrid3D_ApplyBC: Apply symmetry boundary conditions
              ReflectionSymmetry::ReflectionSymmetry_Apply: Apply reflection symmetries
            Boundary::Boundary_ClearSelection: [level] Unselect all grid variables for boundary conditions
        GROUP CalcNPEMGScalars_BC: Boundary conditions
          NPScalars_EMG::NPEMG_Boundaries: [level] Symmetry boundary conditions
          GROUP ApplyBCs_NPEMG: Apply boundary conditions
            GROUP BoundaryConditions: Execute all boundary conditions
              Boundary::Boundary_ApplyPhysicalBCs: Apply all requested local physical boundary conditions
              CartGrid3D::CartGrid3D_ApplyBC: Apply symmetry boundary conditions
              ReflectionSymmetry::ReflectionSymmetry_Apply: Apply reflection symmetries
            Boundary::Boundary_ClearSelection: [level] Unselect all grid variables for boundary conditions
        SpaceMask::MaskOne: Set mask to one
        AHFinderDirect::AHFinderDirect_maybe_do_masks: set mask(s) based on apparent horizon position(s)
      [CCTK_BASEGRID]
        ADMBase::ADMBase_SetShiftStateOn: Set the shift_state variable to 1
        ADMBase::ADMBase_SetDtLapseStateOn: Set the dtlapse_state variable to 1
        ADMBase::ADMBase_SetDtShiftStateOn: Set the dtshift_state variable to 1
        ADMMacros::ADMMacros_SetLocalSpatialOrder: Initialize the local_spatial_order
        CartGrid3D::SpatialSpacings: Set up ranges for spatial 3D Cartesian coordinates (on all grids)
        CartGrid3D::SpatialCoordinates: Set up spatial 3D Cartesian coordinates on the GH
        SphericalSurface::SphericalSurface_SetupRes: [global] [loop-local] Set surface resolution automatically
        AHFinderDirect::AHFinderDirect_setup: [global] setup data structures
        Dissipation::dissipation_basegrid: Ensure that there are enough ghost zones
        EMGBase::emg_symmetries: [global] Register symmetries of the grid functions
        EMGEvolve::EMG_InitSymBound: [meta] Schedule symmetries
        EMGEvolve::EMG_zero_rhs: set all rhs functions to zero to prevent spurious nans
        LeanBSSNMoL::LeanBSSN_symmetries: [global] Register symmetries of the BSSN grid functions
        LeanBSSNMoL::LeanBSSN_zero_rhs: Set all rhs functions to zero to prevent spurious nans
        NPScalars::NP_symmetries: [meta] Set symmetries for grid functions
        NPScalars_EMG::NPEMG_symmetries: [meta] Set symmetries for grid functions
        NaNChecker::NaNChecker_ResetCounter: [global] Reset the NaNChecker::NaNsFound counter
        SpaceMask::MaskZero: Initialise mask to zero
        SpaceMask::MaskOne: Set old style mask to one
        SphericalSurface::SphericalSurface_Setup: [global] Calculate surface coordinate descriptors
        GROUP MaskBase_SetupMask: Set up the weight function
          GROUP MaskBase_SetupMaskAll: Set up the weight function
            CarpetReduce::MaskBase_AllocateMask: [global] Allocate the weight function
            CarpetReduce::MaskBase_InitMask: [global] [loop-local] Initialise the weight function
            GROUP SetupIMaskInternal: Set up the integer weight function (schedule other routines in here)
              CarpetReduce::CoordBase_SetupMask: [global] [loop-local] Set up the outer boundaries of the weight function
              CarpetReduce::CarpetMaskSetup: [global] [loop-singlemap] Set up the weight function for the restriction regions
            GROUP SetupIMask: Set up the integer weight function (schedule other routines in here)
              CarpetMask::CarpetExcludedSetup: [global] [loop-local] Set up the weight function for the excluded regions
              CarpetMask::CarpetSurfaceSetup: [global] [loop-local] Set up the weight function for the excluded spherical surfaces
            CarpetReduce::MaskBase_SetMask: [global] [loop-local] Set the weight function
            GROUP SetupMask: Set up the real weight function (schedule other routines in here)
            CarpetReduce::MaskBase_TestMask: [global] Test the weight function
        SphericalSurface::SphericalSurface_Set: [global] Set surface radii to be used for initial setup in other thorns
        GROUP SphericalSurface_HasBeenSet: Set the spherical surfaces before this group, and use it afterwards
          SphericalSurface::SphericalSurface_CheckState: [global] Test the state of the spherical surfaces
        SymBase::SymBase_Check: Check whether the driver set up the grid consistently
        TerminationTrigger::TerminationTrigger_ResetTrigger: Clear trigger state
        TerminationTrigger::TerminationTrigger_StartTimer: Start timer
        TerminationTrigger::TerminationTrigger_CreateFile: Create termination file
        Time::Time_Initialise: [global] Initialise Time variables
        Time::TemporalSpacings: [singlemap] Set timestep based on Courant condition (courant_static)
      [CCTK_INITIAL]
        StaticConformal::StaticConformal_InitialiseState: Set the conformal_state variable to 0
        GROUP ADMBase_InitialData: Schedule group for calculating ADM initial data
          GROUP TwoChargedPunctures_Group: TwoChargedPunctures initial data group
            TwoChargedPunctures::TwoChargedPunctures: Create puncture black hole initial data
        GROUP ADMBase_InitialGauge: Schedule group for the ADM initial gauge condition
          ADMBase::ADMBase_ShiftZero: Set the shift to 0 at all points
          ADMBase::ADMBase_DtLapseZero: Set the dtlapse to 0 at all points
          ADMBase::ADMBase_DtShiftZero: Set the dtshift to 0 at all points
        CarpetIOASCII::CarpetIOASCIIInit: [global] Initialisation routine
        CarpetIOBasic::CarpetIOBasicInit: [global] Initialisation routine
        CarpetIOHDF5::CarpetIOHDF5_Init: [global] Initialisation routine
        CarpetIOScalar::CarpetIOScalarInit: [global] Initialisation routine
        GROUP ADMBase_PostInitial: Schedule group for modifying the ADM initial data, such as e.g. adding noise
        LeanBSSNMoL::LeanBSSN_adm2bssn: [local] Convert initial data into BSSN variables
        LeanBSSNMoL::LeanBSSN_Boundaries: [level] Boundary enforcement
        MoL::MoL_StartLoop: [level] Initialise the step size control
        PunctureTracker::PunctureTracker_Init: [global] Calculate initial location of punctures
        QuasiLocalMeasures::qlm_init: [global] Initialise quasi-local calculations
        GROUP LeanBSSN_ApplyBCs: Apply boundary conditions
          GROUP BoundaryConditions: Execute all boundary conditions
            Boundary::Boundary_ApplyPhysicalBCs: Apply all requested local physical boundary conditions
            CartGrid3D::CartGrid3D_ApplyBC: Apply symmetry boundary conditions
            ReflectionSymmetry::ReflectionSymmetry_Apply: Apply reflection symmetries
          Boundary::Boundary_ClearSelection: [level] Unselect all grid variables for boundary conditions
      [CCTK_POSTINITIAL]
        CarpetIOHDF5::CarpetIOHDF5_CloseFiles: [global] Close all filereader input files
        GROUP MoL_PostStepModify: The group for physics thorns to schedule enforcing constraints
        GROUP MoL_PostStep: Ensure that everything is correct after the initial data have been set up
          LeanBSSNMoL::LeanBSSN_remove_trA: Remove trace of A
          EMGEvolve::EMG_Boundaries: [level] MoL boundary enforcement for EMG variables
          GROUP EMG_ApplyBCs: Apply boundary conditions
            GROUP BoundaryConditions: Execute all boundary conditions
              Boundary::Boundary_ApplyPhysicalBCs: Apply all requested local physical boundary conditions
              CartGrid3D::CartGrid3D_ApplyBC: Apply symmetry boundary conditions
              ReflectionSymmetry::ReflectionSymmetry_Apply: Apply reflection symmetries
            Boundary::Boundary_ClearSelection: [level] Unselect all grid variables for boundary conditions
          LeanBSSNMoL::LeanBSSN_impose_conf_fac_floor: Make sure conformal factor does not drop below specified value
          LeanBSSNMoL::LeanBSSN_Boundaries: [level] MoL boundary enforcement
          GROUP LeanBSSN_ApplyBCs: Apply boundary conditions
            GROUP BoundaryConditions: Execute all boundary conditions
              Boundary::Boundary_ApplyPhysicalBCs: Apply all requested local physical boundary conditions
              CartGrid3D::CartGrid3D_ApplyBC: Apply symmetry boundary conditions
              ReflectionSymmetry::ReflectionSymmetry_Apply: Apply reflection symmetries
            Boundary::Boundary_ClearSelection: [level] Unselect all grid variables for boundary conditions
          LeanBSSNMoL::LeanBSSN_bssn2adm: [local] Convert variables back to the ADM ones
          GROUP ADMBase_SetADMVars: Set the ADM variables before this group, and use them afterwards
          GROUP SetTmunu: Group for calculating the stress-energy tensor
            TmunuBase::TmunuBase_ZeroTmunu: Initialise the stress-energy tensor to zero
            GROUP AddToTmunu: Add to the stress-energy tensor here
              EMGEvolve::EMG_AddToTmunu: Compute the energy-momentum tensor
        GROUP MoL_PseudoEvolution: Calculate pseudo-evolved quantities
          GROUP ADMBase_SetADMVars: Set the ADM variables before this group, and use them afterwards
          GROUP CalcNPScalars: Calculate NPScalars
            NPScalars::NP_calcPsiGF: [local] calculate Psi4 as grid function
            GROUP CalcNPScalars_BC: Boundary conditions
              NPScalars::NPboundaries: [level] Symmetry boundary conditions
              GROUP ApplyBCs_NP: Apply boundary conditions
                GROUP BoundaryConditions: Execute all boundary conditions
                  Boundary::Boundary_ApplyPhysicalBCs: Apply all requested local physical boundary conditions
                  CartGrid3D::CartGrid3D_ApplyBC: Apply symmetry boundary conditions
                  ReflectionSymmetry::ReflectionSymmetry_Apply: Apply reflection symmetries
                Boundary::Boundary_ClearSelection: [level] Unselect all grid variables for boundary conditions
        GROUP CalcNPScalars: Calculate NPScalars
          NPScalars::NP_calcPsiGF: [local] calculate Psi4 as grid function
          GROUP CalcNPScalars_BC: Boundary conditions
            NPScalars::NPboundaries: [level] Symmetry boundary conditions
            GROUP ApplyBCs_NP: Apply boundary conditions
              GROUP BoundaryConditions: Execute all boundary conditions
                Boundary::Boundary_ApplyPhysicalBCs: Apply all requested local physical boundary conditions
                CartGrid3D::CartGrid3D_ApplyBC: Apply symmetry boundary conditions
                ReflectionSymmetry::ReflectionSymmetry_Apply: Apply reflection symmetries
              Boundary::Boundary_ClearSelection: [level] Unselect all grid variables for boundary conditions
        GROUP CalcNPEMGScalars: Calculate NPScalars
          NPScalars_EMG::NPEMG_calcPsiGF: [local] calculate grid functions
          GROUP CalcNPEMGScalars_BC: Boundary conditions
            NPScalars_EMG::NPEMG_Boundaries: [level] Symmetry boundary conditions
            GROUP ApplyBCs_NPEMG: Apply boundary conditions
              GROUP BoundaryConditions: Execute all boundary conditions
                Boundary::Boundary_ApplyPhysicalBCs: Apply all requested local physical boundary conditions
                CartGrid3D::CartGrid3D_ApplyBC: Apply symmetry boundary conditions
                ReflectionSymmetry::ReflectionSymmetry_Apply: Apply reflection symmetries
              Boundary::Boundary_ClearSelection: [level] Unselect all grid variables for boundary conditions
      Initialise finer grids recursively
      Restrict from finer grids
      [CCTK_POSTRESTRICTINITIAL]
        GROUP MoL_PostStep: Ensure that everything is correct after restriction
          LeanBSSNMoL::LeanBSSN_remove_trA: Remove trace of A
          EMGEvolve::EMG_Boundaries: [level] MoL boundary enforcement for EMG variables
          GROUP EMG_ApplyBCs: Apply boundary conditions
            GROUP BoundaryConditions: Execute all boundary conditions
              Boundary::Boundary_ApplyPhysicalBCs: Apply all requested local physical boundary conditions
              CartGrid3D::CartGrid3D_ApplyBC: Apply symmetry boundary conditions
              ReflectionSymmetry::ReflectionSymmetry_Apply: Apply reflection symmetries
            Boundary::Boundary_ClearSelection: [level] Unselect all grid variables for boundary conditions
          LeanBSSNMoL::LeanBSSN_impose_conf_fac_floor: Make sure conformal factor does not drop below specified value
          LeanBSSNMoL::LeanBSSN_Boundaries: [level] MoL boundary enforcement
          GROUP LeanBSSN_ApplyBCs: Apply boundary conditions
            GROUP BoundaryConditions: Execute all boundary conditions
              Boundary::Boundary_ApplyPhysicalBCs: Apply all requested local physical boundary conditions
              CartGrid3D::CartGrid3D_ApplyBC: Apply symmetry boundary conditions
              ReflectionSymmetry::ReflectionSymmetry_Apply: Apply reflection symmetries
            Boundary::Boundary_ClearSelection: [level] Unselect all grid variables for boundary conditions
          LeanBSSNMoL::LeanBSSN_bssn2adm: [local] Convert variables back to the ADM ones
          GROUP ADMBase_SetADMVars: Set the ADM variables before this group, and use them afterwards
          GROUP SetTmunu: Group for calculating the stress-energy tensor
            TmunuBase::TmunuBase_ZeroTmunu: Initialise the stress-energy tensor to zero
            GROUP AddToTmunu: Add to the stress-energy tensor here
              EMGEvolve::EMG_AddToTmunu: Compute the energy-momentum tensor
        GROUP MoL_PseudoEvolutionBoundaries: Apply boundary conditions to pseudo-evolved quantities
        GROUP CalcNPScalars_BC: Boundary conditions
          NPScalars::NPboundaries: [level] Symmetry boundary conditions
          GROUP ApplyBCs_NP: Apply boundary conditions
            GROUP BoundaryConditions: Execute all boundary conditions
              Boundary::Boundary_ApplyPhysicalBCs: Apply all requested local physical boundary conditions
              CartGrid3D::CartGrid3D_ApplyBC: Apply symmetry boundary conditions
              ReflectionSymmetry::ReflectionSymmetry_Apply: Apply reflection symmetries
            Boundary::Boundary_ClearSelection: [level] Unselect all grid variables for boundary conditions
        GROUP CalcNPEMGScalars_BC: Boundary conditions
          NPScalars_EMG::NPEMG_Boundaries: [level] Symmetry boundary conditions
          GROUP ApplyBCs_NPEMG: Apply boundary conditions
            GROUP BoundaryConditions: Execute all boundary conditions
              Boundary::Boundary_ApplyPhysicalBCs: Apply all requested local physical boundary conditions
              CartGrid3D::CartGrid3D_ApplyBC: Apply symmetry boundary conditions
              ReflectionSymmetry::ReflectionSymmetry_Apply: Apply reflection symmetries
            Boundary::Boundary_ClearSelection: [level] Unselect all grid variables for boundary conditions
      [CCTK_POSTPOSTINITIAL]
      [CCTK_POSTSTEP]
        AHFinderDirect::AHFinderDirect_import_mask: [global] [loop-local] import the excision mask
        AHFinderDirect::AHFinderDirect_find_horizons: [global] find apparent horizon(s) after this time step
        AHFinderDirect::AHFinderDirect_store: [global] store apparent horizon(s) into spherical surface(s)
        AHFinderDirect::AHFinderDirect_save: [global] save apparent horizon(s) into Cactus variables
        AHFinderDirect::AHFinderDirect_maybe_do_masks: set mask(s) based on apparent horizon position(s)
        SphericalSurface::SphericalSurface_Set: [global] Set surface radii
        GROUP SphericalSurface_HasBeenSet: Set the spherical surfaces before this group, and use it afterwards
          SphericalSurface::SphericalSurface_CheckState: [global] Test the state of the spherical surfaces
        GROUP zzz_NaNChecker_NaNCheck: Check for NaNs and count them in NaNChecker::NaNsFound
          NaNChecker::NaNChecker_NaNCheck_Prepare: [level] Prepare data structures to check for NaNs
          NaNChecker::NaNChecker_NaNCheck_Check: [local] Check for NaNs
          NaNChecker::NaNChecker_NaNCheck_Finish: [level] Count NaNs in NaNChecker::NaNsFound
        NaNChecker::NaNChecker_TakeAction: [global] [loop-level] Output NaNChecker::NaNmask and take action according to NaNChecker::action_if_found
        PunctureTracker::PunctureTracker_SetPositions: [global] Copy puncture positions to spherical surfaces
        SpaceMask::CheckMask: Ensure that all mask values are legal
        Dissipation::setup_epsdis: Setup spatially varying dissipation
        GROUP MaskBase_SetupMask: Set up the weight function
          GROUP MaskBase_SetupMaskAll: Set up the weight function
            CarpetReduce::MaskBase_AllocateMask: [global] Allocate the weight function
            CarpetReduce::MaskBase_InitMask: [global] [loop-local] Initialise the weight function
            GROUP SetupIMaskInternal: Set up the integer weight function (schedule other routines in here)
              CarpetReduce::CoordBase_SetupMask: [global] [loop-local] Set up the outer boundaries of the weight function
              CarpetReduce::CarpetMaskSetup: [global] [loop-singlemap] Set up the weight function for the restriction regions
            GROUP SetupIMask: Set up the integer weight function (schedule other routines in here)
              CarpetMask::CarpetExcludedSetup: [global] [loop-local] Set up the weight function for the excluded regions
              CarpetMask::CarpetSurfaceSetup: [global] [loop-local] Set up the weight function for the excluded spherical surfaces
            CarpetReduce::MaskBase_SetMask: [global] [loop-local] Set the weight function
            GROUP SetupMask: Set up the real weight function (schedule other routines in here)
            CarpetReduce::MaskBase_TestMask: [global] Test the weight function
    endif
    if (recover initial data)
      [CCTK_BASEGRID]
        ADMBase::ADMBase_SetShiftStateOn: Set the shift_state variable to 1
        ADMBase::ADMBase_SetDtLapseStateOn: Set the dtlapse_state variable to 1
        ADMBase::ADMBase_SetDtShiftStateOn: Set the dtshift_state variable to 1
        ADMMacros::ADMMacros_SetLocalSpatialOrder: Initialize the local_spatial_order
        CartGrid3D::SpatialSpacings: Set up ranges for spatial 3D Cartesian coordinates (on all grids)
        CartGrid3D::SpatialCoordinates: Set up spatial 3D Cartesian coordinates on the GH
        SphericalSurface::SphericalSurface_SetupRes: [global] [loop-local] Set surface resolution automatically
        AHFinderDirect::AHFinderDirect_setup: [global] setup data structures
        Dissipation::dissipation_basegrid: Ensure that there are enough ghost zones
        EMGBase::emg_symmetries: [global] Register symmetries of the grid functions
        EMGEvolve::EMG_InitSymBound: [meta] Schedule symmetries
        EMGEvolve::EMG_zero_rhs: set all rhs functions to zero to prevent spurious nans
        LeanBSSNMoL::LeanBSSN_symmetries: [global] Register symmetries of the BSSN grid functions
        LeanBSSNMoL::LeanBSSN_zero_rhs: Set all rhs functions to zero to prevent spurious nans
        NPScalars::NP_symmetries: [meta] Set symmetries for grid functions
        NPScalars_EMG::NPEMG_symmetries: [meta] Set symmetries for grid functions
        NaNChecker::NaNChecker_ResetCounter: [global] Reset the NaNChecker::NaNsFound counter
        SpaceMask::MaskZero: Initialise mask to zero
        SpaceMask::MaskOne: Set old style mask to one
        SphericalSurface::SphericalSurface_Setup: [global] Calculate surface coordinate descriptors
        GROUP MaskBase_SetupMask: Set up the weight function
          GROUP MaskBase_SetupMaskAll: Set up the weight function
            CarpetReduce::MaskBase_AllocateMask: [global] Allocate the weight function
            CarpetReduce::MaskBase_InitMask: [global] [loop-local] Initialise the weight function
            GROUP SetupIMaskInternal: Set up the integer weight function (schedule other routines in here)
              CarpetReduce::CoordBase_SetupMask: [global] [loop-local] Set up the outer boundaries of the weight function
              CarpetReduce::CarpetMaskSetup: [global] [loop-singlemap] Set up the weight function for the restriction regions
            GROUP SetupIMask: Set up the integer weight function (schedule other routines in here)
              CarpetMask::CarpetExcludedSetup: [global] [loop-local] Set up the weight function for the excluded regions
              CarpetMask::CarpetSurfaceSetup: [global] [loop-local] Set up the weight function for the excluded spherical surfaces
            CarpetReduce::MaskBase_SetMask: [global] [loop-local] Set the weight function
            GROUP SetupMask: Set up the real weight function (schedule other routines in here)
            CarpetReduce::MaskBase_TestMask: [global] Test the weight function
        SphericalSurface::SphericalSurface_Set: [global] Set surface radii to be used for initial setup in other thorns
        GROUP SphericalSurface_HasBeenSet: Set the spherical surfaces before this group, and use it afterwards
          SphericalSurface::SphericalSurface_CheckState: [global] Test the state of the spherical surfaces
        SymBase::SymBase_Check: Check whether the driver set up the grid consistently
        TerminationTrigger::TerminationTrigger_ResetTrigger: Clear trigger state
        TerminationTrigger::TerminationTrigger_StartTimer: Start timer
        TerminationTrigger::TerminationTrigger_CreateFile: Create termination file
        Time::Time_Initialise: [global] Initialise Time variables
        Time::TemporalSpacings: [singlemap] Set timestep based on Courant condition (courant_static)
      [CCTK_RECOVER_VARIABLES]
        IOUtil::IOUtil_RecoverGH: [level] Checkpoint recovery routine
      [CCTK_POST_RECOVER_VARIABLES]
        AHFinderDirect::AHFinderDirect_recover: [global] import horizon data from Cactus variables
        CarpetIOHDF5::CarpetIOHDF5_InitCheckpointingIntervals: [global] Initialisation of checkpointing intervals after recovery
        CarpetIOHDF5::CarpetIOHDF5_CloseFiles: [meta] Close all initial data checkpoint files after recovery
        GROUP MaskBase_SetupMask: Set up the weight function
          GROUP MaskBase_SetupMaskAll: Set up the weight function
            CarpetReduce::MaskBase_AllocateMask: [global] Allocate the weight function
            CarpetReduce::MaskBase_InitMask: [global] [loop-local] Initialise the weight function
            GROUP SetupIMaskInternal: Set up the integer weight function (schedule other routines in here)
              CarpetReduce::CoordBase_SetupMask: [global] [loop-local] Set up the outer boundaries of the weight function
              CarpetReduce::CarpetMaskSetup: [global] [loop-singlemap] Set up the weight function for the restriction regions
            GROUP SetupIMask: Set up the integer weight function (schedule other routines in here)
              CarpetMask::CarpetExcludedSetup: [global] [loop-local] Set up the weight function for the excluded regions
              CarpetMask::CarpetSurfaceSetup: [global] [loop-local] Set up the weight function for the excluded spherical surfaces
            CarpetReduce::MaskBase_SetMask: [global] [loop-local] Set the weight function
            GROUP SetupMask: Set up the real weight function (schedule other routines in here)
            CarpetReduce::MaskBase_TestMask: [global] Test the weight function
        GROUP MoL_PostStep: Ensure that everything is correct after recovery
          LeanBSSNMoL::LeanBSSN_remove_trA: Remove trace of A
          EMGEvolve::EMG_Boundaries: [level] MoL boundary enforcement for EMG variables
          GROUP EMG_ApplyBCs: Apply boundary conditions
            GROUP BoundaryConditions: Execute all boundary conditions
              Boundary::Boundary_ApplyPhysicalBCs: Apply all requested local physical boundary conditions
              CartGrid3D::CartGrid3D_ApplyBC: Apply symmetry boundary conditions
              ReflectionSymmetry::ReflectionSymmetry_Apply: Apply reflection symmetries
            Boundary::Boundary_ClearSelection: [level] Unselect all grid variables for boundary conditions
          LeanBSSNMoL::LeanBSSN_impose_conf_fac_floor: Make sure conformal factor does not drop below specified value
          LeanBSSNMoL::LeanBSSN_Boundaries: [level] MoL boundary enforcement
          GROUP LeanBSSN_ApplyBCs: Apply boundary conditions
            GROUP BoundaryConditions: Execute all boundary conditions
              Boundary::Boundary_ApplyPhysicalBCs: Apply all requested local physical boundary conditions
              CartGrid3D::CartGrid3D_ApplyBC: Apply symmetry boundary conditions
              ReflectionSymmetry::ReflectionSymmetry_Apply: Apply reflection symmetries
            Boundary::Boundary_ClearSelection: [level] Unselect all grid variables for boundary conditions
          LeanBSSNMoL::LeanBSSN_bssn2adm: [local] Convert variables back to the ADM ones
          GROUP ADMBase_SetADMVars: Set the ADM variables before this group, and use them afterwards
          GROUP SetTmunu: Group for calculating the stress-energy tensor
            TmunuBase::TmunuBase_ZeroTmunu: Initialise the stress-energy tensor to zero
            GROUP AddToTmunu: Add to the stress-energy tensor here
              EMGEvolve::EMG_AddToTmunu: Compute the energy-momentum tensor
        GROUP zzz_NaNChecker_NaNCheck: Check for NaNs and count them in NaNChecker::NaNsFound
          NaNChecker::NaNChecker_NaNCheck_Prepare: [level] Prepare data structures to check for NaNs
          NaNChecker::NaNChecker_NaNCheck_Check: [local] Check for NaNs
          NaNChecker::NaNChecker_NaNCheck_Finish: [level] Count NaNs in NaNChecker::NaNsFound
        NaNChecker::NaNChecker_TakeAction: [global] [loop-level] Output NaNChecker::NaNmask and take action according to NaNChecker::action_if_found
        TerminationTrigger::TerminationTrigger_ResetMinutes: [global] Reset Watchtime
    endif
    if (checkpoint initial data)
      [CCTK_CPINITIAL]
        CarpetIOHDF5::CarpetIOHDF5_InitialDataCheckpoint: [meta] Initial data checkpoint routine
    endif
    if (analysis)
      [CCTK_ANALYSIS]
        CarpetLib::CarpetLib_printtimestats: [global] Print timing statistics if desired
        CarpetLib::CarpetLib_printmemstats: [global] Print memory statistics if desired
        GROUP EMG_constraints: Group to compute constraints
          EMGEvolve::EMG_constraints: Compute constraints
          EMGEvolve::EMG_constraints_boundaries: [level] Enforce symmetry BCs in constraint computation
          GROUP EMG_constraints_ApplyBCs: Apply boundary conditions
            GROUP BoundaryConditions: Execute all boundary conditions
              Boundary::Boundary_ApplyPhysicalBCs: Apply all requested local physical boundary conditions
              CartGrid3D::CartGrid3D_ApplyBC: Apply symmetry boundary conditions
              ReflectionSymmetry::ReflectionSymmetry_Apply: Apply reflection symmetries
            Boundary::Boundary_ClearSelection: [level] Unselect all grid variables for boundary conditions
        GROUP LeanBSSN_constraints: Compute constraints
          LeanBSSNMoL::LeanBSSN_bssn_constraints: Compute constraints
          LeanBSSNMoL::LeanBSSN_Constraints_Boundaries: [level] Enforce symmetry BCs in constraint computation
          GROUP LeanBSSN_Constraints_ApplyBCs: Apply boundary conditions
            GROUP BoundaryConditions: Execute all boundary conditions
              Boundary::Boundary_ApplyPhysicalBCs: Apply all requested local physical boundary conditions
              CartGrid3D::CartGrid3D_ApplyBC: Apply symmetry boundary conditions
              ReflectionSymmetry::ReflectionSymmetry_Apply: Apply reflection symmetries
            Boundary::Boundary_ClearSelection: [level] Unselect all grid variables for boundary conditions
        LoopControl::LC_statistics_analysis: [meta] Output LoopControl statistics
        Multipole::Multipole_Calc: [global] Calculate Multipoles
        GROUP CalcNPEMGScalars: Calculate NPScalars
          NPScalars_EMG::NPEMG_calcPsiGF: [local] calculate grid functions
          GROUP CalcNPEMGScalars_BC: Boundary conditions
            NPScalars_EMG::NPEMG_Boundaries: [level] Symmetry boundary conditions
            GROUP ApplyBCs_NPEMG: Apply boundary conditions
              GROUP BoundaryConditions: Execute all boundary conditions
                Boundary::Boundary_ApplyPhysicalBCs: Apply all requested local physical boundary conditions
                CartGrid3D::CartGrid3D_ApplyBC: Apply symmetry boundary conditions
                ReflectionSymmetry::ReflectionSymmetry_Apply: Apply reflection symmetries
              Boundary::Boundary_ClearSelection: [level] Unselect all grid variables for boundary conditions
        QuasiLocalMeasures::qlm_calculate: [global] Calculate quasi-local quantities
        SystemStatistics::SystemStatistics_Collect: [global] Collect system statistics
        TerminationTrigger::TerminationTrigger_CheckWalltime: Check elapsed job walltime
        TerminationTrigger::TerminationTrigger_CheckSignal: Check if we received a termination signal
        TerminationTrigger::TerminationTrigger_CheckFile: Check termination file
        TimerReport::zzz_TimerReport_Output: [global] Print the timer report
  endif
  Output grid variables

  do loop over timesteps
    [CCTK_PREREGRID]
      CarpetTracker::CarpetTracker_SetPositions: [global] Set positions of refined regions
    Change grid hierarchy
    [CCTK_POSTREGRID]
      SpaceMask::MaskZero: Initialise mask to zero
      CartGrid3D::SpatialCoordinates: Set Coordinates after regridding
      GROUP MaskBase_SetupMask: Set up the weight function
        GROUP MaskBase_SetupMaskAll: Set up the weight function
          CarpetReduce::MaskBase_AllocateMask: [global] Allocate the weight function
          CarpetReduce::MaskBase_InitMask: [global] [loop-local] Initialise the weight function
          GROUP SetupIMaskInternal: Set up the integer weight function (schedule other routines in here)
            CarpetReduce::CoordBase_SetupMask: [global] [loop-local] Set up the outer boundaries of the weight function
            CarpetReduce::CarpetMaskSetup: [global] [loop-singlemap] Set up the weight function for the restriction regions
          GROUP SetupIMask: Set up the integer weight function (schedule other routines in here)
            CarpetMask::CarpetExcludedSetup: [global] [loop-local] Set up the weight function for the excluded regions
            CarpetMask::CarpetSurfaceSetup: [global] [loop-local] Set up the weight function for the excluded spherical surfaces
          CarpetReduce::MaskBase_SetMask: [global] [loop-local] Set the weight function
          GROUP SetupMask: Set up the real weight function (schedule other routines in here)
          CarpetReduce::MaskBase_TestMask: [global] Test the weight function
      Dissipation::setup_epsdis: Setup spatially varying dissipation
      GROUP MoL_PostStep: Ensure that everything is correct after regridding
        LeanBSSNMoL::LeanBSSN_remove_trA: Remove trace of A
        EMGEvolve::EMG_Boundaries: [level] MoL boundary enforcement for EMG variables
        GROUP EMG_ApplyBCs: Apply boundary conditions
          GROUP BoundaryConditions: Execute all boundary conditions
            Boundary::Boundary_ApplyPhysicalBCs: Apply all requested local physical boundary conditions
            CartGrid3D::CartGrid3D_ApplyBC: Apply symmetry boundary conditions
            ReflectionSymmetry::ReflectionSymmetry_Apply: Apply reflection symmetries
          Boundary::Boundary_ClearSelection: [level] Unselect all grid variables for boundary conditions
        LeanBSSNMoL::LeanBSSN_impose_conf_fac_floor: Make sure conformal factor does not drop below specified value
        LeanBSSNMoL::LeanBSSN_Boundaries: [level] MoL boundary enforcement
        GROUP LeanBSSN_ApplyBCs: Apply boundary conditions
          GROUP BoundaryConditions: Execute all boundary conditions
            Boundary::Boundary_ApplyPhysicalBCs: Apply all requested local physical boundary conditions
            CartGrid3D::CartGrid3D_ApplyBC: Apply symmetry boundary conditions
            ReflectionSymmetry::ReflectionSymmetry_Apply: Apply reflection symmetries
          Boundary::Boundary_ClearSelection: [level] Unselect all grid variables for boundary conditions
        LeanBSSNMoL::LeanBSSN_bssn2adm: [local] Convert variables back to the ADM ones
        GROUP ADMBase_SetADMVars: Set the ADM variables before this group, and use them afterwards
        GROUP SetTmunu: Group for calculating the stress-energy tensor
          TmunuBase::TmunuBase_ZeroTmunu: Initialise the stress-energy tensor to zero
          GROUP AddToTmunu: Add to the stress-energy tensor here
            EMGEvolve::EMG_AddToTmunu: Compute the energy-momentum tensor
      GROUP MoL_PseudoEvolutionBoundaries: Apply boundary conditions to pseudo-evolved quantities
      GROUP CalcNPScalars_BC: Boundary conditions
        NPScalars::NPboundaries: [level] Symmetry boundary conditions
        GROUP ApplyBCs_NP: Apply boundary conditions
          GROUP BoundaryConditions: Execute all boundary conditions
            Boundary::Boundary_ApplyPhysicalBCs: Apply all requested local physical boundary conditions
            CartGrid3D::CartGrid3D_ApplyBC: Apply symmetry boundary conditions
            ReflectionSymmetry::ReflectionSymmetry_Apply: Apply reflection symmetries
          Boundary::Boundary_ClearSelection: [level] Unselect all grid variables for boundary conditions
      GROUP CalcNPEMGScalars_BC: Boundary conditions
        NPScalars_EMG::NPEMG_Boundaries: [level] Symmetry boundary conditions
        GROUP ApplyBCs_NPEMG: Apply boundary conditions
          GROUP BoundaryConditions: Execute all boundary conditions
            Boundary::Boundary_ApplyPhysicalBCs: Apply all requested local physical boundary conditions
            CartGrid3D::CartGrid3D_ApplyBC: Apply symmetry boundary conditions
            ReflectionSymmetry::ReflectionSymmetry_Apply: Apply reflection symmetries
          Boundary::Boundary_ClearSelection: [level] Unselect all grid variables for boundary conditions
      SpaceMask::MaskOne: Set mask to one
      AHFinderDirect::AHFinderDirect_maybe_do_masks: set mask(s) based on apparent horizon position(s)
    Rotate timelevels
    iteration = iteration+1
    t = t+dt
    [CCTK_PRESTEP]
      CoordGauge::Einstein_SetNextSlicing: Identify the slicing for the next iteration
      LoopControl::LC_steer: [meta] Update LoopControl algorithm preferences
      NaNChecker::NaNChecker_ResetCounter: [global] Reset the NaNChecker::NaNsFound counter
    [CCTK_EVOL]
      MoL::MoL_StartLoop: [level] Initialise the step size control
      while (MoL::MoL_Stepsize_Bad)
        GROUP MoL_Evolution: A single Cactus evolution step using MoL
          GROUP MoL_StartStep: MoL internal setup for the evolution step
            MoL::MoL_SetCounter: [level] Set the counter for the ODE method to loop over
            MoL::MoL_SetTime: [level] Ensure the correct time and timestep are used
            MoL::MoL_AllocateScratchSpace: [level] Allocate storage for scratch levels
          GROUP MoL_PreStep: Physics thorns can schedule preloop setup routines in here
          MoL::MoL_AllocateScratch: Allocate sufficient space for array scratch variables
          MoL::MoL_InitialCopy: Ensure the data is in the correct timelevel
          while (MoL::MoL_Intermediate_Step)
            GROUP MoL_Step: The loop over the intermediate steps for the ODE integrator
              MoL::MoL_InitRHS: Initialise the RHS functions
              GROUP MoL_CalcRHS: Physics thorns schedule the calculation of the discrete spatial operator in here
                EMGEvolve::EMG_CalcRHS: MoL RHS calculation for EMG variables
                EMGEvolve::EMG_CalcRHS_Bdry: MoL boundary RHS calculation for EMG variables
                LeanBSSNMoL::LeanBSSN_CalcRHS: MoL RHS calculation
                LeanBSSNMoL::LeanBSSN_CalcRHS_Bdry: MoL boundary RHS calculation
              GROUP MoL_PostRHS: Modify RHS functions
                Dissipation::dissipation_add: Add Kreiss-Oliger dissipation to the right hand sides
              GROUP MoL_RHSBoundaries: Any 'final' modifications to the RHS functions (boundaries etc.)
              MoL::MoL_Add: Updates calculated with the efficient Runge-Kutta 4 method
              MoL::MoL_DecrementCounter: [level] Alter the counter number
              MoL::MoL_ResetTime: [level] If necessary, change the time
              GROUP MoL_PostStepModify: The group for physics thorns to schedule enforcing constraints
              GROUP MoL_PostStep: The group for physics thorns to schedule boundary calls etc.
                LeanBSSNMoL::LeanBSSN_remove_trA: Remove trace of A
                EMGEvolve::EMG_Boundaries: [level] MoL boundary enforcement for EMG variables
                GROUP EMG_ApplyBCs: Apply boundary conditions
                  GROUP BoundaryConditions: Execute all boundary conditions
                    Boundary::Boundary_ApplyPhysicalBCs: Apply all requested local physical boundary conditions
                    CartGrid3D::CartGrid3D_ApplyBC: Apply symmetry boundary conditions
                    ReflectionSymmetry::ReflectionSymmetry_Apply: Apply reflection symmetries
                  Boundary::Boundary_ClearSelection: [level] Unselect all grid variables for boundary conditions
                LeanBSSNMoL::LeanBSSN_impose_conf_fac_floor: Make sure conformal factor does not drop below specified value
                LeanBSSNMoL::LeanBSSN_Boundaries: [level] MoL boundary enforcement
                GROUP LeanBSSN_ApplyBCs: Apply boundary conditions
                  GROUP BoundaryConditions: Execute all boundary conditions
                    Boundary::Boundary_ApplyPhysicalBCs: Apply all requested local physical boundary conditions
                    CartGrid3D::CartGrid3D_ApplyBC: Apply symmetry boundary conditions
                    ReflectionSymmetry::ReflectionSymmetry_Apply: Apply reflection symmetries
                  Boundary::Boundary_ClearSelection: [level] Unselect all grid variables for boundary conditions
                LeanBSSNMoL::LeanBSSN_bssn2adm: [local] Convert variables back to the ADM ones
                GROUP ADMBase_SetADMVars: Set the ADM variables before this group, and use them afterwards
                GROUP SetTmunu: Group for calculating the stress-energy tensor
                  TmunuBase::TmunuBase_ZeroTmunu: Initialise the stress-energy tensor to zero
                  GROUP AddToTmunu: Add to the stress-energy tensor here
                    EMGEvolve::EMG_AddToTmunu: Compute the energy-momentum tensor
              MoL::MoL_ResetDeltaTime: [level] If necessary, change the timestep
          end while
          MoL::MoL_FinishLoop: [level] Control the step size
          MoL::MoL_RestoreSandR: Restoring the Save and Restore variables to the original state
          MoL::MoL_FreeScratchSpace: [level] Free storage for scratch levels
      end while
      GROUP MoL_PseudoEvolution: Calculate pseudo-evolved quantities
        GROUP ADMBase_SetADMVars: Set the ADM variables before this group, and use them afterwards
        GROUP CalcNPScalars: Calculate NPScalars
          NPScalars::NP_calcPsiGF: [local] calculate Psi4 as grid function
          GROUP CalcNPScalars_BC: Boundary conditions
            NPScalars::NPboundaries: [level] Symmetry boundary conditions
            GROUP ApplyBCs_NP: Apply boundary conditions
              GROUP BoundaryConditions: Execute all boundary conditions
                Boundary::Boundary_ApplyPhysicalBCs: Apply all requested local physical boundary conditions
                CartGrid3D::CartGrid3D_ApplyBC: Apply symmetry boundary conditions
                ReflectionSymmetry::ReflectionSymmetry_Apply: Apply reflection symmetries
              Boundary::Boundary_ClearSelection: [level] Unselect all grid variables for boundary conditions
      PunctureTracker::PunctureTracker_Track: [global] Calculate new location of punctures
    Evolve finer grids recursively
    Restrict from finer grids
    [CCTK_POSTRESTRICT]
      GROUP MoL_PostStep: Ensure that everything is correct after restriction
        LeanBSSNMoL::LeanBSSN_remove_trA: Remove trace of A
        EMGEvolve::EMG_Boundaries: [level] MoL boundary enforcement for EMG variables
        GROUP EMG_ApplyBCs: Apply boundary conditions
          GROUP BoundaryConditions: Execute all boundary conditions
            Boundary::Boundary_ApplyPhysicalBCs: Apply all requested local physical boundary conditions
            CartGrid3D::CartGrid3D_ApplyBC: Apply symmetry boundary conditions
            ReflectionSymmetry::ReflectionSymmetry_Apply: Apply reflection symmetries
          Boundary::Boundary_ClearSelection: [level] Unselect all grid variables for boundary conditions
        LeanBSSNMoL::LeanBSSN_impose_conf_fac_floor: Make sure conformal factor does not drop below specified value
        LeanBSSNMoL::LeanBSSN_Boundaries: [level] MoL boundary enforcement
        GROUP LeanBSSN_ApplyBCs: Apply boundary conditions
          GROUP BoundaryConditions: Execute all boundary conditions
            Boundary::Boundary_ApplyPhysicalBCs: Apply all requested local physical boundary conditions
            CartGrid3D::CartGrid3D_ApplyBC: Apply symmetry boundary conditions
            ReflectionSymmetry::ReflectionSymmetry_Apply: Apply reflection symmetries
          Boundary::Boundary_ClearSelection: [level] Unselect all grid variables for boundary conditions
        LeanBSSNMoL::LeanBSSN_bssn2adm: [local] Convert variables back to the ADM ones
        GROUP ADMBase_SetADMVars: Set the ADM variables before this group, and use them afterwards
        GROUP SetTmunu: Group for calculating the stress-energy tensor
          TmunuBase::TmunuBase_ZeroTmunu: Initialise the stress-energy tensor to zero
          GROUP AddToTmunu: Add to the stress-energy tensor here
            EMGEvolve::EMG_AddToTmunu: Compute the energy-momentum tensor
      GROUP MoL_PseudoEvolutionBoundaries: Apply boundary conditions to pseudo-evolved quantities
      GROUP CalcNPScalars_BC: Boundary conditions
        NPScalars::NPboundaries: [level] Symmetry boundary conditions
        GROUP ApplyBCs_NP: Apply boundary conditions
          GROUP BoundaryConditions: Execute all boundary conditions
            Boundary::Boundary_ApplyPhysicalBCs: Apply all requested local physical boundary conditions
            CartGrid3D::CartGrid3D_ApplyBC: Apply symmetry boundary conditions
            ReflectionSymmetry::ReflectionSymmetry_Apply: Apply reflection symmetries
          Boundary::Boundary_ClearSelection: [level] Unselect all grid variables for boundary conditions
      GROUP CalcNPEMGScalars_BC: Boundary conditions
        NPScalars_EMG::NPEMG_Boundaries: [level] Symmetry boundary conditions
        GROUP ApplyBCs_NPEMG: Apply boundary conditions
          GROUP BoundaryConditions: Execute all boundary conditions
            Boundary::Boundary_ApplyPhysicalBCs: Apply all requested local physical boundary conditions
            CartGrid3D::CartGrid3D_ApplyBC: Apply symmetry boundary conditions
            ReflectionSymmetry::ReflectionSymmetry_Apply: Apply reflection symmetries
          Boundary::Boundary_ClearSelection: [level] Unselect all grid variables for boundary conditions
    [CCTK_POSTSTEP]
      AHFinderDirect::AHFinderDirect_import_mask: [global] [loop-local] import the excision mask
      AHFinderDirect::AHFinderDirect_find_horizons: [global] find apparent horizon(s) after this time step
      AHFinderDirect::AHFinderDirect_store: [global] store apparent horizon(s) into spherical surface(s)
      AHFinderDirect::AHFinderDirect_save: [global] save apparent horizon(s) into Cactus variables
      AHFinderDirect::AHFinderDirect_maybe_do_masks: set mask(s) based on apparent horizon position(s)
      SphericalSurface::SphericalSurface_Set: [global] Set surface radii
      GROUP SphericalSurface_HasBeenSet: Set the spherical surfaces before this group, and use it afterwards
        SphericalSurface::SphericalSurface_CheckState: [global] Test the state of the spherical surfaces
      GROUP zzz_NaNChecker_NaNCheck: Check for NaNs and count them in NaNChecker::NaNsFound
        NaNChecker::NaNChecker_NaNCheck_Prepare: [level] Prepare data structures to check for NaNs
        NaNChecker::NaNChecker_NaNCheck_Check: [local] Check for NaNs
        NaNChecker::NaNChecker_NaNCheck_Finish: [level] Count NaNs in NaNChecker::NaNsFound
      NaNChecker::NaNChecker_TakeAction: [global] [loop-level] Output NaNChecker::NaNmask and take action according to NaNChecker::action_if_found
      PunctureTracker::PunctureTracker_SetPositions: [global] Copy puncture positions to spherical surfaces
      SpaceMask::CheckMask: Ensure that all mask values are legal
      Dissipation::setup_epsdis: Setup spatially varying dissipation
      GROUP MaskBase_SetupMask: Set up the weight function
        GROUP MaskBase_SetupMaskAll: Set up the weight function
          CarpetReduce::MaskBase_AllocateMask: [global] Allocate the weight function
          CarpetReduce::MaskBase_InitMask: [global] [loop-local] Initialise the weight function
          GROUP SetupIMaskInternal: Set up the integer weight function (schedule other routines in here)
            CarpetReduce::CoordBase_SetupMask: [global] [loop-local] Set up the outer boundaries of the weight function
            CarpetReduce::CarpetMaskSetup: [global] [loop-singlemap] Set up the weight function for the restriction regions
          GROUP SetupIMask: Set up the integer weight function (schedule other routines in here)
            CarpetMask::CarpetExcludedSetup: [global] [loop-local] Set up the weight function for the excluded regions
            CarpetMask::CarpetSurfaceSetup: [global] [loop-local] Set up the weight function for the excluded spherical surfaces
          CarpetReduce::MaskBase_SetMask: [global] [loop-local] Set the weight function
          GROUP SetupMask: Set up the real weight function (schedule other routines in here)
          CarpetReduce::MaskBase_TestMask: [global] Test the weight function
    if (checkpoint)
      [CCTK_CHECKPOINT]
      CarpetIOHDF5::CarpetIOHDF5_EvolutionCheckpoint: [meta] Evolution checkpoint routine
      TimerReport::zzz_TimerReport_Checkpoint: [global] Print the timer report
    endif
    if (analysis)
      [CCTK_ANALYSIS]
      CarpetLib::CarpetLib_printtimestats: [global] Print timing statistics if desired
      CarpetLib::CarpetLib_printmemstats: [global] Print memory statistics if desired
      GROUP EMG_constraints: Group to compute constraints
        EMGEvolve::EMG_constraints: Compute constraints
        EMGEvolve::EMG_constraints_boundaries: [level] Enforce symmetry BCs in constraint computation
        GROUP EMG_constraints_ApplyBCs: Apply boundary conditions
          GROUP BoundaryConditions: Execute all boundary conditions
            Boundary::Boundary_ApplyPhysicalBCs: Apply all requested local physical boundary conditions
            CartGrid3D::CartGrid3D_ApplyBC: Apply symmetry boundary conditions
            ReflectionSymmetry::ReflectionSymmetry_Apply: Apply reflection symmetries
          Boundary::Boundary_ClearSelection: [level] Unselect all grid variables for boundary conditions
      GROUP LeanBSSN_constraints: Compute constraints
        LeanBSSNMoL::LeanBSSN_bssn_constraints: Compute constraints
        LeanBSSNMoL::LeanBSSN_Constraints_Boundaries: [level] Enforce symmetry BCs in constraint computation
        GROUP LeanBSSN_Constraints_ApplyBCs: Apply boundary conditions
          GROUP BoundaryConditions: Execute all boundary conditions
            Boundary::Boundary_ApplyPhysicalBCs: Apply all requested local physical boundary conditions
            CartGrid3D::CartGrid3D_ApplyBC: Apply symmetry boundary conditions
            ReflectionSymmetry::ReflectionSymmetry_Apply: Apply reflection symmetries
          Boundary::Boundary_ClearSelection: [level] Unselect all grid variables for boundary conditions
      LoopControl::LC_statistics_analysis: [meta] Output LoopControl statistics
      Multipole::Multipole_Calc: [global] Calculate Multipoles
      GROUP CalcNPEMGScalars: Calculate NPScalars
        NPScalars_EMG::NPEMG_calcPsiGF: [local] calculate grid functions
        GROUP CalcNPEMGScalars_BC: Boundary conditions
          NPScalars_EMG::NPEMG_Boundaries: [level] Symmetry boundary conditions
          GROUP ApplyBCs_NPEMG: Apply boundary conditions
            GROUP BoundaryConditions: Execute all boundary conditions
              Boundary::Boundary_ApplyPhysicalBCs: Apply all requested local physical boundary conditions
              CartGrid3D::CartGrid3D_ApplyBC: Apply symmetry boundary conditions
              ReflectionSymmetry::ReflectionSymmetry_Apply: Apply reflection symmetries
            Boundary::Boundary_ClearSelection: [level] Unselect all grid variables for boundary conditions
      QuasiLocalMeasures::qlm_calculate: [global] Calculate quasi-local quantities
      SystemStatistics::SystemStatistics_Collect: [global] Collect system statistics
      TerminationTrigger::TerminationTrigger_CheckWalltime: Check elapsed job walltime
      TerminationTrigger::TerminationTrigger_CheckSignal: Check if we received a termination signal
      TerminationTrigger::TerminationTrigger_CheckFile: Check termination file
      TimerReport::zzz_TimerReport_Output: [global] Print the timer report
    endif
    Output grid variables
    enddo

  Termination routines
    [CCTK_TERMINATE]
      CarpetIOHDF5::CarpetIOHDF5_TerminationCheckpoint: [meta] Termination checkpoint routine
      LoopControl::LC_statistics_terminate: [meta] Output LoopControl statistics
      MoL::MoL_FreeIndexArrays: Free the MoL bookkeeping index arrays
      TimerReport::zzz_TimerReport_Output: [global] Print the timer report

  Shutdown routines
    [CCTK_SHUTDOWN]
      Timers::Timer_Shutdown: Prepare hierarchical timers

  Routines run after changing the grid hierarchy:
    [CCTK_POSTREGRID]
      SpaceMask::MaskZero: Initialise mask to zero
      CartGrid3D::SpatialCoordinates: Set Coordinates after regridding
      GROUP MaskBase_SetupMask: Set up the weight function
        GROUP MaskBase_SetupMaskAll: Set up the weight function
          CarpetReduce::MaskBase_AllocateMask: [global] Allocate the weight function
          CarpetReduce::MaskBase_InitMask: [global] [loop-local] Initialise the weight function
          GROUP SetupIMaskInternal: Set up the integer weight function (schedule other routines in here)
            CarpetReduce::CoordBase_SetupMask: [global] [loop-local] Set up the outer boundaries of the weight function
            CarpetReduce::CarpetMaskSetup: [global] [loop-singlemap] Set up the weight function for the restriction regions
          GROUP SetupIMask: Set up the integer weight function (schedule other routines in here)
            CarpetMask::CarpetExcludedSetup: [global] [loop-local] Set up the weight function for the excluded regions
            CarpetMask::CarpetSurfaceSetup: [global] [loop-local] Set up the weight function for the excluded spherical surfaces
          CarpetReduce::MaskBase_SetMask: [global] [loop-local] Set the weight function
          GROUP SetupMask: Set up the real weight function (schedule other routines in here)
          CarpetReduce::MaskBase_TestMask: [global] Test the weight function
      Dissipation::setup_epsdis: Setup spatially varying dissipation
      GROUP MoL_PostStep: Ensure that everything is correct after regridding
        LeanBSSNMoL::LeanBSSN_remove_trA: Remove trace of A
        EMGEvolve::EMG_Boundaries: [level] MoL boundary enforcement for EMG variables
        GROUP EMG_ApplyBCs: Apply boundary conditions
          GROUP BoundaryConditions: Execute all boundary conditions
            Boundary::Boundary_ApplyPhysicalBCs: Apply all requested local physical boundary conditions
            CartGrid3D::CartGrid3D_ApplyBC: Apply symmetry boundary conditions
            ReflectionSymmetry::ReflectionSymmetry_Apply: Apply reflection symmetries
          Boundary::Boundary_ClearSelection: [level] Unselect all grid variables for boundary conditions
        LeanBSSNMoL::LeanBSSN_impose_conf_fac_floor: Make sure conformal factor does not drop below specified value
        LeanBSSNMoL::LeanBSSN_Boundaries: [level] MoL boundary enforcement
        GROUP LeanBSSN_ApplyBCs: Apply boundary conditions
          GROUP BoundaryConditions: Execute all boundary conditions
            Boundary::Boundary_ApplyPhysicalBCs: Apply all requested local physical boundary conditions
            CartGrid3D::CartGrid3D_ApplyBC: Apply symmetry boundary conditions
            ReflectionSymmetry::ReflectionSymmetry_Apply: Apply reflection symmetries
          Boundary::Boundary_ClearSelection: [level] Unselect all grid variables for boundary conditions
        LeanBSSNMoL::LeanBSSN_bssn2adm: [local] Convert variables back to the ADM ones
        GROUP ADMBase_SetADMVars: Set the ADM variables before this group, and use them afterwards
        GROUP SetTmunu: Group for calculating the stress-energy tensor
          TmunuBase::TmunuBase_ZeroTmunu: Initialise the stress-energy tensor to zero
          GROUP AddToTmunu: Add to the stress-energy tensor here
            EMGEvolve::EMG_AddToTmunu: Compute the energy-momentum tensor
      GROUP MoL_PseudoEvolutionBoundaries: Apply boundary conditions to pseudo-evolved quantities
      GROUP CalcNPScalars_BC: Boundary conditions
        NPScalars::NPboundaries: [level] Symmetry boundary conditions
        GROUP ApplyBCs_NP: Apply boundary conditions
          GROUP BoundaryConditions: Execute all boundary conditions
            Boundary::Boundary_ApplyPhysicalBCs: Apply all requested local physical boundary conditions
            CartGrid3D::CartGrid3D_ApplyBC: Apply symmetry boundary conditions
            ReflectionSymmetry::ReflectionSymmetry_Apply: Apply reflection symmetries
          Boundary::Boundary_ClearSelection: [level] Unselect all grid variables for boundary conditions
      GROUP CalcNPEMGScalars_BC: Boundary conditions
        NPScalars_EMG::NPEMG_Boundaries: [level] Symmetry boundary conditions
        GROUP ApplyBCs_NPEMG: Apply boundary conditions
          GROUP BoundaryConditions: Execute all boundary conditions
            Boundary::Boundary_ApplyPhysicalBCs: Apply all requested local physical boundary conditions
            CartGrid3D::CartGrid3D_ApplyBC: Apply symmetry boundary conditions
            ReflectionSymmetry::ReflectionSymmetry_Apply: Apply reflection symmetries
          Boundary::Boundary_ClearSelection: [level] Unselect all grid variables for boundary conditions
      SpaceMask::MaskOne: Set mask to one
      AHFinderDirect::AHFinderDirect_maybe_do_masks: set mask(s) based on apparent horizon position(s)
--------------------------------------------------------------------------------
INFO (Carpet): Multi-Model listing:
   model 0: "world"
INFO (Carpet): Multi-Model process distribution:
   processes 0-111: model 0 "world"
INFO (Carpet): Multi-Model: This is process 0, model 0 "world"
INFO (CarpetLib): Process startup time was 18.4 seconds
Current core file size limit: hard=[unlimited], soft=0 MB
Current addres space size limit: hard=[unlimited], soft=[unlimited]
Current data segment size limit: hard=[unlimited], soft=[unlimited]
Current resident set size limit: hard=224000 MB, soft=224000 MB
INFO (CycleClock): Measuring CycleClock tick via OpenMP...
INFO (CycleClock): Calibrated CycleClock: 0.499996 ns per clock tick (2.00002 GHz)
INFO (Vectors): Using vector size 1 for architecture scalar (no vectorisation, 64-bit precision)
INFO (hwloc): library version 2.10.0rc3-git, API version 0x20800
--------------------------------------------------------------------------------
AMR driver provided by Carpet
--------------------------------------------------------------------------------
AMR scalar I/O provided by CarpetIOScalar
--------------------------------------------------------------------------------
AMR 0D ASCII I/O provided by CarpetIOASCII
--------------------------------------------------------------------------------
AMR 1D ASCII I/O provided by CarpetIOASCII
--------------------------------------------------------------------------------
AMR 2D ASCII I/O provided by CarpetIOASCII
--------------------------------------------------------------------------------
AMR 3D ASCII I/O provided by CarpetIOASCII
--------------------------------------------------------------------------------
AMR info I/O provided by CarpetIOBasic
--------------------------------------------------------------------------------
MoL: Generalized time integration.
--------------------------------------------------------------------------------
AMR HDF5 I/O provided by CarpetIOHDF5
--------------------------------------------------------------------------------
AMR 0D HDF5 I/O provided by CarpetIOHDF5
--------------------------------------------------------------------------------
AMR 1D HDF5 I/O provided by CarpetIOHDF5
--------------------------------------------------------------------------------
AMR 2D HDF5 I/O provided by CarpetIOHDF5
--------------------------------------------------------------------------------
AMR 3D HDF5 I/O provided by CarpetIOHDF5
--------------------------------------------------------------------------------

INFO (Carpet): MPI is enabled
INFO (Carpet): Carpet is running on 112 processes
INFO (Carpet): This is process 0
INFO (Carpet): OpenMP is enabled
INFO (Carpet): This process contains 1 threads, this is thread 0
INFO (Carpet): There are 112 threads in total
INFO (Carpet): There are 1 threads per process
INFO (Carpet): This process runs on host gs18r3b64, pid=420413
INFO (Carpet): This process runs on 224 cores: 0-223
INFO (Carpet): Thread 0 runs on 224 cores: 0-223
INFO (Carpet): This simulation is running in 3 dimensions
INFO (Carpet): Boundary specification for map 0:
   nboundaryzones: [[3,3,3],[3,3,3]]
   is_internal   : [[0,0,0],[0,0,0]]
   is_staggered  : [[0,0,0],[0,0,0]]
   shiftout      : [[0,0,0],[0,0,0]]
INFO (Carpet): CoordBase domain specification for map 0:
   physical extent: [-512,-512,-512] : [512,512,512]   ([1024,1024,1024])
   interior extent: [-508,-508,-508] : [508,508,508]   ([1016,1016,1016])
   exterior extent: [-520,-520,-520] : [520,520,520]   ([1040,1040,1040])
   base_spacing   : [4,4,4]
INFO (Carpet): Adapted domain specification for map 0:
   convergence factor: 2
   convergence level : 0
   physical extent   : [-512,-512,-512] : [512,512,512]   ([1024,1024,1024])
   interior extent   : [-508,-508,-508] : [508,508,508]   ([1016,1016,1016])
   exterior extent   : [-520,-520,-520] : [520,520,520]   ([1040,1040,1040])
   spacing           : [4,4,4]
INFO (Carpet): Base grid specification for map 0:
   number of grid points             : [261,261,261]
   number of coarse grid ghost points: [[3,3,3],[3,3,3]]
INFO (Carpet): Buffer zone counts (excluding ghosts):
   [0]: [[0,0,0],[0,0,0]]
   [1]: [[9,9,9],[9,9,9]]
   [2]: [[9,9,9],[9,9,9]]
   [3]: [[9,9,9],[9,9,9]]
   [4]: [[9,9,9],[9,9,9]]
   [5]: [[9,9,9],[9,9,9]]
   [6]: [[9,9,9],[9,9,9]]
   [7]: [[9,9,9],[9,9,9]]
INFO (Carpet): Overlap zone counts:
   [0]: [[0,0,0],[0,0,0]]
   [1]: [[0,0,0],[0,0,0]]
   [2]: [[0,0,0],[0,0,0]]
   [3]: [[0,0,0],[0,0,0]]
   [4]: [[0,0,0],[0,0,0]]
   [5]: [[0,0,0],[0,0,0]]
   [6]: [[0,0,0],[0,0,0]]
   [7]: [[0,0,0],[0,0,0]]
INFO (Carpet): Group and variable statistics:
INFO (Carpet):    There are 716 grid functions in 69 groups
INFO (Carpet):    There are 1158 grid scalars in 73 groups
INFO (Carpet):    There are 111 1-dimensional grid arrays in 10 groups
INFO (Carpet):    There are 416 2-dimensional grid arrays in 18 groups
INFO (Carpet):    There are 6 3-dimensional grid arrays in 1 groups
INFO (Carpet):    (The number of variables counts all time levels)
INFO (CarpetIOScalar): Periodic scalar output requested for:
   EMGEVOLVE::Ec
   EMGEVOLVE::Bc
   LEANBSSNMOL::hc
   LEANBSSNMOL::mcx
   LEANBSSNMOL::mcy
   LEANBSSNMOL::mcz
INFO (CarpetIOASCII): I/O Method 'IOASCII_0D' registered: 0D AMR output of grid variables to ASCII files
INFO (CarpetIOASCII): Periodic 0D AMR output requested for:
   CARPET::physical_time_per_hour
   CARPET::current_physical_time_per_hour
   CARPET::time_total
   CARPET::time_evolution
   CARPET::time_computing
   CARPET::time_communicating
   CARPET::time_io
   CARPET::evolution_steps_count
   CARPET::local_grid_points_per_second
   CARPET::total_grid_points_per_second
   CARPET::local_grid_point_updates_count
   CARPET::total_grid_point_updates_count
   CARPET::local_interior_points_per_second
   CARPET::total_interior_points_per_second
   CARPET::local_interior_point_updates_count
   CARPET::total_interior_point_updates_count
   CARPET::io_per_second
   CARPET::io_bytes_per_second
   CARPET::io_bytes_ascii_per_second
   CARPET::io_bytes_binary_per_second
   CARPET::io_count
   CARPET::io_bytes_count
   CARPET::io_bytes_ascii_count
   CARPET::io_bytes_binary_count
   CARPET::comm_per_second
   CARPET::comm_bytes_per_second
   CARPET::comm_count
   CARPET::comm_bytes_count
   CARPET::time_levels
   CARPET::current_walltime
   CARPET::syncs_count
   PUNCTURETRACKER::pt_loc_t[0]
   PUNCTURETRACKER::pt_loc_t[1]
   PUNCTURETRACKER::pt_loc_t[2]
   PUNCTURETRACKER::pt_loc_t[3]
   PUNCTURETRACKER::pt_loc_t[4]
   PUNCTURETRACKER::pt_loc_t[5]
   PUNCTURETRACKER::pt_loc_t[6]
   PUNCTURETRACKER::pt_loc_t[7]
   PUNCTURETRACKER::pt_loc_t[8]
   PUNCTURETRACKER::pt_loc_t[9]
   PUNCTURETRACKER::pt_loc_x[0]
   PUNCTURETRACKER::pt_loc_x[1]
   PUNCTURETRACKER::pt_loc_x[2]
   PUNCTURETRACKER::pt_loc_x[3]
   PUNCTURETRACKER::pt_loc_x[4]
   PUNCTURETRACKER::pt_loc_x[5]
   PUNCTURETRACKER::pt_loc_x[6]
   PUNCTURETRACKER::pt_loc_x[7]
   PUNCTURETRACKER::pt_loc_x[8]
   PUNCTURETRACKER::pt_loc_x[9]
   PUNCTURETRACKER::pt_loc_y[0]
   PUNCTURETRACKER::pt_loc_y[1]
   PUNCTURETRACKER::pt_loc_y[2]
   PUNCTURETRACKER::pt_loc_y[3]
   PUNCTURETRACKER::pt_loc_y[4]
   PUNCTURETRACKER::pt_loc_y[5]
   PUNCTURETRACKER::pt_loc_y[6]
   PUNCTURETRACKER::pt_loc_y[7]
   PUNCTURETRACKER::pt_loc_y[8]
   PUNCTURETRACKER::pt_loc_y[9]
   PUNCTURETRACKER::pt_loc_z[0]
   PUNCTURETRACKER::pt_loc_z[1]
   PUNCTURETRACKER::pt_loc_z[2]
   PUNCTURETRACKER::pt_loc_z[3]
   PUNCTURETRACKER::pt_loc_z[4]
   PUNCTURETRACKER::pt_loc_z[5]
   PUNCTURETRACKER::pt_loc_z[6]
   PUNCTURETRACKER::pt_loc_z[7]
   PUNCTURETRACKER::pt_loc_z[8]
   PUNCTURETRACKER::pt_loc_z[9]
   QUASILOCALMEASURES::qlm_time[0]
   QUASILOCALMEASURES::qlm_time[1]
   QUASILOCALMEASURES::qlm_time[2]
   QUASILOCALMEASURES::qlm_time[3]
   QUASILOCALMEASURES::qlm_time[4]
   QUASILOCALMEASURES::qlm_time[5]
   QUASILOCALMEASURES::qlm_equatorial_circumference[0]
   QUASILOCALMEASURES::qlm_equatorial_circumference[1]
   QUASILOCALMEASURES::qlm_equatorial_circumference[2]
   QUASILOCALMEASURES::qlm_equatorial_circumference[3]
   QUASILOCALMEASURES::qlm_equatorial_circumference[4]
   QUASILOCALMEASURES::qlm_equatorial_circumference[5]
   QUASILOCALMEASURES::qlm_polar_circumference_0[0]
   QUASILOCALMEASURES::qlm_polar_circumference_0[1]
   QUASILOCALMEASURES::qlm_polar_circumference_0[2]
   QUASILOCALMEASURES::qlm_polar_circumference_0[3]
   QUASILOCALMEASURES::qlm_polar_circumference_0[4]
   QUASILOCALMEASURES::qlm_polar_circumference_0[5]
   QUASILOCALMEASURES::qlm_polar_circumference_pi_2[0]
   QUASILOCALMEASURES::qlm_polar_circumference_pi_2[1]
   QUASILOCALMEASURES::qlm_polar_circumference_pi_2[2]
   QUASILOCALMEASURES::qlm_polar_circumference_pi_2[3]
   QUASILOCALMEASURES::qlm_polar_circumference_pi_2[4]
   QUASILOCALMEASURES::qlm_polar_circumference_pi_2[5]
   QUASILOCALMEASURES::qlm_area[0]
   QUASILOCALMEASURES::qlm_area[1]
   QUASILOCALMEASURES::qlm_area[2]
   QUASILOCALMEASURES::qlm_area[3]
   QUASILOCALMEASURES::qlm_area[4]
   QUASILOCALMEASURES::qlm_area[5]
   QUASILOCALMEASURES::qlm_irreducible_mass[0]
   QUASILOCALMEASURES::qlm_irreducible_mass[1]
   QUASILOCALMEASURES::qlm_irreducible_mass[2]
   QUASILOCALMEASURES::qlm_irreducible_mass[3]
   QUASILOCALMEASURES::qlm_irreducible_mass[4]
   QUASILOCALMEASURES::qlm_irreducible_mass[5]
   QUASILOCALMEASURES::qlm_radius[0]
   QUASILOCALMEASURES::qlm_radius[1]
   QUASILOCALMEASURES::qlm_radius[2]
   QUASILOCALMEASURES::qlm_radius[3]
   QUASILOCALMEASURES::qlm_radius[4]
   QUASILOCALMEASURES::qlm_radius[5]
   QUASILOCALMEASURES::qlm_spin_guess[0]
   QUASILOCALMEASURES::qlm_spin_guess[1]
   QUASILOCALMEASURES::qlm_spin_guess[2]
   QUASILOCALMEASURES::qlm_spin_guess[3]
   QUASILOCALMEASURES::qlm_spin_guess[4]
   QUASILOCALMEASURES::qlm_spin_guess[5]
   QUASILOCALMEASURES::qlm_mass_guess[0]
   QUASILOCALMEASURES::qlm_mass_guess[1]
   QUASILOCALMEASURES::qlm_mass_guess[2]
   QUASILOCALMEASURES::qlm_mass_guess[3]
   QUASILOCALMEASURES::qlm_mass_guess[4]
   QUASILOCALMEASURES::qlm_mass_guess[5]
   QUASILOCALMEASURES::qlm_killing_eigenvalue_re[0]
   QUASILOCALMEASURES::qlm_killing_eigenvalue_re[1]
   QUASILOCALMEASURES::qlm_killing_eigenvalue_re[2]
   QUASILOCALMEASURES::qlm_killing_eigenvalue_re[3]
   QUASILOCALMEASURES::qlm_killing_eigenvalue_re[4]
   QUASILOCALMEASURES::qlm_killing_eigenvalue_re[5]
   QUASILOCALMEASURES::qlm_killing_eigenvalue_im[0]
   QUASILOCALMEASURES::qlm_killing_eigenvalue_im[1]
   QUASILOCALMEASURES::qlm_killing_eigenvalue_im[2]
   QUASILOCALMEASURES::qlm_killing_eigenvalue_im[3]
   QUASILOCALMEASURES::qlm_killing_eigenvalue_im[4]
   QUASILOCALMEASURES::qlm_killing_eigenvalue_im[5]
   QUASILOCALMEASURES::qlm_spin[0]
   QUASILOCALMEASURES::qlm_spin[1]
   QUASILOCALMEASURES::qlm_spin[2]
   QUASILOCALMEASURES::qlm_spin[3]
   QUASILOCALMEASURES::qlm_spin[4]
   QUASILOCALMEASURES::qlm_spin[5]
   QUASILOCALMEASURES::qlm_npspin[0]
   QUASILOCALMEASURES::qlm_npspin[1]
   QUASILOCALMEASURES::qlm_npspin[2]
   QUASILOCALMEASURES::qlm_npspin[3]
   QUASILOCALMEASURES::qlm_npspin[4]
   QUASILOCALMEASURES::qlm_npspin[5]
   QUASILOCALMEASURES::qlm_wsspin[0]
   QUASILOCALMEASURES::qlm_wsspin[1]
   QUASILOCALMEASURES::qlm_wsspin[2]
   QUASILOCALMEASURES::qlm_wsspin[3]
   QUASILOCALMEASURES::qlm_wsspin[4]
   QUASILOCALMEASURES::qlm_wsspin[5]
   QUASILOCALMEASURES::qlm_cvspin[0]
   QUASILOCALMEASURES::qlm_cvspin[1]
   QUASILOCALMEASURES::qlm_cvspin[2]
   QUASILOCALMEASURES::qlm_cvspin[3]
   QUASILOCALMEASURES::qlm_cvspin[4]
   QUASILOCALMEASURES::qlm_cvspin[5]
   QUASILOCALMEASURES::qlm_coordspinx[0]
   QUASILOCALMEASURES::qlm_coordspinx[1]
   QUASILOCALMEASURES::qlm_coordspinx[2]
   QUASILOCALMEASURES::qlm_coordspinx[3]
   QUASILOCALMEASURES::qlm_coordspinx[4]
   QUASILOCALMEASURES::qlm_coordspinx[5]
   QUASILOCALMEASURES::qlm_coordspiny[0]
   QUASILOCALMEASURES::qlm_coordspiny[1]
   QUASILOCALMEASURES::qlm_coordspiny[2]
   QUASILOCALMEASURES::qlm_coordspiny[3]
   QUASILOCALMEASURES::qlm_coordspiny[4]
   QUASILOCALMEASURES::qlm_coordspiny[5]
   QUASILOCALMEASURES::qlm_coordspinz[0]
   QUASILOCALMEASURES::qlm_coordspinz[1]
   QUASILOCALMEASURES::qlm_coordspinz[2]
   QUASILOCALMEASURES::qlm_coordspinz[3]
   QUASILOCALMEASURES::qlm_coordspinz[4]
   QUASILOCALMEASURES::qlm_coordspinz[5]
   QUASILOCALMEASURES::qlm_mass[0]
   QUASILOCALMEASURES::qlm_mass[1]
   QUASILOCALMEASURES::qlm_mass[2]
   QUASILOCALMEASURES::qlm_mass[3]
   QUASILOCALMEASURES::qlm_mass[4]
   QUASILOCALMEASURES::qlm_mass[5]
   QUASILOCALMEASURES::qlm_adm_energy[0]
   QUASILOCALMEASURES::qlm_adm_energy[1]
   QUASILOCALMEASURES::qlm_adm_energy[2]
   QUASILOCALMEASURES::qlm_adm_energy[3]
   QUASILOCALMEASURES::qlm_adm_energy[4]
   QUASILOCALMEASURES::qlm_adm_energy[5]
   QUASILOCALMEASURES::qlm_adm_momentum_x[0]
   QUASILOCALMEASURES::qlm_adm_momentum_x[1]
   QUASILOCALMEASURES::qlm_adm_momentum_x[2]
   QUASILOCALMEASURES::qlm_adm_momentum_x[3]
   QUASILOCALMEASURES::qlm_adm_momentum_x[4]
   QUASILOCALMEASURES::qlm_adm_momentum_x[5]
   QUASILOCALMEASURES::qlm_adm_momentum_y[0]
   QUASILOCALMEASURES::qlm_adm_momentum_y[1]
   QUASILOCALMEASURES::qlm_adm_momentum_y[2]
   QUASILOCALMEASURES::qlm_adm_momentum_y[3]
   QUASILOCALMEASURES::qlm_adm_momentum_y[4]
   QUASILOCALMEASURES::qlm_adm_momentum_y[5]
   QUASILOCALMEASURES::qlm_adm_momentum_z[0]
   QUASILOCALMEASURES::qlm_adm_momentum_z[1]
   QUASILOCALMEASURES::qlm_adm_momentum_z[2]
   QUASILOCALMEASURES::qlm_adm_momentum_z[3]
   QUASILOCALMEASURES::qlm_adm_momentum_z[4]
   QUASILOCALMEASURES::qlm_adm_momentum_z[5]
   QUASILOCALMEASURES::qlm_adm_angular_momentum_x[0]
   QUASILOCALMEASURES::qlm_adm_angular_momentum_x[1]
   QUASILOCALMEASURES::qlm_adm_angular_momentum_x[2]
   QUASILOCALMEASURES::qlm_adm_angular_momentum_x[3]
   QUASILOCALMEASURES::qlm_adm_angular_momentum_x[4]
   QUASILOCALMEASURES::qlm_adm_angular_momentum_x[5]
   QUASILOCALMEASURES::qlm_adm_angular_momentum_y[0]
   QUASILOCALMEASURES::qlm_adm_angular_momentum_y[1]
   QUASILOCALMEASURES::qlm_adm_angular_momentum_y[2]
   QUASILOCALMEASURES::qlm_adm_angular_momentum_y[3]
   QUASILOCALMEASURES::qlm_adm_angular_momentum_y[4]
   QUASILOCALMEASURES::qlm_adm_angular_momentum_y[5]
   QUASILOCALMEASURES::qlm_adm_angular_momentum_z[0]
   QUASILOCALMEASURES::qlm_adm_angular_momentum_z[1]
   QUASILOCALMEASURES::qlm_adm_angular_momentum_z[2]
   QUASILOCALMEASURES::qlm_adm_angular_momentum_z[3]
   QUASILOCALMEASURES::qlm_adm_angular_momentum_z[4]
   QUASILOCALMEASURES::qlm_adm_angular_momentum_z[5]
   QUASILOCALMEASURES::qlm_w_energy[0]
   QUASILOCALMEASURES::qlm_w_energy[1]
   QUASILOCALMEASURES::qlm_w_energy[2]
   QUASILOCALMEASURES::qlm_w_energy[3]
   QUASILOCALMEASURES::qlm_w_energy[4]
   QUASILOCALMEASURES::qlm_w_energy[5]
   QUASILOCALMEASURES::qlm_w_momentum_x[0]
   QUASILOCALMEASURES::qlm_w_momentum_x[1]
   QUASILOCALMEASURES::qlm_w_momentum_x[2]
   QUASILOCALMEASURES::qlm_w_momentum_x[3]
   QUASILOCALMEASURES::qlm_w_momentum_x[4]
   QUASILOCALMEASURES::qlm_w_momentum_x[5]
   QUASILOCALMEASURES::qlm_w_momentum_y[0]
   QUASILOCALMEASURES::qlm_w_momentum_y[1]
   QUASILOCALMEASURES::qlm_w_momentum_y[2]
   QUASILOCALMEASURES::qlm_w_momentum_y[3]
   QUASILOCALMEASURES::qlm_w_momentum_y[4]
   QUASILOCALMEASURES::qlm_w_momentum_y[5]
   QUASILOCALMEASURES::qlm_w_momentum_z[0]
   QUASILOCALMEASURES::qlm_w_momentum_z[1]
   QUASILOCALMEASURES::qlm_w_momentum_z[2]
   QUASILOCALMEASURES::qlm_w_momentum_z[3]
   QUASILOCALMEASURES::qlm_w_momentum_z[4]
   QUASILOCALMEASURES::qlm_w_momentum_z[5]
   QUASILOCALMEASURES::qlm_w_angular_momentum_x[0]
   QUASILOCALMEASURES::qlm_w_angular_momentum_x[1]
   QUASILOCALMEASURES::qlm_w_angular_momentum_x[2]
   QUASILOCALMEASURES::qlm_w_angular_momentum_x[3]
   QUASILOCALMEASURES::qlm_w_angular_momentum_x[4]
   QUASILOCALMEASURES::qlm_w_angular_momentum_x[5]
   QUASILOCALMEASURES::qlm_w_angular_momentum_y[0]
   QUASILOCALMEASURES::qlm_w_angular_momentum_y[1]
   QUASILOCALMEASURES::qlm_w_angular_momentum_y[2]
   QUASILOCALMEASURES::qlm_w_angular_momentum_y[3]
   QUASILOCALMEASURES::qlm_w_angular_momentum_y[4]
   QUASILOCALMEASURES::qlm_w_angular_momentum_y[5]
   QUASILOCALMEASURES::qlm_w_angular_momentum_z[0]
   QUASILOCALMEASURES::qlm_w_angular_momentum_z[1]
   QUASILOCALMEASURES::qlm_w_angular_momentum_z[2]
   QUASILOCALMEASURES::qlm_w_angular_momentum_z[3]
   QUASILOCALMEASURES::qlm_w_angular_momentum_z[4]
   QUASILOCALMEASURES::qlm_w_angular_momentum_z[5]
   SPHERICALSURFACE::sf_area[0]
   SPHERICALSURFACE::sf_area[1]
   SPHERICALSURFACE::sf_area[2]
   SPHERICALSURFACE::sf_area[3]
   SPHERICALSURFACE::sf_area[4]
   SPHERICALSURFACE::sf_area[5]
   SPHERICALSURFACE::sf_mean_radius[0]
   SPHERICALSURFACE::sf_mean_radius[1]
   SPHERICALSURFACE::sf_mean_radius[2]
   SPHERICALSURFACE::sf_mean_radius[3]
   SPHERICALSURFACE::sf_mean_radius[4]
   SPHERICALSURFACE::sf_mean_radius[5]
   SPHERICALSURFACE::sf_centroid_x[0]
   SPHERICALSURFACE::sf_centroid_x[1]
   SPHERICALSURFACE::sf_centroid_x[2]
   SPHERICALSURFACE::sf_centroid_x[3]
   SPHERICALSURFACE::sf_centroid_x[4]
   SPHERICALSURFACE::sf_centroid_x[5]
   SPHERICALSURFACE::sf_centroid_y[0]
   SPHERICALSURFACE::sf_centroid_y[1]
   SPHERICALSURFACE::sf_centroid_y[2]
   SPHERICALSURFACE::sf_centroid_y[3]
   SPHERICALSURFACE::sf_centroid_y[4]
   SPHERICALSURFACE::sf_centroid_y[5]
   SPHERICALSURFACE::sf_centroid_z[0]
   SPHERICALSURFACE::sf_centroid_z[1]
   SPHERICALSURFACE::sf_centroid_z[2]
   SPHERICALSURFACE::sf_centroid_z[3]
   SPHERICALSURFACE::sf_centroid_z[4]
   SPHERICALSURFACE::sf_centroid_z[5]
   SPHERICALSURFACE::sf_quadrupole_xx[0]
   SPHERICALSURFACE::sf_quadrupole_xx[1]
   SPHERICALSURFACE::sf_quadrupole_xx[2]
   SPHERICALSURFACE::sf_quadrupole_xx[3]
   SPHERICALSURFACE::sf_quadrupole_xx[4]
   SPHERICALSURFACE::sf_quadrupole_xx[5]
   SPHERICALSURFACE::sf_quadrupole_xy[0]
   SPHERICALSURFACE::sf_quadrupole_xy[1]
   SPHERICALSURFACE::sf_quadrupole_xy[2]
   SPHERICALSURFACE::sf_quadrupole_xy[3]
   SPHERICALSURFACE::sf_quadrupole_xy[4]
   SPHERICALSURFACE::sf_quadrupole_xy[5]
   SPHERICALSURFACE::sf_quadrupole_xz[0]
   SPHERICALSURFACE::sf_quadrupole_xz[1]
   SPHERICALSURFACE::sf_quadrupole_xz[2]
   SPHERICALSURFACE::sf_quadrupole_xz[3]
   SPHERICALSURFACE::sf_quadrupole_xz[4]
   SPHERICALSURFACE::sf_quadrupole_xz[5]
   SPHERICALSURFACE::sf_quadrupole_yy[0]
   SPHERICALSURFACE::sf_quadrupole_yy[1]
   SPHERICALSURFACE::sf_quadrupole_yy[2]
   SPHERICALSURFACE::sf_quadrupole_yy[3]
   SPHERICALSURFACE::sf_quadrupole_yy[4]
   SPHERICALSURFACE::sf_quadrupole_yy[5]
   SPHERICALSURFACE::sf_quadrupole_yz[0]
   SPHERICALSURFACE::sf_quadrupole_yz[1]
   SPHERICALSURFACE::sf_quadrupole_yz[2]
   SPHERICALSURFACE::sf_quadrupole_yz[3]
   SPHERICALSURFACE::sf_quadrupole_yz[4]
   SPHERICALSURFACE::sf_quadrupole_yz[5]
   SPHERICALSURFACE::sf_quadrupole_zz[0]
   SPHERICALSURFACE::sf_quadrupole_zz[1]
   SPHERICALSURFACE::sf_quadrupole_zz[2]
   SPHERICALSURFACE::sf_quadrupole_zz[3]
   SPHERICALSURFACE::sf_quadrupole_zz[4]
   SPHERICALSURFACE::sf_quadrupole_zz[5]
   SPHERICALSURFACE::sf_min_radius[0]
   SPHERICALSURFACE::sf_min_radius[1]
   SPHERICALSURFACE::sf_min_radius[2]
   SPHERICALSURFACE::sf_min_radius[3]
   SPHERICALSURFACE::sf_min_radius[4]
   SPHERICALSURFACE::sf_min_radius[5]
   SPHERICALSURFACE::sf_max_radius[0]
   SPHERICALSURFACE::sf_max_radius[1]
   SPHERICALSURFACE::sf_max_radius[2]
   SPHERICALSURFACE::sf_max_radius[3]
   SPHERICALSURFACE::sf_max_radius[4]
   SPHERICALSURFACE::sf_max_radius[5]
   SPHERICALSURFACE::sf_min_x[0]
   SPHERICALSURFACE::sf_min_x[1]
   SPHERICALSURFACE::sf_min_x[2]
   SPHERICALSURFACE::sf_min_x[3]
   SPHERICALSURFACE::sf_min_x[4]
   SPHERICALSURFACE::sf_min_x[5]
   SPHERICALSURFACE::sf_min_y[0]
   SPHERICALSURFACE::sf_min_y[1]
   SPHERICALSURFACE::sf_min_y[2]
   SPHERICALSURFACE::sf_min_y[3]
   SPHERICALSURFACE::sf_min_y[4]
   SPHERICALSURFACE::sf_min_y[5]
   SPHERICALSURFACE::sf_min_z[0]
   SPHERICALSURFACE::sf_min_z[1]
   SPHERICALSURFACE::sf_min_z[2]
   SPHERICALSURFACE::sf_min_z[3]
   SPHERICALSURFACE::sf_min_z[4]
   SPHERICALSURFACE::sf_min_z[5]
   SPHERICALSURFACE::sf_max_x[0]
   SPHERICALSURFACE::sf_max_x[1]
   SPHERICALSURFACE::sf_max_x[2]
   SPHERICALSURFACE::sf_max_x[3]
   SPHERICALSURFACE::sf_max_x[4]
   SPHERICALSURFACE::sf_max_x[5]
   SPHERICALSURFACE::sf_max_y[0]
   SPHERICALSURFACE::sf_max_y[1]
   SPHERICALSURFACE::sf_max_y[2]
   SPHERICALSURFACE::sf_max_y[3]
   SPHERICALSURFACE::sf_max_y[4]
   SPHERICALSURFACE::sf_max_y[5]
   SPHERICALSURFACE::sf_max_z[0]
   SPHERICALSURFACE::sf_max_z[1]
   SPHERICALSURFACE::sf_max_z[2]
   SPHERICALSURFACE::sf_max_z[3]
   SPHERICALSURFACE::sf_max_z[4]
   SPHERICALSURFACE::sf_max_z[5]
INFO (CarpetIOASCII): I/O Method 'IOASCII_1D' registered: 1D AMR output of grid variables to ASCII files
INFO (CarpetIOASCII): Periodic 1D AMR output requested for:
   EMGBASE::Ex
   EMGBASE::Ey
   EMGBASE::Ez
   EMGBASE::Bx
   EMGBASE::By
   EMGBASE::Bz
   EMGEVOLVE::Ec
   EMGEVOLVE::Bc
WARNING[L1,P0] (Cactus): Attempt to create a directory with an empty or NULL string
   LEANBSSNMOL::hc
   LEANBSSNMOL::mcx
   LEANBSSNMOL::mcy
   LEANBSSNMOL::mcz
WARNING[L1,P0] (Cactus): Attempt to create a directory with an empty or NULL string
WARNING[L1,P0] (CarpetIOHDF5): Problem creating HDF5 output directory ''
WARNING[L1,P1] (Cactus): Attempt to create a directory with an empty or NULL string
WARNING[L1,P1] (CarpetIOHDF5): Problem creating HDF5 output directory ''
WARNING[L1,P2] (Cactus): Attempt to create a directory with an empty or NULL string
WARNING[L1,P2] (CarpetIOHDF5): Problem creating HDF5 output directory ''
WARNING[L1,P3] (Cactus): Attempt to create a directory with an empty or NULL string
WARNING[L1,P3] (CarpetIOHDF5): Problem creating HDF5 output directory ''
WARNING[L1,P5] (Cactus): Attempt to create a directory with an empty or NULL string
WARNING[L1,P5] (CarpetIOHDF5): Problem creating HDF5 output directory ''
WARNING[L1,P6] (Cactus): Attempt to create a directory with an empty or NULL string
WARNING[L1,P6] (CarpetIOHDF5): Problem creating HDF5 output directory ''
WARNING[L1,P7] (Cactus): Attempt to create a directory with an empty or NULL string
WARNING[L1,P7] (CarpetIOHDF5): Problem creating HDF5 output directory ''
WARNING[L1,P8] (Cactus): Attempt to create a directory with an empty or NULL string
WARNING[L1,P8] (CarpetIOHDF5): Problem creating HDF5 output directory ''
WARNING[L1,P9] (Cactus): Attempt to create a directory with an empty or NULL string
WARNING[L1,P9] (CarpetIOHDF5): Problem creating HDF5 output directory ''
WARNING[L1,P10] (Cactus): Attempt to create a directory with an empty or NULL string
WARNING[L1,P10] (CarpetIOHDF5): Problem creating HDF5 output directory ''
WARNING[L1,P12] (Cactus): Attempt to create a directory with an empty or NULL string
WARNING[L1,P12] (CarpetIOHDF5): Problem creating HDF5 output directory ''
WARNING[L1,P14] (Cactus): Attempt to create a directory with an empty or NULL string
WARNING[L1,P14] (CarpetIOHDF5): Problem creating HDF5 output directory ''
WARNING[L1,P15] (Cactus): Attempt to create a directory with an empty or NULL string
WARNING[L1,P15] (CarpetIOHDF5): Problem creating HDF5 output directory ''
WARNING[L1,P17] (Cactus): Attempt to create a directory with an empty or NULL string
WARNING[L1,P17] (CarpetIOHDF5): Problem creating HDF5 output directory ''
WARNING[L1,P21] (Cactus): Attempt to create a directory with an empty or NULL string
WARNING[L1,P21] (CarpetIOHDF5): Problem creating HDF5 output directory ''
WARNING[L1,P22] (Cactus): Attempt to create a directory with an empty or NULL string
WARNING[L1,P22] (CarpetIOHDF5): Problem creating HDF5 output directory ''
WARNING[L1,P23] (Cactus): Attempt to create a directory with an empty or NULL string
WARNING[L1,P23] (CarpetIOHDF5): Problem creating HDF5 output directory ''
WARNING[L1,P24] (Cactus): Attempt to create a directory with an empty or NULL string
WARNING[L1,P24] (CarpetIOHDF5): Problem creating HDF5 output directory ''
WARNING[L1,P27] (Cactus): Attempt to create a directory with an empty or NULL string
WARNING[L1,P27] (CarpetIOHDF5): Problem creating HDF5 output directory ''
WARNING[L1,P29] (Cactus): Attempt to create a directory with an empty or NULL string
WARNING[L1,P29] (CarpetIOHDF5): Problem creating HDF5 output directory ''
WARNING[L1,P30] (Cactus): Attempt to create a directory with an empty or NULL string
WARNING[L1,P30] (CarpetIOHDF5): Problem creating HDF5 output directory ''
WARNING[L1,P31] (Cactus): Attempt to create a directory with an empty or NULL string
WARNING[L1,P31] (CarpetIOHDF5): Problem creating HDF5 output directory ''
WARNING[L1,P32] (Cactus): Attempt to create a directory with an empty or NULL string
WARNING[L1,P32] (CarpetIOHDF5): Problem creating HDF5 output directory ''
WARNING[L1,P33] (Cactus): Attempt to create a directory with an empty or NULL string
WARNING[L1,P33] (CarpetIOHDF5): Problem creating HDF5 output directory ''
WARNING[L1,P36] (Cactus): Attempt to create a directory with an empty or NULL string
WARNING[L1,P36] (CarpetIOHDF5): Problem creating HDF5 output directory ''
WARNING[L1,P38] (Cactus): Attempt to create a directory with an empty or NULL string
WARNING[L1,P38] (CarpetIOHDF5): Problem creating HDF5 output directory ''
WARNING[L1,P40] (Cactus): Attempt to create a directory with an empty or NULL string
WARNING[L1,P40] (CarpetIOHDF5): Problem creating HDF5 output directory ''
WARNING[L1,P41] (Cactus): Attempt to create a directory with an empty or NULL string
WARNING[L1,P41] (CarpetIOHDF5): Problem creating HDF5 output directory ''
WARNING[L1,P42] (Cactus): Attempt to create a directory with an empty or NULL string
WARNING[L1,P42] (CarpetIOHDF5): Problem creating HDF5 output directory ''
WARNING[L1,P43] (Cactus): Attempt to create a directory with an empty or NULL string
WARNING[L1,P43] (CarpetIOHDF5): Problem creating HDF5 output directory ''
WARNING[L1,P44] (Cactus): Attempt to create a directory with an empty or NULL string
WARNING[L1,P44] (CarpetIOHDF5): Problem creating HDF5 output directory ''
WARNING[L1,P45] (Cactus): Attempt to create a directory with an empty or NULL string
WARNING[L1,P45] (CarpetIOHDF5): Problem creating HDF5 output directory ''
WARNING[L1,P46] (Cactus): Attempt to create a directory with an empty or NULL string
WARNING[L1,P46] (CarpetIOHDF5): Problem creating HDF5 output directory ''
WARNING[L1,P47] (Cactus): Attempt to create a directory with an empty or NULL string
WARNING[L1,P47] (CarpetIOHDF5): Problem creating HDF5 output directory ''
WARNING[L1,P48] (Cactus): Attempt to create a directory with an empty or NULL string
WARNING[L1,P48] (CarpetIOHDF5): Problem creating HDF5 output directory ''
WARNING[L1,P49] (Cactus): Attempt to create a directory with an empty or NULL string
WARNING[L1,P49] (CarpetIOHDF5): Problem creating HDF5 output directory ''
WARNING[L1,P50] (Cactus): Attempt to create a directory with an empty or NULL string
WARNING[L1,P50] (CarpetIOHDF5): Problem creating HDF5 output directory ''
WARNING[L1,P51] (Cactus): Attempt to create a directory with an empty or NULL string
WARNING[L1,P51] (CarpetIOHDF5): Problem creating HDF5 output directory ''
WARNING[L1,P52] (Cactus): Attempt to create a directory with an empty or NULL string
WARNING[L1,P52] (CarpetIOHDF5): Problem creating HDF5 output directory ''
WARNING[L1,P54] (Cactus): Attempt to create a directory with an empty or NULL string
WARNING[L1,P54] (CarpetIOHDF5): Problem creating HDF5 output directory ''
WARNING[L1,P55] (Cactus): Attempt to create a directory with an empty or NULL string
WARNING[L1,P55] (CarpetIOHDF5): Problem creating HDF5 output directory ''
WARNING[L1,P56] (Cactus): Attempt to create a directory with an empty or NULL string
WARNING[L1,P56] (CarpetIOHDF5): Problem creating HDF5 output directory ''
WARNING[L1,P57] (Cactus): Attempt to create a directory with an empty or NULL string
WARNING[L1,P57] (CarpetIOHDF5): Problem creating HDF5 output directory ''
WARNING[L1,P58] (Cactus): Attempt to create a directory with an empty or NULL string
WARNING[L1,P58] (CarpetIOHDF5): Problem creating HDF5 output directory ''
WARNING[L1,P59] (Cactus): Attempt to create a directory with an empty or NULL string
WARNING[L1,P59] (CarpetIOHDF5): Problem creating HDF5 output directory ''
WARNING[L1,P60] (Cactus): Attempt to create a directory with an empty or NULL string
WARNING[L1,P60] (CarpetIOHDF5): Problem creating HDF5 output directory ''
WARNING[L1,P61] (Cactus): Attempt to create a directory with an empty or NULL string
WARNING[L1,P61] (CarpetIOHDF5): Problem creating HDF5 output directory ''
WARNING[L1,P62] (Cactus): Attempt to create a directory with an empty or NULL string
WARNING[L1,P62] (CarpetIOHDF5): Problem creating HDF5 output directory ''
WARNING[L1,P63] (Cactus): Attempt to create a directory with an empty or NULL string
WARNING[L1,P63] (CarpetIOHDF5): Problem creating HDF5 output directory ''
WARNING[L1,P64] (Cactus): Attempt to create a directory with an empty or NULL string
WARNING[L1,P64] (CarpetIOHDF5): Problem creating HDF5 output directory ''
WARNING[L1,P65] (Cactus): Attempt to create a directory with an empty or NULL string
WARNING[L1,P65] (CarpetIOHDF5): Problem creating HDF5 output directory ''
WARNING[L1,P66] (Cactus): Attempt to create a directory with an empty or NULL string
WARNING[L1,P66] (CarpetIOHDF5): Problem creating HDF5 output directory ''
WARNING[L1,P67] (Cactus): Attempt to create a directory with an empty or NULL string
WARNING[L1,P67] (CarpetIOHDF5): Problem creating HDF5 output directory ''
WARNING[L1,P68] (Cactus): Attempt to create a directory with an empty or NULL string
WARNING[L1,P68] (CarpetIOHDF5): Problem creating HDF5 output directory ''
WARNING[L1,P69] (Cactus): Attempt to create a directory with an empty or NULL string
WARNING[L1,P69] (CarpetIOHDF5): Problem creating HDF5 output directory ''
WARNING[L1,P70] (Cactus): Attempt to create a directory with an empty or NULL string
WARNING[L1,P70] (CarpetIOHDF5): Problem creating HDF5 output directory ''
WARNING[L1,P71] (Cactus): Attempt to create a directory with an empty or NULL string
WARNING[L1,P71] (CarpetIOHDF5): Problem creating HDF5 output directory ''
WARNING[L1,P72] (Cactus): Attempt to create a directory with an empty or NULL string
WARNING[L1,P72] (CarpetIOHDF5): Problem creating HDF5 output directory ''
WARNING[L1,P73] (Cactus): Attempt to create a directory with an empty or NULL string
WARNING[L1,P73] (CarpetIOHDF5): Problem creating HDF5 output directory ''
WARNING[L1,P74] (Cactus): Attempt to create a directory with an empty or NULL string
WARNING[L1,P74] (CarpetIOHDF5): Problem creating HDF5 output directory ''
WARNING[L1,P75] (Cactus): Attempt to create a directory with an empty or NULL string
WARNING[L1,P75] (CarpetIOHDF5): Problem creating HDF5 output directory ''
WARNING[L1,P76] (Cactus): Attempt to create a directory with an empty or NULL string
WARNING[L1,P76] (CarpetIOHDF5): Problem creating HDF5 output directory ''
WARNING[L1,P77] (Cactus): Attempt to create a directory with an empty or NULL string
WARNING[L1,P77] (CarpetIOHDF5): Problem creating HDF5 output directory ''
WARNING[L1,P78] (Cactus): Attempt to create a directory with an empty or NULL string
WARNING[L1,P78] (CarpetIOHDF5): Problem creating HDF5 output directory ''
WARNING[L1,P79] (Cactus): Attempt to create a directory with an empty or NULL string
WARNING[L1,P79] (CarpetIOHDF5): Problem creating HDF5 output directory ''
WARNING[L1,P82] (Cactus): Attempt to create a directory with an empty or NULL string
WARNING[L1,P82] (CarpetIOHDF5): Problem creating HDF5 output directory ''
WARNING[L1,P83] (Cactus): Attempt to create a directory with an empty or NULL string
WARNING[L1,P83] (CarpetIOHDF5): Problem creating HDF5 output directory ''
WARNING[L1,P84] (Cactus): Attempt to create a directory with an empty or NULL string
WARNING[L1,P84] (CarpetIOHDF5): Problem creating HDF5 output directory ''
WARNING[L1,P85] (Cactus): Attempt to create a directory with an empty or NULL string
WARNING[L1,P85] (CarpetIOHDF5): Problem creating HDF5 output directory ''
WARNING[L1,P87] (Cactus): Attempt to create a directory with an empty or NULL string
WARNING[L1,P87] (CarpetIOHDF5): Problem creating HDF5 output directory ''
WARNING[L1,P88] (Cactus): Attempt to create a directory with an empty or NULL string
WARNING[L1,P88] (CarpetIOHDF5): Problem creating HDF5 output directory ''
WARNING[L1,P89] (Cactus): Attempt to create a directory with an empty or NULL string
WARNING[L1,P89] (CarpetIOHDF5): Problem creating HDF5 output directory ''
WARNING[L1,P90] (Cactus): Attempt to create a directory with an empty or NULL string
WARNING[L1,P90] (CarpetIOHDF5): Problem creating HDF5 output directory ''
WARNING[L1,P91] (Cactus): Attempt to create a directory with an empty or NULL string
WARNING[L1,P91] (CarpetIOHDF5): Problem creating HDF5 output directory ''
WARNING[L1,P92] (Cactus): Attempt to create a directory with an empty or NULL string
WARNING[L1,P92] (CarpetIOHDF5): Problem creating HDF5 output directory ''
WARNING[L1,P93] (Cactus): Attempt to create a directory with an empty or NULL string
WARNING[L1,P93] (CarpetIOHDF5): Problem creating HDF5 output directory ''
WARNING[L1,P94] (Cactus): Attempt to create a directory with an empty or NULL string
WARNING[L1,P94] (CarpetIOHDF5): Problem creating HDF5 output directory ''
WARNING[L1,P95] (Cactus): Attempt to create a directory with an empty or NULL string
WARNING[L1,P95] (CarpetIOHDF5): Problem creating HDF5 output directory ''
WARNING[L1,P96] (Cactus): Attempt to create a directory with an empty or NULL string
WARNING[L1,P96] (CarpetIOHDF5): Problem creating HDF5 output directory ''
WARNING[L1,P97] (Cactus): Attempt to create a directory with an empty or NULL string
WARNING[L1,P97] (CarpetIOHDF5): Problem creating HDF5 output directory ''
WARNING[L1,P98] (Cactus): Attempt to create a directory with an empty or NULL string
WARNING[L1,P98] (CarpetIOHDF5): Problem creating HDF5 output directory ''
WARNING[L1,P99] (Cactus): Attempt to create a directory with an empty or NULL string
WARNING[L1,P99] (CarpetIOHDF5): Problem creating HDF5 output directory ''
WARNING[L1,P100] (Cactus): Attempt to create a directory with an empty or NULL string
WARNING[L1,P100] (CarpetIOHDF5): Problem creating HDF5 output directory ''
WARNING[L1,P101] (Cactus): Attempt to create a directory with an empty or NULL string
WARNING[L1,P101] (CarpetIOHDF5): Problem creating HDF5 output directory ''
WARNING[L1,P102] (Cactus): Attempt to create a directory with an empty or NULL string
WARNING[L1,P102] (CarpetIOHDF5): Problem creating HDF5 output directory ''
WARNING[L1,P103] (Cactus): Attempt to create a directory with an empty or NULL string
WARNING[L1,P103] (CarpetIOHDF5): Problem creating HDF5 output directory ''
WARNING[L1,P104] (Cactus): Attempt to create a directory with an empty or NULL string
WARNING[L1,P104] (CarpetIOHDF5): Problem creating HDF5 output directory ''
WARNING[L1,P105] (Cactus): Attempt to create a directory with an empty or NULL string
WARNING[L1,P105] (CarpetIOHDF5): Problem creating HDF5 output directory ''
WARNING[L1,P106] (Cactus): Attempt to create a directory with an empty or NULL string
WARNING[L1,P106] (CarpetIOHDF5): Problem creating HDF5 output directory ''
WARNING[L1,P107] (Cactus): Attempt to create a directory with an empty or NULL string
WARNING[L1,P107] (CarpetIOHDF5): Problem creating HDF5 output directory ''
WARNING[L1,P108] (Cactus): Attempt to create a directory with an empty or NULL string
WARNING[L1,P108] (CarpetIOHDF5): Problem creating HDF5 output directory ''
WARNING[L1,P109] (Cactus): Attempt to create a directory with an empty or NULL string
WARNING[L1,P109] (CarpetIOHDF5): Problem creating HDF5 output directory ''
WARNING[L1,P110] (Cactus): Attempt to create a directory with an empty or NULL string
WARNING[L1,P110] (CarpetIOHDF5): Problem creating HDF5 output directory ''
WARNING[L1,P111] (Cactus): Attempt to create a directory with an empty or NULL string
WARNING[L1,P111] (CarpetIOHDF5): Problem creating HDF5 output directory ''
WARNING[L1,P4] (Cactus): Attempt to create a directory with an empty or NULL string
WARNING[L1,P4] (CarpetIOHDF5): Problem creating HDF5 output directory ''
WARNING[L1,P11] (Cactus): Attempt to create a directory with an empty or NULL string
WARNING[L1,P11] (CarpetIOHDF5): Problem creating HDF5 output directory ''
WARNING[L1,P13] (Cactus): Attempt to create a directory with an empty or NULL string
WARNING[L1,P13] (CarpetIOHDF5): Problem creating HDF5 output directory ''
WARNING[L1,P16] (Cactus): Attempt to create a directory with an empty or NULL string
WARNING[L1,P16] (CarpetIOHDF5): Problem creating HDF5 output directory ''
WARNING[L1,P18] (Cactus): Attempt to create a directory with an empty or NULL string
WARNING[L1,P18] (CarpetIOHDF5): Problem creating HDF5 output directory ''
WARNING[L1,P19] (Cactus): Attempt to create a directory with an empty or NULL string
WARNING[L1,P19] (CarpetIOHDF5): Problem creating HDF5 output directory ''
WARNING[L1,P20] (Cactus): Attempt to create a directory with an empty or NULL string
WARNING[L1,P20] (CarpetIOHDF5): Problem creating HDF5 output directory ''
WARNING[L1,P25] (Cactus): Attempt to create a directory with an empty or NULL string
WARNING[L1,P25] (CarpetIOHDF5): Problem creating HDF5 output directory ''
WARNING[L1,P26] (Cactus): Attempt to create a directory with an empty or NULL string
WARNING[L1,P26] (CarpetIOHDF5): Problem creating HDF5 output directory ''
WARNING[L1,P28] (Cactus): Attempt to create a directory with an empty or NULL string
WARNING[L1,P28] (CarpetIOHDF5): Problem creating HDF5 output directory ''
WARNING[L1,P34] (Cactus): Attempt to create a directory with an empty or NULL string
WARNING[L1,P34] (CarpetIOHDF5): Problem creating HDF5 output directory ''
WARNING[L1,P35] (Cactus): Attempt to create a directory with an empty or NULL string
WARNING[L1,P35] (CarpetIOHDF5): Problem creating HDF5 output directory ''
WARNING[L1,P37] (Cactus): Attempt to create a directory with an empty or NULL string
WARNING[L1,P37] (CarpetIOHDF5): Problem creating HDF5 output directory ''
WARNING[L1,P39] (Cactus): Attempt to create a directory with an empty or NULL string
WARNING[L1,P39] (CarpetIOHDF5): Problem creating HDF5 output directory ''
WARNING[L1,P53] (Cactus): Attempt to create a directory with an empty or NULL string
WARNING[L1,P53] (CarpetIOHDF5): Problem creating HDF5 output directory ''
WARNING[L1,P80] (Cactus): Attempt to create a directory with an empty or NULL string
WARNING[L1,P80] (CarpetIOHDF5): Problem creating HDF5 output directory ''
WARNING[L1,P81] (Cactus): Attempt to create a directory with an empty or NULL string
WARNING[L1,P81] (CarpetIOHDF5): Problem creating HDF5 output directory ''
WARNING[L1,P86] (Cactus): Attempt to create a directory with an empty or NULL string
WARNING[L1,P86] (CarpetIOHDF5): Problem creating HDF5 output directory ''
INFO (CarpetIOASCII): I/O Method 'IOASCII_2D' registered: 2D AMR output of grid variables to ASCII files
INFO (CarpetIOASCII): I/O Method 'IOASCII_3D' registered: 3D AMR output of grid variables to ASCII files
INFO (CarpetIOHDF5): I/O Method 'IOHDF5' registered: AMR output of grid variables to HDF5 files
INFO (CarpetIOHDF5): I/O Method 'IOHDF5_0D' registered: 0D AMR output of grid variables to HDF5 files
INFO (CarpetIOHDF5): I/O Method 'IOHDF5_1D' registered: 1D AMR output of grid variables to HDF5 files
INFO (CarpetIOHDF5): I/O Method 'IOHDF5_2D' registered: 2D AMR output of grid variables to HDF5 files
INFO (CarpetIOHDF5): I/O Method 'IOHDF5_3D' registered: 3D AMR output of grid variables to HDF5 files
INFO (CarpetRegrid2): Initialising position of centre 0 to [8,0,0]
INFO (CarpetRegrid2): Initialising position of centre 1 to [-8,0,0]
INFO (MoL): Using Runge-Kutta 4 as the time integrator.
INFO (MoL): The maximum number of evolved variables is 1861. 29 are registered.
INFO (MoL): The maximum number of slow evolved variables is 1861. 0 are registered.
INFO (MoL): The maximum number of constrained variables is 1861. 12 are registered.
INFO (MoL): The maximum number of SandR variables is 1861. 0 are registered.
INFO (MoL): The maximum number of evolved array variables is 1861. 0 are registered.
INFO (MoL): The maximum number of constrained array variables is 1861. 0 are registered.
INFO (MoL): The maximum number of SandR array variables is 1861. 0 are registered.
INFO (MoL): The maximum size of any array variables is 0.
INFO (Vectors): Testing vectorisation... [errors may result in segfaults]
INFO (Vectors): 101/101 tests passed 
INFO (CarpetRegrid2): Centre 1 is at position [8,0,0] with 8 levels
INFO (CarpetRegrid2): Centre 2 is at position [-8,0,0] with 8 levels
INFO (CarpetRegrid2): Regridding level 0 map 0 at iteration 0 time 0
INFO (CarpetRegrid2): Regridding levels 1 and up
INFO (CarpetRegrid2): Enforcing grid structure properties, iteration 0
INFO (CarpetRegrid2): Enforcing grid structure properties, iteration 0
INFO (CarpetRegrid2): Enforcing grid structure properties, iteration 0
INFO (CarpetRegrid2): Enforcing grid structure properties, iteration 0
INFO (CarpetRegrid2): Enforcing grid structure properties, iteration 0
INFO (CarpetRegrid2): Enforcing grid structure properties, iteration 0
INFO (CarpetRegrid2): Enforcing grid structure properties, iteration 0
INFO (Carpet): Grid structure (superregions, grid points):
   [0][0][0]   exterior: [0,0,0] : [260,260,260]   ([261,261,261] + PADDING) 17779581
   [1][0][0]   exterior: [215,219,219] : [305,301,301]   ([91,83,83] + PADDING) 626899
   [2][0][0]   exterior: [479,487,487] : [561,553,553]   ([83,67,67] + PADDING) 372587
   [3][0][0]   exterior: [991,1007,1007] : [1089,1073,1073]   ([99,67,67] + PADDING) 444411
   [4][0][0]   exterior: [2016,2048,2048] : [2144,2112,2112]   ([129,65,65] + PADDING) 545025
   [5][0][0]   exterior: [4065,4129,4129] : [4127,4191,4191]   ([63,63,63] + PADDING) 250047
   [5][0][1]   exterior: [4193,4129,4129] : [4255,4191,4191]   ([63,63,63] + PADDING) 250047
   [6][0][0]   exterior: [8163,8291,8291] : [8221,8349,8349]   ([59,59,59] + PADDING) 205379
   [6][0][1]   exterior: [8419,8291,8291] : [8477,8349,8349]   ([59,59,59] + PADDING) 205379
   [7][0][0]   exterior: [16359,16615,16615] : [16409,16665,16665]   ([51,51,51] + PADDING) 132651
   [7][0][1]   exterior: [16871,16615,16615] : [16921,16665,16665]   ([51,51,51] + PADDING) 132651
INFO (Carpet): Grid structure (superregions, coordinates):
   [0][0][0]   exterior: [-520,-520,-520] : [520,520,520] : [4,4,4]
   [1][0][0]   exterior: [-90,-82,-82] : [90,82,82] : [2,2,2]
   [2][0][0]   exterior: [-41,-33,-33] : [41,33,33] : [1,1,1]
   [3][0][0]   exterior: [-24.5,-16.5,-16.5] : [24.5,16.5,16.5] : [0.5,0.5,0.5]
   [4][0][0]   exterior: [-16,-8,-8] : [16,8,8] : [0.25,0.25,0.25]
   [5][0][0]   exterior: [-11.875,-3.875,-3.875] : [-4.125,3.875,3.875] : [0.125,0.125,0.125]
   [5][0][1]   exterior: [4.125,-3.875,-3.875] : [11.875,3.875,3.875] : [0.125,0.125,0.125]
   [6][0][0]   exterior: [-9.8125,-1.8125,-1.8125] : [-6.1875,1.8125,1.8125] : [0.0625,0.0625,0.0625]
   [6][0][1]   exterior: [6.1875,-1.8125,-1.8125] : [9.8125,1.8125,1.8125] : [0.0625,0.0625,0.0625]
   [7][0][0]   exterior: [-8.78125,-0.78125,-0.78125] : [-7.21875,0.78125,0.78125] : [0.03125,0.03125,0.03125]
   [7][0][1]   exterior: [7.21875,-0.78125,-0.78125] : [8.78125,0.78125,0.78125] : [0.03125,0.03125,0.03125]
INFO (Carpet): Global grid structure statistics:
INFO (Carpet): GF: rhs: 249k active, 486k owned (+95%), 1171k total (+141%), 128 steps/time
INFO (Carpet): GF: vars: 247, pts: 4416M active, 4877M owned (+10%), 7705M total (+58%), 1.0 comp/proc
INFO (Carpet): GA: vars: 1664, pts: 381M active, 381M total (+0%)
INFO (Carpet): Total required memory: 65.539 GByte (for GAs and currently active GFs)
INFO (Carpet): Load balance:  min     avg     max     sdv     max/avg-1
INFO (Carpet): Level  0:      32M     37M     41M      2M owned     11%
INFO (Carpet): Level  1:       1M      1M      1M      0M owned      8%
INFO (Carpet): Level  2:       1M      1M      1M      0M owned      7%
INFO (Carpet): Level  3:       1M      1M      1M      0M owned      9%
INFO (Carpet): Level  4:       1M      1M      1M      0M owned     13%
INFO (Carpet): Level  5:       1M      1M      1M      0M owned      5%
INFO (Carpet): Level  6:       1M      1M      1M      0M owned      6%
INFO (Carpet): Level  7:       0M      1M      1M      0M owned      7%
INFO (CartGrid3D): Grid Spacings:
INFO (CartGrid3D): dx=>4.0000000e+00  dy=>4.0000000e+00  dz=>4.0000000e+00
INFO (CartGrid3D): Computational Coordinates:
INFO (CartGrid3D): x=>[-520.000,520.000]  y=>[-520.000,520.000]  z=>[-520.000,520.000]
INFO (CartGrid3D): Indices of Physical Coordinates:
INFO (CartGrid3D): x=>[0,260]  y=>[0,260]  z=>[0,260]
INFO (AHFinderDirect): setting up AHFinderDirect data structures
INFO (AHFinderDirect):            to search for 6 horizons on 112 processors
INFO (AHFinderDirect):       constructing full sphere patch system
INFO (AHFinderDirect):                    at origin (8.001,0,0)
INFO (AHFinderDirect):                    with 18 angular zones per right angle
INFO (AHFinderDirect):       ==> 2166 nominal, 3174 ghosted angular grid points
INFO (AHFinderDirect):       constructing full sphere patch system
INFO (AHFinderDirect):                    at origin (-8.001,0,0)
INFO (AHFinderDirect):                    with 18 angular zones per right angle
INFO (AHFinderDirect):       ==> 2166 nominal, 3174 ghosted angular grid points
INFO (AHFinderDirect):       constructing full sphere patch system
INFO (AHFinderDirect):                    at origin (0,0,0)
INFO (AHFinderDirect):                    with 18 angular zones per right angle
INFO (AHFinderDirect):       ==> 2166 nominal, 3174 ghosted angular grid points
INFO (AHFinderDirect):       constructing full sphere patch system
INFO (AHFinderDirect):                    at origin (0,0,0)
INFO (AHFinderDirect):                    with 18 angular zones per right angle
INFO (AHFinderDirect):       ==> 2166 nominal, 3174 ghosted angular grid points
INFO (AHFinderDirect):       constructing full sphere patch system
INFO (AHFinderDirect):                    at origin (0,0,0)
INFO (AHFinderDirect):                    with 18 angular zones per right angle
INFO (AHFinderDirect):       ==> 2166 nominal, 3174 ghosted angular grid points
INFO (AHFinderDirect):       constructing full sphere patch system
INFO (AHFinderDirect):                    at origin (0,0,0)
INFO (AHFinderDirect):                    with 18 angular zones per right angle
INFO (AHFinderDirect):       ==> 2166 nominal, 3174 ghosted angular grid points
INFO (TerminationTrigger): Reminding you every 0 minutes about remaining walltime
INFO (Time): Timestep set to 1 (courant_static)
INFO (TwoChargedPunctures): Solving puncture equation for BH-BH system
INFO (TwoChargedPunctures): b = 8.001
TCP_Newton: it=0 	 |F|=7.156907e-06
bare mass: mp=0.5 	 mm=0.5
bicgstab:  itmax 100, tol 7.156907e-09
bicgstab:     0   5.988e-04
bicgstab:     1   2.382e-01   1.078e+00   0.000e+00  -2.963e-02
bicgstab:     2   4.907e+01   4.080e+00   3.761e-02  -4.909e-01
bicgstab:     3   6.598e+03   2.028e+01   6.416e-01   6.472e-01
bicgstab:     4   7.506e+02   3.922e-02  -4.552e+02  -7.097e+00
bicgstab:     5   7.271e+02  -2.469e-02   1.873e-03  -1.257e-01
bicgstab:     6   2.391e+03   2.543e+00  -1.683e-01   4.892e-01
bicgstab:     7   1.656e+03   9.649e-01   7.395e-01   7.538e-01
bicgstab:     8   3.166e+02   2.528e+00   9.524e-01   3.975e-01
bicgstab:     9   3.808e+01   4.262e-01  -1.397e+00   2.529e+00
bicgstab:    10   2.044e+01  -1.185e-01  -1.003e-02   4.132e-01
bicgstab:    11   1.464e+01  -3.793e-02  -1.420e-02  -6.349e-01
bicgstab:    12   1.464e+01  -2.318e+00  -9.766e-01   1.375e-01
bicgstab:    13   1.474e+01   1.215e+00  -1.172e+01  -5.754e-01
bicgstab:    14   5.270e+00  -3.963e+00  -2.817e+00   4.102e+00
bicgstab:    15   5.107e+00   6.387e-01  -3.221e-01   4.352e-02
bicgstab:    16   6.376e+00  -1.858e+00  -8.626e-02   5.247e-01
bicgstab:    17   5.477e+00   9.830e-02   1.543e+00   7.504e-02
bicgstab:    18   6.571e+00   4.847e+00  -5.749e-01   5.830e-02
bicgstab:    19   8.654e-01  -9.807e-01   4.017e+01   1.471e+00
bicgstab:    20   2.449e+00   4.941e-02  -2.059e+00   8.332e-01
bicgstab:    21   3.912e+00   2.526e+00   4.137e-02   1.037e+00
bicgstab:    22   3.442e+00   8.778e-02  -4.403e+00   1.320e-01
bicgstab:    23   3.420e+00   6.993e-02   8.736e-02   8.357e-02
bicgstab:    24   3.404e+00   5.083e-01  -7.178e-01   8.272e-02
bicgstab:    25   3.357e+00   1.787e-01   6.746e+00   1.690e-01
bicgstab:    26   9.944e-01   6.250e-01  -1.290e+00   4.265e+00
bicgstab:    27   7.499e-01   1.001e-01   1.302e-02   1.802e-01
bicgstab:    28   7.383e-01   4.995e-01  -8.824e-01   7.480e-02
bicgstab:    29   2.571e-01   2.210e+00   6.339e+00   6.850e-01
bicgstab:    30   3.555e-01   6.179e-02  -1.251e+01   3.407e+00
bicgstab:    31   1.789e-01   7.269e-02  -2.244e-03   5.705e-01
bicgstab:    32   1.812e-01  -1.277e+00  -5.393e-01   2.365e-01
bicgstab:    33   1.657e-01  -1.283e+00  -3.389e+00   2.922e-01
bicgstab:    34   1.609e-01   2.018e+00  -1.646e+01   4.649e-01
bicgstab:    35   2.509e+00   9.298e-01   1.824e+01   1.661e+00
bicgstab:    36   6.818e-03   4.779e-02  -2.037e+01   1.437e+00
bicgstab:    37   6.696e-03   9.792e-02  -3.792e-05   2.420e-02
bicgstab:    38   1.345e-02   1.863e+01  -7.160e-01   3.702e-01
bicgstab:    39   2.724e-03   4.696e-02  -3.029e+02   1.922e+00
bicgstab:    40   1.141e-03  -7.097e+00   3.226e-03   4.105e-01
bicgstab:    41   1.335e-03   3.613e-02  -9.249e+01   1.966e+00
bicgstab:    42   1.455e-03   2.688e-01   3.104e-02  -6.439e-02
bicgstab:    43   1.557e-03  -4.478e-01  -1.548e-01   9.366e-02
bicgstab:    44   3.554e-04  -3.941e+00  -2.423e+00   5.216e-01
bicgstab:    45   3.587e-04   4.866e-02  -2.078e-01  -5.914e-03
bicgstab:    46   3.750e-05   3.969e+00  -8.136e-01   1.469e-01
bicgstab:    47   8.701e-05   1.138e-01  -5.321e+00  -1.924e-01
bicgstab:    48   2.298e-06   4.030e-03  -5.008e+01   4.144e-01
bicgstab:    49   1.002e-05   2.126e-01  -2.601e-03  -2.895e+00
bicgstab:    50   1.568e-05   1.533e-01   5.474e-01  -5.103e-01
bicgstab:    51   1.468e-05  -5.618e-01  -7.410e-02   3.635e-01
bicgstab:    52   1.321e-05  -8.468e+00  -2.729e+00  -1.464e+00
bicgstab:    53   2.712e-05  -8.264e-01   2.528e+01  -9.753e-01
bicgstab:    54   4.490e-05  -8.617e-01   2.468e+00   2.953e-01
bicgstab:    55   1.305e-05  -3.864e-02  -3.164e+01   2.491e+00
bicgstab:    56   8.565e-06   3.036e-01  -1.031e-04   7.422e-01
bicgstab:    57   4.446e-06   1.489e+00  -2.651e-01   1.964e+00
bicgstab:    58   4.039e-06  -4.610e-01  -6.207e-01   3.315e-01
bicgstab:    59   3.891e-06   1.524e-02   1.495e-02   3.319e-01
bicgstab:    60   3.247e-06   4.618e+01  -9.745e-01   4.294e-01
bicgstab:    61   4.620e-08  -3.717e-01   3.078e+02   4.881e+00
bicgstab:    62   8.163e-08   2.424e+00   2.371e-01   4.173e-01
bicgstab:    63   7.873e-09   5.912e-01  -7.768e-01   2.327e+00
bicgstab:    64   4.143e-08  -1.133e+00   6.619e-01   5.221e+00
bicgstab:    65   2.323e-08   7.467e-01  -1.255e-01   6.493e-01
bicgstab:    66   1.737e-08   2.696e-01  -1.170e+00   8.218e-01
bicgstab:    67   1.025e-08   1.019e+00   2.144e-01   6.627e-01
bicgstab:    68   1.457e-08   9.743e+00  -5.722e-01   4.429e-01
bicgstab:    69   1.135e-08  -3.050e-01   2.050e+01   4.589e-01
bicgstab:    70   8.864e-10   3.928e-01  -9.949e-01   6.958e+00
TCP_Newton: it=1 	 |F|=2.679302e-07 
INFO (TwoChargedPunctures): Wrote coefficient file v.dat
INFO (TwoChargedPunctures): The two puncture masses are mp=0.5 and mm=0.5
INFO (TwoChargedPunctures): Puncture 1 ADM mass is 0.50779
INFO (TwoChargedPunctures): Puncture 2 ADM mass is 0.50779
INFO (TwoChargedPunctures): The total ADM mass is 0.996287
INFO (TwoChargedPunctures): Setting initial lapse to psi^-2.000000 profile.
INFO (TwoChargedPunctures): Interpolating result
INFO (QuasiLocalMeasures): Initialising Quasi-Local Measure calculations
INFO (TerminationTrigger): Reminding you every 0 minutes about remaining walltime
INFO (Time): Timestep set to 1 (courant_static)
INFO (TwoChargedPunctures): Setting initial lapse to psi^-2.000000 profile.
INFO (TwoChargedPunctures): Interpolating result
INFO (TerminationTrigger): Reminding you every 0 minutes about remaining walltime
INFO (Time): Timestep set to 0.5 (courant_static)
INFO (TwoChargedPunctures): Setting initial lapse to psi^-2.000000 profile.
INFO (TwoChargedPunctures): Interpolating result
INFO (TerminationTrigger): Reminding you every 0 minutes about remaining walltime
INFO (Time): Timestep set to 0.25 (courant_static)
INFO (TwoChargedPunctures): Setting initial lapse to psi^-2.000000 profile.
INFO (TwoChargedPunctures): Interpolating result
INFO (TerminationTrigger): Reminding you every 0 minutes about remaining walltime
INFO (Time): Timestep set to 0.125 (courant_static)
INFO (TwoChargedPunctures): Setting initial lapse to psi^-2.000000 profile.
INFO (TwoChargedPunctures): Interpolating result
INFO (TerminationTrigger): Reminding you every 0 minutes about remaining walltime
INFO (Time): Timestep set to 0.0625 (courant_static)
INFO (TwoChargedPunctures): Setting initial lapse to psi^-2.000000 profile.
INFO (TwoChargedPunctures): Interpolating result
INFO (TerminationTrigger): Reminding you every 0 minutes about remaining walltime
INFO (Time): Timestep set to 0.03125 (courant_static)
INFO (TwoChargedPunctures): Setting initial lapse to psi^-2.000000 profile.
INFO (TwoChargedPunctures): Interpolating result
INFO (TerminationTrigger): Reminding you every 0 minutes about remaining walltime
INFO (Time): Timestep set to 0.015625 (courant_static)
INFO (TwoChargedPunctures): Setting initial lapse to psi^-2.000000 profile.
INFO (TwoChargedPunctures): Interpolating result
INFO (AHFinderDirect): proc 0: searching for horizon 1/6
INFO (AHFinderDirect): AH 6/6: r=239.007 at (0.000008,0.000020,-0.000048)
INFO (AHFinderDirect): AH 6/6: area=723845.0684 m_irreducible=120.0018337
INFO (AHFinderDirect): AH 3/6: r=79.0012 at (-0.000000,0.000000,0.000000)
INFO (AHFinderDirect): AH 3/6: area=80425.06051 m_irreducible=40.00007176
INFO (AHFinderDirect): AH 4/6: r=99.0017 at (0.000000,0.000000,-0.000000)
INFO (AHFinderDirect): AH 4/6: area=125663.9324 m_irreducible=50.00004501
INFO (AHFinderDirect): AH 5/6: r=179.003 at (-0.000000,0.000000,0.000000)
INFO (AHFinderDirect): AH 5/6: area=407150.5239 m_irreducible=90.00001282
INFO (AHFinderDirect): AH 1/6: r=0.212832 at (8.000985,-0.000000,-0.000000)
INFO (AHFinderDirect): AH 1/6: area=11.23551211 m_irreducible=0.4727826258
INFO (AHFinderDirect): AH 2/6: r=0.212832 at (-8.000985,0.000000,-0.000000)
INFO (AHFinderDirect): AH 2/6: area=11.23551211 m_irreducible=0.4727826258
INFO (QuasiLocalMeasures): Calculating quasi-local quantities for surface    0
INFO (QuasiLocalMeasures): Importing from spherical surface    0
INFO (QuasiLocalMeasures): Geometric quantities for surface    0:
INFO (QuasiLocalMeasures):    Area A:                            11.2353
INFO (QuasiLocalMeasures):    Irreducible mass M = R/2:         0.472779
INFO (QuasiLocalMeasures):    Areal radius R = sqrt(A/4pi):     0.945558
INFO (QuasiLocalMeasures): Coordinate-dependent quantities for surface    0:
INFO (QuasiLocalMeasures):    Equatorial circumference:             5.94090
INFO (QuasiLocalMeasures):    Polar circumference at phi=0:         5.94007
INFO (QuasiLocalMeasures):    Polar circumference at phi=pi/2:      5.94056
INFO (QuasiLocalMeasures):    No valid spin guess from distortion.
INFO (QuasiLocalMeasures):    (Spin guess is imaginary.)
INFO (QuasiLocalMeasures):    Magnitude of invalid spin guess:     0.378955E-02
INFO (QuasiLocalMeasures):    Mass guess M from distortion:        0.472762
INFO (QuasiLocalMeasures): Isolated Horizon quantities for surface    0:
INFO (QuasiLocalMeasures):    Killing vector field eigenvalue norm:      1.00000
INFO (QuasiLocalMeasures):    Spin J:                                  -0.109893E-15
INFO (QuasiLocalMeasures):    Kerr spin parameter a = J/M:             -0.232440E-15
INFO (QuasiLocalMeasures):    Dimensionless spin parameter a = J/M^2:  -0.491646E-15
INFO (QuasiLocalMeasures):    Spin J from NP:                          -0.488173E-15
INFO (QuasiLocalMeasures):    Spin J from phi-coordinate-vector:         0.00000
INFO (QuasiLocalMeasures):    Mass M:                                   0.472779
INFO (QuasiLocalMeasures): Global quantities for surface    0:
INFO (QuasiLocalMeasures):    ADM energy:                 -9.26288
INFO (QuasiLocalMeasures):    ADM momentum x:            -0.517712E-19
INFO (QuasiLocalMeasures):    ADM momentum y:            -0.286084E-20
INFO (QuasiLocalMeasures):    ADM momentum z:             0.422013E-20
INFO (QuasiLocalMeasures):    ADM angular momentum x:    -0.186798E-06
INFO (QuasiLocalMeasures):    ADM angular momentum y:    -0.406096E-19
INFO (QuasiLocalMeasures):    ADM angular momentum z:    -0.228863E-19
INFO (QuasiLocalMeasures):    Weinberg energy:                  18.6640
INFO (QuasiLocalMeasures):    Weinberg momentum x:            -0.716097E-19
INFO (QuasiLocalMeasures):    Weinberg momentum y:            -0.301561E-19
INFO (QuasiLocalMeasures):    Weinberg momentum z:             0.347276E-19
INFO (QuasiLocalMeasures):    Weinberg angular momentum x:    -0.368533E-05
INFO (QuasiLocalMeasures):    Weinberg angular momentum y:    -0.432996E-18
INFO (QuasiLocalMeasures):    Weinberg angular momentum z:    -0.240418E-18
------------------------------------------------------------------------------------
Iteration      Time | *me_per_hour |     LEANBSSNMOL::conf_fac | *TISTICS::maxrss_mb
                    |              |      minimum      maximum |   minimum   maximum
------------------------------------------------------------------------------------
        0     0.000 |    0.0000000 |    0.0001000    0.9988775 |       797      1016
INFO (CarpetRegrid2): Centre 1 is at position [8.001,0,0] with 8 levels
INFO (CarpetRegrid2): Centre 2 is at position [-8.001,0,0] with 8 levels
INFO (CarpetRegrid2): Refined regions have not changed sufficiently; skipping regridding
INFO (CarpetRegrid2): Centre 1 is at position [8.001,0,0] with 8 levels
INFO (CarpetRegrid2): Centre 2 is at position [-8.001,0,0] with 8 levels
INFO (CarpetRegrid2): Refined regions have not changed sufficiently; skipping regridding
INFO (CarpetRegrid2): Centre 1 is at position [8.001,0,0] with 8 levels
INFO (CarpetRegrid2): Centre 2 is at position [-8.001,0,0] with 8 levels
INFO (CarpetRegrid2): Refined regions have not changed sufficiently; skipping regridding
INFO (CarpetRegrid2): Centre 1 is at position [8.001,0,0] with 8 levels
INFO (CarpetRegrid2): Centre 2 is at position [-8.001,0,0] with 8 levels
INFO (CarpetRegrid2): Refined regions have not changed sufficiently; skipping regridding
INFO (CarpetRegrid2): Centre 1 is at position [8.001,0,0] with 8 levels
INFO (CarpetRegrid2): Centre 2 is at position [-8.001,0,0] with 8 levels
INFO (CarpetRegrid2): Refined regions have not changed sufficiently; skipping regridding
INFO (CarpetRegrid2): Centre 1 is at position [8.001,0,0] with 8 levels
INFO (CarpetRegrid2): Centre 2 is at position [-8.001,0,0] with 8 levels
INFO (CarpetRegrid2): Refined regions have not changed sufficiently; skipping regridding
INFO (CarpetRegrid2): Centre 1 is at position [8.001,0,0] with 8 levels
INFO (CarpetRegrid2): Centre 2 is at position [-8.001,0,0] with 8 levels
INFO (CarpetRegrid2): Refined regions have not changed sufficiently; skipping regridding
INFO (CarpetRegrid2): Centre 1 is at position [8.001,0,0] with 8 levels
INFO (CarpetRegrid2): Centre 2 is at position [-8.001,0,0] with 8 levels
INFO (CarpetRegrid2): Refined regions have not changed sufficiently; skipping regridding
        1     0.016 |   11.6238244 |    0.0001132    0.9988775 |       847      1024
        2     0.031 |   21.5709311 |    0.0001264    0.9988775 |       812      1024
        3     0.047 |   30.2696548 |    0.0001395    0.9988775 |       812      1024
        4     0.062 |   37.3921925 |    0.0001526    0.9988775 |       812      1024
        5     0.078 |   42.0501771 |    0.0001656    0.9988775 |       812      1024
        6     0.094 |   47.7257379 |    0.0001786    0.9988775 |       812      1025
        7     0.109 |   52.9874781 |    0.0001916    0.9988775 |       813      1025
        8     0.125 |   56.8289230 |    0.0002045    0.9988775 |       813      1025
        9     0.141 |   58.1908461 |    0.0002173    0.9988775 |       813      1025
       10     0.156 |   62.1265371 |    0.0002302    0.9988775 |       813      1025
       11     0.172 |   65.7579330 |    0.0002429    0.9988775 |       813      1025
       12     0.188 |   68.5666225 |    0.0002556    0.9988775 |       813      1025
       13     0.203 |   70.3179690 |    0.0002683    0.9988775 |       814      1025
       14     0.219 |   73.2349197 |    0.0002809    0.9988775 |       814      1026
       15     0.234 |   75.9665572 |    0.0002935    0.9988775 |       814      1026
       16     0.250 |   77.5415208 |    0.0003060    0.9988775 |       814      1026
       17     0.266 |   76.0914624 |    0.0003184    0.9988775 |       814      1026
       18     0.281 |   78.2461241 |    0.0003308    0.9988775 |       814      1026
       19     0.297 |   80.1365445 |    0.0003432    0.9988775 |       815      1026
------------------------------------------------------------------------------------
Iteration      Time | *me_per_hour |     LEANBSSNMOL::conf_fac | *TISTICS::maxrss_mb
                    |              |      minimum      maximum |   minimum   maximum
------------------------------------------------------------------------------------
       20     0.312 |   81.5577364 |    0.0003555    0.9988775 |       815      1026
       21     0.328 |   81.9228215 |    0.0003677    0.9988775 |       815      1026
       22     0.344 |   83.7822307 |    0.0003799    0.9988775 |       815      1026
       23     0.359 |   85.5289458 |    0.0003921    0.9988775 |       815      1026
       24     0.375 |   86.4700722 |    0.0004041    0.9988775 |       815      1026
       25     0.391 |   85.8603497 |    0.0004162    0.9988775 |       815      1026
       26     0.406 |   87.4208483 |    0.0004281    0.9988775 |       815      1027
       27     0.422 |   88.8930592 |    0.0004400    0.9988775 |       815      1027
       28     0.438 |   89.8850799 |    0.0004519    0.9988775 |       816      1027
       29     0.453 |   90.2362718 |    0.0004637    0.9988775 |       816      1027
       30     0.469 |   91.5742065 |    0.0004754    0.9988775 |       816      1027
       31     0.484 |   92.8306570 |    0.0004871    0.9988775 |       816      1027
       32     0.500 |   93.0362901 |    0.0004988    0.9988775 |       816      1027
       33     0.516 |   90.7637753 |    0.0005103    0.9988775 |       816      1027
       34     0.531 |   91.9311291 |    0.0005218    0.9988775 |       816      1027
       35     0.547 |   93.0429800 |    0.0005333    0.9988775 |       816      1027
       36     0.562 |   93.7843571 |    0.0005447    0.9988775 |       817      1027
       37     0.578 |   93.9755365 |    0.0005560    0.9988775 |       817      1027
       38     0.594 |   95.0018704 |    0.0005673    0.9988775 |       817      1027
       39     0.609 |   95.9901302 |    0.0005785    0.9988775 |       817      1027
------------------------------------------------------------------------------------
Iteration      Time | *me_per_hour |     LEANBSSNMOL::conf_fac | *TISTICS::maxrss_mb
                    |              |      minimum      maximum |   minimum   maximum
------------------------------------------------------------------------------------
       40     0.625 |   96.3957172 |    0.0005897    0.9988775 |       817      1028
       41     0.641 |   95.6448846 |    0.0006008    0.9988775 |       817      1028
       42     0.656 |   96.5651858 |    0.0006118    0.9988775 |       817      1028
       43     0.672 |   97.4540037 |    0.0006228    0.9988775 |       817      1028
       44     0.688 |   98.0017620 |    0.0006337    0.9988775 |       817      1028
       45     0.703 |   98.0683644 |    0.0006446    0.9988775 |       817      1028
       46     0.719 |   98.9062549 |    0.0006554    0.9988775 |       817      1028
       47     0.734 |   99.7082995 |    0.0006661    0.9988775 |       817      1028
       48     0.750 |   99.9584247 |    0.0006768    0.9988775 |       817      1028
       49     0.766 |   98.5935633 |    0.0006874    0.9988775 |       818      1028
       50     0.781 |   99.3322193 |    0.0006979    0.9988775 |       818      1028
       51     0.797 |  100.0749072 |    0.0007084    0.9988775 |       818      1028
       52     0.812 |  100.5101758 |    0.0007189    0.9988775 |       818      1028
       53     0.828 |  100.5334267 |    0.0007292    0.9988775 |       818      1028
       54     0.844 |  101.2269541 |    0.0007395    0.9988775 |       818      1028
       55     0.859 |  101.9065942 |    0.0007498    0.9988775 |       818      1028
       56     0.875 |  102.1360867 |    0.0007600    0.9988775 |       818      1028
       57     0.891 |  101.4481878 |    0.0007701    0.9988775 |       818      1028
       58     0.906 |  102.1018042 |    0.0007801    0.9988775 |       818      1028
       59     0.922 |  102.7115158 |    0.0007901    0.9988775 |       818      1028
------------------------------------------------------------------------------------
Iteration      Time | *me_per_hour |     LEANBSSNMOL::conf_fac | *TISTICS::maxrss_mb
                    |              |      minimum      maximum |   minimum   maximum
------------------------------------------------------------------------------------
       60     0.938 |  103.0815109 |    0.0008001    0.9988775 |       818      1028
       61     0.953 |  103.0582370 |    0.0008099    0.9988775 |       818      1028
       62     0.969 |  103.6453844 |    0.0008197    0.9988775 |       818      1028
       63     0.984 |  104.1961335 |    0.0008295    0.9988775 |       818      1028
       64     1.000 |  103.3360166 |    0.0008392    0.9988775 |       821      1029
INFO (CarpetRegrid2): Centre 1 is at position [8.00094,2.87071e-17,2.91475e-17] with 8 levels
INFO (CarpetRegrid2): Centre 2 is at position [-8.00094,2.75567e-17,2.77104e-17] with 8 levels
INFO (CarpetRegrid2): Refined regions have not changed sufficiently; skipping regridding
INFO (CarpetRegrid2): Centre 1 is at position [8.00094,2.87071e-17,2.91475e-17] with 8 levels
INFO (CarpetRegrid2): Centre 2 is at position [-8.00094,2.75567e-17,2.77104e-17] with 8 levels
INFO (CarpetRegrid2): Refined regions have not changed sufficiently; skipping regridding
INFO (CarpetRegrid2): Centre 1 is at position [8.00094,2.87071e-17,2.91475e-17] with 8 levels
INFO (CarpetRegrid2): Centre 2 is at position [-8.00094,2.75567e-17,2.77104e-17] with 8 levels
INFO (CarpetRegrid2): Refined regions have not changed sufficiently; skipping regridding
INFO (CarpetRegrid2): Centre 1 is at position [8.00094,2.87071e-17,2.91475e-17] with 8 levels
INFO (CarpetRegrid2): Centre 2 is at position [-8.00094,2.75567e-17,2.77104e-17] with 8 levels
INFO (CarpetRegrid2): Refined regions have not changed sufficiently; skipping regridding
INFO (CarpetRegrid2): Centre 1 is at position [8.00094,2.87071e-17,2.91475e-17] with 8 levels
INFO (CarpetRegrid2): Centre 2 is at position [-8.00094,2.75567e-17,2.77104e-17] with 8 levels
INFO (CarpetRegrid2): Refined regions have not changed sufficiently; skipping regridding
INFO (CarpetRegrid2): Centre 1 is at position [8.00094,2.87071e-17,2.91475e-17] with 8 levels
INFO (CarpetRegrid2): Centre 2 is at position [-8.00094,2.75567e-17,2.77104e-17] with 8 levels
INFO (CarpetRegrid2): Refined regions have not changed sufficiently; skipping regridding
INFO (CarpetRegrid2): Centre 1 is at position [8.00094,2.87071e-17,2.91475e-17] with 8 levels
INFO (CarpetRegrid2): Centre 2 is at position [-8.00094,2.75567e-17,2.77104e-17] with 8 levels
INFO (CarpetRegrid2): Refined regions have not changed sufficiently; skipping regridding
INFO (CarpetRegrid2): Centre 1 is at position [8.00094,2.87071e-17,2.91475e-17] with 8 levels
INFO (CarpetRegrid2): Centre 2 is at position [-8.00094,2.75567e-17,2.77104e-17] with 8 levels
INFO (CarpetRegrid2): Refined regions have not changed sufficiently; skipping regridding
       65     1.016 |   92.7321198 |    0.0008488    0.9988775 |       852      1029
       66     1.031 |   93.2606780 |    0.0008584    0.9988775 |       819      1029
       67     1.047 |   93.8241935 |    0.0008680    0.9988775 |       819      1029
       68     1.062 |   94.2040521 |    0.0008775    0.9988775 |       819      1029
       69     1.078 |   94.2945076 |    0.0008869    0.9988775 |       819      1029
       70     1.094 |   94.8585941 |    0.0008963    0.9988775 |       819      1029
       71     1.109 |   95.3996321 |    0.0009057    0.9988775 |       819      1029
       72     1.125 |   95.6461631 |    0.0009150    0.9988775 |       819      1029
       73     1.141 |   95.2639991 |    0.0009243    0.9988775 |       819      1029
       74     1.156 |   95.7882752 |    0.0009335    0.9988775 |       819      1029
       75     1.172 |   96.2915159 |    0.0009426    0.9988775 |       819      1029
       76     1.188 |   96.6219954 |    0.0009518    0.9988775 |       819      1029
       77     1.203 |   96.6784399 |    0.0009608    0.9988775 |       819      1029
       78     1.219 |   97.1686354 |    0.0009698    0.9988775 |       819      1029
       79     1.234 |   97.6396502 |    0.0009788    0.9988775 |       819      1029
------------------------------------------------------------------------------------
Iteration      Time | *me_per_hour |     LEANBSSNMOL::conf_fac | *TISTICS::maxrss_mb
                    |              |      minimum      maximum |   minimum   maximum
------------------------------------------------------------------------------------
       80     1.250 |   97.8180445 |    0.0009878    0.9988775 |       819      1029
       81     1.266 |   97.0133039 |    0.0009967    0.9988775 |       819      1029
       82     1.281 |   97.4766201 |    0.0010055    0.9988775 |       819      1029
       83     1.297 |   97.9226268 |    0.0010143    0.9988775 |       819      1029
       84     1.312 |   98.2073651 |    0.0010231    0.9988775 |       819      1029
       85     1.328 |   98.2423934 |    0.0010318    0.9988775 |       819      1029
       86     1.344 |   98.6582174 |    0.0010405    0.9988775 |       820      1029
       87     1.359 |   99.0910473 |    0.0010492    0.9988775 |       820      1029
       88     1.375 |   99.2820262 |    0.0010578    0.9988775 |       820      1029
       89     1.391 |   98.8902795 |    0.0010664    0.9988775 |       820      1029
       90     1.406 |   99.3127030 |    0.0010749    0.9988775 |       820      1029
       91     1.422 |   99.7135983 |    0.0010834    0.9988775 |       820      1029
       92     1.438 |   99.9689411 |    0.0010919    0.9988775 |       820      1029
       93     1.453 |   99.9826131 |    0.0011004    0.9988775 |       820      1029
       94     1.469 |  100.3835612 |    0.0011088    0.9988775 |       820      1029
       95     1.484 |  100.7674830 |    0.0011172    0.9988775 |       820      1029
       96     1.500 |  100.7822473 |    0.0011255    0.9988775 |       820      1030
       97     1.516 |   99.7495679 |    0.0011339    0.9988775 |       820      1030
       98     1.531 |  100.1326890 |    0.0011422    0.9988775 |       820      1030
       99     1.547 |  100.4977794 |    0.0011505    0.9988775 |       820      1030
------------------------------------------------------------------------------------
Iteration      Time | *me_per_hour |     LEANBSSNMOL::conf_fac | *TISTICS::maxrss_mb
                    |              |      minimum      maximum |   minimum   maximum
------------------------------------------------------------------------------------
      100     1.562 |  100.7378904 |    0.0011587    0.9988775 |       820      1030
      101     1.578 |  100.7360819 |    0.0011670    0.9988775 |       820      1030
      102     1.594 |  101.1032793 |    0.0011752    0.9988775 |       820      1030
      103     1.609 |  101.4523686 |    0.0011834    0.9988775 |       820      1030
      104     1.625 |  101.5956136 |    0.0011916    0.9988775 |       820      1030
      105     1.641 |  101.1904293 |    0.0011998    0.9988775 |       820      1030
      106     1.656 |  101.5476507 |    0.0012080    0.9988775 |       820      1030
      107     1.672 |  101.8900949 |    0.0012161    0.9988775 |       820      1030
      108     1.688 |  102.0987281 |    0.0012243    0.9988775 |       820      1030
      109     1.703 |  102.0958995 |    0.0012324    0.9988775 |       820      1030
      110     1.719 |  102.4270451 |    0.0012406    0.9988775 |       820      1030
      111     1.734 |  102.7405156 |    0.0012488    0.9988775 |       820      1030
      112     1.750 |  102.8191896 |    0.0012569    0.9988775 |       820      1030
      113     1.766 |  102.1558241 |    0.0012651    0.9988775 |       820      1030
      114     1.781 |  102.4777530 |    0.0012733    0.9988775 |       820      1030
      115     1.797 |  102.7929082 |    0.0012814    0.9988775 |       820      1030
      116     1.812 |  102.9763429 |    0.0012896    0.9988775 |       821      1030
      117     1.828 |  102.9574125 |    0.0012979    0.9988775 |       821      1030
      118     1.844 |  103.2583257 |    0.0013061    0.9988775 |       821      1030
      119     1.859 |  103.5540668 |    0.0013143    0.9988775 |       821      1030
------------------------------------------------------------------------------------
Iteration      Time | *me_per_hour |     LEANBSSNMOL::conf_fac | *TISTICS::maxrss_mb
                    |              |      minimum      maximum |   minimum   maximum
------------------------------------------------------------------------------------
      120     1.875 |  103.6454689 |    0.0013226    0.9988775 |       821      1030
      121     1.891 |  103.2927051 |    0.0013309    0.9988775 |       821      1030
      122     1.906 |  103.6003652 |    0.0013393    0.9988775 |       821      1030
      123     1.922 |  103.8936773 |    0.0013477    0.9988775 |       821      1030
      124     1.938 |  104.0586093 |    0.0013561    0.9988775 |       821      1030
      125     1.953 |  104.0393564 |    0.0013645    0.9988775 |       821      1030
      126     1.969 |  104.3190440 |    0.0013730    0.9988775 |       821      1030
      127     1.984 |  104.6026726 |    0.0013816    0.9988775 |       821      1030
      128     2.000 |  104.2304292 |    0.0013902    0.9988775 |       824      1030
INFO (CarpetRegrid2): Centre 1 is at position [8.00031,4.53362e-17,3.59768e-17] with 8 levels
INFO (CarpetRegrid2): Centre 2 is at position [-8.00031,2.03971e-17,5.77009e-17] with 8 levels
INFO (CarpetRegrid2): Refined regions have not changed sufficiently; skipping regridding
INFO (CarpetRegrid2): Centre 1 is at position [8.00031,4.53362e-17,3.59768e-17] with 8 levels
INFO (CarpetRegrid2): Centre 2 is at position [-8.00031,2.03971e-17,5.77009e-17] with 8 levels
INFO (CarpetRegrid2): Refined regions have not changed sufficiently; skipping regridding
INFO (CarpetRegrid2): Centre 1 is at position [8.00031,4.53362e-17,3.59768e-17] with 8 levels
INFO (CarpetRegrid2): Centre 2 is at position [-8.00031,2.03971e-17,5.77009e-17] with 8 levels
INFO (CarpetRegrid2): Refined regions have not changed sufficiently; skipping regridding
INFO (CarpetRegrid2): Centre 1 is at position [8.00031,4.53362e-17,3.59768e-17] with 8 levels
INFO (CarpetRegrid2): Centre 2 is at position [-8.00031,2.03971e-17,5.77009e-17] with 8 levels
INFO (CarpetRegrid2): Refined regions have not changed sufficiently; skipping regridding
INFO (CarpetRegrid2): Centre 1 is at position [8.00031,4.53362e-17,3.59768e-17] with 8 levels
INFO (CarpetRegrid2): Centre 2 is at position [-8.00031,2.03971e-17,5.77009e-17] with 8 levels
INFO (CarpetRegrid2): Refined regions have not changed sufficiently; skipping regridding
INFO (CarpetRegrid2): Centre 1 is at position [8.00031,4.53362e-17,3.59768e-17] with 8 levels
INFO (CarpetRegrid2): Centre 2 is at position [-8.00031,2.03971e-17,5.77009e-17] with 8 levels
INFO (CarpetRegrid2): Refined regions have not changed sufficiently; skipping regridding
INFO (CarpetRegrid2): Centre 1 is at position [8.00031,4.53362e-17,3.59768e-17] with 8 levels
INFO (CarpetRegrid2): Centre 2 is at position [-8.00031,2.03971e-17,5.77009e-17] with 8 levels
INFO (CarpetRegrid2): Refined regions have not changed sufficiently; skipping regridding
INFO (CarpetRegrid2): Centre 1 is at position [8.00031,4.53362e-17,3.59768e-17] with 8 levels
INFO (CarpetRegrid2): Centre 2 is at position [-8.00031,2.03971e-17,5.77009e-17] with 8 levels
INFO (CarpetRegrid2): Refined regions have not changed sufficiently; skipping regridding
      129     2.016 |   98.4408449 |    0.0013989    0.9988775 |       855      1030
      130     2.031 |   98.6736175 |    0.0014076    0.9988775 |       821      1030
      131     2.047 |   98.9244033 |    0.0014164    0.9988775 |       821      1030
      132     2.062 |   99.1073729 |    0.0014253    0.9988775 |       821      1030
      133     2.078 |   99.1158448 |    0.0014342    0.9988775 |       821      1030
      134     2.094 |   99.3890622 |    0.0014432    0.9988775 |       821      1030
      135     2.109 |   99.6655190 |    0.0014524    0.9988775 |       821      1030
      136     2.125 |   99.7559422 |    0.0014615    0.9988775 |       821      1030
      137     2.141 |   99.4911770 |    0.0014708    0.9988775 |       821      1030
      138     2.156 |   99.7701039 |    0.0014802    0.9988775 |       821      1030
      139     2.172 |  100.0328947 |    0.0014897    0.9988775 |       821      1030
------------------------------------------------------------------------------------
Iteration      Time | *me_per_hour |     LEANBSSNMOL::conf_fac | *TISTICS::maxrss_mb
                    |              |      minimum      maximum |   minimum   maximum
------------------------------------------------------------------------------------
      140     2.188 |  100.1992534 |    0.0014993    0.9988775 |       821      1030
      141     2.203 |  100.2057291 |    0.0015090    0.9988775 |       821      1030
      142     2.219 |  100.4713923 |    0.0015189    0.9988775 |       821      1030
      143     2.234 |  100.7210568 |    0.0015288    0.9988775 |       821      1030
      144     2.250 |  100.8054116 |    0.0015390    0.9988775 |       821      1030
      145     2.266 |  100.3140573 |    0.0015492    0.9988775 |       821      1030
      146     2.281 |  100.5734861 |    0.0015596    0.9988775 |       821      1030
      147     2.297 |  100.8185129 |    0.0015701    0.9988775 |       821      1030
      148     2.312 |  100.9815211 |    0.0015808    0.9988775 |       822      1030
      149     2.328 |  100.9825825 |    0.0015917    0.9988775 |       822      1030
      150     2.344 |  101.2352330 |    0.0016027    0.9988775 |       822      1030
      151     2.359 |  101.4783538 |    0.0016140    0.9988775 |       822      1030
      152     2.375 |  101.5663044 |    0.0016254    0.9988775 |       822      1030
      153     2.391 |  101.3161379 |    0.0016370    0.9988775 |       822      1031
      154     2.406 |  101.5603516 |    0.0016488    0.9988775 |       822      1031
      155     2.422 |  101.7973070 |    0.0016609    0.9988775 |       822      1031
      156     2.438 |  101.9356943 |    0.0016732    0.9988775 |       822      1031
      157     2.453 |  101.9309746 |    0.0016857    0.9988775 |       822      1031
      158     2.469 |  102.1691237 |    0.0016984    0.9988775 |       822      1031
      159     2.484 |  102.3992349 |    0.0017114    0.9988775 |       822      1031
------------------------------------------------------------------------------------
Iteration      Time | *me_per_hour |     LEANBSSNMOL::conf_fac | *TISTICS::maxrss_mb
                    |              |      minimum      maximum |   minimum   maximum
------------------------------------------------------------------------------------
      160     2.500 |  102.3910191 |    0.0017247    0.9988775 |       822      1031
      161     2.516 |  101.7503281 |    0.0017382    0.9988775 |       822      1031
      162     2.531 |  101.9764930 |    0.0017521    0.9988775 |       822      1031
      163     2.547 |  102.1989979 |    0.0017662    0.9988775 |       822      1031
      164     2.562 |  102.3416625 |    0.0017806    0.9988775 |       822      1031
      165     2.578 |  102.3227194 |    0.0017954    0.9988775 |       822      1031
      166     2.594 |  102.5367148 |    0.0018105    0.9988775 |       822      1031
      167     2.609 |  102.7539457 |    0.0018259    0.9988775 |       822      1031
      168     2.625 |  102.8283967 |    0.0018417    0.9988775 |       822      1031
      169     2.641 |  102.5775399 |    0.0018578    0.9988775 |       822      1031
      170     2.656 |  102.7881531 |    0.0018744    0.9988775 |       822      1031
      171     2.672 |  102.9972299 |    0.0018913    0.9988775 |       822      1031
      172     2.688 |  103.1198656 |    0.0019086    0.9988775 |       822      1031
      173     2.703 |  103.1107265 |    0.0019264    0.9988775 |       822      1031
      174     2.719 |  103.3208901 |    0.0019446    0.9988775 |       822      1031
      175     2.734 |  103.5187346 |    0.0019632    0.9988775 |       822      1031
      176     2.750 |  103.5851837 |    0.0019823    0.9988775 |       822      1031
      177     2.766 |  103.1401139 |    0.0020019    0.9988775 |       822      1031
      178     2.781 |  103.3433782 |    0.0020219    0.9988775 |       822      1031
      179     2.797 |  103.5334086 |    0.0020425    0.9988775 |       822      1031
------------------------------------------------------------------------------------
Iteration      Time | *me_per_hour |     LEANBSSNMOL::conf_fac | *TISTICS::maxrss_mb
                    |              |      minimum      maximum |   minimum   maximum
------------------------------------------------------------------------------------
      180     2.812 |  103.6519578 |    0.0020635    0.9988775 |       822      1031
      181     2.828 |  103.6366141 |    0.0020852    0.9988775 |       822      1031
      182     2.844 |  103.8080356 |    0.0021073    0.9988775 |       822      1031
      183     2.859 |  103.9878574 |    0.0021300    0.9988775 |       822      1031
      184     2.875 |  104.0598241 |    0.0021533    0.9988775 |       822      1031
      185     2.891 |  103.8147959 |    0.0021771    0.9988775 |       822      1031
      186     2.906 |  104.0114168 |    0.0022016    0.9988775 |       822      1031
      187     2.922 |  104.1976277 |    0.0022266    0.9988775 |       822      1031
      188     2.938 |  104.3104954 |    0.0022523    0.9988775 |       822      1031
      189     2.953 |  104.2947010 |    0.0022787    0.9988775 |       822      1031
      190     2.969 |  104.4876852 |    0.0023056    0.9988775 |       822      1031
      191     2.984 |  104.6726484 |    0.0023333    0.9988775 |       822      1031
      192     3.000 |  104.4215205 |    0.0023616    0.9988775 |       825      1031
INFO (CarpetRegrid2): Centre 1 is at position [7.99874,1.12845e-16,7.53215e-17] with 8 levels
INFO (CarpetRegrid2): Centre 2 is at position [-7.99874,2.27031e-18,3.99751e-17] with 8 levels
INFO (CarpetRegrid2): Refined regions have not changed sufficiently; skipping regridding
INFO (CarpetRegrid2): Centre 1 is at position [7.99874,1.12845e-16,7.53215e-17] with 8 levels
INFO (CarpetRegrid2): Centre 2 is at position [-7.99874,2.27031e-18,3.99751e-17] with 8 levels
INFO (CarpetRegrid2): Refined regions have not changed sufficiently; skipping regridding
INFO (CarpetRegrid2): Centre 1 is at position [7.99874,1.12845e-16,7.53215e-17] with 8 levels
INFO (CarpetRegrid2): Centre 2 is at position [-7.99874,2.27031e-18,3.99751e-17] with 8 levels
INFO (CarpetRegrid2): Refined regions have not changed sufficiently; skipping regridding
INFO (CarpetRegrid2): Centre 1 is at position [7.99874,1.12845e-16,7.53215e-17] with 8 levels
INFO (CarpetRegrid2): Centre 2 is at position [-7.99874,2.27031e-18,3.99751e-17] with 8 levels
INFO (CarpetRegrid2): Refined regions have not changed sufficiently; skipping regridding
INFO (CarpetRegrid2): Centre 1 is at position [7.99874,1.12845e-16,7.53215e-17] with 8 levels
INFO (CarpetRegrid2): Centre 2 is at position [-7.99874,2.27031e-18,3.99751e-17] with 8 levels
INFO (CarpetRegrid2): Refined regions have not changed sufficiently; skipping regridding
INFO (CarpetRegrid2): Centre 1 is at position [7.99874,1.12845e-16,7.53215e-17] with 8 levels
INFO (CarpetRegrid2): Centre 2 is at position [-7.99874,2.27031e-18,3.99751e-17] with 8 levels
INFO (CarpetRegrid2): Refined regions have not changed sufficiently; skipping regridding
INFO (CarpetRegrid2): Centre 1 is at position [7.99874,1.12845e-16,7.53215e-17] with 8 levels
INFO (CarpetRegrid2): Centre 2 is at position [-7.99874,2.27031e-18,3.99751e-17] with 8 levels
INFO (CarpetRegrid2): Refined regions have not changed sufficiently; skipping regridding
INFO (CarpetRegrid2): Centre 1 is at position [7.99874,1.12845e-16,7.53215e-17] with 8 levels
INFO (CarpetRegrid2): Centre 2 is at position [-7.99874,2.27031e-18,3.99751e-17] with 8 levels
INFO (CarpetRegrid2): Refined regions have not changed sufficiently; skipping regridding
      193     3.016 |  100.4925745 |    0.0023905    0.9988775 |       856      1031
      194     3.031 |  100.6622240 |    0.0024202    0.9988775 |       823      1031
      195     3.047 |  100.8435222 |    0.0024506    0.9988775 |       823      1031
      196     3.062 |  100.9605511 |    0.0024817    0.9988775 |       823      1031
      197     3.078 |  100.9611859 |    0.0025136    0.9988775 |       823      1031
      198     3.094 |  101.1514050 |    0.0025461    0.9988775 |       823      1031
      199     3.109 |  101.3373487 |    0.0025794    0.9988775 |       823      1031
------------------------------------------------------------------------------------
Iteration      Time | *me_per_hour |     LEANBSSNMOL::conf_fac | *TISTICS::maxrss_mb
                    |              |      minimum      maximum |   minimum   maximum
------------------------------------------------------------------------------------
      200     3.125 |  101.3995134 |    0.0026135    0.9988775 |       823      1031
      201     3.141 |  101.2103682 |    0.0026483    0.9988775 |       823      1031
      202     3.156 |  101.3957896 |    0.0026839    0.9988775 |       823      1031
      203     3.172 |  101.5768960 |    0.0027203    0.9988775 |       823      1031
      204     3.188 |  101.6873047 |    0.0027574    0.9988775 |       823      1031
      205     3.203 |  101.6878073 |    0.0027954    0.9988775 |       823      1031
      206     3.219 |  101.8680110 |    0.0028341    0.9988775 |       823      1031
      207     3.234 |  102.0428347 |    0.0028736    0.9988775 |       823      1031
      208     3.250 |  102.0852856 |    0.0029140    0.9988775 |       823      1031
      209     3.266 |  101.7337199 |    0.0029551    0.9988775 |       823      1031
      210     3.281 |  101.9103692 |    0.0029970    0.9988775 |       823      1031
      211     3.297 |  102.0825740 |    0.0030398    0.9988775 |       823      1031
      212     3.312 |  102.1888825 |    0.0030833    0.9988775 |       823      1031
      213     3.328 |  102.1833032 |    0.0031277    0.9988775 |       823      1031
      214     3.344 |  102.3578896 |    0.0031729    0.9988775 |       823      1031
      215     3.359 |  102.5264893 |    0.0032189    0.9988775 |       823      1031
      216     3.375 |  102.5881174 |    0.0032657    0.9988775 |       823      1031
      217     3.391 |  102.4024373 |    0.0033133    0.9988775 |       823      1031
      218     3.406 |  102.5733973 |    0.0033618    0.9988775 |       823      1031
      219     3.422 |  102.7385606 |    0.0034110    0.9988775 |       823      1031
------------------------------------------------------------------------------------
Iteration      Time | *me_per_hour |     LEANBSSNMOL::conf_fac | *TISTICS::maxrss_mb
                    |              |      minimum      maximum |   minimum   maximum
------------------------------------------------------------------------------------
      220     3.438 |  102.8360316 |    0.0034610    0.9988775 |       823      1031
      221     3.453 |  102.8293040 |    0.0035119    0.9988775 |       823      1031
      222     3.469 |  102.9964379 |    0.0035635    0.9988775 |       823      1031
      223     3.484 |  103.1548675 |    0.0036159    0.9988775 |       823      1031
      224     3.500 |  103.1476107 |    0.0036692    0.9988775 |       823      1031
      225     3.516 |  102.6760945 |    0.0037231    0.9988775 |       823      1031
      226     3.531 |  102.8378606 |    0.0037779    0.9988775 |       823      1031
      227     3.547 |  102.9950663 |    0.0038335    0.9988775 |       823      1031
      228     3.562 |  103.0917493 |    0.0038898    0.9988775 |       823      1031
      229     3.578 |  103.0797983 |    0.0039468    0.9988775 |       823      1031
      230     3.594 |  103.2413869 |    0.0040046    0.9988775 |       823      1031
      231     3.609 |  103.3971182 |    0.0040631    0.9988775 |       823      1031
      232     3.625 |  103.4406869 |    0.0041224    0.9988775 |       823      1031
      233     3.641 |  103.2613497 |    0.0041824    0.9988775 |       823      1031
      234     3.656 |  103.4209626 |    0.0042431    0.9988775 |       823      1031
      235     3.672 |  103.5727759 |    0.0043045    0.9988775 |       823      1031
      236     3.688 |  103.6611954 |    0.0043666    0.9988775 |       823      1031
      237     3.703 |  103.6492730 |    0.0044294    0.9988775 |       823      1031
      238     3.719 |  103.8058822 |    0.0044929    0.9988775 |       823      1031
      239     3.734 |  103.9542483 |    0.0045570    0.9988775 |       823      1031
------------------------------------------------------------------------------------
Iteration      Time | *me_per_hour |     LEANBSSNMOL::conf_fac | *TISTICS::maxrss_mb
                    |              |      minimum      maximum |   minimum   maximum
------------------------------------------------------------------------------------
      240     3.750 |  103.9916742 |    0.0046218    0.9988775 |       823      1031
      241     3.766 |  103.6701857 |    0.0046872    0.9988775 |       823      1031
      242     3.781 |  103.8170602 |    0.0047533    0.9988775 |       823      1031
      243     3.797 |  103.9651760 |    0.0048200    0.9988775 |       823      1031
      244     3.812 |  104.0526201 |    0.0048873    0.9988775 |       823      1031
      245     3.828 |  104.0406226 |    0.0049552    0.9988775 |       823      1031
      246     3.844 |  104.1829002 |    0.0050237    0.9988775 |       823      1031
      247     3.859 |  104.2887748 |    0.0050927    0.9988775 |       823      1031
      248     3.875 |  104.3182989 |    0.0051624    0.9988775 |       823      1031
      249     3.891 |  104.0733753 |    0.0052326    0.9988775 |       823      1031
      250     3.906 |  104.2158481 |    0.0053033    0.9988775 |       823      1031
      251     3.922 |  104.3572282 |    0.0053746    0.9988775 |       823      1031
      252     3.938 |  104.4478946 |    0.0054464    0.9988775 |       823      1031
      253     3.953 |  104.4302065 |    0.0055187    0.9988775 |       823      1031
      254     3.969 |  104.5756308 |    0.0055915    0.9988775 |       823      1031
      255     3.984 |  104.7164723 |    0.0056648    0.9988775 |       823      1031
INFO (AHFinderDirect): proc 0: searching for horizon 1/6
INFO (AHFinderDirect): AH 3/6: r=79.001 at (0.000000,0.000000,-0.000000)
INFO (AHFinderDirect): AH 3/6: area=80424.77525 m_irreducible=40.00000083
INFO (AHFinderDirect): AH 4/6: r=99.0016 at (-0.000000,-0.000000,-0.000000)
INFO (AHFinderDirect): AH 4/6: area=125663.7082 m_irreducible=50.00000041
INFO (AHFinderDirect): AH 5/6: r=179.003 at (-0.000000,-0.000000,0.000000)
INFO (AHFinderDirect): AH 5/6: area=407150.4085 m_irreducible=90.00000006
INFO (AHFinderDirect): AH 6/6: r=239.003 at (-0.000000,0.000000,0.000000)
INFO (AHFinderDirect): AH 6/6: area=723823.0291 m_irreducible=120.0000068
INFO (AHFinderDirect): AH 1/6: r=0.407544 at (7.996424,-0.000000,-0.000000)
INFO (AHFinderDirect): AH 1/6: area=11.23589056 m_irreducible=0.4727905883
INFO (AHFinderDirect): AH 2/6: r=0.407544 at (-7.996424,-0.000000,-0.000000)
INFO (AHFinderDirect): AH 2/6: area=11.23589056 m_irreducible=0.4727905883
INFO (QuasiLocalMeasures): Calculating quasi-local quantities for surface    0
INFO (QuasiLocalMeasures): Importing from spherical surface    0
INFO (QuasiLocalMeasures): Geometric quantities for surface    0:
INFO (QuasiLocalMeasures):    Area A:                            11.2359
INFO (QuasiLocalMeasures):    Irreducible mass M = R/2:         0.472790
INFO (QuasiLocalMeasures):    Areal radius R = sqrt(A/4pi):     0.945580
INFO (QuasiLocalMeasures): Coordinate-dependent quantities for surface    0:
INFO (QuasiLocalMeasures):    Equatorial circumference:             5.94120
INFO (QuasiLocalMeasures):    Polar circumference at phi=0:         5.94132
INFO (QuasiLocalMeasures):    Polar circumference at phi=pi/2:      5.94088
INFO (QuasiLocalMeasures):    No valid spin guess from distortion.
INFO (QuasiLocalMeasures):    (Spin guess is imaginary.)
INFO (QuasiLocalMeasures):    Magnitude of invalid spin guess:     0.190275E-02
INFO (QuasiLocalMeasures):    Mass guess M from distortion:        0.472786
INFO (QuasiLocalMeasures): Isolated Horizon quantities for surface    0:
INFO (QuasiLocalMeasures):    Killing vector field eigenvalue norm:      1.00000
INFO (QuasiLocalMeasures):    Spin J:                                   0.356353E-09
INFO (QuasiLocalMeasures):    Kerr spin parameter a = J/M:              0.753723E-09
INFO (QuasiLocalMeasures):    Dimensionless spin parameter a = J/M^2:   0.159420E-08
INFO (QuasiLocalMeasures):    Spin J from NP:                           0.595537E-09
INFO (QuasiLocalMeasures):    Spin J from phi-coordinate-vector:         0.00000
INFO (QuasiLocalMeasures):    Mass M:                                   0.472790
INFO (QuasiLocalMeasures): Global quantities for surface    0:
INFO (QuasiLocalMeasures):    ADM energy:                 -1.23625
INFO (QuasiLocalMeasures):    ADM momentum x:            -0.466831E-03
INFO (QuasiLocalMeasures):    ADM momentum y:             0.793270E-15
INFO (QuasiLocalMeasures):    ADM momentum z:             0.160592E-15
INFO (QuasiLocalMeasures):    ADM angular momentum x:    -0.116734E-04
INFO (QuasiLocalMeasures):    ADM angular momentum y:    -0.675092E-15
INFO (QuasiLocalMeasures):    ADM angular momentum z:     0.276549E-14
INFO (QuasiLocalMeasures):    Weinberg energy:                  3.17832
INFO (QuasiLocalMeasures):    Weinberg momentum x:            -0.191478E-02
INFO (QuasiLocalMeasures):    Weinberg momentum y:            -0.865811E-15
INFO (QuasiLocalMeasures):    Weinberg momentum z:             0.878949E-16
INFO (QuasiLocalMeasures):    Weinberg angular momentum x:    -0.659996E-04
INFO (QuasiLocalMeasures):    Weinberg angular momentum y:    -0.313313E-14
INFO (QuasiLocalMeasures):    Weinberg angular momentum z:     0.770005E-14
      256     4.000 |   99.0489294 |    0.0057386    0.9988775 |       828      1067
INFO (CarpetRegrid2): Centre 1 is at position [7.99626,1.04077e-16,1.70477e-16] with 8 levels
INFO (CarpetRegrid2): Centre 2 is at position [-7.99626,-2.87215e-17,-1.97716e-17] with 8 levels
INFO (CarpetRegrid2): Refined regions have not changed sufficiently; skipping regridding
INFO (CarpetRegrid2): Centre 1 is at position [7.99626,1.04077e-16,1.70477e-16] with 8 levels
INFO (CarpetRegrid2): Centre 2 is at position [-7.99626,-2.87215e-17,-1.97716e-17] with 8 levels
INFO (CarpetRegrid2): Refined regions have not changed sufficiently; skipping regridding
INFO (CarpetRegrid2): Centre 1 is at position [7.99626,1.04077e-16,1.70477e-16] with 8 levels
INFO (CarpetRegrid2): Centre 2 is at position [-7.99626,-2.87215e-17,-1.97716e-17] with 8 levels
INFO (CarpetRegrid2): Refined regions have not changed sufficiently; skipping regridding
INFO (CarpetRegrid2): Centre 1 is at position [7.99626,1.04077e-16,1.70477e-16] with 8 levels
INFO (CarpetRegrid2): Centre 2 is at position [-7.99626,-2.87215e-17,-1.97716e-17] with 8 levels
INFO (CarpetRegrid2): Refined regions have not changed sufficiently; skipping regridding
INFO (CarpetRegrid2): Centre 1 is at position [7.99626,1.04077e-16,1.70477e-16] with 8 levels
INFO (CarpetRegrid2): Centre 2 is at position [-7.99626,-2.87215e-17,-1.97716e-17] with 8 levels
INFO (CarpetRegrid2): Refined regions have not changed sufficiently; skipping regridding
INFO (CarpetRegrid2): Centre 1 is at position [7.99626,1.04077e-16,1.70477e-16] with 8 levels
INFO (CarpetRegrid2): Centre 2 is at position [-7.99626,-2.87215e-17,-1.97716e-17] with 8 levels
INFO (CarpetRegrid2): Refined regions have not changed sufficiently; skipping regridding
INFO (CarpetRegrid2): Centre 1 is at position [7.99626,1.04077e-16,1.70477e-16] with 8 levels
INFO (CarpetRegrid2): Centre 2 is at position [-7.99626,-2.87215e-17,-1.97716e-17] with 8 levels
INFO (CarpetRegrid2): Refined regions have not changed sufficiently; skipping regridding
INFO (CarpetRegrid2): Centre 1 is at position [7.99626,1.04077e-16,1.70477e-16] with 8 levels
INFO (CarpetRegrid2): Centre 2 is at position [-7.99626,-2.87215e-17,-1.97716e-17] with 8 levels
INFO (CarpetRegrid2): Refined regions have not changed sufficiently; skipping regridding
      257     4.016 |   96.2444041 |    0.0058129    0.9988775 |       857      1067
      258     4.031 |   96.3694858 |    0.0058876    0.9988775 |       824      1067
      259     4.047 |   96.5075402 |    0.0059627    0.9988775 |       824      1067
------------------------------------------------------------------------------------
Iteration      Time | *me_per_hour |     LEANBSSNMOL::conf_fac | *TISTICS::maxrss_mb
                    |              |      minimum      maximum |   minimum   maximum
------------------------------------------------------------------------------------
      260     4.062 |   96.6002370 |    0.0060384    0.9988775 |       824      1067
      261     4.078 |   96.6145975 |    0.0061144    0.9988775 |       824      1067
      262     4.094 |   96.7559228 |    0.0061908    0.9988775 |       824      1067
      263     4.109 |   96.8936456 |    0.0062677    0.9988775 |       824      1067
      264     4.125 |   96.9543289 |    0.0063450    0.9988775 |       824      1067
      265     4.141 |   96.8348942 |    0.0064226    0.9988775 |       824      1067
      266     4.156 |   96.9755672 |    0.0065007    0.9988775 |       824      1067
      267     4.172 |   97.1075374 |    0.0065791    0.9988775 |       824      1067
      268     4.188 |   97.1979234 |    0.0066578    0.9988775 |       824      1067
      269     4.203 |   97.2039746 |    0.0067369    0.9988775 |       824      1067
      270     4.219 |   97.3405997 |    0.0068164    0.9988775 |       824      1067
      271     4.234 |   97.4740301 |    0.0068962    0.9988775 |       824      1067
      272     4.250 |   97.5259980 |    0.0069763    0.9988775 |       824      1067
      273     4.266 |   97.2638840 |    0.0070568    0.9988775 |       824      1067
      274     4.281 |   97.3820027 |    0.0071375    0.9988775 |       824      1067
      275     4.297 |   97.5145141 |    0.0072186    0.9988775 |       824      1067
      276     4.312 |   97.5963911 |    0.0072999    0.9988775 |       824      1067
      277     4.328 |   97.6011322 |    0.0073816    0.9988775 |       824      1067
      278     4.344 |   97.7293481 |    0.0074635    0.9988775 |       824      1067
      279     4.359 |   97.8596645 |    0.0075457    0.9988775 |       824      1067
------------------------------------------------------------------------------------
Iteration      Time | *me_per_hour |     LEANBSSNMOL::conf_fac | *TISTICS::maxrss_mb
                    |              |      minimum      maximum |   minimum   maximum
------------------------------------------------------------------------------------
      280     4.375 |   97.9111352 |    0.0076281    0.9988775 |       824      1067
      281     4.391 |   97.7928195 |    0.0077108    0.9988775 |       824      1067
      282     4.406 |   97.9178277 |    0.0077938    0.9988775 |       824      1067
      283     4.422 |   98.0446357 |    0.0078770    0.9988775 |       824      1067
      284     4.438 |   98.1247509 |    0.0079605    0.9988775 |       824      1067
      285     4.453 |   98.1303182 |    0.0080442    0.9988775 |       824      1067
      286     4.469 |   98.2593368 |    0.0081281    0.9988775 |       824      1067
      287     4.484 |   98.3840456 |    0.0082122    0.9988775 |       824      1067
      288     4.500 |   98.3902170 |    0.0082966    0.9988775 |       824      1067
      289     4.516 |   98.0656243 |    0.0083812    0.9988775 |       824      1067
      290     4.531 |   98.1904456 |    0.0084660    0.9988775 |       824      1067
      291     4.547 |   98.3138464 |    0.0085509    0.9988775 |       824      1067
      292     4.562 |   98.3941116 |    0.0086361    0.9988775 |       824      1067
      293     4.578 |   98.3975649 |    0.0087215    0.9988775 |       824      1067
      294     4.594 |   98.5227392 |    0.0088071    0.9988775 |       824      1067
      295     4.609 |   98.6442348 |    0.0088928    0.9988775 |       824      1067
      296     4.625 |   98.6798059 |    0.0089788    0.9988775 |       824      1067
      297     4.641 |   98.5600559 |    0.0090649    0.9988775 |       824      1067
      298     4.656 |   98.6827383 |    0.0091512    0.9988775 |       824      1067
      299     4.672 |   98.8003228 |    0.0092377    0.9988775 |       824      1067
------------------------------------------------------------------------------------
Iteration      Time | *me_per_hour |     LEANBSSNMOL::conf_fac | *TISTICS::maxrss_mb
                    |              |      minimum      maximum |   minimum   maximum
------------------------------------------------------------------------------------
      300     4.688 |   98.8696257 |    0.0093243    0.9988775 |       824      1067
      301     4.703 |   98.8698151 |    0.0094111    0.9988775 |       824      1067
      302     4.719 |   98.9912092 |    0.0094981    0.9988775 |       824      1067
      303     4.734 |   99.1081825 |    0.0095852    0.9988775 |       824      1067
      304     4.750 |   99.1413323 |    0.0096725    0.9988775 |       824      1067
      305     4.766 |   98.9180542 |    0.0097599    0.9988775 |       824      1067
      306     4.781 |   99.0377324 |    0.0098475    0.9988775 |       824      1067
      307     4.797 |   99.1538418 |    0.0099353    0.9988775 |       824      1067
      308     4.812 |   99.2270467 |    0.0100232    0.9988775 |       824      1067
      309     4.828 |   99.2277507 |    0.0101113    0.9988775 |       824      1067
      310     4.844 |   99.3431660 |    0.0101995    0.9988775 |       824      1067
      311     4.859 |   99.4537922 |    0.0102878    0.9988775 |       824      1067
      312     4.875 |   99.4970855 |    0.0103763    0.9988775 |       824      1067
      313     4.891 |   99.3811666 |    0.0104649    0.9988775 |       824      1067
      314     4.906 |   99.4970752 |    0.0105537    0.9988775 |       824      1067
      315     4.922 |   99.6100940 |    0.0106427    0.9988775 |       824      1067
      316     4.938 |   99.6794237 |    0.0107317    0.9988775 |       824      1067
      317     4.953 |   99.6771162 |    0.0108209    0.9988775 |       824      1067
      318     4.969 |   99.7926745 |    0.0109103    0.9988775 |       824      1067
      319     4.984 |   99.9035731 |    0.0109998    0.9988775 |       824      1067
------------------------------------------------------------------------------------
Iteration      Time | *me_per_hour |     LEANBSSNMOL::conf_fac | *TISTICS::maxrss_mb
                    |              |      minimum      maximum |   minimum   maximum
------------------------------------------------------------------------------------
      320     5.000 |   99.7755571 |    0.0110894    0.9988775 |       827      1067
INFO (CarpetRegrid2): Centre 1 is at position [7.9927,1.36793e-16,2.20422e-16] with 8 levels
INFO (CarpetRegrid2): Centre 2 is at position [-7.9927,-8.96983e-17,-7.80034e-17] with 8 levels
INFO (CarpetRegrid2): Refined regions have not changed sufficiently; skipping regridding
INFO (CarpetRegrid2): Centre 1 is at position [7.9927,1.36793e-16,2.20422e-16] with 8 levels
INFO (CarpetRegrid2): Centre 2 is at position [-7.9927,-8.96983e-17,-7.80034e-17] with 8 levels
INFO (CarpetRegrid2): Refined regions have not changed sufficiently; skipping regridding
INFO (CarpetRegrid2): Centre 1 is at position [7.9927,1.36793e-16,2.20422e-16] with 8 levels
INFO (CarpetRegrid2): Centre 2 is at position [-7.9927,-8.96983e-17,-7.80034e-17] with 8 levels
INFO (CarpetRegrid2): Refined regions have not changed sufficiently; skipping regridding
INFO (CarpetRegrid2): Centre 1 is at position [7.9927,1.36793e-16,2.20422e-16] with 8 levels
INFO (CarpetRegrid2): Centre 2 is at position [-7.9927,-8.96983e-17,-7.80034e-17] with 8 levels
INFO (CarpetRegrid2): Refined regions have not changed sufficiently; skipping regridding
INFO (CarpetRegrid2): Centre 1 is at position [7.9927,1.36793e-16,2.20422e-16] with 8 levels
INFO (CarpetRegrid2): Centre 2 is at position [-7.9927,-8.96983e-17,-7.80034e-17] with 8 levels
INFO (CarpetRegrid2): Refined regions have not changed sufficiently; skipping regridding
INFO (CarpetRegrid2): Centre 1 is at position [7.9927,1.36793e-16,2.20422e-16] with 8 levels
INFO (CarpetRegrid2): Centre 2 is at position [-7.9927,-8.96983e-17,-7.80034e-17] with 8 levels
INFO (CarpetRegrid2): Refined regions have not changed sufficiently; skipping regridding
INFO (CarpetRegrid2): Centre 1 is at position [7.9927,1.36793e-16,2.20422e-16] with 8 levels
INFO (CarpetRegrid2): Centre 2 is at position [-7.9927,-8.96983e-17,-7.80034e-17] with 8 levels
INFO (CarpetRegrid2): Refined regions have not changed sufficiently; skipping regridding
INFO (CarpetRegrid2): Centre 1 is at position [7.9927,1.36793e-16,2.20422e-16] with 8 levels
INFO (CarpetRegrid2): Centre 2 is at position [-7.9927,-8.96983e-17,-7.80034e-17] with 8 levels
INFO (CarpetRegrid2): Refined regions have not changed sufficiently; skipping regridding
      321     5.016 |   97.5994605 |    0.0111792    0.9988775 |       858      1067
      322     5.031 |   97.6991208 |    0.0112692    0.9988775 |       825      1067
      323     5.047 |   97.8126357 |    0.0113592    0.9988775 |       825      1067
      324     5.062 |   97.8809922 |    0.0114494    0.9988775 |       825      1067
      325     5.078 |   97.8875637 |    0.0115398    0.9988775 |       825      1067
      326     5.094 |   97.9972729 |    0.0116303    0.9988775 |       825      1067
      327     5.109 |   98.1053191 |    0.0117210    0.9988775 |       825      1067
      328     5.125 |   98.1491684 |    0.0118117    0.9988775 |       825      1067
      329     5.141 |   98.0476235 |    0.0119027    0.9988775 |       825      1067
      330     5.156 |   98.1595562 |    0.0119938    0.9988775 |       825      1067
      331     5.172 |   98.2685538 |    0.0120850    0.9988775 |       825      1067
      332     5.188 |   98.3341345 |    0.0121764    0.9988775 |       825      1067
      333     5.203 |   98.3389563 |    0.0122680    0.9988775 |       825      1067
      334     5.219 |   98.4448867 |    0.0123597    0.9988775 |       825      1067
      335     5.234 |   98.5527661 |    0.0124515    0.9988775 |       825      1067
      336     5.250 |   98.5885823 |    0.0125435    0.9988775 |       825      1067
      337     5.266 |   98.3923899 |    0.0126357    0.9988775 |       825      1067
      338     5.281 |   98.4943157 |    0.0127280    0.9988775 |       825      1067
      339     5.297 |   98.5824241 |    0.0128205    0.9988775 |       825      1067
------------------------------------------------------------------------------------
Iteration      Time | *me_per_hour |     LEANBSSNMOL::conf_fac | *TISTICS::maxrss_mb
                    |              |      minimum      maximum |   minimum   maximum
------------------------------------------------------------------------------------
      340     5.312 |   98.6468545 |    0.0129132    0.9988775 |       825      1067
      341     5.328 |   98.6232525 |    0.0130060    0.9988775 |       825      1067
      342     5.344 |   98.7314354 |    0.0130990    0.9988775 |       825      1067
      343     5.359 |   98.8365788 |    0.0131922    0.9988775 |       825      1067
      344     5.375 |   98.8790245 |    0.0132855    0.9988775 |       825      1067
      345     5.391 |   98.7772641 |    0.0133790    0.9988775 |       825      1067
      346     5.406 |   98.8789407 |    0.0134727    0.9988775 |       825      1067
      347     5.422 |   98.9806410 |    0.0135666    0.9988775 |       825      1067
      348     5.438 |   99.0406245 |    0.0136606    0.9988775 |       825      1067
      349     5.453 |   99.0417386 |    0.0137548    0.9988775 |       825      1067
      350     5.469 |   99.1448454 |    0.0138492    0.9988775 |       825      1067
      351     5.484 |   99.2470559 |    0.0139438    0.9988775 |       825      1067
      352     5.500 |   99.2512998 |    0.0140386    0.9988775 |       825      1067
      353     5.516 |   98.9769503 |    0.0141336    0.9988775 |       825      1067
      354     5.531 |   99.0767382 |    0.0142288    0.9988775 |       825      1067
      355     5.547 |   99.1773796 |    0.0143242    0.9988775 |       825      1067
      356     5.562 |   99.2403226 |    0.0144197    0.9988775 |       825      1067
      357     5.578 |   99.2427312 |    0.0145155    0.9988775 |       825      1067
      358     5.594 |   99.3437339 |    0.0146115    0.9988775 |       825      1067
      359     5.609 |   99.4431274 |    0.0147077    0.9988775 |       825      1067
------------------------------------------------------------------------------------
Iteration      Time | *me_per_hour |     LEANBSSNMOL::conf_fac | *TISTICS::maxrss_mb
                    |              |      minimum      maximum |   minimum   maximum
------------------------------------------------------------------------------------
      360     5.625 |   99.4807537 |    0.0148041    0.9988775 |       825      1067
      361     5.641 |   99.3796858 |    0.0149007    0.9988775 |       825      1067
      362     5.656 |   99.4811274 |    0.0149975    0.9988775 |       825      1067
      363     5.672 |   99.5792412 |    0.0150946    0.9988775 |       825      1067
      364     5.688 |   99.6398337 |    0.0151918    0.9988775 |       825      1067
      365     5.703 |   99.6395993 |    0.0152893    0.9988775 |       825      1067
      366     5.719 |   99.7402451 |    0.0153870    0.9988775 |       825      1067
      367     5.734 |   99.8377563 |    0.0154850    0.9988775 |       825      1067
      368     5.750 |   99.8669507 |    0.0155831    0.9988775 |       825      1067
      369     5.766 |   99.6784462 |    0.0156815    0.9988775 |       825      1067
      370     5.781 |   99.7763284 |    0.0157802    0.9988775 |       825      1067
      371     5.797 |   99.8675176 |    0.0158791    0.9988775 |       825      1067
      372     5.812 |   99.9292854 |    0.0159782    0.9988775 |       825      1067
      373     5.828 |   99.9299617 |    0.0160775    0.9988775 |       825      1067
      374     5.844 |  100.0268293 |    0.0161771    0.9988775 |       825      1067
      375     5.859 |  100.1218802 |    0.0162770    0.9988775 |       825      1067
      376     5.875 |  100.1559250 |    0.0163771    0.9988775 |       825      1067
      377     5.891 |  100.0570412 |    0.0164775    0.9988775 |       825      1067
      378     5.906 |  100.1523356 |    0.0165781    0.9988775 |       825      1067
      379     5.922 |  100.2454964 |    0.0166789    0.9988775 |       825      1067
------------------------------------------------------------------------------------
Iteration      Time | *me_per_hour |     LEANBSSNMOL::conf_fac | *TISTICS::maxrss_mb
                    |              |      minimum      maximum |   minimum   maximum
------------------------------------------------------------------------------------
      380     5.938 |  100.3021188 |    0.0167801    0.9988775 |       825      1067
      381     5.953 |  100.3024431 |    0.0168815    0.9988775 |       825      1067
      382     5.969 |  100.3973136 |    0.0169831    0.9988775 |       825      1067
      383     5.984 |  100.4896347 |    0.0170851    0.9988775 |       825      1068
      384     6.000 |  100.3832544 |    0.0171873    0.9988775 |       828      1068
INFO (CarpetRegrid2): Centre 1 is at position [7.98829,2.51285e-16,2.73698e-16] with 8 levels
INFO (CarpetRegrid2): Centre 2 is at position [-7.98829,-5.52548e-17,-2.03788e-16] with 8 levels
INFO (CarpetRegrid2): Refined regions have not changed sufficiently; skipping regridding
INFO (CarpetRegrid2): Centre 1 is at position [7.98829,2.51285e-16,2.73698e-16] with 8 levels
INFO (CarpetRegrid2): Centre 2 is at position [-7.98829,-5.52548e-17,-2.03788e-16] with 8 levels
INFO (CarpetRegrid2): Refined regions have not changed sufficiently; skipping regridding
INFO (CarpetRegrid2): Centre 1 is at position [7.98829,2.51285e-16,2.73698e-16] with 8 levels
INFO (CarpetRegrid2): Centre 2 is at position [-7.98829,-5.52548e-17,-2.03788e-16] with 8 levels
INFO (CarpetRegrid2): Refined regions have not changed sufficiently; skipping regridding
INFO (CarpetRegrid2): Centre 1 is at position [7.98829,2.51285e-16,2.73698e-16] with 8 levels
INFO (CarpetRegrid2): Centre 2 is at position [-7.98829,-5.52548e-17,-2.03788e-16] with 8 levels
INFO (CarpetRegrid2): Refined regions have not changed sufficiently; skipping regridding
INFO (CarpetRegrid2): Centre 1 is at position [7.98829,2.51285e-16,2.73698e-16] with 8 levels
INFO (CarpetRegrid2): Centre 2 is at position [-7.98829,-5.52548e-17,-2.03788e-16] with 8 levels
INFO (CarpetRegrid2): Refined regions have not changed sufficiently; skipping regridding
INFO (CarpetRegrid2): Centre 1 is at position [7.98829,2.51285e-16,2.73698e-16] with 8 levels
INFO (CarpetRegrid2): Centre 2 is at position [-7.98829,-5.52548e-17,-2.03788e-16] with 8 levels
INFO (CarpetRegrid2): Refined regions have not changed sufficiently; skipping regridding
INFO (CarpetRegrid2): Centre 1 is at position [7.98829,2.51285e-16,2.73698e-16] with 8 levels
INFO (CarpetRegrid2): Centre 2 is at position [-7.98829,-5.52548e-17,-2.03788e-16] with 8 levels
INFO (CarpetRegrid2): Refined regions have not changed sufficiently; skipping regridding
INFO (CarpetRegrid2): Centre 1 is at position [7.98829,2.51285e-16,2.73698e-16] with 8 levels
INFO (CarpetRegrid2): Centre 2 is at position [-7.98829,-5.52548e-17,-2.03788e-16] with 8 levels
INFO (CarpetRegrid2): Refined regions have not changed sufficiently; skipping regridding
      385     6.016 |   98.5387001 |    0.0172898    0.9988775 |       859      1068
      386     6.031 |   98.6210678 |    0.0173925    0.9988775 |       825      1068
      387     6.047 |   98.7144183 |    0.0174955    0.9988775 |       825      1068
      388     6.062 |   98.7719866 |    0.0175989    0.9988775 |       825      1068
      389     6.078 |   98.7761655 |    0.0177025    0.9988775 |       825      1068
      390     6.094 |   98.8694588 |    0.0178063    0.9988775 |       825      1068
      391     6.109 |   98.9602758 |    0.0179105    0.9988775 |       825      1068
      392     6.125 |   98.9907332 |    0.0180150    0.9988775 |       825      1068
      393     6.141 |   98.9004785 |    0.0181197    0.9988775 |       825      1068
      394     6.156 |   98.9930718 |    0.0182248    0.9988775 |       825      1068
      395     6.172 |   99.0840463 |    0.0183301    0.9988775 |       825      1068
      396     6.188 |   99.1409520 |    0.0184358    0.9988775 |       825      1068
      397     6.203 |   99.1429415 |    0.0185417    0.9988775 |       825      1068
      398     6.219 |   99.2350706 |    0.0186480    0.9988775 |       825      1068
      399     6.234 |   99.3250802 |    0.0187546    0.9988775 |       825      1068
------------------------------------------------------------------------------------
Iteration      Time | *me_per_hour |     LEANBSSNMOL::conf_fac | *TISTICS::maxrss_mb
                    |              |      minimum      maximum |   minimum   maximum
------------------------------------------------------------------------------------
      400     6.250 |   99.3554950 |    0.0188615    0.9988775 |       825      1068
      401     6.266 |   99.1863559 |    0.0189686    0.9988775 |       825      1068
      402     6.281 |   99.2755949 |    0.0190762    0.9988775 |       825      1068
      403     6.297 |   99.3646788 |    0.0191840    0.9988775 |       825      1068
      404     6.312 |   99.4213789 |    0.0192921    0.9988775 |       825      1068
      405     6.328 |   99.4161650 |    0.0194006    0.9988775 |       825      1068
      406     6.344 |   99.5068200 |    0.0195094    0.9988775 |       825      1068
      407     6.359 |   99.5957597 |    0.0196185    0.9988775 |       825      1068
      408     6.375 |   99.6291992 |    0.0197279    0.9988775 |       825      1068
      409     6.391 |   99.5435084 |    0.0198377    0.9988775 |       825      1068
      410     6.406 |   99.6323304 |    0.0199478    0.9988775 |       825      1068
      411     6.422 |   99.7192467 |    0.0200582    0.9988775 |       825      1068
      412     6.438 |   99.7690417 |    0.0201690    0.9988775 |       825      1068
      413     6.453 |   99.7679174 |    0.0202801    0.9988775 |       825      1068
      414     6.469 |   99.8565008 |    0.0203916    0.9988775 |       825      1068
      415     6.484 |   99.9419471 |    0.0205034    0.9988775 |       825      1068
      416     6.500 |   99.9424122 |    0.0206155    0.9988775 |       825      1068
      417     6.516 |   99.7075385 |    0.0207280    0.9988775 |       825      1068
      418     6.531 |   99.7909248 |    0.0208409    0.9988775 |       825      1068
      419     6.547 |   99.8766253 |    0.0209540    0.9988775 |       825      1068
------------------------------------------------------------------------------------
Iteration      Time | *me_per_hour |     LEANBSSNMOL::conf_fac | *TISTICS::maxrss_mb
                    |              |      minimum      maximum |   minimum   maximum
------------------------------------------------------------------------------------
      420     6.562 |   99.9292357 |    0.0210676    0.9988775 |       825      1068
      421     6.578 |   99.9282478 |    0.0211815    0.9988775 |       825      1068
      422     6.594 |  100.0150931 |    0.0212958    0.9988775 |       825      1068
      423     6.609 |  100.0973003 |    0.0214104    0.9988775 |       825      1068
      424     6.625 |  100.1283070 |    0.0215254    0.9988775 |       825      1068
      425     6.641 |  100.0418317 |    0.0216407    0.9988775 |       825      1068
      426     6.656 |  100.1277093 |    0.0217564    0.9988775 |       825      1068
      427     6.672 |  100.2097994 |    0.0218725    0.9988775 |       825      1068
      428     6.688 |  100.2599529 |    0.0219890    0.9988775 |       825      1068
      429     6.703 |  100.2599481 |    0.0221058    0.9988775 |       825      1068
      430     6.719 |  100.3434698 |    0.0222230    0.9988775 |       825      1068
      431     6.734 |  100.4255691 |    0.0223406    0.9988775 |       825      1068
      432     6.750 |  100.4504956 |    0.0224586    0.9988775 |       825      1068
      433     6.766 |  100.2844247 |    0.0225769    0.9988775 |       825      1068
      434     6.781 |  100.3676166 |    0.0226956    0.9988775 |       825      1068
      435     6.797 |  100.4494012 |    0.0228148    0.9988775 |       825      1068
      436     6.812 |  100.4996317 |    0.0229343    0.9988775 |       825      1068
      437     6.828 |  100.4977649 |    0.0230541    0.9988775 |       825      1068
      438     6.844 |  100.5798330 |    0.0231744    0.9988775 |       825      1068
      439     6.859 |  100.6610379 |    0.0232898    0.9988775 |       825      1068
------------------------------------------------------------------------------------
Iteration      Time | *me_per_hour |     LEANBSSNMOL::conf_fac | *TISTICS::maxrss_mb
                    |              |      minimum      maximum |   minimum   maximum
------------------------------------------------------------------------------------
      440     6.875 |  100.6866262 |    0.0231621    0.9988775 |       825      1068
      441     6.891 |  100.5991330 |    0.0230344    0.9988775 |       825      1068
      442     6.906 |  100.6810159 |    0.0229068    0.9988775 |       825      1068
      443     6.922 |  100.7601305 |    0.0227791    0.9988775 |       825      1068
      444     6.938 |  100.8091212 |    0.0226515    0.9988775 |       825      1068
      445     6.953 |  100.8064544 |    0.0225239    0.9988775 |       825      1068
      446     6.969 |  100.8863948 |    0.0223963    0.9988775 |       825      1068
      447     6.984 |  100.9659652 |    0.0222687    0.9988775 |       825      1068
      448     7.000 |  100.8752824 |    0.0221411    0.9988775 |       828      1068
INFO (CarpetRegrid2): Centre 1 is at position [7.98302,3.2575e-16,3.7039e-16] with 8 levels
INFO (CarpetRegrid2): Centre 2 is at position [-7.98302,5.08134e-17,-3.44568e-16] with 8 levels
INFO (CarpetRegrid2): Refined regions have not changed sufficiently; skipping regridding
INFO (CarpetRegrid2): Centre 1 is at position [7.98302,3.2575e-16,3.7039e-16] with 8 levels
INFO (CarpetRegrid2): Centre 2 is at position [-7.98302,5.08134e-17,-3.44568e-16] with 8 levels
INFO (CarpetRegrid2): Refined regions have not changed sufficiently; skipping regridding
INFO (CarpetRegrid2): Centre 1 is at position [7.98302,3.2575e-16,3.7039e-16] with 8 levels
INFO (CarpetRegrid2): Centre 2 is at position [-7.98302,5.08134e-17,-3.44568e-16] with 8 levels
INFO (CarpetRegrid2): Refined regions have not changed sufficiently; skipping regridding
INFO (CarpetRegrid2): Centre 1 is at position [7.98302,3.2575e-16,3.7039e-16] with 8 levels
INFO (CarpetRegrid2): Centre 2 is at position [-7.98302,5.08134e-17,-3.44568e-16] with 8 levels
INFO (CarpetRegrid2): Refined regions have not changed sufficiently; skipping regridding
INFO (CarpetRegrid2): Centre 1 is at position [7.98302,3.2575e-16,3.7039e-16] with 8 levels
INFO (CarpetRegrid2): Centre 2 is at position [-7.98302,5.08134e-17,-3.44568e-16] with 8 levels
INFO (CarpetRegrid2): Refined regions have not changed sufficiently; skipping regridding
INFO (CarpetRegrid2): Centre 1 is at position [7.98302,3.2575e-16,3.7039e-16] with 8 levels
INFO (CarpetRegrid2): Centre 2 is at position [-7.98302,5.08134e-17,-3.44568e-16] with 8 levels
INFO (CarpetRegrid2): Refined regions have not changed sufficiently; skipping regridding
INFO (CarpetRegrid2): Centre 1 is at position [7.98302,3.2575e-16,3.7039e-16] with 8 levels
INFO (CarpetRegrid2): Centre 2 is at position [-7.98302,5.08134e-17,-3.44568e-16] with 8 levels
INFO (CarpetRegrid2): Refined regions have not changed sufficiently; skipping regridding
INFO (CarpetRegrid2): Centre 1 is at position [7.98302,3.2575e-16,3.7039e-16] with 8 levels
INFO (CarpetRegrid2): Centre 2 is at position [-7.98302,5.08134e-17,-3.44568e-16] with 8 levels
INFO (CarpetRegrid2): Refined regions have not changed sufficiently; skipping regridding
      449     7.016 |   99.2342867 |    0.0220136    0.9988775 |       859      1068
      450     7.031 |   99.3045488 |    0.0218861    0.9988775 |       826      1068
      451     7.047 |   99.3840942 |    0.0217586    0.9988775 |       826      1068
      452     7.062 |   99.4318283 |    0.0216312    0.9988775 |       826      1068
      453     7.078 |   99.4342255 |    0.0215038    0.9988775 |       826      1068
      454     7.094 |   99.5149298 |    0.0213765    0.9988775 |       826      1068
      455     7.109 |   99.5935489 |    0.0212492    0.9988775 |       826      1068
      456     7.125 |   99.6243749 |    0.0211220    0.9988775 |       826      1068
      457     7.141 |   99.5396199 |    0.0209948    0.9988775 |       826      1068
      458     7.156 |   99.6197886 |    0.0208677    0.9988775 |       826      1068
      459     7.172 |   99.6970919 |    0.0207406    0.9988775 |       826      1068
------------------------------------------------------------------------------------
Iteration      Time | *me_per_hour |     LEANBSSNMOL::conf_fac | *TISTICS::maxrss_mb
                    |              |      minimum      maximum |   minimum   maximum
------------------------------------------------------------------------------------
      460     7.188 |   99.7462751 |    0.0206136    0.9988775 |       826      1068
      461     7.203 |   99.7461086 |    0.0204867    0.9988775 |       826      1068
      462     7.219 |   99.8257096 |    0.0203598    0.9988775 |       826      1068
      463     7.234 |   99.9027742 |    0.0202330    0.9988775 |       826      1068
      464     7.250 |   99.9246706 |    0.0201063    0.9988775 |       826      1068
      465     7.266 |   99.7742322 |    0.0199797    0.9988775 |       826      1068
      466     7.281 |   99.8523765 |    0.0198532    0.9988775 |       826      1068
      467     7.297 |   99.9277808 |    0.0197267    0.9988775 |       826      1068
      468     7.312 |   99.9735846 |    0.0196004    0.9988775 |       826      1068
      469     7.328 |   99.9731464 |    0.0194741    0.9988775 |       826      1068
      470     7.344 |  100.0502292 |    0.0193479    0.9988775 |       826      1068
      471     7.359 |  100.1253881 |    0.0192219    0.9988775 |       826      1068
      472     7.375 |  100.1531936 |    0.0190959    0.9988775 |       826      1068
      473     7.391 |  100.0749042 |    0.0189701    0.9988775 |       826      1068
      474     7.406 |  100.1516648 |    0.0188444    0.9988775 |       826      1068
      475     7.422 |  100.2264928 |    0.0187188    0.9988775 |       826      1068
      476     7.438 |  100.2712289 |    0.0185933    0.9988775 |       826      1068
      477     7.453 |  100.2720265 |    0.0184680    0.9988775 |       826      1068
      478     7.469 |  100.3460330 |    0.0183428    0.9988775 |       826      1068
      479     7.484 |  100.4220299 |    0.0182177    0.9988775 |       826      1068
------------------------------------------------------------------------------------
Iteration      Time | *me_per_hour |     LEANBSSNMOL::conf_fac | *TISTICS::maxrss_mb
                    |              |      minimum      maximum |   minimum   maximum
------------------------------------------------------------------------------------
      480     7.500 |  100.4245396 |    0.0180928    0.9988775 |       826      1068
      481     7.516 |  100.2190207 |    0.0179680    0.9988775 |       826      1068
      482     7.531 |  100.2931924 |    0.0178433    0.9988775 |       826      1068
      483     7.547 |  100.3672309 |    0.0177188    0.9988775 |       826      1068
      484     7.562 |  100.4122631 |    0.0175945    0.9988775 |       826      1068
      485     7.578 |  100.4114517 |    0.0174703    0.9988775 |       826      1068
      486     7.594 |  100.4858804 |    0.0173463    0.9988775 |       826      1068
      487     7.609 |  100.5581402 |    0.0172224    0.9988775 |       826      1068
      488     7.625 |  100.5844488 |    0.0170988    0.9988775 |       826      1068
      489     7.641 |  100.5057708 |    0.0169753    0.9988775 |       826      1068
      490     7.656 |  100.5810933 |    0.0168519    0.9988775 |       826      1068
      491     7.672 |  100.6490246 |    0.0167288    0.9988775 |       826      1068
      492     7.688 |  100.6931198 |    0.0166059    0.9988775 |       826      1068
      493     7.703 |  100.6909064 |    0.0164831    0.9988775 |       826      1068
      494     7.719 |  100.7639837 |    0.0163606    0.9988775 |       826      1068
      495     7.734 |  100.8359226 |    0.0162382    0.9988775 |       826      1068
      496     7.750 |  100.8507060 |    0.0161161    0.9988775 |       826      1068
      497     7.766 |  100.7076475 |    0.0159942    0.9988775 |       826      1068
      498     7.781 |  100.7748462 |    0.0158725    0.9988775 |       826      1068
      499     7.797 |  100.8290062 |    0.0157510    0.9988775 |       826      1068
------------------------------------------------------------------------------------
Iteration      Time | *me_per_hour |     LEANBSSNMOL::conf_fac | *TISTICS::maxrss_mb
                    |              |      minimum      maximum |   minimum   maximum
------------------------------------------------------------------------------------
      500     7.812 |  100.8728372 |    0.0156298    0.9988775 |       826      1068
      501     7.828 |  100.8697146 |    0.0155088    0.9988775 |       826      1068
      502     7.844 |  100.9420099 |    0.0153880    0.9988775 |       826      1068
      503     7.859 |  101.0120909 |    0.0152675    0.9988775 |       826      1068
      504     7.875 |  101.0377068 |    0.0151472    0.9988775 |       826      1068
      505     7.891 |  100.9591953 |    0.0150271    0.9988775 |       826      1068
      506     7.906 |  101.0303104 |    0.0149074    0.9988775 |       826      1068
      507     7.922 |  101.0981646 |    0.0147879    0.9988775 |       826      1068
      508     7.938 |  101.1430105 |    0.0146686    0.9988775 |       826      1068
      509     7.953 |  101.1393606 |    0.0145497    0.9988775 |       826      1068
      510     7.969 |  101.2099706 |    0.0144310    0.9988775 |       826      1068
      511     7.984 |  101.2791819 |    0.0143126    0.9988775 |       826      1068
INFO (AHFinderDirect): proc 0: searching for horizon 1/6
INFO (AHFinderDirect): AH 3/6: r=79.0011 at (-0.000000,0.000000,0.000000)
INFO (AHFinderDirect): AH 3/6: area=80424.77148 m_irreducible=39.99999989
INFO (AHFinderDirect): AH 4/6: r=99.0016 at (-0.000000,0.000000,0.000000)
INFO (AHFinderDirect): AH 4/6: area=125663.7059 m_irreducible=49.99999995
INFO (AHFinderDirect): AH 5/6: r=179.003 at (0.000000,0.000000,-0.000000)
INFO (AHFinderDirect): AH 5/6: area=407150.4079 m_irreducible=90
INFO (AHFinderDirect): AH 6/6: r=239.003 at (0.000000,0.000000,0.000000)
INFO (AHFinderDirect): AH 6/6: area=723822.9477 m_irreducible=120
INFO (AHFinderDirect): AH 1/6: r=0.399244 at (7.977119,0.000000,0.000000)
INFO (AHFinderDirect): AH 1/6: area=11.23609267 m_irreducible=0.4727948406
INFO (AHFinderDirect): AH 2/6: r=0.399244 at (-7.977119,-0.000000,-0.000000)
INFO (AHFinderDirect): AH 2/6: area=11.23609267 m_irreducible=0.4727948406
INFO (QuasiLocalMeasures): Calculating quasi-local quantities for surface    0
INFO (QuasiLocalMeasures): Importing from spherical surface    0
INFO (QuasiLocalMeasures): Geometric quantities for surface    0:
INFO (QuasiLocalMeasures):    Area A:                            11.2361
INFO (QuasiLocalMeasures):    Irreducible mass M = R/2:         0.472795
INFO (QuasiLocalMeasures):    Areal radius R = sqrt(A/4pi):     0.945589
INFO (QuasiLocalMeasures): Coordinate-dependent quantities for surface    0:
INFO (QuasiLocalMeasures):    Equatorial circumference:             5.94119
INFO (QuasiLocalMeasures):    Polar circumference at phi=0:         5.94264
INFO (QuasiLocalMeasures):    Polar circumference at phi=pi/2:      5.94112
INFO (QuasiLocalMeasures):    No valid spin guess from distortion.
INFO (QuasiLocalMeasures):    (Spin guess is imaginary.)
INFO (QuasiLocalMeasures):    Magnitude of invalid spin guess:     0.290575E-02
INFO (QuasiLocalMeasures):    Mass guess M from distortion:        0.472785
INFO (QuasiLocalMeasures): Isolated Horizon quantities for surface    0:
INFO (QuasiLocalMeasures):    Killing vector field eigenvalue norm:      1.00000
INFO (QuasiLocalMeasures):    Spin J:                                   0.945034E-09
INFO (QuasiLocalMeasures):    Kerr spin parameter a = J/M:              0.199883E-08
INFO (QuasiLocalMeasures):    Dimensionless spin parameter a = J/M^2:   0.422768E-08
INFO (QuasiLocalMeasures):    Spin J from NP:                           0.219545E-08
INFO (QuasiLocalMeasures):    Spin J from phi-coordinate-vector:         0.00000
INFO (QuasiLocalMeasures):    Mass M:                                   0.472795
INFO (QuasiLocalMeasures): Global quantities for surface    0:
INFO (QuasiLocalMeasures):    ADM energy:                 -1.41680
INFO (QuasiLocalMeasures):    ADM momentum x:            -0.840830E-03
INFO (QuasiLocalMeasures):    ADM momentum y:            -0.178730E-15
INFO (QuasiLocalMeasures):    ADM momentum z:             0.149230E-16
INFO (QuasiLocalMeasures):    ADM angular momentum x:    -0.115005E-04
INFO (QuasiLocalMeasures):    ADM angular momentum y:     0.105693E-15
INFO (QuasiLocalMeasures):    ADM angular momentum z:    -0.105686E-14
INFO (QuasiLocalMeasures):    Weinberg energy:                  3.42851
INFO (QuasiLocalMeasures):    Weinberg momentum x:            -0.418741E-02
INFO (QuasiLocalMeasures):    Weinberg momentum y:            -0.250039E-15
INFO (QuasiLocalMeasures):    Weinberg momentum z:             0.171775E-15
INFO (QuasiLocalMeasures):    Weinberg angular momentum x:    -0.671631E-04
INFO (QuasiLocalMeasures):    Weinberg angular momentum y:    -0.860491E-15
INFO (QuasiLocalMeasures):    Weinberg angular momentum z:    -0.335806E-14
      512     8.000 |   98.7982262 |    0.0141945    0.9988775 |       830      1082
INFO (CarpetRegrid2): Centre 1 is at position [7.97679,4.17095e-16,4.61511e-16] with 8 levels
INFO (CarpetRegrid2): Centre 2 is at position [-7.97679,3.06583e-17,-5.98659e-16] with 8 levels
INFO (CarpetRegrid2): Refined regions have not changed sufficiently; skipping regridding
INFO (CarpetRegrid2): Centre 1 is at position [7.97679,4.17095e-16,4.61511e-16] with 8 levels
INFO (CarpetRegrid2): Centre 2 is at position [-7.97679,3.06583e-17,-5.98659e-16] with 8 levels
INFO (CarpetRegrid2): Refined regions have not changed sufficiently; skipping regridding
INFO (CarpetRegrid2): Centre 1 is at position [7.97679,4.17095e-16,4.61511e-16] with 8 levels
INFO (CarpetRegrid2): Centre 2 is at position [-7.97679,3.06583e-17,-5.98659e-16] with 8 levels
INFO (CarpetRegrid2): Refined regions have not changed sufficiently; skipping regridding
INFO (CarpetRegrid2): Centre 1 is at position [7.97679,4.17095e-16,4.61511e-16] with 8 levels
INFO (CarpetRegrid2): Centre 2 is at position [-7.97679,3.06583e-17,-5.98659e-16] with 8 levels
INFO (CarpetRegrid2): Refined regions have not changed sufficiently; skipping regridding
INFO (CarpetRegrid2): Centre 1 is at position [7.97679,4.17095e-16,4.61511e-16] with 8 levels
INFO (CarpetRegrid2): Centre 2 is at position [-7.97679,3.06583e-17,-5.98659e-16] with 8 levels
INFO (CarpetRegrid2): Refined regions have not changed sufficiently; skipping regridding
INFO (CarpetRegrid2): Centre 1 is at position [7.97679,4.17095e-16,4.61511e-16] with 8 levels
INFO (CarpetRegrid2): Centre 2 is at position [-7.97679,3.06583e-17,-5.98659e-16] with 8 levels
INFO (CarpetRegrid2): Refined regions have not changed sufficiently; skipping regridding
INFO (CarpetRegrid2): Centre 1 is at position [7.97679,4.17095e-16,4.61511e-16] with 8 levels
INFO (CarpetRegrid2): Centre 2 is at position [-7.97679,3.06583e-17,-5.98659e-16] with 8 levels
INFO (CarpetRegrid2): Refined regions have not changed sufficiently; skipping regridding
INFO (CarpetRegrid2): Centre 1 is at position [7.97679,4.17095e-16,4.61511e-16] with 8 levels
INFO (CarpetRegrid2): Centre 2 is at position [-7.97679,3.06583e-17,-5.98659e-16] with 8 levels
INFO (CarpetRegrid2): Refined regions have not changed sufficiently; skipping regridding
      513     8.016 |   97.4073439 |    0.0140767    0.9988775 |       860      1082
      514     8.031 |   97.4707453 |    0.0139594    0.9988775 |       826      1082
      515     8.047 |   97.5406697 |    0.0138434    0.9988775 |       826      1082
      516     8.062 |   97.5855696 |    0.0137290    0.9988775 |       826      1082
      517     8.078 |   97.5902647 |    0.0136160    0.9988775 |       826      1082
      518     8.094 |   97.6621696 |    0.0135045    0.9988775 |       826      1082
      519     8.109 |   97.7322178 |    0.0133945    0.9988775 |       826      1082
------------------------------------------------------------------------------------
Iteration      Time | *me_per_hour |     LEANBSSNMOL::conf_fac | *TISTICS::maxrss_mb
                    |              |      minimum      maximum |   minimum   maximum
------------------------------------------------------------------------------------
      520     8.125 |   97.7620447 |    0.0132860    0.9988775 |       826      1082
      521     8.141 |   97.6967336 |    0.0131790    0.9988775 |       826      1082
      522     8.156 |   97.7686485 |    0.0130736    0.9988775 |       826      1082
      523     8.172 |   97.8370062 |    0.0129697    0.9988775 |       826      1082
      524     8.188 |   97.8826987 |    0.0128673    0.9988775 |       826      1082
      525     8.203 |   97.8871082 |    0.0127664    0.9988775 |       826      1082
      526     8.219 |   97.9563110 |    0.0126671    0.9988775 |       826      1082
      527     8.234 |   98.0252066 |    0.0125694    0.9988775 |       826      1082
      528     8.250 |   98.0499794 |    0.0124732    0.9988775 |       826      1082
      529     8.266 |   97.9260999 |    0.0123786    0.9988775 |       826      1082
      530     8.281 |   97.9946168 |    0.0122856    0.9988775 |       826      1082
      531     8.297 |   98.0636777 |    0.0121942    0.9988775 |       826      1082
      532     8.312 |   98.1067029 |    0.0121044    0.9988775 |       826      1082
      533     8.328 |   98.1093125 |    0.0120162    0.9988775 |       826      1082
      534     8.344 |   98.1757008 |    0.0119295    0.9988775 |       826      1082
      535     8.359 |   98.2425517 |    0.0118445    0.9988775 |       826      1082
      536     8.375 |   98.2710735 |    0.0117612    0.9988775 |       826      1082
      537     8.391 |   98.2077967 |    0.0116794    0.9988775 |       826      1082
      538     8.406 |   98.2761469 |    0.0115993    0.9988775 |       826      1082
      539     8.422 |   98.3424472 |    0.0115208    0.9988775 |       826      1082
------------------------------------------------------------------------------------
Iteration      Time | *me_per_hour |     LEANBSSNMOL::conf_fac | *TISTICS::maxrss_mb
                    |              |      minimum      maximum |   minimum   maximum
------------------------------------------------------------------------------------
      540     8.438 |   98.3833059 |    0.0114440    0.9988775 |       826      1082
      541     8.453 |   98.3849434 |    0.0113689    0.9988775 |       826      1082
      542     8.469 |   98.4536221 |    0.0112954    0.9988775 |       826      1082
      543     8.484 |   98.5185179 |    0.0112235    0.9988775 |       826      1082
      544     8.500 |   98.5228879 |    0.0111534    0.9988775 |       826      1082
      545     8.516 |   98.3467013 |    0.0110849    0.9988775 |       826      1082
      546     8.531 |   98.4130686 |    0.0110181    0.9988775 |       826      1082
      547     8.547 |   98.4764375 |    0.0109530    0.9988775 |       826      1082
      548     8.562 |   98.5183851 |    0.0108896    0.9988775 |       826      1082
      549     8.578 |   98.5030204 |    0.0108279    0.9988775 |       826      1082
      550     8.594 |   98.5651585 |    0.0107679    0.9988775 |       826      1082
      551     8.609 |   98.6180234 |    0.0107097    0.9988775 |       826      1082
      552     8.625 |   98.6418306 |    0.0106531    0.9988775 |       826      1082
      553     8.641 |   98.5758181 |    0.0105983    0.9988775 |       826      1082
      554     8.656 |   98.6387273 |    0.0105452    0.9988775 |       826      1082
      555     8.672 |   98.7027539 |    0.0104938    0.9988775 |       826      1082
      556     8.688 |   98.7445599 |    0.0104442    0.9988775 |       826      1082
      557     8.703 |   98.7470704 |    0.0103963    0.9988775 |       826      1082
      558     8.719 |   98.8099850 |    0.0103502    0.9988775 |       826      1082
      559     8.734 |   98.8738383 |    0.0103058    0.9988775 |       826      1082
------------------------------------------------------------------------------------
Iteration      Time | *me_per_hour |     LEANBSSNMOL::conf_fac | *TISTICS::maxrss_mb
                    |              |      minimum      maximum |   minimum   maximum
------------------------------------------------------------------------------------
      560     8.750 |   98.8906739 |    0.0102632    0.9988775 |       826      1082
      561     8.766 |   98.7667904 |    0.0102224    0.9988775 |       826      1082
      562     8.781 |   98.8326406 |    0.0101833    0.9988775 |       826      1082
      563     8.797 |   98.8965189 |    0.0101460    0.9988775 |       826      1082
      564     8.812 |   98.9363897 |    0.0101104    0.9988775 |       826      1082
      565     8.828 |   98.9361107 |    0.0100767    0.9988775 |       826      1082
      566     8.844 |   99.0001392 |    0.0100447    0.9988775 |       826      1082
      567     8.859 |   99.0606046 |    0.0100146    0.9988775 |       826      1082
      568     8.875 |   99.0809555 |    0.0099862    0.9988775 |       826      1082
      569     8.891 |   99.0167089 |    0.0099596    0.9988775 |       826      1082
      570     8.906 |   99.0816337 |    0.0099348    0.9988775 |       826      1082
      571     8.922 |   99.1428820 |    0.0099118    0.9988775 |       826      1082
      572     8.938 |   99.1835527 |    0.0098907    0.9988775 |       826      1082
      573     8.953 |   99.1847661 |    0.0098713    0.9988775 |       826      1082
      574     8.969 |   99.2485806 |    0.0098538    0.9988775 |       826      1082
      575     8.984 |   99.3105424 |    0.0098381    0.9988775 |       826      1082
      576     9.000 |   99.2475614 |    0.0098242    0.9988775 |       829      1082
INFO (CarpetRegrid2): Centre 1 is at position [7.96953,5.25569e-16,5.37103e-16] with 8 levels
INFO (CarpetRegrid2): Centre 2 is at position [-7.96953,9.38197e-17,-9.36643e-16] with 8 levels
INFO (CarpetRegrid2): Refined regions have not changed sufficiently; skipping regridding
INFO (CarpetRegrid2): Centre 1 is at position [7.96953,5.25569e-16,5.37103e-16] with 8 levels
INFO (CarpetRegrid2): Centre 2 is at position [-7.96953,9.38197e-17,-9.36643e-16] with 8 levels
INFO (CarpetRegrid2): Refined regions have not changed sufficiently; skipping regridding
INFO (CarpetRegrid2): Centre 1 is at position [7.96953,5.25569e-16,5.37103e-16] with 8 levels
INFO (CarpetRegrid2): Centre 2 is at position [-7.96953,9.38197e-17,-9.36643e-16] with 8 levels
INFO (CarpetRegrid2): Refined regions have not changed sufficiently; skipping regridding
INFO (CarpetRegrid2): Centre 1 is at position [7.96953,5.25569e-16,5.37103e-16] with 8 levels
INFO (CarpetRegrid2): Centre 2 is at position [-7.96953,9.38197e-17,-9.36643e-16] with 8 levels
INFO (CarpetRegrid2): Refined regions have not changed sufficiently; skipping regridding
INFO (CarpetRegrid2): Centre 1 is at position [7.96953,5.25569e-16,5.37103e-16] with 8 levels
INFO (CarpetRegrid2): Centre 2 is at position [-7.96953,9.38197e-17,-9.36643e-16] with 8 levels
INFO (CarpetRegrid2): Refined regions have not changed sufficiently; skipping regridding
INFO (CarpetRegrid2): Centre 1 is at position [7.96953,5.25569e-16,5.37103e-16] with 8 levels
INFO (CarpetRegrid2): Centre 2 is at position [-7.96953,9.38197e-17,-9.36643e-16] with 8 levels
INFO (CarpetRegrid2): Refined regions have not changed sufficiently; skipping regridding
INFO (CarpetRegrid2): Centre 1 is at position [7.96953,5.25569e-16,5.37103e-16] with 8 levels
INFO (CarpetRegrid2): Centre 2 is at position [-7.96953,9.38197e-17,-9.36643e-16] with 8 levels
INFO (CarpetRegrid2): Refined regions have not changed sufficiently; skipping regridding
INFO (CarpetRegrid2): Centre 1 is at position [7.96953,5.25569e-16,5.37103e-16] with 8 levels
INFO (CarpetRegrid2): Centre 2 is at position [-7.96953,9.38197e-17,-9.36643e-16] with 8 levels
INFO (CarpetRegrid2): Refined regions have not changed sufficiently; skipping regridding
      577     9.016 |   98.0428264 |    0.0098121    0.9988775 |       860      1082
      578     9.031 |   98.1027781 |    0.0098019    0.9988775 |       827      1082
      579     9.047 |   98.1646106 |    0.0097935    0.9988775 |       827      1082
------------------------------------------------------------------------------------
Iteration      Time | *me_per_hour |     LEANBSSNMOL::conf_fac | *TISTICS::maxrss_mb
                    |              |      minimum      maximum |   minimum   maximum
------------------------------------------------------------------------------------
      580     9.062 |   98.2056685 |    0.0097869    0.9988775 |       827      1082
      581     9.078 |   98.2085956 |    0.0097821    0.9988775 |       827      1082
      582     9.094 |   98.2706173 |    0.0097792    0.9988775 |       827      1082
      583     9.109 |   98.3328423 |    0.0097782    0.9988775 |       827      1082
      584     9.125 |   98.3545926 |    0.0097790    0.9988775 |       827      1082
      585     9.141 |   98.2951336 |    0.0097816    0.9988775 |       827      1082
      586     9.156 |   98.3587990 |    0.0097861    0.9988775 |       827      1082
      587     9.172 |   98.4197623 |    0.0097924    0.9988775 |       827      1082
      588     9.188 |   98.4573435 |    0.0098006    0.9988775 |       827      1082
      589     9.203 |   98.4503788 |    0.0098107    0.9988775 |       827      1082
      590     9.219 |   98.5116861 |    0.0098226    0.9988775 |       827      1082
      591     9.234 |   98.5683623 |    0.0098364    0.9988775 |       827      1082
      592     9.250 |   98.5824504 |    0.0098520    0.9988775 |       827      1082
      593     9.266 |   98.4711459 |    0.0098695    0.9988775 |       827      1082
      594     9.281 |   98.5328152 |    0.0098888    0.9988775 |       827      1082
      595     9.297 |   98.5938298 |    0.0099101    0.9988775 |       827      1082
      596     9.312 |   98.6320582 |    0.0099331    0.9988775 |       827      1082
      597     9.328 |   98.6346176 |    0.0099581    0.9988775 |       827      1082
      598     9.344 |   98.6960855 |    0.0099849    0.9988775 |       827      1082
      599     9.359 |   98.7555631 |    0.0100136    0.9988775 |       827      1082
------------------------------------------------------------------------------------
Iteration      Time | *me_per_hour |     LEANBSSNMOL::conf_fac | *TISTICS::maxrss_mb
                    |              |      minimum      maximum |   minimum   maximum
------------------------------------------------------------------------------------
      600     9.375 |   98.7795039 |    0.0100442    0.9988775 |       827      1082
      601     9.391 |   98.7197201 |    0.0100767    0.9988775 |       827      1082
      602     9.406 |   98.7804614 |    0.0101110    0.9988775 |       827      1082
      603     9.422 |   98.8395615 |    0.0101472    0.9988775 |       827      1082
      604     9.438 |   98.8750372 |    0.0101853    0.9988775 |       827      1082
      605     9.453 |   98.8766029 |    0.0102252    0.9988775 |       827      1082
      606     9.469 |   98.9366554 |    0.0102670    0.9988775 |       827      1082
      607     9.484 |   98.9960536 |    0.0103107    0.9988775 |       827      1082
      608     9.500 |   98.9978027 |    0.0103563    0.9988775 |       827      1082
      609     9.516 |   98.8420674 |    0.0104038    0.9988775 |       827      1082
      610     9.531 |   98.9008027 |    0.0104531    0.9988775 |       827      1082
      611     9.547 |   98.9589257 |    0.0105043    0.9988775 |       827      1082
      612     9.562 |   98.9952857 |    0.0105574    0.9988775 |       827      1082
      613     9.578 |   98.9968864 |    0.0106124    0.9988775 |       827      1082
      614     9.594 |   99.0556207 |    0.0106693    0.9988775 |       827      1082
      615     9.609 |   99.1114682 |    0.0107280    0.9988775 |       827      1082
      616     9.625 |   99.1347238 |    0.0107886    0.9988775 |       827      1082
      617     9.641 |   99.0763191 |    0.0108511    0.9988775 |       827      1082
      618     9.656 |   99.1340084 |    0.0109154    0.9988775 |       827      1082
      619     9.672 |   99.1902958 |    0.0109817    0.9988775 |       827      1082
------------------------------------------------------------------------------------
Iteration      Time | *me_per_hour |     LEANBSSNMOL::conf_fac | *TISTICS::maxrss_mb
                    |              |      minimum      maximum |   minimum   maximum
------------------------------------------------------------------------------------
      620     9.688 |   99.2263192 |    0.0110498    0.9988775 |       827      1082
      621     9.703 |   99.2225466 |    0.0111197    0.9988775 |       827      1082
      622     9.719 |   99.2813075 |    0.0111916    0.9988775 |       827      1082
      623     9.734 |   99.3385790 |    0.0112653    0.9988775 |       827      1082
      624     9.750 |   99.3566892 |    0.0113409    0.9988775 |       827      1082
      625     9.766 |   99.2483633 |    0.0114183    0.9988775 |       827      1082
      626     9.781 |   99.3053082 |    0.0114976    0.9988775 |       827      1082
      627     9.797 |   99.3620720 |    0.0115788    0.9988775 |       827      1082
      628     9.812 |   99.3992241 |    0.0116619    0.9988775 |       827      1082
      629     9.828 |   99.3995415 |    0.0117468    0.9988775 |       827      1082
      630     9.844 |   99.4580325 |    0.0118335    0.9988775 |       827      1082
      631     9.859 |   99.5150161 |    0.0119222    0.9988775 |       827      1082
      632     9.875 |   99.5375828 |    0.0120126    0.9988775 |       827      1082
      633     9.891 |   99.4768550 |    0.0121050    0.9988775 |       827      1082
      634     9.906 |   99.5353387 |    0.0121991    0.9988775 |       827      1082
      635     9.922 |   99.5911406 |    0.0122952    0.9988775 |       827      1082
      636     9.938 |   99.6273775 |    0.0123930    0.9988775 |       827      1082
      637     9.953 |   99.6274065 |    0.0124928    0.9988775 |       827      1082
      638     9.969 |   99.6828406 |    0.0125943    0.9988775 |       827      1082
      639     9.984 |   99.7392695 |    0.0126977    0.9988775 |       827      1082
------------------------------------------------------------------------------------
Iteration      Time | *me_per_hour |     LEANBSSNMOL::conf_fac | *TISTICS::maxrss_mb
                    |              |      minimum      maximum |   minimum   maximum
------------------------------------------------------------------------------------
      640    10.000 |   99.6751183 |    0.0128029    0.9988775 |       829      1082
INFO (CarpetRegrid2): Centre 1 is at position [7.96118,4.97076e-16,4.54483e-16] with 8 levels
INFO (CarpetRegrid2): Centre 2 is at position [-7.96118,-3.05482e-17,-1.32466e-15] with 8 levels
INFO (CarpetRegrid2): Refined regions have not changed sufficiently; skipping regridding
INFO (CarpetRegrid2): Centre 1 is at position [7.96118,4.97076e-16,4.54483e-16] with 8 levels
INFO (CarpetRegrid2): Centre 2 is at position [-7.96118,-3.05482e-17,-1.32466e-15] with 8 levels
INFO (CarpetRegrid2): Refined regions have not changed sufficiently; skipping regridding
INFO (CarpetRegrid2): Centre 1 is at position [7.96118,4.97076e-16,4.54483e-16] with 8 levels
INFO (CarpetRegrid2): Centre 2 is at position [-7.96118,-3.05482e-17,-1.32466e-15] with 8 levels
INFO (CarpetRegrid2): Refined regions have not changed sufficiently; skipping regridding
INFO (CarpetRegrid2): Centre 1 is at position [7.96118,4.97076e-16,4.54483e-16] with 8 levels
INFO (CarpetRegrid2): Centre 2 is at position [-7.96118,-3.05482e-17,-1.32466e-15] with 8 levels
INFO (CarpetRegrid2): Refined regions have not changed sufficiently; skipping regridding
INFO (CarpetRegrid2): Centre 1 is at position [7.96118,4.97076e-16,4.54483e-16] with 8 levels
INFO (CarpetRegrid2): Centre 2 is at position [-7.96118,-3.05482e-17,-1.32466e-15] with 8 levels
INFO (CarpetRegrid2): Refined regions have not changed sufficiently; skipping regridding
INFO (CarpetRegrid2): Centre 1 is at position [7.96118,4.97076e-16,4.54483e-16] with 8 levels
INFO (CarpetRegrid2): Centre 2 is at position [-7.96118,-3.05482e-17,-1.32466e-15] with 8 levels
INFO (CarpetRegrid2): Refined regions have not changed sufficiently; skipping regridding
INFO (CarpetRegrid2): Centre 1 is at position [7.96118,4.97076e-16,4.54483e-16] with 8 levels
INFO (CarpetRegrid2): Centre 2 is at position [-7.96118,-3.05482e-17,-1.32466e-15] with 8 levels
INFO (CarpetRegrid2): Refined regions have not changed sufficiently; skipping regridding
INFO (CarpetRegrid2): Centre 1 is at position [7.96118,4.97076e-16,4.54483e-16] with 8 levels
INFO (CarpetRegrid2): Centre 2 is at position [-7.96118,-3.05482e-17,-1.32466e-15] with 8 levels
INFO (CarpetRegrid2): Refined regions have not changed sufficiently; skipping regridding
      641    10.016 |   98.5827696 |    0.0129100    0.9988775 |       861      1082
      642    10.031 |   98.6306243 |    0.0130189    0.9988775 |       827      1082
      643    10.047 |   98.6860921 |    0.0131296    0.9988775 |       827      1082
      644    10.062 |   98.7213534 |    0.0132421    0.9988775 |       827      1082
      645    10.078 |   98.7219883 |    0.0133565    0.9988775 |       827      1082
      646    10.094 |   98.7789712 |    0.0134727    0.9988775 |       827      1082
      647    10.109 |   98.8336632 |    0.0135907    0.9988775 |       827      1082
      648    10.125 |   98.8569313 |    0.0137105    0.9988775 |       827      1082
      649    10.141 |   98.8030356 |    0.0138321    0.9988775 |       827      1082
      650    10.156 |   98.8596142 |    0.0139555    0.9988775 |       827      1082
      651    10.172 |   98.9151934 |    0.0140807    0.9988775 |       827      1082
      652    10.188 |   98.9492032 |    0.0142076    0.9988775 |       827      1082
      653    10.203 |   98.9499728 |    0.0143364    0.9988775 |       827      1082
      654    10.219 |   99.0053149 |    0.0144670    0.9988775 |       827      1082
      655    10.234 |   99.0598960 |    0.0145993    0.9988775 |       827      1082
      656    10.250 |   99.0774807 |    0.0147335    0.9988775 |       827      1082
      657    10.266 |   98.9611341 |    0.0148694    0.9988775 |       827      1082
      658    10.281 |   99.0134353 |    0.0150070    0.9988775 |       827      1082
      659    10.297 |   99.0575258 |    0.0151465    0.9988775 |       827      1082
------------------------------------------------------------------------------------
Iteration      Time | *me_per_hour |     LEANBSSNMOL::conf_fac | *TISTICS::maxrss_mb
                    |              |      minimum      maximum |   minimum   maximum
------------------------------------------------------------------------------------
      660    10.312 |   99.0913681 |    0.0152877    0.9988775 |       827      1082
      661    10.328 |   99.0930033 |    0.0154306    0.9988775 |       827      1082
      662    10.344 |   99.1482421 |    0.0155753    0.9988775 |       827      1082
      663    10.359 |   99.2022766 |    0.0157217    0.9988775 |       827      1082
      664    10.375 |   99.2210307 |    0.0158699    0.9988775 |       827      1082
      665    10.391 |   99.1667188 |    0.0160198    0.9988775 |       827      1082
      666    10.406 |   99.2223035 |    0.0161715    0.9988775 |       827      1082
      667    10.422 |   99.2752215 |    0.0163248    0.9988775 |       827      1082
      668    10.438 |   99.3081697 |    0.0164799    0.9988775 |       827      1082
      669    10.453 |   99.3089087 |    0.0166367    0.9988775 |       827      1082
      670    10.469 |   99.3637042 |    0.0167952    0.9988775 |       827      1082
      671    10.484 |   99.4171960 |    0.0169554    0.9988775 |       827      1082
      672    10.500 |   99.4159314 |    0.0171174    0.9988775 |       827      1082
      673    10.516 |   99.2721891 |    0.0172810    0.9988775 |       827      1082
      674    10.531 |   99.3242412 |    0.0174462    0.9988775 |       827      1082
      675    10.547 |   99.3772537 |    0.0176132    0.9988775 |       827      1082
      676    10.562 |   99.4078557 |    0.0177819    0.9988775 |       827      1082
      677    10.578 |   99.4085344 |    0.0179522    0.9988775 |       827      1082
      678    10.594 |   99.4617245 |    0.0181241    0.9988775 |       827      1082
      679    10.609 |   99.5137883 |    0.0182978    0.9988775 |       827      1082
------------------------------------------------------------------------------------
Iteration      Time | *me_per_hour |     LEANBSSNMOL::conf_fac | *TISTICS::maxrss_mb
                    |              |      minimum      maximum |   minimum   maximum
------------------------------------------------------------------------------------
      680    10.625 |   99.5330547 |    0.0184731    0.9988775 |       827      1082
      681    10.641 |   99.4784588 |    0.0186500    0.9988775 |       827      1082
      682    10.656 |   99.5322148 |    0.0188286    0.9988775 |       827      1082
      683    10.672 |   99.5837732 |    0.0190088    0.9988775 |       827      1082
      684    10.688 |   99.6155887 |    0.0191906    0.9988775 |       827      1082
      685    10.703 |   99.6150431 |    0.0193741    0.9988775 |       827      1082
      686    10.719 |   99.6688687 |    0.0195591    0.9988775 |       827      1082
      687    10.734 |   99.7201598 |    0.0197458    0.9988775 |       827      1082
      688    10.750 |   99.7367740 |    0.0199341    0.9988775 |       827      1082
      689    10.766 |   99.6371589 |    0.0201239    0.9988775 |       827      1082
      690    10.781 |   99.6882860 |    0.0203154    0.9988775 |       827      1082
      691    10.797 |   99.7404207 |    0.0205084    0.9988775 |       827      1082
      692    10.812 |   99.7722107 |    0.0207030    0.9988775 |       827      1082
      693    10.828 |   99.7727902 |    0.0208992    0.9988775 |       827      1082
      694    10.844 |   99.8254719 |    0.0210969    0.9988775 |       827      1082
      695    10.859 |   99.8768533 |    0.0212962    0.9988775 |       827      1082
      696    10.875 |   99.8964651 |    0.0214970    0.9988775 |       827      1082
      697    10.891 |   99.8427387 |    0.0216994    0.9988775 |       827      1082
      698    10.906 |   99.8954531 |    0.0219033    0.9988775 |       827      1082
      699    10.922 |   99.9464324 |    0.0221088    0.9988775 |       827      1082
------------------------------------------------------------------------------------
Iteration      Time | *me_per_hour |     LEANBSSNMOL::conf_fac | *TISTICS::maxrss_mb
                    |              |      minimum      maximum |   minimum   maximum
------------------------------------------------------------------------------------
      700    10.938 |   99.9780914 |    0.0223077    0.9988775 |       827      1082
      701    10.953 |   99.9780106 |    0.0220976    0.9988775 |       827      1082
      702    10.969 |  100.0301769 |    0.0218877    0.9988775 |       827      1082
      703    10.984 |  100.0803971 |    0.0216782    0.9988775 |       827      1082
      704    11.000 |  100.0208955 |    0.0214690    0.9988775 |       830      1082
INFO (CarpetRegrid2): Centre 1 is at position [7.95171,5.67532e-16,5.48834e-16] with 8 levels
INFO (CarpetRegrid2): Centre 2 is at position [-7.95171,-8.33334e-17,-1.74443e-15] with 8 levels
INFO (CarpetRegrid2): Refined regions have not changed sufficiently; skipping regridding
INFO (CarpetRegrid2): Centre 1 is at position [7.95171,5.67532e-16,5.48834e-16] with 8 levels
INFO (CarpetRegrid2): Centre 2 is at position [-7.95171,-8.33334e-17,-1.74443e-15] with 8 levels
INFO (CarpetRegrid2): Refined regions have not changed sufficiently; skipping regridding
INFO (CarpetRegrid2): Centre 1 is at position [7.95171,5.67532e-16,5.48834e-16] with 8 levels
INFO (CarpetRegrid2): Centre 2 is at position [-7.95171,-8.33334e-17,-1.74443e-15] with 8 levels
INFO (CarpetRegrid2): Refined regions have not changed sufficiently; skipping regridding
INFO (CarpetRegrid2): Centre 1 is at position [7.95171,5.67532e-16,5.48834e-16] with 8 levels
INFO (CarpetRegrid2): Centre 2 is at position [-7.95171,-8.33334e-17,-1.74443e-15] with 8 levels
INFO (CarpetRegrid2): Refined regions have not changed sufficiently; skipping regridding
INFO (CarpetRegrid2): Centre 1 is at position [7.95171,5.67532e-16,5.48834e-16] with 8 levels
INFO (CarpetRegrid2): Centre 2 is at position [-7.95171,-8.33334e-17,-1.74443e-15] with 8 levels
INFO (CarpetRegrid2): Refined regions have not changed sufficiently; skipping regridding
INFO (CarpetRegrid2): Centre 1 is at position [7.95171,5.67532e-16,5.48834e-16] with 8 levels
INFO (CarpetRegrid2): Centre 2 is at position [-7.95171,-8.33334e-17,-1.74443e-15] with 8 levels
INFO (CarpetRegrid2): Refined regions have not changed sufficiently; skipping regridding
INFO (CarpetRegrid2): Centre 1 is at position [7.95171,5.67532e-16,5.48834e-16] with 8 levels
INFO (CarpetRegrid2): Centre 2 is at position [-7.95171,-8.33334e-17,-1.74443e-15] with 8 levels
INFO (CarpetRegrid2): Refined regions have not changed sufficiently; skipping regridding
INFO (CarpetRegrid2): Centre 1 is at position [7.95171,5.67532e-16,5.48834e-16] with 8 levels
INFO (CarpetRegrid2): Centre 2 is at position [-7.95171,-8.33334e-17,-1.74443e-15] with 8 levels
INFO (CarpetRegrid2): Refined regions have not changed sufficiently; skipping regridding
      705    11.016 |   99.0214987 |    0.0212602    0.9988775 |       861      1082
      706    11.031 |   99.0670159 |    0.0210517    0.9988775 |       827      1082
      707    11.047 |   99.1180586 |    0.0208436    0.9988775 |       827      1082
      708    11.062 |   99.1493607 |    0.0206359    0.9988775 |       827      1082
      709    11.078 |   99.1501803 |    0.0204286    0.9988775 |       827      1082
      710    11.094 |   99.1995316 |    0.0202217    0.9988775 |       827      1082
      711    11.109 |   99.2502034 |    0.0200152    0.9988775 |       827      1082
      712    11.125 |   99.2697194 |    0.0198091    0.9988775 |       827      1082
      713    11.141 |   99.2186878 |    0.0196035    0.9988775 |       827      1082
      714    11.156 |   99.2702010 |    0.0193984    0.9988775 |       827      1082
      715    11.172 |   99.3201205 |    0.0191937    0.9988775 |       827      1082
      716    11.188 |   99.3506939 |    0.0189895    0.9988775 |       827      1082
      717    11.203 |   99.3522941 |    0.0187859    0.9988775 |       827      1082
      718    11.219 |   99.4026508 |    0.0185827    0.9988775 |       827      1082
      719    11.234 |   99.4525057 |    0.0183801    0.9988775 |       827      1082
------------------------------------------------------------------------------------
Iteration      Time | *me_per_hour |     LEANBSSNMOL::conf_fac | *TISTICS::maxrss_mb
                    |              |      minimum      maximum |   minimum   maximum
------------------------------------------------------------------------------------
      720    11.250 |   99.4675861 |    0.0181780    0.9988775 |       827      1082
      721    11.266 |   99.3739937 |    0.0179765    0.9988775 |       827      1082
      722    11.281 |   99.4236725 |    0.0177755    0.9988775 |       827      1082
      723    11.297 |   99.4725099 |    0.0175752    0.9988775 |       827      1082
      724    11.312 |   99.5014052 |    0.0173754    0.9988775 |       827      1082
      725    11.328 |   99.5018256 |    0.0171763    0.9988775 |       827      1082
      726    11.344 |   99.5525356 |    0.0169778    0.9988775 |       827      1082
      727    11.359 |   99.6014626 |    0.0167802    0.9988775 |       827      1082
      728    11.375 |   99.6204265 |    0.0165846    0.9988775 |       827      1082
      729    11.391 |   99.5698104 |    0.0163911    0.9988775 |       827      1082
      730    11.406 |   99.6208326 |    0.0161997    0.9988775 |       827      1082
      731    11.422 |   99.6692492 |    0.0160105    0.9988775 |       827      1082
      732    11.438 |   99.7000453 |    0.0158235    0.9988775 |       827      1082
      733    11.453 |   99.7006935 |    0.0156388    0.9988775 |       827      1082
      734    11.469 |   99.7503572 |    0.0154565    0.9988775 |       827      1082
      735    11.484 |   99.7987767 |    0.0152765    0.9988775 |       827      1082
      736    11.500 |   99.7992141 |    0.0150989    0.9988775 |       827      1082
      737    11.516 |   99.6675881 |    0.0149239    0.9988775 |       827      1082
      738    11.531 |   99.7158028 |    0.0147513    0.9988775 |       827      1082
      739    11.547 |   99.7643312 |    0.0145813    0.9988775 |       827      1082
------------------------------------------------------------------------------------
Iteration      Time | *me_per_hour |     LEANBSSNMOL::conf_fac | *TISTICS::maxrss_mb
                    |              |      minimum      maximum |   minimum   maximum
------------------------------------------------------------------------------------
      740    11.562 |   99.7919664 |    0.0144139    0.9988775 |       827      1082
      741    11.578 |   99.7916909 |    0.0142491    0.9988775 |       827      1082
      742    11.594 |   99.8410053 |    0.0140871    0.9988775 |       827      1082
      743    11.609 |   99.8892459 |    0.0139277    0.9988775 |       827      1082
      744    11.625 |   99.9070118 |    0.0137712    0.9988775 |       827      1082
      745    11.641 |   99.8565066 |    0.0136174    0.9988775 |       827      1082
      746    11.656 |   99.9052832 |    0.0134666    0.9988775 |       827      1082
      747    11.672 |   99.9523281 |    0.0133186    0.9988775 |       827      1082
      748    11.688 |   99.9829633 |    0.0131736    0.9988775 |       827      1082
      749    11.703 |   99.9831215 |    0.0130315    0.9988775 |       827      1082
      750    11.719 |  100.0308701 |    0.0128925    0.9988775 |       827      1082
      751    11.734 |  100.0782700 |    0.0127565    0.9988775 |       827      1082
      752    11.750 |  100.0907823 |    0.0126235    0.9988775 |       827      1082
      753    11.766 |   99.9989881 |    0.0124938    0.9988775 |       827      1082
      754    11.781 |  100.0462219 |    0.0123671    0.9988775 |       827      1082
      755    11.797 |  100.0931601 |    0.0122437    0.9988775 |       827      1082
      756    11.812 |  100.1217332 |    0.0121235    0.9988775 |       827      1082
      757    11.828 |  100.1218424 |    0.0120065    0.9988775 |       827      1082
      758    11.844 |  100.1702103 |    0.0118928    0.9988775 |       827      1082
      759    11.859 |  100.2167120 |    0.0117825    0.9988775 |       827      1082
------------------------------------------------------------------------------------
Iteration      Time | *me_per_hour |     LEANBSSNMOL::conf_fac | *TISTICS::maxrss_mb
                    |              |      minimum      maximum |   minimum   maximum
------------------------------------------------------------------------------------
      760    11.875 |  100.2347315 |    0.0116755    0.9988775 |       827      1082
      761    11.891 |  100.1848979 |    0.0115718    0.9988775 |       827      1082
      762    11.906 |  100.2322870 |    0.0114716    0.9988775 |       827      1082
      763    11.922 |  100.2783004 |    0.0113748    0.9988775 |       827      1082
      764    11.938 |  100.3068055 |    0.0112814    0.9988775 |       827      1082
      765    11.953 |  100.3066471 |    0.0111915    0.9988775 |       827      1082
      766    11.969 |  100.3537746 |    0.0111051    0.9988775 |       827      1082
      767    11.984 |  100.3997076 |    0.0110223    0.9988775 |       827      1082
INFO (AHFinderDirect): proc 0: searching for horizon 1/6
INFO (AHFinderDirect): AH 3/6: r=79.0011 at (0.000000,0.000000,0.000000)
INFO (AHFinderDirect): AH 3/6: area=80424.7711 m_irreducible=39.99999979
INFO (AHFinderDirect): AH 4/6: r=99.0016 at (-0.000000,0.000000,-0.000000)
INFO (AHFinderDirect): AH 4/6: area=125663.7057 m_irreducible=49.99999992
INFO (AHFinderDirect): AH 5/6: r=179.003 at (-0.000000,0.000000,-0.000000)
INFO (AHFinderDirect): AH 5/6: area=407150.4078 m_irreducible=89.99999999
INFO (AHFinderDirect): AH 6/6: r=239.003 at (-0.000000,-0.000000,-0.000000)
INFO (AHFinderDirect): AH 6/6: area=723822.9474 m_irreducible=120
INFO (AHFinderDirect): AH 1/6: r=0.398877 at (7.941390,0.000000,0.000000)
INFO (AHFinderDirect): AH 1/6: area=11.23694442 m_irreducible=0.4728127601
INFO (AHFinderDirect): AH 2/6: r=0.398877 at (-7.941390,-0.000000,-0.000000)
INFO (AHFinderDirect): AH 2/6: area=11.23694442 m_irreducible=0.4728127601
INFO (QuasiLocalMeasures): Calculating quasi-local quantities for surface    0
INFO (QuasiLocalMeasures): Importing from spherical surface    0
INFO (QuasiLocalMeasures): Geometric quantities for surface    0:
INFO (QuasiLocalMeasures):    Area A:                            11.2369
INFO (QuasiLocalMeasures):    Irreducible mass M = R/2:         0.472812
INFO (QuasiLocalMeasures):    Areal radius R = sqrt(A/4pi):     0.945625
INFO (QuasiLocalMeasures): Coordinate-dependent quantities for surface    0:
INFO (QuasiLocalMeasures):    Equatorial circumference:             5.94142
INFO (QuasiLocalMeasures):    Polar circumference at phi=0:         5.94226
INFO (QuasiLocalMeasures):    Polar circumference at phi=pi/2:      5.94127
INFO (QuasiLocalMeasures):    No valid spin guess from distortion.
INFO (QuasiLocalMeasures):    (Spin guess is imaginary.)
INFO (QuasiLocalMeasures):    Magnitude of invalid spin guess:     0.281833E-02
INFO (QuasiLocalMeasures):    Mass guess M from distortion:        0.472803
INFO (QuasiLocalMeasures): Isolated Horizon quantities for surface    0:
INFO (QuasiLocalMeasures):    Killing vector field eigenvalue norm:      1.00000
INFO (QuasiLocalMeasures):    Spin J:                                   0.779965E-09
INFO (QuasiLocalMeasures):    Kerr spin parameter a = J/M:              0.164963E-08
INFO (QuasiLocalMeasures):    Dimensionless spin parameter a = J/M^2:   0.348897E-08
INFO (QuasiLocalMeasures):    Spin J from NP:                           0.146951E-08
INFO (QuasiLocalMeasures):    Spin J from phi-coordinate-vector:         0.00000
INFO (QuasiLocalMeasures):    Mass M:                                   0.472812
INFO (QuasiLocalMeasures): Global quantities for surface    0:
INFO (QuasiLocalMeasures):    ADM energy:                 -1.40860
INFO (QuasiLocalMeasures):    ADM momentum x:            -0.125317E-02
INFO (QuasiLocalMeasures):    ADM momentum y:             0.838150E-16
INFO (QuasiLocalMeasures):    ADM momentum z:             0.294344E-18
INFO (QuasiLocalMeasures):    ADM angular momentum x:    -0.826981E-05
INFO (QuasiLocalMeasures):    ADM angular momentum y:     0.546946E-15
INFO (QuasiLocalMeasures):    ADM angular momentum z:     0.801565E-15
INFO (QuasiLocalMeasures):    Weinberg energy:                  3.43590
INFO (QuasiLocalMeasures):    Weinberg momentum x:            -0.644802E-02
INFO (QuasiLocalMeasures):    Weinberg momentum y:             0.437038E-15
INFO (QuasiLocalMeasures):    Weinberg momentum z:            -0.311085E-15
INFO (QuasiLocalMeasures):    Weinberg angular momentum x:    -0.488775E-04
INFO (QuasiLocalMeasures):    Weinberg angular momentum y:     0.523819E-15
INFO (QuasiLocalMeasures):    Weinberg angular momentum z:     0.146509E-14
      768    12.000 |   98.8013986 |    0.0109430    0.9988775 |       832      1095
INFO (CarpetRegrid2): Centre 1 is at position [7.9411,5.38175e-16,6.67802e-16] with 8 levels
INFO (CarpetRegrid2): Centre 2 is at position [-7.9411,-1.93022e-16,-2.41323e-15] with 8 levels
INFO (CarpetRegrid2): Refined regions have not changed sufficiently; skipping regridding
INFO (CarpetRegrid2): Centre 1 is at position [7.9411,5.38175e-16,6.67802e-16] with 8 levels
INFO (CarpetRegrid2): Centre 2 is at position [-7.9411,-1.93022e-16,-2.41323e-15] with 8 levels
INFO (CarpetRegrid2): Refined regions have not changed sufficiently; skipping regridding
INFO (CarpetRegrid2): Centre 1 is at position [7.9411,5.38175e-16,6.67802e-16] with 8 levels
INFO (CarpetRegrid2): Centre 2 is at position [-7.9411,-1.93022e-16,-2.41323e-15] with 8 levels
INFO (CarpetRegrid2): Refined regions have not changed sufficiently; skipping regridding
INFO (CarpetRegrid2): Centre 1 is at position [7.9411,5.38175e-16,6.67802e-16] with 8 levels
INFO (CarpetRegrid2): Centre 2 is at position [-7.9411,-1.93022e-16,-2.41323e-15] with 8 levels
INFO (CarpetRegrid2): Refined regions have not changed sufficiently; skipping regridding
INFO (CarpetRegrid2): Centre 1 is at position [7.9411,5.38175e-16,6.67802e-16] with 8 levels
INFO (CarpetRegrid2): Centre 2 is at position [-7.9411,-1.93022e-16,-2.41323e-15] with 8 levels
INFO (CarpetRegrid2): Refined regions have not changed sufficiently; skipping regridding
INFO (CarpetRegrid2): Centre 1 is at position [7.9411,5.38175e-16,6.67802e-16] with 8 levels
INFO (CarpetRegrid2): Centre 2 is at position [-7.9411,-1.93022e-16,-2.41323e-15] with 8 levels
INFO (CarpetRegrid2): Refined regions have not changed sufficiently; skipping regridding
INFO (CarpetRegrid2): Centre 1 is at position [7.9411,5.38175e-16,6.67802e-16] with 8 levels
INFO (CarpetRegrid2): Centre 2 is at position [-7.9411,-1.93022e-16,-2.41323e-15] with 8 levels
INFO (CarpetRegrid2): Refined regions have not changed sufficiently; skipping regridding
INFO (CarpetRegrid2): Centre 1 is at position [7.9411,5.38175e-16,6.67802e-16] with 8 levels
INFO (CarpetRegrid2): Centre 2 is at position [-7.9411,-1.93022e-16,-2.41323e-15] with 8 levels
INFO (CarpetRegrid2): Refined regions have not changed sufficiently; skipping regridding
      769    12.016 |   97.8637675 |    0.0108672    0.9988775 |       862      1095
      770    12.031 |   97.9040495 |    0.0107951    0.9988775 |       828      1095
      771    12.047 |   97.9495364 |    0.0107265    0.9988775 |       828      1095
      772    12.062 |   97.9790727 |    0.0106616    0.9988775 |       828      1095
      773    12.078 |   97.9808737 |    0.0106003    0.9988775 |       828      1095
      774    12.094 |   98.0283235 |    0.0105427    0.9988775 |       828      1095
      775    12.109 |   98.0748801 |    0.0104887    0.9988775 |       828      1095
      776    12.125 |   98.0956713 |    0.0104385    0.9988775 |       828      1095
      777    12.141 |   98.0509817 |    0.0103919    0.9988775 |       828      1095
      778    12.156 |   98.0980373 |    0.0103490    0.9988775 |       828      1095
      779    12.172 |   98.1430109 |    0.0103099    0.9988775 |       828      1095
------------------------------------------------------------------------------------
Iteration      Time | *me_per_hour |     LEANBSSNMOL::conf_fac | *TISTICS::maxrss_mb
                    |              |      minimum      maximum |   minimum   maximum
------------------------------------------------------------------------------------
      780    12.188 |   98.1713625 |    0.0102745    0.9988775 |       828      1095
      781    12.203 |   98.1738538 |    0.0102429    0.9988775 |       828      1095
      782    12.219 |   98.2186270 |    0.0102150    0.9988775 |       828      1095
      783    12.234 |   98.2631126 |    0.0101908    0.9988775 |       828      1095
      784    12.250 |   98.2778540 |    0.0101705    0.9988775 |       828      1095
      785    12.266 |   98.1913881 |    0.0101539    0.9988775 |       828      1095
      786    12.281 |   98.2379150 |    0.0101411    0.9988775 |       828      1095
      787    12.297 |   98.2833455 |    0.0101320    0.9988775 |       828      1095
      788    12.312 |   98.3109753 |    0.0101268    0.9988775 |       828      1095
      789    12.328 |   98.3126380 |    0.0101253    0.9988775 |       828      1095
      790    12.344 |   98.3586112 |    0.0101276    0.9988775 |       828      1095
      791    12.359 |   98.4042024 |    0.0101338    0.9988775 |       828      1095
      792    12.375 |   98.4216345 |    0.0101437    0.9988775 |       828      1095
      793    12.391 |   98.3778363 |    0.0101574    0.9988775 |       828      1095
      794    12.406 |   98.4236033 |    0.0101748    0.9988775 |       828      1095
      795    12.422 |   98.4682065 |    0.0101961    0.9988775 |       828      1095
      796    12.438 |   98.4967894 |    0.0102212    0.9988775 |       828      1095
      797    12.453 |   98.4975145 |    0.0102500    0.9988775 |       828      1095
      798    12.469 |   98.5439047 |    0.0102826    0.9988775 |       828      1095
      799    12.484 |   98.5808334 |    0.0103189    0.9988775 |       828      1095
------------------------------------------------------------------------------------
Iteration      Time | *me_per_hour |     LEANBSSNMOL::conf_fac | *TISTICS::maxrss_mb
                    |              |      minimum      maximum |   minimum   maximum
------------------------------------------------------------------------------------
      800    12.500 |   98.5830246 |    0.0103590    0.9988775 |       828      1095
      801    12.516 |   98.4629097 |    0.0104029    0.9988775 |       828      1095
      802    12.531 |   98.5070082 |    0.0104505    0.9988775 |       828      1095
      803    12.547 |   98.5437086 |    0.0105018    0.9988775 |       828      1095
      804    12.562 |   98.5737306 |    0.0105569    0.9988775 |       828      1095
      805    12.578 |   98.5753458 |    0.0106157    0.9988775 |       828      1095
      806    12.594 |   98.6209649 |    0.0106781    0.9988775 |       828      1095
      807    12.609 |   98.6649220 |    0.0107443    0.9988775 |       828      1095
      808    12.625 |   98.6829058 |    0.0108142    0.9988775 |       828      1095
      809    12.641 |   98.6389839 |    0.0108877    0.9988775 |       828      1095
      810    12.656 |   98.6840560 |    0.0109648    0.9988775 |       828      1095
      811    12.672 |   98.7277497 |    0.0110456    0.9988775 |       828      1095
      812    12.688 |   98.7554933 |    0.0111300    0.9988775 |       828      1095
      813    12.703 |   98.7569409 |    0.0112181    0.9988775 |       828      1095
      814    12.719 |   98.8006984 |    0.0113097    0.9988775 |       828      1095
      815    12.734 |   98.8446416 |    0.0114049    0.9988775 |       828      1095
      816    12.750 |   98.8585520 |    0.0115036    0.9988775 |       828      1095
      817    12.766 |   98.7759352 |    0.0116059    0.9988775 |       828      1095
      818    12.781 |   98.8197841 |    0.0117117    0.9988775 |       828      1095
      819    12.797 |   98.8615989 |    0.0118210    0.9988775 |       828      1095
------------------------------------------------------------------------------------
Iteration      Time | *me_per_hour |     LEANBSSNMOL::conf_fac | *TISTICS::maxrss_mb
                    |              |      minimum      maximum |   minimum   maximum
------------------------------------------------------------------------------------
      820    12.812 |   98.8886309 |    0.0119338    0.9988775 |       828      1095
      821    12.828 |   98.8903929 |    0.0120501    0.9988775 |       828      1095
      822    12.844 |   98.9348194 |    0.0121698    0.9988775 |       828      1095
      823    12.859 |   98.9755638 |    0.0122929    0.9988775 |       828      1095
      824    12.875 |   98.9936597 |    0.0124194    0.9988775 |       828      1095
      825    12.891 |   98.9491926 |    0.0125493    0.9988775 |       828      1095
      826    12.906 |   98.9922079 |    0.0126826    0.9988775 |       828      1095
      827    12.922 |   99.0354465 |    0.0128192    0.9988775 |       828      1095
      828    12.938 |   99.0623190 |    0.0129592    0.9988775 |       828      1095
      829    12.953 |   99.0633765 |    0.0131024    0.9988775 |       828      1095
      830    12.969 |   99.1074997 |    0.0132489    0.9988775 |       828      1095
      831    12.984 |   99.1483494 |    0.0133986    0.9988775 |       828      1095
      832    13.000 |   99.1027126 |    0.0135516    0.9988775 |       830      1095
INFO (CarpetRegrid2): Centre 1 is at position [7.92922,6.024e-16,8.14974e-16] with 8 levels
INFO (CarpetRegrid2): Centre 2 is at position [-7.92922,-1.88191e-16,-3.24312e-15] with 8 levels
INFO (CarpetRegrid2): Refined regions have not changed sufficiently; skipping regridding
INFO (CarpetRegrid2): Centre 1 is at position [7.92922,6.024e-16,8.14974e-16] with 8 levels
INFO (CarpetRegrid2): Centre 2 is at position [-7.92922,-1.88191e-16,-3.24312e-15] with 8 levels
INFO (CarpetRegrid2): Refined regions have not changed sufficiently; skipping regridding
INFO (CarpetRegrid2): Centre 1 is at position [7.92922,6.024e-16,8.14974e-16] with 8 levels
INFO (CarpetRegrid2): Centre 2 is at position [-7.92922,-1.88191e-16,-3.24312e-15] with 8 levels
INFO (CarpetRegrid2): Refined regions have not changed sufficiently; skipping regridding
INFO (CarpetRegrid2): Centre 1 is at position [7.92922,6.024e-16,8.14974e-16] with 8 levels
INFO (CarpetRegrid2): Centre 2 is at position [-7.92922,-1.88191e-16,-3.24312e-15] with 8 levels
INFO (CarpetRegrid2): Refined regions have not changed sufficiently; skipping regridding
INFO (CarpetRegrid2): Centre 1 is at position [7.92922,6.024e-16,8.14974e-16] with 8 levels
INFO (CarpetRegrid2): Centre 2 is at position [-7.92922,-1.88191e-16,-3.24312e-15] with 8 levels
INFO (CarpetRegrid2): Refined regions have not changed sufficiently; skipping regridding
INFO (CarpetRegrid2): Centre 1 is at position [7.92922,6.024e-16,8.14974e-16] with 8 levels
INFO (CarpetRegrid2): Centre 2 is at position [-7.92922,-1.88191e-16,-3.24312e-15] with 8 levels
INFO (CarpetRegrid2): Refined regions have not changed sufficiently; skipping regridding
INFO (CarpetRegrid2): Centre 1 is at position [7.92922,6.024e-16,8.14974e-16] with 8 levels
INFO (CarpetRegrid2): Centre 2 is at position [-7.92922,-1.88191e-16,-3.24312e-15] with 8 levels
INFO (CarpetRegrid2): Refined regions have not changed sufficiently; skipping regridding
INFO (CarpetRegrid2): Centre 1 is at position [7.92922,6.024e-16,8.14974e-16] with 8 levels
INFO (CarpetRegrid2): Centre 2 is at position [-7.92922,-1.88191e-16,-3.24312e-15] with 8 levels
INFO (CarpetRegrid2): Refined regions have not changed sufficiently; skipping regridding
      833    13.016 |   98.2685955 |    0.0137077    0.9988775 |       862      1095
      834    13.031 |   98.3063212 |    0.0138670    0.9988775 |       828      1095
      835    13.047 |   98.3495116 |    0.0140295    0.9988775 |       828      1095
      836    13.062 |   98.3759045 |    0.0141951    0.9988775 |       828      1095
      837    13.078 |   98.3778021 |    0.0143638    0.9988775 |       828      1095
      838    13.094 |   98.4215992 |    0.0145356    0.9988775 |       828      1095
      839    13.109 |   98.4644002 |    0.0147104    0.9988775 |       828      1095
------------------------------------------------------------------------------------
Iteration      Time | *me_per_hour |     LEANBSSNMOL::conf_fac | *TISTICS::maxrss_mb
                    |              |      minimum      maximum |   minimum   maximum
------------------------------------------------------------------------------------
      840    13.125 |   98.4820826 |    0.0148883    0.9988775 |       828      1095
      841    13.141 |   98.4401851 |    0.0150691    0.9988775 |       828      1095
      842    13.156 |   98.4843902 |    0.0152530    0.9988775 |       828      1095
      843    13.172 |   98.5257299 |    0.0154397    0.9988775 |       828      1095
      844    13.188 |   98.5529582 |    0.0156294    0.9988775 |       828      1095
      845    13.203 |   98.5545388 |    0.0158220    0.9988775 |       828      1095
      846    13.219 |   98.5977862 |    0.0160174    0.9988775 |       828      1095
      847    13.234 |   98.6388633 |    0.0162157    0.9988775 |       828      1095
      848    13.250 |   98.6535617 |    0.0164168    0.9988775 |       828      1095
      849    13.266 |   98.5754261 |    0.0166207    0.9988775 |       828      1095
      850    13.281 |   98.6156430 |    0.0168273    0.9988775 |       828      1095
      851    13.297 |   98.6583247 |    0.0170367    0.9988775 |       828      1095
      852    13.312 |   98.6847177 |    0.0172487    0.9988775 |       828      1095
      853    13.328 |   98.6859003 |    0.0174635    0.9988775 |       828      1095
      854    13.344 |   98.7286964 |    0.0176808    0.9988775 |       828      1095
      855    13.359 |   98.7703459 |    0.0179008    0.9988775 |       828      1095
      856    13.375 |   98.7871626 |    0.0181234    0.9988775 |       828      1095
      857    13.391 |   98.7457946 |    0.0183486    0.9988775 |       828      1095
      858    13.406 |   98.7878200 |    0.0185763    0.9988775 |       828      1095
      859    13.422 |   98.8302744 |    0.0188065    0.9988775 |       828      1095
------------------------------------------------------------------------------------
Iteration      Time | *me_per_hour |     LEANBSSNMOL::conf_fac | *TISTICS::maxrss_mb
                    |              |      minimum      maximum |   minimum   maximum
------------------------------------------------------------------------------------
      860    13.438 |   98.8538655 |    0.0190391    0.9988775 |       828      1095
      861    13.453 |   98.8534779 |    0.0192743    0.9988775 |       828      1095
      862    13.469 |   98.8957174 |    0.0195118    0.9988775 |       828      1095
      863    13.484 |   98.9374434 |    0.0197517    0.9988775 |       828      1095
      864    13.500 |   98.9364313 |    0.0199940    0.9988775 |       828      1095
      865    13.516 |   98.8272626 |    0.0202387    0.9988775 |       828      1095
      866    13.531 |   98.8677060 |    0.0204856    0.9988775 |       828      1095
      867    13.547 |   98.9045285 |    0.0207349    0.9988775 |       828      1095
      868    13.562 |   98.9279809 |    0.0209864    0.9988775 |       828      1095
      869    13.578 |   98.9184539 |    0.0212401    0.9988775 |       828      1095
      870    13.594 |   98.9587435 |    0.0214960    0.9988775 |       828      1095
      871    13.609 |   98.9997889 |    0.0217541    0.9988775 |       828      1095
      872    13.625 |   99.0158701 |    0.0220143    0.9988775 |       828      1095
      873    13.641 |   98.9750016 |    0.0222767    0.9988775 |       828      1095
      874    13.656 |   99.0172819 |    0.0225411    0.9988775 |       828      1095
      875    13.672 |   99.0572541 |    0.0224699    0.9988775 |       828      1095
      876    13.688 |   99.0835170 |    0.0222026    0.9988775 |       828      1095
      877    13.703 |   99.0849813 |    0.0219361    0.9988775 |       828      1095
      878    13.719 |   99.1260072 |    0.0216706    0.9988775 |       828      1095
      879    13.734 |   99.1669346 |    0.0214061    0.9988775 |       828      1095
------------------------------------------------------------------------------------
Iteration      Time | *me_per_hour |     LEANBSSNMOL::conf_fac | *TISTICS::maxrss_mb
                    |              |      minimum      maximum |   minimum   maximum
------------------------------------------------------------------------------------
      880    13.750 |   99.1788172 |    0.0211425    0.9988775 |       828      1095
      881    13.766 |   99.1004702 |    0.0208799    0.9988775 |       828      1095
      882    13.781 |   99.1404019 |    0.0206184    0.9988775 |       828      1095
      883    13.797 |   99.1768446 |    0.0203579    0.9988775 |       828      1095
      884    13.812 |   99.1581508 |    0.0200990    0.9988775 |       828      1095
      885    13.828 |   99.1158872 |    0.0198423    0.9988775 |       828      1095
      886    13.844 |   99.1488557 |    0.0195878    0.9988775 |       828      1095
      887    13.859 |   99.1851590 |    0.0193358    0.9988775 |       828      1095
      888    13.875 |   99.1998089 |    0.0190863    0.9988775 |       828      1095
      889    13.891 |   99.1591050 |    0.0188392    0.9988775 |       828      1095
      890    13.906 |   99.2004947 |    0.0185949    0.9988775 |       828      1095
      891    13.922 |   99.2407018 |    0.0183532    0.9988775 |       828      1095
      892    13.938 |   99.2654261 |    0.0181143    0.9988775 |       828      1095
      893    13.953 |   99.2659608 |    0.0178782    0.9988775 |       828      1095
      894    13.969 |   99.3063551 |    0.0176451    0.9988775 |       828      1095
      895    13.984 |   99.3464920 |    0.0174150    0.9988775 |       828      1095
      896    14.000 |   99.3059863 |    0.0171880    0.9988775 |       831      1095
INFO (CarpetRegrid2): Centre 1 is at position [7.91661,7.34091e-16,9.21582e-16] with 8 levels
INFO (CarpetRegrid2): Centre 2 is at position [-7.91661,-1.00658e-16,-4.33163e-15] with 8 levels
INFO (CarpetRegrid2): Refined regions have not changed sufficiently; skipping regridding
INFO (CarpetRegrid2): Centre 1 is at position [7.91661,7.34091e-16,9.21582e-16] with 8 levels
INFO (CarpetRegrid2): Centre 2 is at position [-7.91661,-1.00658e-16,-4.33163e-15] with 8 levels
INFO (CarpetRegrid2): Refined regions have not changed sufficiently; skipping regridding
INFO (CarpetRegrid2): Centre 1 is at position [7.91661,7.34091e-16,9.21582e-16] with 8 levels
INFO (CarpetRegrid2): Centre 2 is at position [-7.91661,-1.00658e-16,-4.33163e-15] with 8 levels
INFO (CarpetRegrid2): Refined regions have not changed sufficiently; skipping regridding
INFO (CarpetRegrid2): Centre 1 is at position [7.91661,7.34091e-16,9.21582e-16] with 8 levels
INFO (CarpetRegrid2): Centre 2 is at position [-7.91661,-1.00658e-16,-4.33163e-15] with 8 levels
INFO (CarpetRegrid2): Refined regions have not changed sufficiently; skipping regridding
INFO (CarpetRegrid2): Centre 1 is at position [7.91661,7.34091e-16,9.21582e-16] with 8 levels
INFO (CarpetRegrid2): Centre 2 is at position [-7.91661,-1.00658e-16,-4.33163e-15] with 8 levels
INFO (CarpetRegrid2): Refined regions have not changed sufficiently; skipping regridding
INFO (CarpetRegrid2): Centre 1 is at position [7.91661,7.34091e-16,9.21582e-16] with 8 levels
INFO (CarpetRegrid2): Centre 2 is at position [-7.91661,-1.00658e-16,-4.33163e-15] with 8 levels
INFO (CarpetRegrid2): Refined regions have not changed sufficiently; skipping regridding
INFO (CarpetRegrid2): Centre 1 is at position [7.91661,7.34091e-16,9.21582e-16] with 8 levels
INFO (CarpetRegrid2): Centre 2 is at position [-7.91661,-1.00658e-16,-4.33163e-15] with 8 levels
INFO (CarpetRegrid2): Refined regions have not changed sufficiently; skipping regridding
INFO (CarpetRegrid2): Centre 1 is at position [7.91661,7.34091e-16,9.21582e-16] with 8 levels
INFO (CarpetRegrid2): Centre 2 is at position [-7.91661,-1.00658e-16,-4.33163e-15] with 8 levels
INFO (CarpetRegrid2): Refined regions have not changed sufficiently; skipping regridding
      897    14.016 |   98.5296225 |    0.0169641    0.9988775 |       862      1095
      898    14.031 |   98.5652625 |    0.0167434    0.9988775 |       828      1095
      899    14.047 |   98.6048702 |    0.0165260    0.9988775 |       828      1095
------------------------------------------------------------------------------------
Iteration      Time | *me_per_hour |     LEANBSSNMOL::conf_fac | *TISTICS::maxrss_mb
                    |              |      minimum      maximum |   minimum   maximum
------------------------------------------------------------------------------------
      900    14.062 |   98.6299429 |    0.0163120    0.9988775 |       828      1095
      901    14.078 |   98.6318905 |    0.0161013    0.9988775 |       828      1095
      902    14.094 |   98.6724462 |    0.0158942    0.9988775 |       828      1095
      903    14.109 |   98.7122280 |    0.0156905    0.9988775 |       828      1095
      904    14.125 |   98.7277536 |    0.0154905    0.9988775 |       828      1095
      905    14.141 |   98.6892168 |    0.0152941    0.9988775 |       828      1095
      906    14.156 |   98.7258686 |    0.0151015    0.9988775 |       828      1095
      907    14.172 |   98.7584632 |    0.0149126    0.9988775 |       828      1095
      908    14.188 |   98.7852897 |    0.0147276    0.9988775 |       828      1095
      909    14.203 |   98.7865097 |    0.0145464    0.9988775 |       828      1095
      910    14.219 |   98.8267136 |    0.0143691    0.9988775 |       828      1095
      911    14.234 |   98.8657113 |    0.0141958    0.9988775 |       828      1095
      912    14.250 |   98.8772237 |    0.0140266    0.9988775 |       828      1095
      913    14.266 |   98.8027799 |    0.0138614    0.9988775 |       828      1095
      914    14.281 |   98.8423611 |    0.0137003    0.9988775 |       828      1095
      915    14.297 |   98.8821168 |    0.0135433    0.9988775 |       828      1095
      916    14.312 |   98.9055381 |    0.0133905    0.9988775 |       828      1095
      917    14.328 |   98.9067442 |    0.0132420    0.9988775 |       828      1095
      918    14.344 |   98.9468612 |    0.0130977    0.9988775 |       828      1095
      919    14.359 |   98.9859147 |    0.0129578    0.9988775 |       828      1095
------------------------------------------------------------------------------------
Iteration      Time | *me_per_hour |     LEANBSSNMOL::conf_fac | *TISTICS::maxrss_mb
                    |              |      minimum      maximum |   minimum   maximum
------------------------------------------------------------------------------------
      920    14.375 |   99.0007725 |    0.0128221    0.9988775 |       828      1095
      921    14.391 |   98.9615897 |    0.0126908    0.9988775 |       828      1095
      922    14.406 |   99.0016879 |    0.0125639    0.9988775 |       828      1095
      923    14.422 |   99.0398483 |    0.0124414    0.9988775 |       828      1095
      924    14.438 |   99.0643341 |    0.0123233    0.9988775 |       828      1095
      925    14.453 |   99.0649023 |    0.0122097    0.9988775 |       828      1095
      926    14.469 |   99.1038862 |    0.0121005    0.9988775 |       828      1095
      927    14.484 |   99.1420860 |    0.0119959    0.9988775 |       828      1095
      928    14.500 |   99.1426549 |    0.0118958    0.9988775 |       828      1095
      929    14.516 |   99.0401256 |    0.0118002    0.9988775 |       828      1095
      930    14.531 |   99.0779704 |    0.0117091    0.9988775 |       828      1095
      931    14.547 |   99.1170305 |    0.0116226    0.9988775 |       828      1095
      932    14.562 |   99.1386750 |    0.0115406    0.9988775 |       828      1095
      933    14.578 |   99.1394581 |    0.0114632    0.9988775 |       828      1095
      934    14.594 |   99.1783455 |    0.0113904    0.9988775 |       828      1095
      935    14.609 |   99.2167201 |    0.0113221    0.9988775 |       828      1095
      936    14.625 |   99.2303270 |    0.0112584    0.9988775 |       828      1095
      937    14.641 |   99.1929953 |    0.0111993    0.9988775 |       828      1095
      938    14.656 |   99.2313995 |    0.0111448    0.9988775 |       828      1095
      939    14.672 |   99.2694369 |    0.0110949    0.9988775 |       828      1095
------------------------------------------------------------------------------------
Iteration      Time | *me_per_hour |     LEANBSSNMOL::conf_fac | *TISTICS::maxrss_mb
                    |              |      minimum      maximum |   minimum   maximum
------------------------------------------------------------------------------------
      940    14.688 |   99.2926081 |    0.0110495    0.9988775 |       828      1095
      941    14.703 |   99.2933048 |    0.0110087    0.9988775 |       828      1095
      942    14.719 |   99.3321120 |    0.0109724    0.9988775 |       828      1095
      943    14.734 |   99.3698912 |    0.0109407    0.9988775 |       828      1095
      944    14.750 |   99.3828666 |    0.0109135    0.9988775 |       828      1095
      945    14.766 |   99.3098950 |    0.0108908    0.9988775 |       828      1095
      946    14.781 |   99.3480599 |    0.0108726    0.9988775 |       828      1095
      947    14.797 |   99.3859111 |    0.0108590    0.9988775 |       828      1095
      948    14.812 |   99.4095187 |    0.0108498    0.9988775 |       828      1095
      949    14.828 |   99.4104936 |    0.0108450    0.9988775 |       828      1095
      950    14.844 |   99.4485393 |    0.0108447    0.9988775 |       828      1095
      951    14.859 |   99.4846023 |    0.0108488    0.9988775 |       828      1095
      952    14.875 |   99.4985446 |    0.0108573    0.9988775 |       828      1095
      953    14.891 |   99.4601996 |    0.0108702    0.9988775 |       828      1095
      954    14.906 |   99.4984174 |    0.0108874    0.9988775 |       828      1095
      955    14.922 |   99.5353014 |    0.0109090    0.9988775 |       828      1095
      956    14.938 |   99.5588078 |    0.0109348    0.9988775 |       828      1095
      957    14.953 |   99.5592642 |    0.0109649    0.9988775 |       828      1095
      958    14.969 |   99.5967114 |    0.0109992    0.9988775 |       828      1095
      959    14.984 |   99.6340649 |    0.0110377    0.9988775 |       828      1095
------------------------------------------------------------------------------------
Iteration      Time | *me_per_hour |     LEANBSSNMOL::conf_fac | *TISTICS::maxrss_mb
                    |              |      minimum      maximum |   minimum   maximum
------------------------------------------------------------------------------------
      960    15.000 |   99.5935311 |    0.0110805    0.9988775 |       831      1095
INFO (CarpetRegrid2): Centre 1 is at position [7.90363,1.15356e-15,9.64186e-16] with 8 levels
INFO (CarpetRegrid2): Centre 2 is at position [-7.90363,9.42879e-17,-5.53829e-15] with 8 levels
INFO (CarpetRegrid2): Refined regions have not changed sufficiently; skipping regridding
INFO (CarpetRegrid2): Centre 1 is at position [7.90363,1.15356e-15,9.64186e-16] with 8 levels
INFO (CarpetRegrid2): Centre 2 is at position [-7.90363,9.42879e-17,-5.53829e-15] with 8 levels
INFO (CarpetRegrid2): Refined regions have not changed sufficiently; skipping regridding
INFO (CarpetRegrid2): Centre 1 is at position [7.90363,1.15356e-15,9.64186e-16] with 8 levels
INFO (CarpetRegrid2): Centre 2 is at position [-7.90363,9.42879e-17,-5.53829e-15] with 8 levels
INFO (CarpetRegrid2): Refined regions have not changed sufficiently; skipping regridding
INFO (CarpetRegrid2): Centre 1 is at position [7.90363,1.15356e-15,9.64186e-16] with 8 levels
INFO (CarpetRegrid2): Centre 2 is at position [-7.90363,9.42879e-17,-5.53829e-15] with 8 levels
INFO (CarpetRegrid2): Refined regions have not changed sufficiently; skipping regridding
INFO (CarpetRegrid2): Centre 1 is at position [7.90363,1.15356e-15,9.64186e-16] with 8 levels
INFO (CarpetRegrid2): Centre 2 is at position [-7.90363,9.42879e-17,-5.53829e-15] with 8 levels
INFO (CarpetRegrid2): Refined regions have not changed sufficiently; skipping regridding
INFO (CarpetRegrid2): Centre 1 is at position [7.90363,1.15356e-15,9.64186e-16] with 8 levels
INFO (CarpetRegrid2): Centre 2 is at position [-7.90363,9.42879e-17,-5.53829e-15] with 8 levels
INFO (CarpetRegrid2): Refined regions have not changed sufficiently; skipping regridding
INFO (CarpetRegrid2): Centre 1 is at position [7.90363,1.15356e-15,9.64186e-16] with 8 levels
INFO (CarpetRegrid2): Centre 2 is at position [-7.90363,9.42879e-17,-5.53829e-15] with 8 levels
INFO (CarpetRegrid2): Refined regions have not changed sufficiently; skipping regridding
INFO (CarpetRegrid2): Centre 1 is at position [7.90363,1.15356e-15,9.64186e-16] with 8 levels
INFO (CarpetRegrid2): Centre 2 is at position [-7.90363,9.42879e-17,-5.53829e-15] with 8 levels
INFO (CarpetRegrid2): Refined regions have not changed sufficiently; skipping regridding
      961    15.016 |   98.8633529 |    0.0111273    0.9988775 |       862      1095
      962    15.031 |   98.8962164 |    0.0111783    0.9988775 |       828      1095
      963    15.047 |   98.9335231 |    0.0112333    0.9988775 |       828      1095
      964    15.062 |   98.9558451 |    0.0112924    0.9988775 |       828      1095
      965    15.078 |   98.9572898 |    0.0113555    0.9988775 |       828      1095
      966    15.094 |   98.9950154 |    0.0114226    0.9988775 |       828      1095
      967    15.109 |   99.0321539 |    0.0114936    0.9988775 |       828      1095
      968    15.125 |   99.0470048 |    0.0115685    0.9988775 |       828      1095
      969    15.141 |   99.0101438 |    0.0116473    0.9988775 |       828      1095
      970    15.156 |   99.0477066 |    0.0117299    0.9988775 |       828      1095
      971    15.172 |   99.0838902 |    0.0118163    0.9988775 |       828      1095
      972    15.188 |   99.1076686 |    0.0119064    0.9988775 |       828      1095
      973    15.203 |   99.1086351 |    0.0120003    0.9988775 |       828      1095
      974    15.219 |   99.1466658 |    0.0120978    0.9988775 |       828      1095
      975    15.234 |   99.1815275 |    0.0121989    0.9988775 |       828      1095
      976    15.250 |   99.1893686 |    0.0123037    0.9988775 |       828      1095
      977    15.266 |   99.1035476 |    0.0124120    0.9988775 |       828      1095
      978    15.281 |   99.1412428 |    0.0125237    0.9988775 |       828      1095
      979    15.297 |   99.1767303 |    0.0126390    0.9988775 |       828      1095
------------------------------------------------------------------------------------
Iteration      Time | *me_per_hour |     LEANBSSNMOL::conf_fac | *TISTICS::maxrss_mb
                    |              |      minimum      maximum |   minimum   maximum
------------------------------------------------------------------------------------
      980    15.312 |   99.1991307 |    0.0127577    0.9988775 |       828      1095
      981    15.328 |   99.1990965 |    0.0128798    0.9988775 |       828      1095
      982    15.344 |   99.2364851 |    0.0130052    0.9988775 |       828      1095
      983    15.359 |   99.2727041 |    0.0131339    0.9988775 |       828      1095
      984    15.375 |   99.2871035 |    0.0132659    0.9988775 |       828      1095
      985    15.391 |   99.2505530 |    0.0134011    0.9988775 |       828      1095
      986    15.406 |   99.2874886 |    0.0135394    0.9988775 |       828      1095
      987    15.422 |   99.3235730 |    0.0136809    0.9988775 |       828      1095
      988    15.438 |   99.3459431 |    0.0138255    0.9988775 |       828      1095
      989    15.453 |   99.3464591 |    0.0139732    0.9988775 |       828      1095
      990    15.469 |   99.3830076 |    0.0141239    0.9988775 |       828      1095
      991    15.484 |   99.4189955 |    0.0142775    0.9988775 |       828      1095
      992    15.500 |   99.4186789 |    0.0144341    0.9988775 |       828      1095
      993    15.516 |   99.3228884 |    0.0145936    0.9988775 |       828      1095
      994    15.531 |   99.3569098 |    0.0147559    0.9988775 |       828      1095
      995    15.547 |   99.3928653 |    0.0149211    0.9988775 |       828      1095
      996    15.562 |   99.4146335 |    0.0150890    0.9988775 |       828      1095
      997    15.578 |   99.4147928 |    0.0152596    0.9988775 |       828      1095
      998    15.594 |   99.4513652 |    0.0154330    0.9988775 |       828      1095
      999    15.609 |   99.4872277 |    0.0156090    0.9988775 |       828      1095
------------------------------------------------------------------------------------
Iteration      Time | *me_per_hour |     LEANBSSNMOL::conf_fac | *TISTICS::maxrss_mb
                    |              |      minimum      maximum |   minimum   maximum
------------------------------------------------------------------------------------
     1000    15.625 |   99.5005407 |    0.0157876    0.9988775 |       828      1095
     1001    15.641 |   99.4641981 |    0.0159688    0.9988775 |       828      1095
     1002    15.656 |   99.5006874 |    0.0161525    0.9988775 |       828      1095
     1003    15.672 |   99.5359117 |    0.0163388    0.9988775 |       828      1095
     1004    15.688 |   99.5578098 |    0.0165275    0.9988775 |       828      1095
     1005    15.703 |   99.5578498 |    0.0167187    0.9988775 |       828      1095
     1006    15.719 |   99.5935087 |    0.0169122    0.9988775 |       828      1095
     1007    15.734 |   99.6289057 |    0.0171082    0.9988775 |       828      1095
     1008    15.750 |   99.6395876 |    0.0173064    0.9988775 |       828      1095
     1009    15.766 |   99.5716419 |    0.0175070    0.9988775 |       828      1095
     1010    15.781 |   99.6075993 |    0.0177098    0.9988775 |       828      1095
     1011    15.797 |   99.6425795 |    0.0179149    0.9988775 |       828      1095
     1012    15.812 |   99.6635179 |    0.0181221    0.9988775 |       828      1095
     1013    15.828 |   99.6639262 |    0.0183315    0.9988775 |       828      1095
     1014    15.844 |   99.6996061 |    0.0185431    0.9988775 |       828      1095
     1015    15.859 |   99.7347586 |    0.0187568    0.9988775 |       828      1095
     1016    15.875 |   99.7478891 |    0.0189725    0.9988775 |       828      1095
     1017    15.891 |   99.7120451 |    0.0191903    0.9988775 |       828      1095
     1018    15.906 |   99.7479754 |    0.0194101    0.9988775 |       828      1095
     1019    15.922 |   99.7828808 |    0.0196319    0.9988775 |       828      1095
------------------------------------------------------------------------------------
Iteration      Time | *me_per_hour |     LEANBSSNMOL::conf_fac | *TISTICS::maxrss_mb
                    |              |      minimum      maximum |   minimum   maximum
------------------------------------------------------------------------------------
     1020    15.938 |   99.8027739 |    0.0198557    0.9988775 |       828      1095
     1021    15.953 |   99.8028389 |    0.0200814    0.9988775 |       828      1095
     1022    15.969 |   99.8382351 |    0.0203090    0.9988775 |       828      1095
     1023    15.984 |   99.8720936 |    0.0205385    0.9988775 |       828      1095
INFO (AHFinderDirect): proc 0: searching for horizon 1/6
INFO (AHFinderDirect): AH 3/6: r=79.0011 at (0.000000,0.000000,0.000000)
INFO (AHFinderDirect): AH 3/6: area=80424.77074 m_irreducible=39.9999997
INFO (AHFinderDirect): AH 4/6: r=99.0017 at (0.000000,-0.000000,-0.000000)
INFO (AHFinderDirect): AH 4/6: area=125663.7055 m_irreducible=49.99999988
INFO (AHFinderDirect): AH 5/6: r=179.003 at (0.000000,0.000000,0.000000)
INFO (AHFinderDirect): AH 5/6: area=407150.4078 m_irreducible=89.99999999
INFO (AHFinderDirect): AH 6/6: r=239.003 at (0.000000,-0.000000,0.000000)
INFO (AHFinderDirect): AH 6/6: area=723822.9473 m_irreducible=120
INFO (AHFinderDirect): AH 1/6: r=0.401757 at (7.891518,0.000000,0.000000)
INFO (AHFinderDirect): AH 1/6: area=11.23672617 m_irreducible=0.4728081686
INFO (AHFinderDirect): AH 2/6: r=0.401757 at (-7.891518,0.000000,-0.000000)
INFO (AHFinderDirect): AH 2/6: area=11.23672617 m_irreducible=0.4728081686
INFO (QuasiLocalMeasures): Calculating quasi-local quantities for surface    0
INFO (QuasiLocalMeasures): Importing from spherical surface    0
INFO (QuasiLocalMeasures): Geometric quantities for surface    0:
INFO (QuasiLocalMeasures):    Area A:                            11.2367
INFO (QuasiLocalMeasures):    Irreducible mass M = R/2:         0.472808
INFO (QuasiLocalMeasures):    Areal radius R = sqrt(A/4pi):     0.945616
INFO (QuasiLocalMeasures): Coordinate-dependent quantities for surface    0:
INFO (QuasiLocalMeasures):    Equatorial circumference:             5.94128
INFO (QuasiLocalMeasures):    Polar circumference at phi=0:         5.94185
INFO (QuasiLocalMeasures):    Polar circumference at phi=pi/2:      5.94110
INFO (QuasiLocalMeasures):    No valid spin guess from distortion.
INFO (QuasiLocalMeasures):    (Spin guess is imaginary.)
INFO (QuasiLocalMeasures):    Magnitude of invalid spin guess:     0.366954E-02
INFO (QuasiLocalMeasures):    Mass guess M from distortion:        0.472792
INFO (QuasiLocalMeasures): Isolated Horizon quantities for surface    0:
INFO (QuasiLocalMeasures):    Killing vector field eigenvalue norm:      1.00000
INFO (QuasiLocalMeasures):    Spin J:                                   0.750574E-08
INFO (QuasiLocalMeasures):    Kerr spin parameter a = J/M:              0.158748E-07
INFO (QuasiLocalMeasures):    Dimensionless spin parameter a = J/M^2:   0.335757E-07
INFO (QuasiLocalMeasures):    Spin J from NP:                           0.149595E-07
INFO (QuasiLocalMeasures):    Spin J from phi-coordinate-vector:         0.00000
INFO (QuasiLocalMeasures):    Mass M:                                   0.472808
INFO (QuasiLocalMeasures): Global quantities for surface    0:
INFO (QuasiLocalMeasures):    ADM energy:                 -1.37808
INFO (QuasiLocalMeasures):    ADM momentum x:            -0.125432E-02
INFO (QuasiLocalMeasures):    ADM momentum y:            -0.185602E-16
INFO (QuasiLocalMeasures):    ADM momentum z:            -0.644139E-16
INFO (QuasiLocalMeasures):    ADM angular momentum x:    -0.984422E-05
INFO (QuasiLocalMeasures):    ADM angular momentum y:     0.275665E-15
INFO (QuasiLocalMeasures):    ADM angular momentum z:    -0.542493E-15
INFO (QuasiLocalMeasures):    Weinberg energy:                  3.37696
INFO (QuasiLocalMeasures):    Weinberg momentum x:            -0.589692E-02
INFO (QuasiLocalMeasures):    Weinberg momentum y:             0.867927E-15
INFO (QuasiLocalMeasures):    Weinberg momentum z:            -0.133797E-16
INFO (QuasiLocalMeasures):    Weinberg angular momentum x:    -0.571244E-04
INFO (QuasiLocalMeasures):    Weinberg angular momentum y:     0.129484E-14
INFO (QuasiLocalMeasures):    Weinberg angular momentum z:     0.393632E-15
     1024    16.000 |   98.6887432 |    0.0207699    0.9988775 |       832      1105
INFO (CarpetRegrid2): Centre 1 is at position [7.89125,1.53799e-15,1.00737e-15] with 8 levels
INFO (CarpetRegrid2): Centre 2 is at position [-7.89125,2.91201e-16,-6.66265e-15] with 8 levels
INFO (CarpetRegrid2): Refined regions have not changed sufficiently; skipping regridding
INFO (CarpetRegrid2): Centre 1 is at position [7.89125,1.53799e-15,1.00737e-15] with 8 levels
INFO (CarpetRegrid2): Centre 2 is at position [-7.89125,2.91201e-16,-6.66265e-15] with 8 levels
INFO (CarpetRegrid2): Refined regions have not changed sufficiently; skipping regridding
INFO (CarpetRegrid2): Centre 1 is at position [7.89125,1.53799e-15,1.00737e-15] with 8 levels
INFO (CarpetRegrid2): Centre 2 is at position [-7.89125,2.91201e-16,-6.66265e-15] with 8 levels
INFO (CarpetRegrid2): Refined regions have not changed sufficiently; skipping regridding
INFO (CarpetRegrid2): Centre 1 is at position [7.89125,1.53799e-15,1.00737e-15] with 8 levels
INFO (CarpetRegrid2): Centre 2 is at position [-7.89125,2.91201e-16,-6.66265e-15] with 8 levels
INFO (CarpetRegrid2): Refined regions have not changed sufficiently; skipping regridding
INFO (CarpetRegrid2): Centre 1 is at position [7.89125,1.53799e-15,1.00737e-15] with 8 levels
INFO (CarpetRegrid2): Centre 2 is at position [-7.89125,2.91201e-16,-6.66265e-15] with 8 levels
INFO (CarpetRegrid2): Refined regions have not changed sufficiently; skipping regridding
INFO (CarpetRegrid2): Centre 1 is at position [7.89125,1.53799e-15,1.00737e-15] with 8 levels
INFO (CarpetRegrid2): Centre 2 is at position [-7.89125,2.91201e-16,-6.66265e-15] with 8 levels
INFO (CarpetRegrid2): Refined regions have not changed sufficiently; skipping regridding
INFO (CarpetRegrid2): Centre 1 is at position [7.89125,1.53799e-15,1.00737e-15] with 8 levels
INFO (CarpetRegrid2): Centre 2 is at position [-7.89125,2.91201e-16,-6.66265e-15] with 8 levels
INFO (CarpetRegrid2): Refined regions have not changed sufficiently; skipping regridding
INFO (CarpetRegrid2): Centre 1 is at position [7.89125,1.53799e-15,1.00737e-15] with 8 levels
INFO (CarpetRegrid2): Centre 2 is at position [-7.89125,2.91201e-16,-6.66265e-15] with 8 levels
INFO (CarpetRegrid2): Refined regions have not changed sufficiently; skipping regridding
     1025    16.016 |   97.9905068 |    0.0210031    0.9988775 |       863      1105
     1026    16.031 |   98.0183037 |    0.0212381    0.9988775 |       829      1105
     1027    16.047 |   98.0532454 |    0.0214749    0.9988775 |       829      1105
     1028    16.062 |   98.0753149 |    0.0217135    0.9988775 |       829      1105
     1029    16.078 |   98.0765958 |    0.0219539    0.9988775 |       829      1105
     1030    16.094 |   98.1118197 |    0.0221959    0.9988775 |       829      1105
     1031    16.109 |   98.1465707 |    0.0224397    0.9988775 |       829      1105
     1032    16.125 |   98.1617892 |    0.0226851    0.9988775 |       829      1105
     1033    16.141 |   98.1280930 |    0.0226154    0.9988775 |       829      1105
     1034    16.156 |   98.1631824 |    0.0223622    0.9988775 |       829      1105
     1035    16.172 |   98.1975528 |    0.0221100    0.9988775 |       829      1105
     1036    16.188 |   98.2199158 |    0.0218589    0.9988775 |       829      1105
     1037    16.203 |   98.2204640 |    0.0216088    0.9988775 |       829      1105
     1038    16.219 |   98.2557835 |    0.0213597    0.9988775 |       829      1105
     1039    16.234 |   98.2890245 |    0.0211116    0.9988775 |       829      1105
------------------------------------------------------------------------------------
Iteration      Time | *me_per_hour |     LEANBSSNMOL::conf_fac | *TISTICS::maxrss_mb
                    |              |      minimum      maximum |   minimum   maximum
------------------------------------------------------------------------------------
     1040    16.250 |   98.3008683 |    0.0208645    0.9988775 |       829      1105
     1041    16.266 |   98.2374896 |    0.0206185    0.9988775 |       829      1105
     1042    16.281 |   98.2711763 |    0.0203735    0.9988775 |       829      1105
     1043    16.297 |   98.3059355 |    0.0201295    0.9988775 |       829      1105
     1044    16.312 |   98.3277931 |    0.0198866    0.9988775 |       829      1105
     1045    16.328 |   98.3293710 |    0.0196448    0.9988775 |       829      1105
     1046    16.344 |   98.3641280 |    0.0194041    0.9988775 |       829      1105
     1047    16.359 |   98.3977853 |    0.0191650    0.9988775 |       829      1105
     1048    16.375 |   98.4130047 |    0.0189282    0.9988775 |       829      1105
     1049    16.391 |   98.3794601 |    0.0186937    0.9988775 |       829      1105
     1050    16.406 |   98.4143678 |    0.0184616    0.9988775 |       829      1105
     1051    16.422 |   98.4483567 |    0.0182319    0.9988775 |       829      1105
     1052    16.438 |   98.4701108 |    0.0180047    0.9988775 |       829      1105
     1053    16.453 |   98.4716937 |    0.0177801    0.9988775 |       829      1105
     1054    16.469 |   98.5065105 |    0.0175580    0.9988775 |       829      1105
     1055    16.484 |   98.5404812 |    0.0173386    0.9988775 |       829      1105
     1056    16.500 |   98.5383714 |    0.0171220    0.9988775 |       829      1105
     1057    16.516 |   98.4504459 |    0.0169080    0.9988775 |       829      1105
     1058    16.531 |   98.4836392 |    0.0166970    0.9988775 |       829      1105
     1059    16.547 |   98.5181623 |    0.0164887    0.9988775 |       829      1105
------------------------------------------------------------------------------------
Iteration      Time | *me_per_hour |     LEANBSSNMOL::conf_fac | *TISTICS::maxrss_mb
                    |              |      minimum      maximum |   minimum   maximum
------------------------------------------------------------------------------------
     1060    16.562 |   98.5391749 |    0.0162835    0.9988775 |       829      1105
     1061    16.578 |   98.5404967 |    0.0160812    0.9988775 |       829      1105
     1062    16.594 |   98.5746164 |    0.0158819    0.9988775 |       829      1105
     1063    16.609 |   98.6074453 |    0.0156858    0.9988775 |       829      1105
     1064    16.625 |   98.6205902 |    0.0154927    0.9988775 |       829      1105
     1065    16.641 |   98.5874646 |    0.0153029    0.9988775 |       829      1105
     1066    16.656 |   98.6212836 |    0.0151164    0.9988775 |       829      1105
     1067    16.672 |   98.6540690 |    0.0149331    0.9988775 |       829      1105
     1068    16.688 |   98.6733532 |    0.0147532    0.9988775 |       829      1105
     1069    16.703 |   98.6743458 |    0.0145767    0.9988775 |       829      1105
     1070    16.719 |   98.7074227 |    0.0144037    0.9988775 |       829      1105
     1071    16.734 |   98.7404013 |    0.0142341    0.9988775 |       829      1105
     1072    16.750 |   98.7490961 |    0.0140682    0.9988775 |       829      1105
     1073    16.766 |   98.6846437 |    0.0139058    0.9988775 |       829      1105
     1074    16.781 |   98.7179381 |    0.0137471    0.9988775 |       829      1105
     1075    16.797 |   98.7514921 |    0.0135920    0.9988775 |       829      1105
     1076    16.812 |   98.7722243 |    0.0134407    0.9988775 |       829      1105
     1077    16.828 |   98.7643126 |    0.0132932    0.9988775 |       829      1105
     1078    16.844 |   98.7959054 |    0.0131496    0.9988775 |       829      1105
     1079    16.859 |   98.8235129 |    0.0130098    0.9988775 |       829      1105
------------------------------------------------------------------------------------
Iteration      Time | *me_per_hour |     LEANBSSNMOL::conf_fac | *TISTICS::maxrss_mb
                    |              |      minimum      maximum |   minimum   maximum
------------------------------------------------------------------------------------
     1080    16.875 |   98.8346979 |    0.0128739    0.9988775 |       829      1105
     1081    16.891 |   98.8019532 |    0.0127421    0.9988775 |       829      1105
     1082    16.906 |   98.8351308 |    0.0126142    0.9988775 |       829      1105
     1083    16.922 |   98.8682128 |    0.0124904    0.9988775 |       829      1105
     1084    16.938 |   98.8882470 |    0.0123706    0.9988775 |       829      1105
     1085    16.953 |   98.8886884 |    0.0122550    0.9988775 |       829      1105
     1086    16.969 |   98.9222454 |    0.0121436    0.9988775 |       829      1105
     1087    16.984 |   98.9553213 |    0.0120364    0.9988775 |       829      1105
     1088    17.000 |   98.9197715 |    0.0119335    0.9988775 |       832      1105
INFO (CarpetRegrid2): Centre 1 is at position [7.87918,1.9161e-15,1.15147e-15] with 8 levels
INFO (CarpetRegrid2): Centre 2 is at position [-7.87918,6.21944e-16,-8.09291e-15] with 8 levels
INFO (CarpetRegrid2): Refined regions have not changed sufficiently; skipping regridding
INFO (CarpetRegrid2): Centre 1 is at position [7.87918,1.9161e-15,1.15147e-15] with 8 levels
INFO (CarpetRegrid2): Centre 2 is at position [-7.87918,6.21944e-16,-8.09291e-15] with 8 levels
INFO (CarpetRegrid2): Refined regions have not changed sufficiently; skipping regridding
INFO (CarpetRegrid2): Centre 1 is at position [7.87918,1.9161e-15,1.15147e-15] with 8 levels
INFO (CarpetRegrid2): Centre 2 is at position [-7.87918,6.21944e-16,-8.09291e-15] with 8 levels
INFO (CarpetRegrid2): Refined regions have not changed sufficiently; skipping regridding
INFO (CarpetRegrid2): Centre 1 is at position [7.87918,1.9161e-15,1.15147e-15] with 8 levels
INFO (CarpetRegrid2): Centre 2 is at position [-7.87918,6.21944e-16,-8.09291e-15] with 8 levels
INFO (CarpetRegrid2): Refined regions have not changed sufficiently; skipping regridding
INFO (CarpetRegrid2): Centre 1 is at position [7.87918,1.9161e-15,1.15147e-15] with 8 levels
INFO (CarpetRegrid2): Centre 2 is at position [-7.87918,6.21944e-16,-8.09291e-15] with 8 levels
INFO (CarpetRegrid2): Refined regions have not changed sufficiently; skipping regridding
INFO (CarpetRegrid2): Centre 1 is at position [7.87918,1.9161e-15,1.15147e-15] with 8 levels
INFO (CarpetRegrid2): Centre 2 is at position [-7.87918,6.21944e-16,-8.09291e-15] with 8 levels
INFO (CarpetRegrid2): Refined regions have not changed sufficiently; skipping regridding
INFO (CarpetRegrid2): Centre 1 is at position [7.87918,1.9161e-15,1.15147e-15] with 8 levels
INFO (CarpetRegrid2): Centre 2 is at position [-7.87918,6.21944e-16,-8.09291e-15] with 8 levels
INFO (CarpetRegrid2): Refined regions have not changed sufficiently; skipping regridding
INFO (CarpetRegrid2): Centre 1 is at position [7.87918,1.9161e-15,1.15147e-15] with 8 levels
INFO (CarpetRegrid2): Centre 2 is at position [-7.87918,6.21944e-16,-8.09291e-15] with 8 levels
INFO (CarpetRegrid2): Refined regions have not changed sufficiently; skipping regridding
     1089    17.016 |   98.2828964 |    0.0118348    0.9988775 |       863      1105
     1090    17.031 |   98.3116395 |    0.0117405    0.9988775 |       829      1105
     1091    17.047 |   98.3440185 |    0.0116506    0.9988775 |       829      1105
     1092    17.062 |   98.3646674 |    0.0115650    0.9988775 |       829      1105
     1093    17.078 |   98.3648236 |    0.0114839    0.9988775 |       829      1105
     1094    17.094 |   98.3982977 |    0.0114073    0.9988775 |       829      1105
     1095    17.109 |   98.4307352 |    0.0113351    0.9988775 |       829      1105
     1096    17.125 |   98.4435155 |    0.0112675    0.9988775 |       829      1105
     1097    17.141 |   98.4112221 |    0.0112045    0.9988775 |       829      1105
     1098    17.156 |   98.4438280 |    0.0111461    0.9988775 |       829      1105
     1099    17.172 |   98.4767389 |    0.0110923    0.9988775 |       829      1105
------------------------------------------------------------------------------------
Iteration      Time | *me_per_hour |     LEANBSSNMOL::conf_fac | *TISTICS::maxrss_mb
                    |              |      minimum      maximum |   minimum   maximum
------------------------------------------------------------------------------------
     1100    17.188 |   98.4971149 |    0.0110432    0.9988775 |       829      1105
     1101    17.203 |   98.4984160 |    0.0109987    0.9988775 |       829      1105
     1102    17.219 |   98.5313215 |    0.0109590    0.9988775 |       829      1105
     1103    17.234 |   98.5637893 |    0.0109240    0.9988775 |       829      1105
     1104    17.250 |   98.5742404 |    0.0108939    0.9988775 |       829      1105
     1105    17.266 |   98.5140697 |    0.0108685    0.9988775 |       829      1105
     1106    17.281 |   98.5463026 |    0.0108479    0.9988775 |       829      1105
     1107    17.297 |   98.5791567 |    0.0108322    0.9988775 |       829      1105
     1108    17.312 |   98.5990322 |    0.0108213    0.9988775 |       829      1105
     1109    17.328 |   98.6004274 |    0.0108154    0.9988775 |       829      1105
     1110    17.344 |   98.6330060 |    0.0108143    0.9988775 |       829      1105
     1111    17.359 |   98.6653767 |    0.0108182    0.9988775 |       829      1105
     1112    17.375 |   98.6775536 |    0.0108271    0.9988775 |       829      1105
     1113    17.391 |   98.6463562 |    0.0108409    0.9988775 |       829      1105
     1114    17.406 |   98.6785934 |    0.0108598    0.9988775 |       829      1105
     1115    17.422 |   98.7072300 |    0.0108836    0.9988775 |       829      1105
     1116    17.438 |   98.7270959 |    0.0109125    0.9988775 |       829      1105
     1117    17.453 |   98.7279230 |    0.0109464    0.9988775 |       829      1105
     1118    17.469 |   98.7590815 |    0.0109854    0.9988775 |       829      1105
     1119    17.484 |   98.7898475 |    0.0110294    0.9988775 |       829      1105
------------------------------------------------------------------------------------
Iteration      Time | *me_per_hour |     LEANBSSNMOL::conf_fac | *TISTICS::maxrss_mb
                    |              |      minimum      maximum |   minimum   maximum
------------------------------------------------------------------------------------
     1120    17.500 |   98.7897724 |    0.0110786    0.9988775 |       829      1105
     1121    17.516 |   98.7046392 |    0.0111328    0.9988775 |       829      1105
     1122    17.531 |   98.7372159 |    0.0111922    0.9988775 |       829      1105
     1123    17.547 |   98.7688468 |    0.0112567    0.9988775 |       829      1105
     1124    17.562 |   98.7881385 |    0.0113263    0.9988775 |       829      1105
     1125    17.578 |   98.7890068 |    0.0114011    0.9988775 |       829      1105
     1126    17.594 |   98.8213519 |    0.0114810    0.9988775 |       829      1105
     1127    17.609 |   98.8518628 |    0.0115661    0.9988775 |       829      1105
     1128    17.625 |   98.8646514 |    0.0116563    0.9988775 |       829      1105
     1129    17.641 |   98.8326529 |    0.0117517    0.9988775 |       829      1105
     1130    17.656 |   98.8651637 |    0.0118523    0.9988775 |       829      1105
     1131    17.672 |   98.8961796 |    0.0119581    0.9988775 |       829      1105
     1132    17.688 |   98.9156499 |    0.0120690    0.9988775 |       829      1105
     1133    17.703 |   98.9162830 |    0.0121852    0.9988775 |       829      1105
     1134    17.719 |   98.9485563 |    0.0123065    0.9988775 |       829      1105
     1135    17.734 |   98.9800244 |    0.0124330    0.9988775 |       829      1105
     1136    17.750 |   98.9904721 |    0.0125647    0.9988775 |       829      1105
     1137    17.766 |   98.9303247 |    0.0127016    0.9988775 |       829      1105
     1138    17.781 |   98.9616961 |    0.0128437    0.9988775 |       829      1105
     1139    17.797 |   98.9933074 |    0.0129909    0.9988775 |       829      1105
------------------------------------------------------------------------------------
Iteration      Time | *me_per_hour |     LEANBSSNMOL::conf_fac | *TISTICS::maxrss_mb
                    |              |      minimum      maximum |   minimum   maximum
------------------------------------------------------------------------------------
     1140    17.812 |   99.0129218 |    0.0131434    0.9988775 |       829      1105
     1141    17.828 |   99.0132937 |    0.0133010    0.9988775 |       829      1105
     1142    17.844 |   99.0452199 |    0.0134638    0.9988775 |       829      1105
     1143    17.859 |   99.0754400 |    0.0136317    0.9988775 |       829      1105
     1144    17.875 |   99.0873536 |    0.0138048    0.9988775 |       829      1105
     1145    17.891 |   99.0563386 |    0.0139831    0.9988775 |       829      1105
     1146    17.906 |   99.0880146 |    0.0141665    0.9988775 |       829      1105
     1147    17.922 |   99.1189260 |    0.0143550    0.9988775 |       829      1105
     1148    17.938 |   99.1378223 |    0.0145487    0.9988775 |       829      1105
     1149    17.953 |   99.1382745 |    0.0147474    0.9988775 |       829      1105
     1150    17.969 |   99.1698138 |    0.0149513    0.9988775 |       829      1105
     1151    17.984 |   99.1997691 |    0.0151602    0.9988775 |       829      1105
     1152    18.000 |   99.1658271 |    0.0153743    0.9988775 |       832      1105
INFO (CarpetRegrid2): Centre 1 is at position [7.86506,2.11069e-15,1.17342e-15] with 8 levels
INFO (CarpetRegrid2): Centre 2 is at position [-7.86506,7.43698e-16,-9.44645e-15] with 8 levels
INFO (CarpetRegrid2): Refined regions have not changed sufficiently; skipping regridding
INFO (CarpetRegrid2): Centre 1 is at position [7.86506,2.11069e-15,1.17342e-15] with 8 levels
INFO (CarpetRegrid2): Centre 2 is at position [-7.86506,7.43698e-16,-9.44645e-15] with 8 levels
INFO (CarpetRegrid2): Refined regions have not changed sufficiently; skipping regridding
INFO (CarpetRegrid2): Centre 1 is at position [7.86506,2.11069e-15,1.17342e-15] with 8 levels
INFO (CarpetRegrid2): Centre 2 is at position [-7.86506,7.43698e-16,-9.44645e-15] with 8 levels
INFO (CarpetRegrid2): Refined regions have not changed sufficiently; skipping regridding
INFO (CarpetRegrid2): Centre 1 is at position [7.86506,2.11069e-15,1.17342e-15] with 8 levels
INFO (CarpetRegrid2): Centre 2 is at position [-7.86506,7.43698e-16,-9.44645e-15] with 8 levels
INFO (CarpetRegrid2): Refined regions have not changed sufficiently; skipping regridding
INFO (CarpetRegrid2): Centre 1 is at position [7.86506,2.11069e-15,1.17342e-15] with 8 levels
INFO (CarpetRegrid2): Centre 2 is at position [-7.86506,7.43698e-16,-9.44645e-15] with 8 levels
INFO (CarpetRegrid2): Refined regions have not changed sufficiently; skipping regridding
INFO (CarpetRegrid2): Centre 1 is at position [7.86506,2.11069e-15,1.17342e-15] with 8 levels
INFO (CarpetRegrid2): Centre 2 is at position [-7.86506,7.43698e-16,-9.44645e-15] with 8 levels
INFO (CarpetRegrid2): Refined regions have not changed sufficiently; skipping regridding
INFO (CarpetRegrid2): Centre 1 is at position [7.86506,2.11069e-15,1.17342e-15] with 8 levels
INFO (CarpetRegrid2): Centre 2 is at position [-7.86506,7.43698e-16,-9.44645e-15] with 8 levels
INFO (CarpetRegrid2): Refined regions have not changed sufficiently; skipping regridding
INFO (CarpetRegrid2): Centre 1 is at position [7.86506,2.11069e-15,1.17342e-15] with 8 levels
INFO (CarpetRegrid2): Centre 2 is at position [-7.86506,7.43698e-16,-9.44645e-15] with 8 levels
INFO (CarpetRegrid2): Refined regions have not changed sufficiently; skipping regridding
     1153    18.016 |   98.5581780 |    0.0155933    0.9988775 |       863      1105
     1154    18.031 |   98.5852292 |    0.0158175    0.9988775 |       829      1105
     1155    18.047 |   98.6162334 |    0.0160466    0.9988775 |       829      1105
     1156    18.062 |   98.6353114 |    0.0162808    0.9988775 |       829      1105
     1157    18.078 |   98.6364736 |    0.0165199    0.9988775 |       829      1105
     1158    18.094 |   98.6679207 |    0.0167641    0.9988775 |       829      1105
     1159    18.109 |   98.6979643 |    0.0170132    0.9988775 |       829      1105
------------------------------------------------------------------------------------
Iteration      Time | *me_per_hour |     LEANBSSNMOL::conf_fac | *TISTICS::maxrss_mb
                    |              |      minimum      maximum |   minimum   maximum
------------------------------------------------------------------------------------
     1160    18.125 |   98.7109373 |    0.0172672    0.9988775 |       829      1105
     1161    18.141 |   98.6805552 |    0.0175261    0.9988775 |       829      1105
     1162    18.156 |   98.7122386 |    0.0177900    0.9988775 |       829      1105
     1163    18.172 |   98.7428177 |    0.0180587    0.9988775 |       829      1105
     1164    18.188 |   98.7619763 |    0.0183323    0.9988775 |       829      1105
     1165    18.203 |   98.7629343 |    0.0186107    0.9988775 |       829      1105
     1166    18.219 |   98.7932052 |    0.0188939    0.9988775 |       829      1105
     1167    18.234 |   98.8238904 |    0.0191818    0.9988775 |       829      1105
     1168    18.250 |   98.8344839 |    0.0194746    0.9988775 |       829      1105
     1169    18.266 |   98.7768703 |    0.0197720    0.9988775 |       829      1105
     1170    18.281 |   98.8080851 |    0.0200742    0.9988775 |       829      1105
     1171    18.297 |   98.8383306 |    0.0203811    0.9988775 |       829      1105
     1172    18.312 |   98.8574546 |    0.0206926    0.9988775 |       829      1105
     1173    18.328 |   98.8582413 |    0.0210088    0.9988775 |       829      1105
     1174    18.344 |   98.8894907 |    0.0213295    0.9988775 |       829      1105
     1175    18.359 |   98.9202754 |    0.0216549    0.9988775 |       829      1105
     1176    18.375 |   98.9296819 |    0.0219849    0.9988775 |       829      1105
     1177    18.391 |   98.8996383 |    0.0223193    0.9988775 |       829      1105
     1178    18.406 |   98.9310247 |    0.0226583    0.9988775 |       829      1105
     1179    18.422 |   98.9612549 |    0.0228442    0.9988775 |       829      1105
------------------------------------------------------------------------------------
Iteration      Time | *me_per_hour |     LEANBSSNMOL::conf_fac | *TISTICS::maxrss_mb
                    |              |      minimum      maximum |   minimum   maximum
------------------------------------------------------------------------------------
     1180    18.438 |   98.9799512 |    0.0225032    0.9988775 |       829      1105
     1181    18.453 |   98.9803442 |    0.0221648    0.9988775 |       829      1105
     1182    18.469 |   99.0117053 |    0.0218292    0.9988775 |       829      1105
     1183    18.484 |   99.0414825 |    0.0214966    0.9988775 |       829      1105
     1184    18.500 |   99.0418800 |    0.0211672    0.9988775 |       829      1105
     1185    18.516 |   98.9513293 |    0.0208412    0.9988775 |       829      1105
     1186    18.531 |   98.9799957 |    0.0205187    0.9988775 |       829      1105
     1187    18.547 |   99.0052187 |    0.0202000    0.9988775 |       829      1105
     1188    18.562 |   99.0232680 |    0.0198852    0.9988775 |       829      1105
     1189    18.578 |   99.0237586 |    0.0195744    0.9988775 |       829      1105
     1190    18.594 |   99.0545228 |    0.0192680    0.9988775 |       829      1105
     1191    18.609 |   99.0845582 |    0.0189660    0.9988775 |       829      1105
     1192    18.625 |   99.0966630 |    0.0186687    0.9988775 |       829      1105
     1193    18.641 |   99.0662248 |    0.0183762    0.9988775 |       829      1105
     1194    18.656 |   99.0972998 |    0.0180887    0.9988775 |       829      1105
     1195    18.672 |   99.1268075 |    0.0178064    0.9988775 |       829      1105
     1196    18.688 |   99.1463154 |    0.0175294    0.9988775 |       829      1105
     1197    18.703 |   99.1469949 |    0.0172579    0.9988775 |       829      1105
     1198    18.719 |   99.1776436 |    0.0169921    0.9988775 |       829      1105
     1199    18.734 |   99.2070840 |    0.0167322    0.9988775 |       829      1105
------------------------------------------------------------------------------------
Iteration      Time | *me_per_hour |     LEANBSSNMOL::conf_fac | *TISTICS::maxrss_mb
                    |              |      minimum      maximum |   minimum   maximum
------------------------------------------------------------------------------------
     1200    18.750 |   99.2172497 |    0.0164782    0.9988775 |       829      1105
     1201    18.766 |   99.1607082 |    0.0162305    0.9988775 |       829      1105
     1202    18.781 |   99.1904347 |    0.0159890    0.9988775 |       829      1105
     1203    18.797 |   99.2200139 |    0.0157540    0.9988775 |       829      1105
     1204    18.812 |   99.2374358 |    0.0155256    0.9988775 |       829      1105
     1205    18.828 |   99.2380622 |    0.0153040    0.9988775 |       829      1105
     1206    18.844 |   99.2685536 |    0.0150894    0.9988775 |       829      1105
     1207    18.859 |   99.2977215 |    0.0148817    0.9988775 |       829      1105
     1208    18.875 |   99.3089369 |    0.0146813    0.9988775 |       829      1105
     1209    18.891 |   99.2776218 |    0.0144881    0.9988775 |       829      1105
     1210    18.906 |   99.3076192 |    0.0143024    0.9988775 |       829      1105
     1211    18.922 |   99.3366900 |    0.0141243    0.9988775 |       829      1105
     1212    18.938 |   99.3551639 |    0.0139539    0.9988775 |       829      1105
     1213    18.953 |   99.3562898 |    0.0137913    0.9988775 |       829      1105
     1214    18.969 |   99.3863753 |    0.0136365    0.9988775 |       829      1105
     1215    18.984 |   99.4155805 |    0.0134899    0.9988775 |       829      1105
     1216    19.000 |   99.3855615 |    0.0133513    0.9988775 |       832      1105
INFO (CarpetRegrid2): Centre 1 is at position [7.84769,2.25167e-15,1.31705e-15] with 8 levels
INFO (CarpetRegrid2): Centre 2 is at position [-7.84769,1.16698e-15,-1.06178e-14] with 8 levels
INFO (CarpetRegrid2): Refined regions have not changed sufficiently; skipping regridding
INFO (CarpetRegrid2): Centre 1 is at position [7.84769,2.25167e-15,1.31705e-15] with 8 levels
INFO (CarpetRegrid2): Centre 2 is at position [-7.84769,1.16698e-15,-1.06178e-14] with 8 levels
INFO (CarpetRegrid2): Refined regions have not changed sufficiently; skipping regridding
INFO (CarpetRegrid2): Centre 1 is at position [7.84769,2.25167e-15,1.31705e-15] with 8 levels
INFO (CarpetRegrid2): Centre 2 is at position [-7.84769,1.16698e-15,-1.06178e-14] with 8 levels
INFO (CarpetRegrid2): Refined regions have not changed sufficiently; skipping regridding
INFO (CarpetRegrid2): Centre 1 is at position [7.84769,2.25167e-15,1.31705e-15] with 8 levels
INFO (CarpetRegrid2): Centre 2 is at position [-7.84769,1.16698e-15,-1.06178e-14] with 8 levels
INFO (CarpetRegrid2): Refined regions have not changed sufficiently; skipping regridding
INFO (CarpetRegrid2): Centre 1 is at position [7.84769,2.25167e-15,1.31705e-15] with 8 levels
INFO (CarpetRegrid2): Centre 2 is at position [-7.84769,1.16698e-15,-1.06178e-14] with 8 levels
INFO (CarpetRegrid2): Refined regions have not changed sufficiently; skipping regridding
INFO (CarpetRegrid2): Centre 1 is at position [7.84769,2.25167e-15,1.31705e-15] with 8 levels
INFO (CarpetRegrid2): Centre 2 is at position [-7.84769,1.16698e-15,-1.06178e-14] with 8 levels
INFO (CarpetRegrid2): Refined regions have not changed sufficiently; skipping regridding
INFO (CarpetRegrid2): Centre 1 is at position [7.84769,2.25167e-15,1.31705e-15] with 8 levels
INFO (CarpetRegrid2): Centre 2 is at position [-7.84769,1.16698e-15,-1.06178e-14] with 8 levels
INFO (CarpetRegrid2): Refined regions have not changed sufficiently; skipping regridding
INFO (CarpetRegrid2): Centre 1 is at position [7.84769,2.25167e-15,1.31705e-15] with 8 levels
INFO (CarpetRegrid2): Centre 2 is at position [-7.84769,1.16698e-15,-1.06178e-14] with 8 levels
INFO (CarpetRegrid2): Refined regions have not changed sufficiently; skipping regridding
     1217    19.016 |   98.8120100 |    0.0132210    0.9988775 |       864      1105
     1218    19.031 |   98.8381561 |    0.0130990    0.9988775 |       829      1105
     1219    19.047 |   98.8675250 |    0.0129854    0.9988775 |       829      1105
------------------------------------------------------------------------------------
Iteration      Time | *me_per_hour |     LEANBSSNMOL::conf_fac | *TISTICS::maxrss_mb
                    |              |      minimum      maximum |   minimum   maximum
------------------------------------------------------------------------------------
     1220    19.062 |   98.8858774 |    0.0128803    0.9988775 |       829      1105
     1221    19.078 |   98.8861746 |    0.0127837    0.9988775 |       829      1105
     1222    19.094 |   98.9138960 |    0.0126958    0.9988775 |       829      1105
     1223    19.109 |   98.9427002 |    0.0126167    0.9988775 |       829      1105
     1224    19.125 |   98.9534556 |    0.0125463    0.9988775 |       829      1105
     1225    19.141 |   98.9243095 |    0.0124848    0.9988775 |       829      1105
     1226    19.156 |   98.9542553 |    0.0124322    0.9988775 |       829      1105
     1227    19.172 |   98.9831169 |    0.0123886    0.9988775 |       829      1105
     1228    19.188 |   99.0012192 |    0.0123539    0.9988775 |       829      1105
     1229    19.203 |   99.0013187 |    0.0123284    0.9988775 |       829      1105
     1230    19.219 |   99.0314848 |    0.0123119    0.9988775 |       829      1105
     1231    19.234 |   99.0592283 |    0.0123045    0.9988775 |       829      1105
     1232    19.250 |   99.0689908 |    0.0123063    0.9988775 |       829      1105
     1233    19.266 |   99.0135404 |    0.0123173    0.9988775 |       829      1105
     1234    19.281 |   99.0427792 |    0.0123375    0.9988775 |       829      1105
     1235    19.297 |   99.0716754 |    0.0123669    0.9988775 |       829      1105
     1236    19.312 |   99.0898598 |    0.0124056    0.9988775 |       829      1105
     1237    19.328 |   99.0902472 |    0.0124535    0.9988775 |       829      1105
     1238    19.344 |   99.1198143 |    0.0125106    0.9988775 |       829      1105
     1239    19.359 |   99.1490088 |    0.0125770    0.9988775 |       829      1105
------------------------------------------------------------------------------------
Iteration      Time | *me_per_hour |     LEANBSSNMOL::conf_fac | *TISTICS::maxrss_mb
                    |              |      minimum      maximum |   minimum   maximum
------------------------------------------------------------------------------------
     1240    19.375 |   99.1596059 |    0.0126526    0.9988775 |       829      1105
     1241    19.391 |   99.1298964 |    0.0127374    0.9988775 |       829      1105
     1242    19.406 |   99.1594512 |    0.0128314    0.9988775 |       829      1105
     1243    19.422 |   99.1880821 |    0.0129347    0.9988775 |       829      1105
     1244    19.438 |   99.2057191 |    0.0130471    0.9988775 |       829      1105
     1245    19.453 |   99.2060206 |    0.0131686    0.9988775 |       829      1105
     1246    19.469 |   99.2352498 |    0.0132993    0.9988775 |       829      1105
     1247    19.484 |   99.2640030 |    0.0134390    0.9988775 |       829      1105
     1248    19.500 |   99.2631647 |    0.0135878    0.9988775 |       829      1105
     1249    19.516 |   99.1867470 |    0.0137456    0.9988775 |       829      1105
     1250    19.531 |   99.2148956 |    0.0139124    0.9988775 |       829      1105
     1251    19.547 |   99.2417855 |    0.0140881    0.9988775 |       829      1105
     1252    19.562 |   99.2606335 |    0.0142726    0.9988775 |       829      1105
     1253    19.578 |   99.2606104 |    0.0144660    0.9988775 |       829      1105
     1254    19.594 |   99.2898978 |    0.0146681    0.9988775 |       829      1105
     1255    19.609 |   99.3178292 |    0.0148789    0.9988775 |       829      1105
     1256    19.625 |   99.3290421 |    0.0150983    0.9988775 |       829      1105
     1257    19.641 |   99.2992970 |    0.0153263    0.9988775 |       829      1105
     1258    19.656 |   99.3287092 |    0.0155628    0.9988775 |       829      1105
     1259    19.672 |   99.3566473 |    0.0158077    0.9988775 |       829      1105
------------------------------------------------------------------------------------
Iteration      Time | *me_per_hour |     LEANBSSNMOL::conf_fac | *TISTICS::maxrss_mb
                    |              |      minimum      maximum |   minimum   maximum
------------------------------------------------------------------------------------
     1260    19.688 |   99.3745136 |    0.0160610    0.9988775 |       829      1105
     1261    19.703 |   99.3750060 |    0.0163226    0.9988775 |       829      1105
     1262    19.719 |   99.4039581 |    0.0165923    0.9988775 |       829      1105
     1263    19.734 |   99.4317717 |    0.0168703    0.9988775 |       829      1105
     1264    19.750 |   99.4412035 |    0.0171563    0.9988775 |       829      1105
     1265    19.766 |   99.3864835 |    0.0174503    0.9988775 |       829      1105
     1266    19.781 |   99.4151685 |    0.0177522    0.9988775 |       829      1105
     1267    19.797 |   99.4422782 |    0.0180620    0.9988775 |       829      1105
     1268    19.812 |   99.4584569 |    0.0183795    0.9988775 |       829      1105
     1269    19.828 |   99.4584752 |    0.0187047    0.9988775 |       829      1105
     1270    19.844 |   99.4871991 |    0.0190374    0.9988775 |       829      1105
     1271    19.859 |   99.5152327 |    0.0193777    0.9988775 |       829      1105
     1272    19.875 |   99.5234237 |    0.0197253    0.9988775 |       829      1105
     1273    19.891 |   99.4944540 |    0.0200803    0.9988775 |       829      1105
     1274    19.906 |   99.5228356 |    0.0204425    0.9988775 |       829      1105
     1275    19.922 |   99.5505988 |    0.0208117    0.9988775 |       829      1105
     1276    19.938 |   99.5675489 |    0.0211880    0.9988775 |       829      1105
     1277    19.953 |   99.5670635 |    0.0215712    0.9988775 |       829      1105
     1278    19.969 |   99.5959911 |    0.0219612    0.9988775 |       829      1105
     1279    19.984 |   99.6237193 |    0.0223579    0.9988775 |       829      1105
INFO (AHFinderDirect): proc 0: searching for horizon 1/6
INFO (AHFinderDirect): AH 3/6: r=79.0012 at (0.000000,0.000000,0.000000)
INFO (AHFinderDirect): AH 3/6: area=80424.77035 m_irreducible=39.99999961
INFO (AHFinderDirect): AH 4/6: r=99.0017 at (-0.000000,0.000000,0.000000)
INFO (AHFinderDirect): AH 4/6: area=125663.7054 m_irreducible=49.99999984
INFO (AHFinderDirect): AH 5/6: r=179.003 at (-0.000000,-0.000000,-0.000000)
INFO (AHFinderDirect): AH 5/6: area=407150.4078 m_irreducible=89.99999999
INFO (AHFinderDirect): AH 6/6: r=239.003 at (-0.000000,0.000000,0.000000)
INFO (AHFinderDirect): AH 6/6: area=723822.9473 m_irreducible=120
INFO (AHFinderDirect): AH 1/6: r=0.403865 at (7.828469,0.000000,0.000000)
INFO (AHFinderDirect): AH 1/6: area=11.23635325 m_irreducible=0.4728003228
INFO (AHFinderDirect): AH 2/6: r=0.403865 at (-7.828469,0.000000,-0.000000)
INFO (AHFinderDirect): AH 2/6: area=11.23635325 m_irreducible=0.4728003228
INFO (QuasiLocalMeasures): Calculating quasi-local quantities for surface    0
INFO (QuasiLocalMeasures): Importing from spherical surface    0
INFO (QuasiLocalMeasures): Geometric quantities for surface    0:
INFO (QuasiLocalMeasures):    Area A:                            11.2363
INFO (QuasiLocalMeasures):    Irreducible mass M = R/2:         0.472800
INFO (QuasiLocalMeasures):    Areal radius R = sqrt(A/4pi):     0.945600
INFO (QuasiLocalMeasures): Coordinate-dependent quantities for surface    0:
INFO (QuasiLocalMeasures):    Equatorial circumference:             5.94115
INFO (QuasiLocalMeasures):    Polar circumference at phi=0:         5.94930
INFO (QuasiLocalMeasures):    Polar circumference at phi=pi/2:      5.94162
INFO (QuasiLocalMeasures):    No valid spin guess from distortion.
INFO (QuasiLocalMeasures):    (Spin guess is imaginary.)
INFO (QuasiLocalMeasures):    Magnitude of invalid spin guess:     0.389176E-02
INFO (QuasiLocalMeasures):    Mass guess M from distortion:        0.472782
INFO (QuasiLocalMeasures): Isolated Horizon quantities for surface    0:
INFO (QuasiLocalMeasures):    Killing vector field eigenvalue norm:      1.00000
INFO (QuasiLocalMeasures):    Spin J:                                   0.663081E-08
INFO (QuasiLocalMeasures):    Kerr spin parameter a = J/M:              0.140245E-07
INFO (QuasiLocalMeasures):    Dimensionless spin parameter a = J/M^2:   0.296628E-07
INFO (QuasiLocalMeasures):    Spin J from NP:                           0.133175E-07
INFO (QuasiLocalMeasures):    Spin J from phi-coordinate-vector:         0.00000
INFO (QuasiLocalMeasures):    Mass M:                                   0.472800
INFO (QuasiLocalMeasures): Global quantities for surface    0:
INFO (QuasiLocalMeasures):    ADM energy:                 -1.35905
INFO (QuasiLocalMeasures):    ADM momentum x:            -0.211087E-02
INFO (QuasiLocalMeasures):    ADM momentum y:            -0.508574E-16
INFO (QuasiLocalMeasures):    ADM momentum z:             0.158783E-15
INFO (QuasiLocalMeasures):    ADM angular momentum x:    -0.102314E-04
INFO (QuasiLocalMeasures):    ADM angular momentum y:    -0.810489E-15
INFO (QuasiLocalMeasures):    ADM angular momentum z:     0.268247E-15
INFO (QuasiLocalMeasures):    Weinberg energy:                  3.33949
INFO (QuasiLocalMeasures):    Weinberg momentum x:            -0.127186E-01
INFO (QuasiLocalMeasures):    Weinberg momentum y:            -0.219550E-15
INFO (QuasiLocalMeasures):    Weinberg momentum z:            -0.201167E-15
INFO (QuasiLocalMeasures):    Weinberg angular momentum x:    -0.589174E-04
INFO (QuasiLocalMeasures):    Weinberg angular momentum y:    -0.199499E-14
INFO (QuasiLocalMeasures):    Weinberg angular momentum z:     0.112394E-14
------------------------------------------------------------------------------------
Iteration      Time | *me_per_hour |     LEANBSSNMOL::conf_fac | *TISTICS::maxrss_mb
                    |              |      minimum      maximum |   minimum   maximum
------------------------------------------------------------------------------------
     1280    20.000 |   98.7002734 |    0.0227612    0.9988775 |       834      1113
INFO (CarpetRegrid2): Centre 1 is at position [7.82722,2.56672e-15,1.30979e-15] with 8 levels
INFO (CarpetRegrid2): Centre 2 is at position [-7.82722,1.32948e-15,-1.15436e-14] with 8 levels
INFO (CarpetRegrid2): Regridding level 0 map 0 at iteration 1281 time 20
INFO (CarpetRegrid2): Regridding levels 1 and up
INFO (CarpetRegrid2): Enforcing grid structure properties, iteration 0
INFO (CarpetRegrid2): Enforcing grid structure properties, iteration 0
INFO (CarpetRegrid2): Enforcing grid structure properties, iteration 0
INFO (CarpetRegrid2): Enforcing grid structure properties, iteration 0
INFO (CarpetRegrid2): Enforcing grid structure properties, iteration 0
INFO (CarpetRegrid2): Enforcing grid structure properties, iteration 0
INFO (CarpetRegrid2): Enforcing grid structure properties, iteration 0
INFO (Carpet): Grid structure (superregions, grid points):
   [0][0][0]   exterior: [0,0,0] : [260,260,260]   ([261,261,261] + PADDING) 17779581
   [1][0][0]   exterior: [215,219,219] : [305,301,301]   ([91,83,83] + PADDING) 626899
   [2][0][0]   exterior: [479,487,487] : [561,553,553]   ([83,67,67] + PADDING) 372587
   [3][0][0]   exterior: [991,1007,1007] : [1089,1073,1073]   ([99,67,67] + PADDING) 444411
   [4][0][0]   exterior: [2016,2048,2048] : [2144,2112,2112]   ([129,65,65] + PADDING) 545025
   [5][0][0]   exterior: [4066,4129,4129] : [4129,4191,4191]   ([64,63,63] + PADDING) 254016
   [5][0][1]   exterior: [4191,4129,4129] : [4254,4191,4191]   ([64,63,63] + PADDING) 254016
   [6][0][0]   exterior: [8166,8291,8291] : [8224,8349,8349]   ([59,59,59] + PADDING) 205379
   [6][0][1]   exterior: [8416,8291,8291] : [8474,8349,8349]   ([59,59,59] + PADDING) 205379
   [7][0][0]   exterior: [16365,16615,16615] : [16415,16665,16665]   ([51,51,51] + PADDING) 132651
   [7][0][1]   exterior: [16865,16615,16615] : [16915,16665,16665]   ([51,51,51] + PADDING) 132651
INFO (Carpet): Grid structure (superregions, coordinates):
   [0][0][0]   exterior: [-520,-520,-520] : [520,520,520] : [4,4,4]
   [1][0][0]   exterior: [-90,-82,-82] : [90,82,82] : [2,2,2]
   [2][0][0]   exterior: [-41,-33,-33] : [41,33,33] : [1,1,1]
   [3][0][0]   exterior: [-24.5,-16.5,-16.5] : [24.5,16.5,16.5] : [0.5,0.5,0.5]
   [4][0][0]   exterior: [-16,-8,-8] : [16,8,8] : [0.25,0.25,0.25]
   [5][0][0]   exterior: [-11.75,-3.875,-3.875] : [-3.875,3.875,3.875] : [0.125,0.125,0.125]
   [5][0][1]   exterior: [3.875,-3.875,-3.875] : [11.75,3.875,3.875] : [0.125,0.125,0.125]
   [6][0][0]   exterior: [-9.625,-1.8125,-1.8125] : [-6,1.8125,1.8125] : [0.0625,0.0625,0.0625]
   [6][0][1]   exterior: [6,-1.8125,-1.8125] : [9.625,1.8125,1.8125] : [0.0625,0.0625,0.0625]
   [7][0][0]   exterior: [-8.59375,-0.78125,-0.78125] : [-7.03125,0.78125,0.78125] : [0.03125,0.03125,0.03125]
   [7][0][1]   exterior: [7.03125,-0.78125,-0.78125] : [8.59375,0.78125,0.78125] : [0.03125,0.03125,0.03125]
INFO (Carpet): Global grid structure statistics:
INFO (Carpet): GF: rhs: 249k active, 487k owned (+95%), 1173k total (+141%), 128 steps/time
INFO (Carpet): GF: vars: 247, pts: 4417M active, 4879M owned (+10%), 7708M total (+58%), 1.0 comp/proc
INFO (Carpet): GA: vars: 1664, pts: 381M active, 381M total (+0%)
INFO (Carpet): Total required memory: 65.568 GByte (for GAs and currently active GFs)
INFO (Carpet): Load balance:  min     avg     max     sdv     max/avg-1
INFO (Carpet): Level  0:      32M     37M     41M      2M owned     11%
INFO (Carpet): Level  1:       1M      1M      1M      0M owned      8%
INFO (Carpet): Level  2:       1M      1M      1M      0M owned      7%
INFO (Carpet): Level  3:       1M      1M      1M      0M owned      9%
INFO (Carpet): Level  4:       1M      1M      1M      0M owned     13%
INFO (Carpet): Level  5:       1M      1M      1M      0M owned      4%
INFO (Carpet): Level  6:       1M      1M      1M      0M owned      6%
INFO (Carpet): Level  7:       0M      1M      1M      0M owned      7%
     1281    20.016 |   97.7340116 |    0.0231710    0.9988775 |       869      1119
     1282    20.031 |   97.7603601 |    0.0230958    0.9988775 |       869      1119
     1283    20.047 |   97.7870864 |    0.0226881    0.9988775 |       869      1119
     1284    20.062 |   97.8035541 |    0.0222860    0.9988775 |       869      1119
     1285    20.078 |   97.8019705 |    0.0218898    0.9988775 |       869      1119
     1286    20.094 |   97.8285961 |    0.0214999    0.9988775 |       869      1119
     1287    20.109 |   97.8560852 |    0.0211163    0.9988775 |       869      1119
     1288    20.125 |   97.8661066 |    0.0207393    0.9988775 |       869      1120
     1289    20.141 |   97.8376737 |    0.0203693    0.9988775 |       869      1120
     1290    20.156 |   97.8638115 |    0.0200063    0.9988775 |       869      1120
     1291    20.172 |   97.8912316 |    0.0196506    0.9988775 |       869      1120
     1292    20.188 |   97.9077528 |    0.0193024    0.9988775 |       869      1120
     1293    20.203 |   97.9073981 |    0.0189620    0.9988775 |       869      1120
     1294    20.219 |   97.9336650 |    0.0186296    0.9988775 |       869      1120
     1295    20.234 |   97.9594784 |    0.0183053    0.9988775 |       869      1120
     1296    20.250 |   97.9692102 |    0.0179893    0.9988775 |       869      1120
     1297    20.266 |   97.9155593 |    0.0176819    0.9988775 |       869      1120
     1298    20.281 |   97.9419741 |    0.0173832    0.9988775 |       869      1120
     1299    20.297 |   97.9690433 |    0.0170934    0.9988775 |       869      1120
------------------------------------------------------------------------------------
Iteration      Time | *me_per_hour |     LEANBSSNMOL::conf_fac | *TISTICS::maxrss_mb
                    |              |      minimum      maximum |   minimum   maximum
------------------------------------------------------------------------------------
     1300    20.312 |   97.9849791 |    0.0168127    0.9988775 |       869      1120
     1301    20.328 |   97.9847471 |    0.0165413    0.9988775 |       869      1120
     1302    20.344 |   98.0102858 |    0.0162793    0.9988775 |       869      1120
     1303    20.359 |   98.0373816 |    0.0160268    0.9988775 |       869      1120
     1304    20.375 |   98.0465713 |    0.0157841    0.9988775 |       869      1120
     1305    20.391 |   98.0185270 |    0.0155513    0.9988775 |       869      1120
     1306    20.406 |   98.0446319 |    0.0153285    0.9988775 |       869      1120
     1307    20.422 |   98.0715020 |    0.0151159    0.9988775 |       869      1120
     1308    20.438 |   98.0876708 |    0.0149135    0.9988775 |       869      1120
     1309    20.453 |   98.0873775 |    0.0147215    0.9988775 |       869      1120
     1310    20.469 |   98.1134703 |    0.0145401    0.9988775 |       869      1120
     1311    20.484 |   98.1405942 |    0.0143692    0.9988775 |       869      1120
     1312    20.500 |   98.1394402 |    0.0142091    0.9988775 |       869      1120
     1313    20.516 |   98.0640509 |    0.0140598    0.9988775 |       869      1120
     1314    20.531 |   98.0899330 |    0.0139213    0.9988775 |       869      1120
     1315    20.547 |   98.1162721 |    0.0137939    0.9988775 |       869      1120
     1316    20.562 |   98.1323849 |    0.0136775    0.9988775 |       869      1120
     1317    20.578 |   98.1316154 |    0.0135722    0.9988775 |       869      1120
     1318    20.594 |   98.1570912 |    0.0134781    0.9988775 |       869      1120
     1319    20.609 |   98.1834098 |    0.0133953    0.9988775 |       869      1120
------------------------------------------------------------------------------------
Iteration      Time | *me_per_hour |     LEANBSSNMOL::conf_fac | *TISTICS::maxrss_mb
                    |              |      minimum      maximum |   minimum   maximum
------------------------------------------------------------------------------------
     1320    20.625 |   98.1931361 |    0.0133237    0.9988775 |       869      1120
     1321    20.641 |   98.1610629 |    0.0132634    0.9988775 |       869      1120
     1322    20.656 |   98.1863287 |    0.0132144    0.9988775 |       869      1120
     1323    20.672 |   98.2134131 |    0.0131768    0.9988775 |       869      1120
     1324    20.688 |   98.2297461 |    0.0131506    0.9988775 |       869      1120
     1325    20.703 |   98.2292426 |    0.0131358    0.9988775 |       869      1120
     1326    20.719 |   98.2518233 |    0.0131325    0.9988775 |       869      1120
     1327    20.734 |   98.2752661 |    0.0131405    0.9988775 |       869      1120
     1328    20.750 |   98.2838070 |    0.0131599    0.9988775 |       870      1120
     1329    20.766 |   98.2284055 |    0.0131908    0.9988775 |       870      1120
     1330    20.781 |   98.2540143 |    0.0132330    0.9988775 |       870      1120
     1331    20.797 |   98.2803992 |    0.0132865    0.9988775 |       870      1120
     1332    20.812 |   98.2965402 |    0.0133514    0.9988775 |       870      1120
     1333    20.828 |   98.2959960 |    0.0134275    0.9988775 |       870      1120
     1334    20.844 |   98.3219892 |    0.0135150    0.9988775 |       870      1120
     1335    20.859 |   98.3472905 |    0.0136136    0.9988775 |       870      1120
     1336    20.875 |   98.3580044 |    0.0137233    0.9988775 |       870      1120
     1337    20.891 |   98.3290063 |    0.0138442    0.9988775 |       870      1120
     1338    20.906 |   98.3547301 |    0.0139761    0.9988775 |       870      1120
     1339    20.922 |   98.3809396 |    0.0141190    0.9988775 |       870      1120
------------------------------------------------------------------------------------
Iteration      Time | *me_per_hour |     LEANBSSNMOL::conf_fac | *TISTICS::maxrss_mb
                    |              |      minimum      maximum |   minimum   maximum
------------------------------------------------------------------------------------
     1340    20.938 |   98.3961244 |    0.0142728    0.9988775 |       870      1120
     1341    20.953 |   98.3960642 |    0.0144374    0.9988775 |       870      1120
     1342    20.969 |   98.4217615 |    0.0146128    0.9988775 |       870      1120
     1343    20.984 |   98.4477942 |    0.0147989    0.9988775 |       870      1120
     1344    21.000 |   98.4193470 |    0.0149955    0.9988775 |       870      1120
INFO (CarpetRegrid2): Centre 1 is at position [7.8049,3.04497e-15,1.52426e-15] with 8 levels
INFO (CarpetRegrid2): Centre 2 is at position [-7.8049,1.3712e-15,-1.26332e-14] with 8 levels
INFO (CarpetRegrid2): Refined regions have not changed sufficiently; skipping regridding
INFO (CarpetRegrid2): Centre 1 is at position [7.8049,3.04497e-15,1.52426e-15] with 8 levels
INFO (CarpetRegrid2): Centre 2 is at position [-7.8049,1.3712e-15,-1.26332e-14] with 8 levels
INFO (CarpetRegrid2): Refined regions have not changed sufficiently; skipping regridding
INFO (CarpetRegrid2): Centre 1 is at position [7.8049,3.04497e-15,1.52426e-15] with 8 levels
INFO (CarpetRegrid2): Centre 2 is at position [-7.8049,1.3712e-15,-1.26332e-14] with 8 levels
INFO (CarpetRegrid2): Refined regions have not changed sufficiently; skipping regridding
INFO (CarpetRegrid2): Centre 1 is at position [7.8049,3.04497e-15,1.52426e-15] with 8 levels
INFO (CarpetRegrid2): Centre 2 is at position [-7.8049,1.3712e-15,-1.26332e-14] with 8 levels
INFO (CarpetRegrid2): Refined regions have not changed sufficiently; skipping regridding
INFO (CarpetRegrid2): Centre 1 is at position [7.8049,3.04497e-15,1.52426e-15] with 8 levels
INFO (CarpetRegrid2): Centre 2 is at position [-7.8049,1.3712e-15,-1.26332e-14] with 8 levels
INFO (CarpetRegrid2): Refined regions have not changed sufficiently; skipping regridding
INFO (CarpetRegrid2): Centre 1 is at position [7.8049,3.04497e-15,1.52426e-15] with 8 levels
INFO (CarpetRegrid2): Centre 2 is at position [-7.8049,1.3712e-15,-1.26332e-14] with 8 levels
INFO (CarpetRegrid2): Refined regions have not changed sufficiently; skipping regridding
INFO (CarpetRegrid2): Centre 1 is at position [7.8049,3.04497e-15,1.52426e-15] with 8 levels
INFO (CarpetRegrid2): Centre 2 is at position [-7.8049,1.3712e-15,-1.26332e-14] with 8 levels
INFO (CarpetRegrid2): Refined regions have not changed sufficiently; skipping regridding
INFO (CarpetRegrid2): Centre 1 is at position [7.8049,3.04497e-15,1.52426e-15] with 8 levels
INFO (CarpetRegrid2): Centre 2 is at position [-7.8049,1.3712e-15,-1.26332e-14] with 8 levels
INFO (CarpetRegrid2): Refined regions have not changed sufficiently; skipping regridding
     1345    21.016 |   97.9098754 |    0.0152027    0.9988775 |       870      1120
     1346    21.031 |   97.9350552 |    0.0154203    0.9988775 |       870      1120
     1347    21.047 |   97.9613872 |    0.0156482    0.9988775 |       870      1120
     1348    21.062 |   97.9774031 |    0.0158864    0.9988775 |       870      1120
     1349    21.078 |   97.9775625 |    0.0161348    0.9988775 |       870      1120
     1350    21.094 |   98.0020364 |    0.0163932    0.9988775 |       870      1120
     1351    21.109 |   98.0281984 |    0.0166616    0.9988775 |       870      1120
     1352    21.125 |   98.0364297 |    0.0169398    0.9988775 |       870      1120
     1353    21.141 |   98.0087189 |    0.0172278    0.9988775 |       870      1120
     1354    21.156 |   98.0331770 |    0.0175254    0.9988775 |       870      1120
     1355    21.172 |   98.0586989 |    0.0178325    0.9988775 |       870      1120
     1356    21.188 |   98.0741166 |    0.0181490    0.9988775 |       870      1120
     1357    21.203 |   98.0732358 |    0.0184748    0.9988775 |       870      1120
     1358    21.219 |   98.0979039 |    0.0188098    0.9988775 |       870      1120
     1359    21.234 |   98.1237148 |    0.0191539    0.9988775 |       870      1120
------------------------------------------------------------------------------------
Iteration      Time | *me_per_hour |     LEANBSSNMOL::conf_fac | *TISTICS::maxrss_mb
                    |              |      minimum      maximum |   minimum   maximum
------------------------------------------------------------------------------------
     1360    21.250 |   98.1328215 |    0.0195068    0.9988775 |       870      1120
     1361    21.266 |   98.0818343 |    0.0198685    0.9988775 |       870      1120
     1362    21.281 |   98.1065800 |    0.0202389    0.9988775 |       870      1120
     1363    21.297 |   98.1326960 |    0.0206178    0.9988775 |       870      1120
     1364    21.312 |   98.1463519 |    0.0210051    0.9988775 |       870      1120
     1365    21.328 |   98.1458511 |    0.0214006    0.9988775 |       870      1120
     1366    21.344 |   98.1706067 |    0.0218043    0.9988775 |       870      1120
     1367    21.359 |   98.1962302 |    0.0222159    0.9988775 |       870      1120
     1368    21.375 |   98.2059634 |    0.0226353    0.9988775 |       870      1120
     1369    21.391 |   98.1783595 |    0.0230624    0.9988775 |       870      1120
     1370    21.406 |   98.2033867 |    0.0234970    0.9988775 |       870      1120
     1371    21.422 |   98.2286314 |    0.0231726    0.9988775 |       870      1120
     1372    21.438 |   98.2451264 |    0.0227412    0.9988775 |       870      1120
     1373    21.453 |   98.2453887 |    0.0223169    0.9988775 |       870      1120
     1374    21.469 |   98.2700727 |    0.0219000    0.9988775 |       870      1120
     1375    21.484 |   98.2957201 |    0.0214907    0.9988775 |       870      1120
     1376    21.500 |   98.2940591 |    0.0210893    0.9988775 |       870      1120
     1377    21.516 |   98.2242854 |    0.0206960    0.9988775 |       870      1120
     1378    21.531 |   98.2472883 |    0.0203111    0.9988775 |       870      1120
     1379    21.547 |   98.2727539 |    0.0199348    0.9988775 |       870      1120
------------------------------------------------------------------------------------
Iteration      Time | *me_per_hour |     LEANBSSNMOL::conf_fac | *TISTICS::maxrss_mb
                    |              |      minimum      maximum |   minimum   maximum
------------------------------------------------------------------------------------
     1380    21.562 |   98.2876974 |    0.0195673    0.9988775 |       870      1120
     1381    21.578 |   98.2867442 |    0.0192088    0.9988775 |       870      1120
     1382    21.594 |   98.3096836 |    0.0188597    0.9988775 |       870      1120
     1383    21.609 |   98.3350486 |    0.0185200    0.9988775 |       870      1120
     1384    21.625 |   98.3445843 |    0.0181900    0.9988775 |       870      1120
     1385    21.641 |   98.3170706 |    0.0178700    0.9988775 |       870      1120
     1386    21.656 |   98.3401074 |    0.0175600    0.9988775 |       870      1120
     1387    21.672 |   98.3609294 |    0.0172603    0.9988775 |       870      1120
     1388    21.688 |   98.3755697 |    0.0169711    0.9988775 |       870      1120
     1389    21.703 |   98.3679974 |    0.0166926    0.9988775 |       870      1120
     1390    21.719 |   98.3910271 |    0.0164248    0.9988775 |       870      1120
     1391    21.734 |   98.4162781 |    0.0161681    0.9988775 |       870      1120
     1392    21.750 |   98.4241384 |    0.0159225    0.9988775 |       870      1120
     1393    21.766 |   98.3739731 |    0.0156881    0.9988775 |       870      1120
     1394    21.781 |   98.3981268 |    0.0154652    0.9988775 |       870      1120
     1395    21.797 |   98.4230170 |    0.0152539    0.9988775 |       870      1120
     1396    21.812 |   98.4368049 |    0.0150542    0.9988775 |       870      1120
     1397    21.828 |   98.4361873 |    0.0148664    0.9988775 |       870      1120
     1398    21.844 |   98.4593900 |    0.0146905    0.9988775 |       870      1120
     1399    21.859 |   98.4844713 |    0.0145266    0.9988775 |       870      1120
------------------------------------------------------------------------------------
Iteration      Time | *me_per_hour |     LEANBSSNMOL::conf_fac | *TISTICS::maxrss_mb
                    |              |      minimum      maximum |   minimum   maximum
------------------------------------------------------------------------------------
     1400    21.875 |   98.4940914 |    0.0143748    0.9988775 |       870      1120
     1401    21.891 |   98.4678641 |    0.0142352    0.9988775 |       870      1120
     1402    21.906 |   98.4922381 |    0.0141078    0.9988775 |       870      1120
     1403    21.922 |   98.5170925 |    0.0139929    0.9988775 |       870      1120
     1404    21.938 |   98.5326050 |    0.0138903    0.9988775 |       870      1120
     1405    21.953 |   98.5318215 |    0.0138003    0.9988775 |       870      1120
     1406    21.969 |   98.5562761 |    0.0137227    0.9988775 |       870      1120
     1407    21.984 |   98.5810908 |    0.0136577    0.9988775 |       870      1120
     1408    22.000 |   98.5540731 |    0.0136053    0.9988775 |       870      1120
INFO (CarpetRegrid2): Centre 1 is at position [7.78139,3.24992e-15,2.03197e-15] with 8 levels
INFO (CarpetRegrid2): Centre 2 is at position [-7.78139,1.49667e-15,-1.40314e-14] with 8 levels
INFO (CarpetRegrid2): Refined regions have not changed sufficiently; skipping regridding
INFO (CarpetRegrid2): Centre 1 is at position [7.78139,3.24992e-15,2.03197e-15] with 8 levels
INFO (CarpetRegrid2): Centre 2 is at position [-7.78139,1.49667e-15,-1.40314e-14] with 8 levels
INFO (CarpetRegrid2): Refined regions have not changed sufficiently; skipping regridding
INFO (CarpetRegrid2): Centre 1 is at position [7.78139,3.24992e-15,2.03197e-15] with 8 levels
INFO (CarpetRegrid2): Centre 2 is at position [-7.78139,1.49667e-15,-1.40314e-14] with 8 levels
INFO (CarpetRegrid2): Refined regions have not changed sufficiently; skipping regridding
INFO (CarpetRegrid2): Centre 1 is at position [7.78139,3.24992e-15,2.03197e-15] with 8 levels
INFO (CarpetRegrid2): Centre 2 is at position [-7.78139,1.49667e-15,-1.40314e-14] with 8 levels
INFO (CarpetRegrid2): Refined regions have not changed sufficiently; skipping regridding
INFO (CarpetRegrid2): Centre 1 is at position [7.78139,3.24992e-15,2.03197e-15] with 8 levels
INFO (CarpetRegrid2): Centre 2 is at position [-7.78139,1.49667e-15,-1.40314e-14] with 8 levels
INFO (CarpetRegrid2): Refined regions have not changed sufficiently; skipping regridding
INFO (CarpetRegrid2): Centre 1 is at position [7.78139,3.24992e-15,2.03197e-15] with 8 levels
INFO (CarpetRegrid2): Centre 2 is at position [-7.78139,1.49667e-15,-1.40314e-14] with 8 levels
INFO (CarpetRegrid2): Refined regions have not changed sufficiently; skipping regridding
INFO (CarpetRegrid2): Centre 1 is at position [7.78139,3.24992e-15,2.03197e-15] with 8 levels
INFO (CarpetRegrid2): Centre 2 is at position [-7.78139,1.49667e-15,-1.40314e-14] with 8 levels
INFO (CarpetRegrid2): Refined regions have not changed sufficiently; skipping regridding
INFO (CarpetRegrid2): Centre 1 is at position [7.78139,3.24992e-15,2.03197e-15] with 8 levels
INFO (CarpetRegrid2): Centre 2 is at position [-7.78139,1.49667e-15,-1.40314e-14] with 8 levels
INFO (CarpetRegrid2): Refined regions have not changed sufficiently; skipping regridding
     1409    22.016 |   98.0655396 |    0.0135655    0.9988775 |       870      1120
     1410    22.031 |   98.0895799 |    0.0135384    0.9988775 |       870      1120
     1411    22.047 |   98.1141142 |    0.0135239    0.9988775 |       870      1120
     1412    22.062 |   98.1275466 |    0.0135221    0.9988775 |       870      1120
     1413    22.078 |   98.1274572 |    0.0135329    0.9988775 |       870      1120
     1414    22.094 |   98.1514834 |    0.0135564    0.9988775 |       870      1120
     1415    22.109 |   98.1761462 |    0.0135924    0.9988775 |       870      1120
     1416    22.125 |   98.1852515 |    0.0136411    0.9988775 |       870      1120
     1417    22.141 |   98.1588443 |    0.0137024    0.9988775 |       870      1120
     1418    22.156 |   98.1832604 |    0.0137761    0.9988775 |       870      1120
     1419    22.172 |   98.2079577 |    0.0138624    0.9988775 |       870      1120
------------------------------------------------------------------------------------
Iteration      Time | *me_per_hour |     LEANBSSNMOL::conf_fac | *TISTICS::maxrss_mb
                    |              |      minimum      maximum |   minimum   maximum
------------------------------------------------------------------------------------
     1420    22.188 |   98.2226025 |    0.0139611    0.9988775 |       870      1120
     1421    22.203 |   98.2223471 |    0.0140722    0.9988775 |       870      1120
     1422    22.219 |   98.2459691 |    0.0141956    0.9988775 |       870      1120
     1423    22.234 |   98.2704795 |    0.0143313    0.9988775 |       870      1120
     1424    22.250 |   98.2788642 |    0.0144791    0.9988775 |       870      1120
     1425    22.266 |   98.2307245 |    0.0146391    0.9988775 |       870      1120
     1426    22.281 |   98.2543551 |    0.0148111    0.9988775 |       870      1120
     1427    22.297 |   98.2791684 |    0.0149951    0.9988775 |       870      1120
     1428    22.312 |   98.2940731 |    0.0151910    0.9988775 |       870      1120
     1429    22.328 |   98.2911658 |    0.0153987    0.9988775 |       870      1120
     1430    22.344 |   98.3130443 |    0.0156180    0.9988775 |       870      1120
     1431    22.359 |   98.3353990 |    0.0158490    0.9988775 |       870      1120
     1432    22.375 |   98.3446671 |    0.0160915    0.9988775 |       870      1120
     1433    22.391 |   98.3194085 |    0.0163453    0.9988775 |       870      1120
     1434    22.406 |   98.3431284 |    0.0166105    0.9988775 |       870      1120
     1435    22.422 |   98.3676373 |    0.0168868    0.9988775 |       870      1120
     1436    22.438 |   98.3825441 |    0.0171741    0.9988775 |       870      1120
     1437    22.453 |   98.3825016 |    0.0174724    0.9988775 |       870      1120
     1438    22.469 |   98.4060336 |    0.0177814    0.9988775 |       870      1120
     1439    22.484 |   98.4304094 |    0.0181011    0.9988775 |       870      1120
------------------------------------------------------------------------------------
Iteration      Time | *me_per_hour |     LEANBSSNMOL::conf_fac | *TISTICS::maxrss_mb
                    |              |      minimum      maximum |   minimum   maximum
------------------------------------------------------------------------------------
     1440    22.500 |   98.4297715 |    0.0184314    0.9988775 |       870      1120
     1441    22.516 |   98.3632966 |    0.0187720    0.9988775 |       870      1120
     1442    22.531 |   98.3864409 |    0.0191229    0.9988775 |       870      1120
     1443    22.547 |   98.4101386 |    0.0194838    0.9988775 |       870      1120
     1444    22.562 |   98.4246483 |    0.0198547    0.9988775 |       870      1120
     1445    22.578 |   98.4237265 |    0.0202354    0.9988775 |       870      1120
     1446    22.594 |   98.4470660 |    0.0206258    0.9988775 |       870      1120
     1447    22.609 |   98.4711795 |    0.0210257    0.9988775 |       870      1120
     1448    22.625 |   98.4802224 |    0.0214348    0.9988775 |       870      1120
     1449    22.641 |   98.4546538 |    0.0218532    0.9988775 |       870      1120
     1450    22.656 |   98.4779156 |    0.0222805    0.9988775 |       870      1120
     1451    22.672 |   98.5020570 |    0.0227167    0.9988775 |       870      1120
     1452    22.688 |   98.5159313 |    0.0231615    0.9988775 |       870      1120
     1453    22.703 |   98.5151780 |    0.0236149    0.9988775 |       870      1120
     1454    22.719 |   98.5383112 |    0.0232566    0.9988775 |       870      1120
     1455    22.734 |   98.5623518 |    0.0228065    0.9988775 |       870      1120
     1456    22.750 |   98.5703033 |    0.0223645    0.9988775 |       870      1120
     1457    22.766 |   98.5226381 |    0.0219309    0.9988775 |       870      1120
     1458    22.781 |   98.5455933 |    0.0215060    0.9988775 |       870      1120
     1459    22.797 |   98.5698199 |    0.0210900    0.9988775 |       870      1120
------------------------------------------------------------------------------------
Iteration      Time | *me_per_hour |     LEANBSSNMOL::conf_fac | *TISTICS::maxrss_mb
                    |              |      minimum      maximum |   minimum   maximum
------------------------------------------------------------------------------------
     1460    22.812 |   98.5837395 |    0.0206832    0.9988775 |       870      1120
     1461    22.828 |   98.5834828 |    0.0202859    0.9988775 |       870      1120
     1462    22.844 |   98.6064796 |    0.0198983    0.9988775 |       870      1120
     1463    22.859 |   98.6304181 |    0.0195207    0.9988775 |       870      1120
     1464    22.875 |   98.6391074 |    0.0191533    0.9988775 |       870      1120
     1465    22.891 |   98.6145343 |    0.0187964    0.9988775 |       870      1120
     1466    22.906 |   98.6374305 |    0.0184501    0.9988775 |       870      1120
     1467    22.922 |   98.6610626 |    0.0181148    0.9988775 |       870      1120
     1468    22.938 |   98.6754721 |    0.0177907    0.9988775 |       870      1120
     1469    22.953 |   98.6750909 |    0.0174779    0.9988775 |       870      1120
     1470    22.969 |   98.6974439 |    0.0171766    0.9988775 |       870      1120
     1471    22.984 |   98.7212087 |    0.0168871    0.9988775 |       870      1120
     1472    23.000 |   98.6955716 |    0.0166095    0.9988775 |       870      1120
INFO (CarpetRegrid2): Centre 1 is at position [7.75678,3.53892e-15,2.46201e-15] with 8 levels
INFO (CarpetRegrid2): Centre 2 is at position [-7.75678,1.86346e-15,-1.54727e-14] with 8 levels
INFO (CarpetRegrid2): Refined regions have not changed sufficiently; skipping regridding
INFO (CarpetRegrid2): Centre 1 is at position [7.75678,3.53892e-15,2.46201e-15] with 8 levels
INFO (CarpetRegrid2): Centre 2 is at position [-7.75678,1.86346e-15,-1.54727e-14] with 8 levels
INFO (CarpetRegrid2): Refined regions have not changed sufficiently; skipping regridding
INFO (CarpetRegrid2): Centre 1 is at position [7.75678,3.53892e-15,2.46201e-15] with 8 levels
INFO (CarpetRegrid2): Centre 2 is at position [-7.75678,1.86346e-15,-1.54727e-14] with 8 levels
INFO (CarpetRegrid2): Refined regions have not changed sufficiently; skipping regridding
INFO (CarpetRegrid2): Centre 1 is at position [7.75678,3.53892e-15,2.46201e-15] with 8 levels
INFO (CarpetRegrid2): Centre 2 is at position [-7.75678,1.86346e-15,-1.54727e-14] with 8 levels
INFO (CarpetRegrid2): Refined regions have not changed sufficiently; skipping regridding
INFO (CarpetRegrid2): Centre 1 is at position [7.75678,3.53892e-15,2.46201e-15] with 8 levels
INFO (CarpetRegrid2): Centre 2 is at position [-7.75678,1.86346e-15,-1.54727e-14] with 8 levels
INFO (CarpetRegrid2): Refined regions have not changed sufficiently; skipping regridding
INFO (CarpetRegrid2): Centre 1 is at position [7.75678,3.53892e-15,2.46201e-15] with 8 levels
INFO (CarpetRegrid2): Centre 2 is at position [-7.75678,1.86346e-15,-1.54727e-14] with 8 levels
INFO (CarpetRegrid2): Refined regions have not changed sufficiently; skipping regridding
INFO (CarpetRegrid2): Centre 1 is at position [7.75678,3.53892e-15,2.46201e-15] with 8 levels
INFO (CarpetRegrid2): Centre 2 is at position [-7.75678,1.86346e-15,-1.54727e-14] with 8 levels
INFO (CarpetRegrid2): Refined regions have not changed sufficiently; skipping regridding
INFO (CarpetRegrid2): Centre 1 is at position [7.75678,3.53892e-15,2.46201e-15] with 8 levels
INFO (CarpetRegrid2): Centre 2 is at position [-7.75678,1.86346e-15,-1.54727e-14] with 8 levels
INFO (CarpetRegrid2): Refined regions have not changed sufficiently; skipping regridding
     1473    23.016 |   98.2296463 |    0.0163441    0.9988775 |       870      1120
     1474    23.031 |   98.2522025 |    0.0160909    0.9988775 |       870      1120
     1475    23.047 |   98.2753663 |    0.0158502    0.9988775 |       870      1120
     1476    23.062 |   98.2897843 |    0.0156221    0.9988775 |       870      1120
     1477    23.078 |   98.2899803 |    0.0154067    0.9988775 |       870      1120
     1478    23.094 |   98.3128496 |    0.0152043    0.9988775 |       870      1120
     1479    23.109 |   98.3355068 |    0.0150148    0.9988775 |       870      1120
------------------------------------------------------------------------------------
Iteration      Time | *me_per_hour |     LEANBSSNMOL::conf_fac | *TISTICS::maxrss_mb
                    |              |      minimum      maximum |   minimum   maximum
------------------------------------------------------------------------------------
     1480    23.125 |   98.3442664 |    0.0148385    0.9988775 |       870      1120
     1481    23.141 |   98.3189684 |    0.0146755    0.9988775 |       870      1120
     1482    23.156 |   98.3422023 |    0.0145257    0.9988775 |       870      1120
     1483    23.172 |   98.3654984 |    0.0143895    0.9988775 |       870      1120
     1484    23.188 |   98.3799177 |    0.0142667    0.9988775 |       870      1120
     1485    23.203 |   98.3795721 |    0.0141575    0.9988775 |       870      1120
     1486    23.219 |   98.4025077 |    0.0140620    0.9988775 |       870      1120
     1487    23.234 |   98.4257753 |    0.0139803    0.9988775 |       870      1120
     1488    23.250 |   98.4336509 |    0.0139123    0.9988775 |       870      1120
     1489    23.266 |   98.3865441 |    0.0138580    0.9988775 |       870      1120
     1490    23.281 |   98.4090731 |    0.0138177    0.9988775 |       870      1120
     1491    23.297 |   98.4326332 |    0.0137912    0.9988775 |       870      1120
     1492    23.312 |   98.4466372 |    0.0137785    0.9988775 |       870      1120
     1493    23.328 |   98.4446758 |    0.0137797    0.9988775 |       870      1120
     1494    23.344 |   98.4657068 |    0.0137948    0.9988775 |       870      1120
     1495    23.359 |   98.4850692 |    0.0138238    0.9988775 |       870      1120
     1496    23.375 |   98.4922512 |    0.0138666    0.9988775 |       870      1120
     1497    23.391 |   98.4630543 |    0.0139232    0.9988775 |       870      1120
     1498    23.406 |   98.4858304 |    0.0139936    0.9988775 |       870      1120
     1499    23.422 |   98.5096709 |    0.0140777    0.9988775 |       870      1120
------------------------------------------------------------------------------------
Iteration      Time | *me_per_hour |     LEANBSSNMOL::conf_fac | *TISTICS::maxrss_mb
                    |              |      minimum      maximum |   minimum   maximum
------------------------------------------------------------------------------------
     1500    23.438 |   98.5232873 |    0.0141755    0.9988775 |       870      1120
     1501    23.453 |   98.5223050 |    0.0142870    0.9988775 |       870      1120
     1502    23.469 |   98.5435296 |    0.0144120    0.9988775 |       870      1120
     1503    23.484 |   98.5667585 |    0.0145505    0.9988775 |       870      1120
     1504    23.500 |   98.5667930 |    0.0147025    0.9988775 |       870      1120
     1505    23.516 |   98.5024550 |    0.0148679    0.9988775 |       870      1120
     1506    23.531 |   98.5243817 |    0.0150466    0.9988775 |       870      1120
     1507    23.547 |   98.5474849 |    0.0152385    0.9988775 |       870      1120
     1508    23.562 |   98.5618303 |    0.0154435    0.9988775 |       870      1120
     1509    23.578 |   98.5613831 |    0.0156615    0.9988775 |       870      1120
     1510    23.594 |   98.5828435 |    0.0158924    0.9988775 |       870      1120
     1511    23.609 |   98.6058345 |    0.0161361    0.9988775 |       870      1120
     1512    23.625 |   98.6144441 |    0.0163925    0.9988775 |       870      1120
     1513    23.641 |   98.5887508 |    0.0166614    0.9988775 |       870      1120
     1514    23.656 |   98.6098879 |    0.0169428    0.9988775 |       870      1120
     1515    23.672 |   98.6329423 |    0.0172364    0.9988775 |       870      1120
     1516    23.688 |   98.6466923 |    0.0175422    0.9988775 |       870      1120
     1517    23.703 |   98.6460163 |    0.0178601    0.9988775 |       870      1120
     1518    23.719 |   98.6686197 |    0.0181897    0.9988775 |       870      1120
     1519    23.734 |   98.6915278 |    0.0185311    0.9988775 |       870      1120
------------------------------------------------------------------------------------
Iteration      Time | *me_per_hour |     LEANBSSNMOL::conf_fac | *TISTICS::maxrss_mb
                    |              |      minimum      maximum |   minimum   maximum
------------------------------------------------------------------------------------
     1520    23.750 |   98.6994678 |    0.0188841    0.9988775 |       870      1120
     1521    23.766 |   98.6533496 |    0.0192484    0.9988775 |       870      1120
     1522    23.781 |   98.6746452 |    0.0196239    0.9988775 |       870      1120
     1523    23.797 |   98.6977468 |    0.0200105    0.9988775 |       870      1120
     1524    23.812 |   98.7116406 |    0.0204080    0.9988775 |       870      1120
     1525    23.828 |   98.7109955 |    0.0208162    0.9988775 |       870      1120
     1526    23.844 |   98.7322388 |    0.0212349    0.9988775 |       870      1120
     1527    23.859 |   98.7552922 |    0.0216640    0.9988775 |       870      1120
     1528    23.875 |   98.7635835 |    0.0221032    0.9988775 |       870      1120
     1529    23.891 |   98.7386048 |    0.0225523    0.9988775 |       870      1120
     1530    23.906 |   98.7609347 |    0.0230112    0.9988775 |       870      1120
     1531    23.922 |   98.7838300 |    0.0234797    0.9988775 |       870      1120
     1532    23.938 |   98.7974332 |    0.0234975    0.9988775 |       870      1120
     1533    23.953 |   98.7967026 |    0.0230250    0.9988775 |       870      1120
     1534    23.969 |   98.8185828 |    0.0225614    0.9988775 |       870      1120
     1535    23.984 |   98.8413210 |    0.0221072    0.9988775 |       870      1120
INFO (AHFinderDirect): proc 0: searching for horizon 1/6
INFO (AHFinderDirect): AH 3/6: r=79.0013 at (0.000000,0.000000,0.000000)
INFO (AHFinderDirect): AH 3/6: area=80424.76992 m_irreducible=39.9999995
INFO (AHFinderDirect): AH 4/6: r=99.0017 at (-0.000000,-0.000000,0.000000)
INFO (AHFinderDirect): AH 4/6: area=125663.7052 m_irreducible=49.99999981
INFO (AHFinderDirect): AH 5/6: r=179.003 at (-0.000000,-0.000000,0.000000)
INFO (AHFinderDirect): AH 5/6: area=407150.4078 m_irreducible=89.99999998
INFO (AHFinderDirect): AH 6/6: r=239.003 at (0.000000,-0.000000,0.000000)
INFO (AHFinderDirect): AH 6/6: area=723822.9473 m_irreducible=120
INFO (AHFinderDirect): AH 1/6: r=0.403117 at (7.731857,0.000000,0.000000)
INFO (AHFinderDirect): AH 1/6: area=11.236579 m_irreducible=0.4728050723
INFO (AHFinderDirect): AH 2/6: r=0.403117 at (-7.731857,0.000000,-0.000000)
INFO (AHFinderDirect): AH 2/6: area=11.236579 m_irreducible=0.4728050723
INFO (QuasiLocalMeasures): Calculating quasi-local quantities for surface    0
INFO (QuasiLocalMeasures): Importing from spherical surface    0
INFO (QuasiLocalMeasures): Geometric quantities for surface    0:
INFO (QuasiLocalMeasures):    Area A:                            11.2366
INFO (QuasiLocalMeasures):    Irreducible mass M = R/2:         0.472805
INFO (QuasiLocalMeasures):    Areal radius R = sqrt(A/4pi):     0.945609
INFO (QuasiLocalMeasures): Coordinate-dependent quantities for surface    0:
INFO (QuasiLocalMeasures):    Equatorial circumference:             5.94125
INFO (QuasiLocalMeasures):    Polar circumference at phi=0:         5.94633
INFO (QuasiLocalMeasures):    Polar circumference at phi=pi/2:      5.94141
INFO (QuasiLocalMeasures):    No valid spin guess from distortion.
INFO (QuasiLocalMeasures):    (Spin guess is imaginary.)
INFO (QuasiLocalMeasures):    Magnitude of invalid spin guess:     0.360062E-02
INFO (QuasiLocalMeasures):    Mass guess M from distortion:        0.472789
INFO (QuasiLocalMeasures): Isolated Horizon quantities for surface    0:
INFO (QuasiLocalMeasures):    Killing vector field eigenvalue norm:      1.00000
INFO (QuasiLocalMeasures):    Spin J:                                   0.810117E-08
INFO (QuasiLocalMeasures):    Kerr spin parameter a = J/M:              0.171343E-07
INFO (QuasiLocalMeasures):    Dimensionless spin parameter a = J/M^2:   0.362397E-07
INFO (QuasiLocalMeasures):    Spin J from NP:                           0.162593E-07
INFO (QuasiLocalMeasures):    Spin J from phi-coordinate-vector:         0.00000
INFO (QuasiLocalMeasures):    Mass M:                                   0.472805
INFO (QuasiLocalMeasures): Global quantities for surface    0:
INFO (QuasiLocalMeasures):    ADM energy:                 -1.37052
INFO (QuasiLocalMeasures):    ADM momentum x:            -0.260238E-02
INFO (QuasiLocalMeasures):    ADM momentum y:             0.131439E-15
INFO (QuasiLocalMeasures):    ADM momentum z:             0.114009E-15
INFO (QuasiLocalMeasures):    ADM angular momentum x:    -0.997504E-05
INFO (QuasiLocalMeasures):    ADM angular momentum y:    -0.630267E-15
INFO (QuasiLocalMeasures):    ADM angular momentum z:     0.755969E-15
INFO (QuasiLocalMeasures):    Weinberg energy:                  3.36005
INFO (QuasiLocalMeasures):    Weinberg momentum x:            -0.129298E-01
INFO (QuasiLocalMeasures):    Weinberg momentum y:             0.413205E-15
INFO (QuasiLocalMeasures):    Weinberg momentum z:            -0.251433E-16
INFO (QuasiLocalMeasures):    Weinberg angular momentum x:    -0.577691E-04
INFO (QuasiLocalMeasures):    Weinberg angular momentum y:    -0.279098E-14
INFO (QuasiLocalMeasures):    Weinberg angular momentum z:     0.798561E-14
     1536    24.000 |   98.0601160 |    0.0216626    0.9988775 |       870      1128
INFO (CarpetRegrid2): Centre 1 is at position [7.73104,3.69939e-15,2.81495e-15] with 8 levels
INFO (CarpetRegrid2): Centre 2 is at position [-7.73104,2.43078e-15,-1.70459e-14] with 8 levels
INFO (CarpetRegrid2): Refined regions have not changed sufficiently; skipping regridding
INFO (CarpetRegrid2): Centre 1 is at position [7.73104,3.69939e-15,2.81495e-15] with 8 levels
INFO (CarpetRegrid2): Centre 2 is at position [-7.73104,2.43078e-15,-1.70459e-14] with 8 levels
INFO (CarpetRegrid2): Refined regions have not changed sufficiently; skipping regridding
INFO (CarpetRegrid2): Centre 1 is at position [7.73104,3.69939e-15,2.81495e-15] with 8 levels
INFO (CarpetRegrid2): Centre 2 is at position [-7.73104,2.43078e-15,-1.70459e-14] with 8 levels
INFO (CarpetRegrid2): Refined regions have not changed sufficiently; skipping regridding
INFO (CarpetRegrid2): Centre 1 is at position [7.73104,3.69939e-15,2.81495e-15] with 8 levels
INFO (CarpetRegrid2): Centre 2 is at position [-7.73104,2.43078e-15,-1.70459e-14] with 8 levels
INFO (CarpetRegrid2): Refined regions have not changed sufficiently; skipping regridding
INFO (CarpetRegrid2): Centre 1 is at position [7.73104,3.69939e-15,2.81495e-15] with 8 levels
INFO (CarpetRegrid2): Centre 2 is at position [-7.73104,2.43078e-15,-1.70459e-14] with 8 levels
INFO (CarpetRegrid2): Refined regions have not changed sufficiently; skipping regridding
INFO (CarpetRegrid2): Centre 1 is at position [7.73104,3.69939e-15,2.81495e-15] with 8 levels
INFO (CarpetRegrid2): Centre 2 is at position [-7.73104,2.43078e-15,-1.70459e-14] with 8 levels
INFO (CarpetRegrid2): Refined regions have not changed sufficiently; skipping regridding
INFO (CarpetRegrid2): Centre 1 is at position [7.73104,3.69939e-15,2.81495e-15] with 8 levels
INFO (CarpetRegrid2): Centre 2 is at position [-7.73104,2.43078e-15,-1.70459e-14] with 8 levels
INFO (CarpetRegrid2): Refined regions have not changed sufficiently; skipping regridding
INFO (CarpetRegrid2): Centre 1 is at position [7.73104,3.69939e-15,2.81495e-15] with 8 levels
INFO (CarpetRegrid2): Centre 2 is at position [-7.73104,2.43078e-15,-1.70459e-14] with 8 levels
INFO (CarpetRegrid2): Refined regions have not changed sufficiently; skipping regridding
     1537    24.016 |   97.5708086 |    0.0212278    0.9988775 |       870      1128
     1538    24.031 |   97.5928573 |    0.0208033    0.9988775 |       870      1128
     1539    24.047 |   97.6158232 |    0.0203892    0.9988775 |       870      1128
------------------------------------------------------------------------------------
Iteration      Time | *me_per_hour |     LEANBSSNMOL::conf_fac | *TISTICS::maxrss_mb
                    |              |      minimum      maximum |   minimum   maximum
------------------------------------------------------------------------------------
     1540    24.062 |   97.6293751 |    0.0199859    0.9988775 |       870      1128
     1541    24.078 |   97.6282387 |    0.0195937    0.9988775 |       870      1128
     1542    24.094 |   97.6505037 |    0.0192128    0.9988775 |       870      1128
     1543    24.109 |   97.6732966 |    0.0188434    0.9988775 |       870      1128
     1544    24.125 |   97.6818791 |    0.0184859    0.9988775 |       870      1128
     1545    24.141 |   97.6577178 |    0.0181406    0.9988775 |       870      1128
     1546    24.156 |   97.6800264 |    0.0178075    0.9988775 |       870      1128
     1547    24.172 |   97.7028742 |    0.0174870    0.9988775 |       870      1128
     1548    24.188 |   97.7167736 |    0.0171793    0.9988775 |       870      1128
     1549    24.203 |   97.7171720 |    0.0168846    0.9988775 |       870      1128
     1550    24.219 |   97.7385321 |    0.0166031    0.9988775 |       870      1128
     1551    24.234 |   97.7608399 |    0.0163350    0.9988775 |       870      1128
     1552    24.250 |   97.7678180 |    0.0160804    0.9988775 |       870      1128
     1553    24.266 |   97.7239713 |    0.0158397    0.9988775 |       870      1128
     1554    24.281 |   97.7454878 |    0.0156128    0.9988775 |       870      1128
     1555    24.297 |   97.7678374 |    0.0154001    0.9988775 |       870      1128
     1556    24.312 |   97.7817092 |    0.0152015    0.9988775 |       870      1128
     1557    24.328 |   97.7818788 |    0.0150173    0.9988775 |       870      1128
     1558    24.344 |   97.8029432 |    0.0148476    0.9988775 |       870      1128
     1559    24.359 |   97.8247382 |    0.0146926    0.9988775 |       870      1128
------------------------------------------------------------------------------------
Iteration      Time | *me_per_hour |     LEANBSSNMOL::conf_fac | *TISTICS::maxrss_mb
                    |              |      minimum      maximum |   minimum   maximum
------------------------------------------------------------------------------------
     1560    24.375 |   97.8340983 |    0.0145522    0.9988775 |       870      1128
     1561    24.391 |   97.8097033 |    0.0144266    0.9988775 |       870      1128
     1562    24.406 |   97.8313541 |    0.0143158    0.9988775 |       870      1128
     1563    24.422 |   97.8533814 |    0.0142201    0.9988775 |       870      1128
     1564    24.438 |   97.8670649 |    0.0141393    0.9988775 |       870      1128
     1565    24.453 |   97.8667468 |    0.0140736    0.9988775 |       870      1128
     1566    24.469 |   97.8873363 |    0.0140230    0.9988775 |       870      1128
     1567    24.484 |   97.9096354 |    0.0139876    0.9988775 |       870      1128
     1568    24.500 |   97.9095232 |    0.0139673    0.9988775 |       870      1128
     1569    24.516 |   97.8487496 |    0.0139622    0.9988775 |       870      1128
     1570    24.531 |   97.8701637 |    0.0139722    0.9988775 |       870      1128
     1571    24.547 |   97.8909058 |    0.0139975    0.9988775 |       870      1128
     1572    24.562 |   97.9040640 |    0.0140378    0.9988775 |       870      1128
     1573    24.578 |   97.9039965 |    0.0140933    0.9988775 |       870      1128
     1574    24.594 |   97.9253719 |    0.0141640    0.9988775 |       870      1128
     1575    24.609 |   97.9473242 |    0.0142496    0.9988775 |       870      1128
     1576    24.625 |   97.9549472 |    0.0143503    0.9988775 |       870      1128
     1577    24.641 |   97.9320087 |    0.0144660    0.9988775 |       870      1128
     1578    24.656 |   97.9532434 |    0.0145966    0.9988775 |       870      1128
     1579    24.672 |   97.9756007 |    0.0147420    0.9988775 |       870      1128
------------------------------------------------------------------------------------
Iteration      Time | *me_per_hour |     LEANBSSNMOL::conf_fac | *TISTICS::maxrss_mb
                    |              |      minimum      maximum |   minimum   maximum
------------------------------------------------------------------------------------
     1580    24.688 |   97.9894389 |    0.0149022    0.9988775 |       870      1128
     1581    24.703 |   97.9892422 |    0.0150771    0.9988775 |       870      1128
     1582    24.719 |   98.0101429 |    0.0152665    0.9988775 |       870      1128
     1583    24.734 |   98.0320478 |    0.0154705    0.9988775 |       870      1128
     1584    24.750 |   98.0388765 |    0.0156888    0.9988775 |       870      1128
     1585    24.766 |   97.9949994 |    0.0159215    0.9988775 |       870      1128
     1586    24.781 |   98.0162229 |    0.0161682    0.9988775 |       870      1128
     1587    24.797 |   98.0369602 |    0.0164290    0.9988775 |       870      1128
     1588    24.812 |   98.0495188 |    0.0167037    0.9988775 |       870      1128
     1589    24.828 |   98.0490170 |    0.0169921    0.9988775 |       870      1128
     1590    24.844 |   98.0699115 |    0.0172940    0.9988775 |       870      1128
     1591    24.859 |   98.0919696 |    0.0176095    0.9988775 |       870      1128
     1592    24.875 |   98.0991366 |    0.0179382    0.9988775 |       870      1128
     1593    24.891 |   98.0674120 |    0.0182800    0.9988775 |       870      1128
     1594    24.906 |   98.0862134 |    0.0186347    0.9988775 |       870      1128
     1595    24.922 |   98.1045061 |    0.0190023    0.9988775 |       870      1128
     1596    24.938 |   98.1173889 |    0.0193823    0.9988775 |       870      1128
     1597    24.953 |   98.1165422 |    0.0197748    0.9988775 |       870      1128
     1598    24.969 |   98.1381345 |    0.0201795    0.9988775 |       870      1128
     1599    24.984 |   98.1595752 |    0.0205961    0.9988775 |       870      1128
------------------------------------------------------------------------------------
Iteration      Time | *me_per_hour |     LEANBSSNMOL::conf_fac | *TISTICS::maxrss_mb
                    |              |      minimum      maximum |   minimum   maximum
------------------------------------------------------------------------------------
     1600    25.000 |   98.1363445 |    0.0210246    0.9988775 |       870      1128
INFO (CarpetRegrid2): Centre 1 is at position [7.70413,4.05008e-15,3.35503e-15] with 8 levels
INFO (CarpetRegrid2): Centre 2 is at position [-7.70413,3.09844e-15,-1.89375e-14] with 8 levels
INFO (CarpetRegrid2): Refined regions have not changed sufficiently; skipping regridding
INFO (CarpetRegrid2): Centre 1 is at position [7.70413,4.05008e-15,3.35503e-15] with 8 levels
INFO (CarpetRegrid2): Centre 2 is at position [-7.70413,3.09844e-15,-1.89375e-14] with 8 levels
INFO (CarpetRegrid2): Refined regions have not changed sufficiently; skipping regridding
INFO (CarpetRegrid2): Centre 1 is at position [7.70413,4.05008e-15,3.35503e-15] with 8 levels
INFO (CarpetRegrid2): Centre 2 is at position [-7.70413,3.09844e-15,-1.89375e-14] with 8 levels
INFO (CarpetRegrid2): Refined regions have not changed sufficiently; skipping regridding
INFO (CarpetRegrid2): Centre 1 is at position [7.70413,4.05008e-15,3.35503e-15] with 8 levels
INFO (CarpetRegrid2): Centre 2 is at position [-7.70413,3.09844e-15,-1.89375e-14] with 8 levels
INFO (CarpetRegrid2): Refined regions have not changed sufficiently; skipping regridding
INFO (CarpetRegrid2): Centre 1 is at position [7.70413,4.05008e-15,3.35503e-15] with 8 levels
INFO (CarpetRegrid2): Centre 2 is at position [-7.70413,3.09844e-15,-1.89375e-14] with 8 levels
INFO (CarpetRegrid2): Refined regions have not changed sufficiently; skipping regridding
INFO (CarpetRegrid2): Centre 1 is at position [7.70413,4.05008e-15,3.35503e-15] with 8 levels
INFO (CarpetRegrid2): Centre 2 is at position [-7.70413,3.09844e-15,-1.89375e-14] with 8 levels
INFO (CarpetRegrid2): Refined regions have not changed sufficiently; skipping regridding
INFO (CarpetRegrid2): Centre 1 is at position [7.70413,4.05008e-15,3.35503e-15] with 8 levels
INFO (CarpetRegrid2): Centre 2 is at position [-7.70413,3.09844e-15,-1.89375e-14] with 8 levels
INFO (CarpetRegrid2): Refined regions have not changed sufficiently; skipping regridding
INFO (CarpetRegrid2): Centre 1 is at position [7.70413,4.05008e-15,3.35503e-15] with 8 levels
INFO (CarpetRegrid2): Centre 2 is at position [-7.70413,3.09844e-15,-1.89375e-14] with 8 levels
INFO (CarpetRegrid2): Refined regions have not changed sufficiently; skipping regridding
     1601    25.016 |   97.7084863 |    0.0214646    0.9988775 |       870      1128
     1602    25.031 |   97.7290915 |    0.0219160    0.9988775 |       870      1128
     1603    25.047 |   97.7510203 |    0.0223786    0.9988775 |       870      1128
     1604    25.062 |   97.7640706 |    0.0228521    0.9988775 |       870      1128
     1605    25.078 |   97.7632441 |    0.0233363    0.9988775 |       870      1128
     1606    25.094 |   97.7846289 |    0.0237243    0.9988775 |       870      1128
     1607    25.109 |   97.8059073 |    0.0232287    0.9988775 |       870      1128
     1608    25.125 |   97.8144194 |    0.0227430    0.9988775 |       870      1128
     1609    25.141 |   97.7913219 |    0.0222676    0.9988775 |       870      1128
     1610    25.156 |   97.8122484 |    0.0218027    0.9988775 |       870      1128
     1611    25.172 |   97.8342077 |    0.0213487    0.9988775 |       870      1128
     1612    25.188 |   97.8472601 |    0.0209059    0.9988775 |       870      1128
     1613    25.203 |   97.8469061 |    0.0204747    0.9988775 |       870      1128
     1614    25.219 |   97.8678433 |    0.0200554    0.9988775 |       870      1128
     1615    25.234 |   97.8893367 |    0.0196482    0.9988775 |       870      1128
     1616    25.250 |   97.8949445 |    0.0192536    0.9988775 |       870      1128
     1617    25.266 |   97.8513834 |    0.0188717    0.9988775 |       870      1128
     1618    25.281 |   97.8709139 |    0.0185029    0.9988775 |       870      1128
     1619    25.297 |   97.8926869 |    0.0181475    0.9988775 |       870      1128
------------------------------------------------------------------------------------
Iteration      Time | *me_per_hour |     LEANBSSNMOL::conf_fac | *TISTICS::maxrss_mb
                    |              |      minimum      maximum |   minimum   maximum
------------------------------------------------------------------------------------
     1620    25.312 |   97.9058235 |    0.0178057    0.9988775 |       870      1128
     1621    25.328 |   97.9057955 |    0.0174777    0.9988775 |       870      1128
     1622    25.344 |   97.9265985 |    0.0171639    0.9988775 |       870      1128
     1623    25.359 |   97.9481242 |    0.0168643    0.9988775 |       870      1128
     1624    25.375 |   97.9557260 |    0.0165794    0.9988775 |       870      1128
     1625    25.391 |   97.9333993 |    0.0163093    0.9988775 |       870      1128
     1626    25.406 |   97.9544743 |    0.0160541    0.9988775 |       870      1128
     1627    25.422 |   97.9759877 |    0.0158141    0.9988775 |       870      1128
     1628    25.438 |   97.9881351 |    0.0155895    0.9988775 |       870      1128
     1629    25.453 |   97.9880519 |    0.0153804    0.9988775 |       870      1128
     1630    25.469 |   98.0075469 |    0.0151870    0.9988775 |       870      1128
     1631    25.484 |   98.0263882 |    0.0150094    0.9988775 |       870      1128
     1632    25.500 |   98.0270349 |    0.0148477    0.9988775 |       870      1128
     1633    25.516 |   97.9688413 |    0.0147022    0.9988775 |       870      1128
     1634    25.531 |   97.9889220 |    0.0145728    0.9988775 |       870      1128
     1635    25.547 |   98.0094993 |    0.0144596    0.9988775 |       870      1128
     1636    25.562 |   98.0224291 |    0.0143629    0.9988775 |       870      1128
     1637    25.578 |   98.0209598 |    0.0142826    0.9988775 |       870      1128
     1638    25.594 |   98.0411708 |    0.0142187    0.9988775 |       870      1128
     1639    25.609 |   98.0622729 |    0.0141714    0.9988775 |       870      1128
------------------------------------------------------------------------------------
Iteration      Time | *me_per_hour |     LEANBSSNMOL::conf_fac | *TISTICS::maxrss_mb
                    |              |      minimum      maximum |   minimum   maximum
------------------------------------------------------------------------------------
     1640    25.625 |   98.0702819 |    0.0141407    0.9988775 |       870      1128
     1641    25.641 |   98.0482781 |    0.0141266    0.9988775 |       870      1128
     1642    25.656 |   98.0684501 |    0.0141290    0.9988775 |       870      1128
     1643    25.672 |   98.0896285 |    0.0141481    0.9988775 |       870      1128
     1644    25.688 |   98.1018584 |    0.0141839    0.9988775 |       870      1128
     1645    25.703 |   98.1014690 |    0.0142362    0.9988775 |       870      1128
     1646    25.719 |   98.1213556 |    0.0143052    0.9988775 |       870      1128
     1647    25.734 |   98.1425018 |    0.0143907    0.9988775 |       870      1128
     1648    25.750 |   98.1484799 |    0.0144927    0.9988775 |       870      1128
     1649    25.766 |   98.1069626 |    0.0146112    0.9988775 |       870      1128
     1650    25.781 |   98.1265722 |    0.0147461    0.9988775 |       870      1128
     1651    25.797 |   98.1474860 |    0.0148973    0.9988775 |       870      1128
     1652    25.812 |   98.1611721 |    0.0150647    0.9988775 |       870      1128
     1653    25.828 |   98.1611799 |    0.0152484    0.9988775 |       870      1128
     1654    25.844 |   98.1813415 |    0.0154480    0.9988775 |       870      1128
     1655    25.859 |   98.2026560 |    0.0156637    0.9988775 |       870      1128
     1656    25.875 |   98.2105759 |    0.0158951    0.9988775 |       870      1128
     1657    25.891 |   98.1866523 |    0.0161422    0.9988775 |       870      1128
     1658    25.906 |   98.2066390 |    0.0164049    0.9988775 |       870      1128
     1659    25.922 |   98.2271898 |    0.0166831    0.9988775 |       870      1128
------------------------------------------------------------------------------------
Iteration      Time | *me_per_hour |     LEANBSSNMOL::conf_fac | *TISTICS::maxrss_mb
                    |              |      minimum      maximum |   minimum   maximum
------------------------------------------------------------------------------------
     1660    25.938 |   98.2398568 |    0.0169764    0.9988775 |       870      1128
     1661    25.953 |   98.2386732 |    0.0172849    0.9988775 |       870      1128
     1662    25.969 |   98.2589114 |    0.0176083    0.9988775 |       870      1128
     1663    25.984 |   98.2797579 |    0.0179464    0.9988775 |       870      1128
     1664    26.000 |   98.2537669 |    0.0182991    0.9988775 |       870      1128
INFO (CarpetRegrid2): Centre 1 is at position [7.67597,4.49899e-15,3.83773e-15] with 8 levels
INFO (CarpetRegrid2): Centre 2 is at position [-7.67597,3.69445e-15,-2.07322e-14] with 8 levels
INFO (CarpetRegrid2): Refined regions have not changed sufficiently; skipping regridding
INFO (CarpetRegrid2): Centre 1 is at position [7.67597,4.49899e-15,3.83773e-15] with 8 levels
INFO (CarpetRegrid2): Centre 2 is at position [-7.67597,3.69445e-15,-2.07322e-14] with 8 levels
INFO (CarpetRegrid2): Refined regions have not changed sufficiently; skipping regridding
INFO (CarpetRegrid2): Centre 1 is at position [7.67597,4.49899e-15,3.83773e-15] with 8 levels
INFO (CarpetRegrid2): Centre 2 is at position [-7.67597,3.69445e-15,-2.07322e-14] with 8 levels
INFO (CarpetRegrid2): Refined regions have not changed sufficiently; skipping regridding
INFO (CarpetRegrid2): Centre 1 is at position [7.67597,4.49899e-15,3.83773e-15] with 8 levels
INFO (CarpetRegrid2): Centre 2 is at position [-7.67597,3.69445e-15,-2.07322e-14] with 8 levels
INFO (CarpetRegrid2): Refined regions have not changed sufficiently; skipping regridding
INFO (CarpetRegrid2): Centre 1 is at position [7.67597,4.49899e-15,3.83773e-15] with 8 levels
INFO (CarpetRegrid2): Centre 2 is at position [-7.67597,3.69445e-15,-2.07322e-14] with 8 levels
INFO (CarpetRegrid2): Refined regions have not changed sufficiently; skipping regridding
INFO (CarpetRegrid2): Centre 1 is at position [7.67597,4.49899e-15,3.83773e-15] with 8 levels
INFO (CarpetRegrid2): Centre 2 is at position [-7.67597,3.69445e-15,-2.07322e-14] with 8 levels
INFO (CarpetRegrid2): Refined regions have not changed sufficiently; skipping regridding
INFO (CarpetRegrid2): Centre 1 is at position [7.67597,4.49899e-15,3.83773e-15] with 8 levels
INFO (CarpetRegrid2): Centre 2 is at position [-7.67597,3.69445e-15,-2.07322e-14] with 8 levels
INFO (CarpetRegrid2): Refined regions have not changed sufficiently; skipping regridding
INFO (CarpetRegrid2): Centre 1 is at position [7.67597,4.49899e-15,3.83773e-15] with 8 levels
INFO (CarpetRegrid2): Centre 2 is at position [-7.67597,3.69445e-15,-2.07322e-14] with 8 levels
INFO (CarpetRegrid2): Refined regions have not changed sufficiently; skipping regridding
     1665    26.016 |   97.8419678 |    0.0186661    0.9988775 |       870      1128
     1666    26.031 |   97.8623504 |    0.0190474    0.9988775 |       870      1128
     1667    26.047 |   97.8832018 |    0.0194426    0.9988775 |       870      1128
     1668    26.062 |   97.8960536 |    0.0198515    0.9988775 |       870      1128
     1669    26.078 |   97.8958053 |    0.0202740    0.9988775 |       870      1128
     1670    26.094 |   97.9163366 |    0.0207098    0.9988775 |       870      1128
     1671    26.109 |   97.9373293 |    0.0211586    0.9988775 |       870      1128
     1672    26.125 |   97.9451214 |    0.0216204    0.9988775 |       870      1128
     1673    26.141 |   97.9229943 |    0.0220947    0.9988775 |       870      1128
     1674    26.156 |   97.9433842 |    0.0225814    0.9988775 |       870      1128
     1675    26.172 |   97.9642104 |    0.0230802    0.9988775 |       870      1128
     1676    26.188 |   97.9773126 |    0.0235908    0.9988775 |       870      1128
     1677    26.203 |   97.9769123 |    0.0235692    0.9988775 |       870      1128
     1678    26.219 |   97.9967106 |    0.0230566    0.9988775 |       870      1128
     1679    26.234 |   98.0175824 |    0.0225551    0.9988775 |       870      1128
------------------------------------------------------------------------------------
Iteration      Time | *me_per_hour |     LEANBSSNMOL::conf_fac | *TISTICS::maxrss_mb
                    |              |      minimum      maximum |   minimum   maximum
------------------------------------------------------------------------------------
     1680    26.250 |   98.0242567 |    0.0220653    0.9988775 |       870      1128
     1681    26.266 |   97.9836116 |    0.0215875    0.9988775 |       870      1128
     1682    26.281 |   98.0037304 |    0.0211220    0.9988775 |       870      1128
     1683    26.297 |   98.0245593 |    0.0206692    0.9988775 |       870      1128
     1684    26.312 |   98.0371077 |    0.0202295    0.9988775 |       870      1128
     1685    26.328 |   98.0367808 |    0.0198033    0.9988775 |       870      1128
     1686    26.344 |   98.0569540 |    0.0193909    0.9988775 |       870      1128
     1687    26.359 |   98.0769869 |    0.0189926    0.9988775 |       870      1128
     1688    26.375 |   98.0848578 |    0.0186087    0.9988775 |       870      1128
     1689    26.391 |   98.0631813 |    0.0182395    0.9988775 |       870      1128
     1690    26.406 |   98.0834447 |    0.0178855    0.9988775 |       870      1128
     1691    26.422 |   98.1042389 |    0.0175467    0.9988775 |       870      1128
     1692    26.438 |   98.1170285 |    0.0172236    0.9988775 |       870      1128
     1693    26.453 |   98.1166477 |    0.0169164    0.9988775 |       870      1128
     1694    26.469 |   98.1368878 |    0.0166252    0.9988775 |       870      1128
     1695    26.484 |   98.1573432 |    0.0163505    0.9988775 |       870      1128
     1696    26.500 |   98.1572519 |    0.0160923    0.9988775 |       870      1128
     1697    26.516 |   98.0995309 |    0.0158510    0.9988775 |       870      1128
     1698    26.531 |   98.1176337 |    0.0156266    0.9988775 |       870      1128
     1699    26.547 |   98.1352535 |    0.0154194    0.9988775 |       870      1128
------------------------------------------------------------------------------------
Iteration      Time | *me_per_hour |     LEANBSSNMOL::conf_fac | *TISTICS::maxrss_mb
                    |              |      minimum      maximum |   minimum   maximum
------------------------------------------------------------------------------------
     1700    26.562 |   98.1469981 |    0.0152296    0.9988775 |       870      1128
     1701    26.578 |   98.1427795 |    0.0150573    0.9988775 |       870      1128
     1702    26.594 |   98.1624428 |    0.0149026    0.9988775 |       870      1128
     1703    26.609 |   98.1827403 |    0.0147657    0.9988775 |       870      1128
     1704    26.625 |   98.1908666 |    0.0146467    0.9988775 |       870      1128
     1705    26.641 |   98.1690677 |    0.0145456    0.9988775 |       870      1128
     1706    26.656 |   98.1890783 |    0.0144627    0.9988775 |       870      1128
     1707    26.672 |   98.2094718 |    0.0143978    0.9988775 |       870      1128
     1708    26.688 |   98.2220941 |    0.0143512    0.9988775 |       870      1128
     1709    26.703 |   98.2208224 |    0.0143228    0.9988775 |       870      1128
     1710    26.719 |   98.2401729 |    0.0143127    0.9988775 |       870      1128
     1711    26.734 |   98.2604269 |    0.0143210    0.9988775 |       870      1128
     1712    26.750 |   98.2675017 |    0.0143475    0.9988775 |       870      1128
     1713    26.766 |   98.2271196 |    0.0143924    0.9988775 |       870      1128
     1714    26.781 |   98.2465391 |    0.0144556    0.9988775 |       870      1128
     1715    26.797 |   98.2668142 |    0.0145371    0.9988775 |       870      1128
     1716    26.812 |   98.2791873 |    0.0146368    0.9988775 |       870      1128
     1717    26.828 |   98.2782841 |    0.0147547    0.9988775 |       870      1128
     1718    26.844 |   98.2977143 |    0.0148907    0.9988775 |       870      1128
     1719    26.859 |   98.3172213 |    0.0150448    0.9988775 |       870      1128
------------------------------------------------------------------------------------
Iteration      Time | *me_per_hour |     LEANBSSNMOL::conf_fac | *TISTICS::maxrss_mb
                    |              |      minimum      maximum |   minimum   maximum
------------------------------------------------------------------------------------
     1720    26.875 |   98.3253018 |    0.0152169    0.9988775 |       870      1128
     1721    26.891 |   98.3037821 |    0.0154067    0.9988775 |       870      1128
     1722    26.906 |   98.3233442 |    0.0156144    0.9988775 |       870      1128
     1723    26.922 |   98.3435944 |    0.0158396    0.9988775 |       870      1128
     1724    26.938 |   98.3555300 |    0.0160823    0.9988775 |       870      1128
     1725    26.953 |   98.3552055 |    0.0163424    0.9988775 |       870      1128
     1726    26.969 |   98.3747607 |    0.0166196    0.9988775 |       870      1128
     1727    26.984 |   98.3952074 |    0.0169138    0.9988775 |       870      1128
     1728    27.000 |   98.3732806 |    0.0172249    0.9988775 |       870      1128
INFO (CarpetRegrid2): Centre 1 is at position [7.64636,4.84975e-15,4.39278e-15] with 8 levels
INFO (CarpetRegrid2): Centre 2 is at position [-7.64636,4.35952e-15,-2.24346e-14] with 8 levels
INFO (CarpetRegrid2): Regridding level 0 map 0 at iteration 1729 time 27
INFO (CarpetRegrid2): Regridding levels 1 and up
INFO (CarpetRegrid2): Enforcing grid structure properties, iteration 0
INFO (CarpetRegrid2): Enforcing grid structure properties, iteration 0
INFO (CarpetRegrid2): Enforcing grid structure properties, iteration 0
INFO (CarpetRegrid2): Enforcing grid structure properties, iteration 0
INFO (CarpetRegrid2): Enforcing grid structure properties, iteration 0
INFO (CarpetRegrid2): Enforcing grid structure properties, iteration 0
INFO (CarpetRegrid2): Enforcing grid structure properties, iteration 0
INFO (Carpet): Grid structure (superregions, grid points):
   [0][0][0]   exterior: [0,0,0] : [260,260,260]   ([261,261,261] + PADDING) 17779581
   [1][0][0]   exterior: [215,219,219] : [305,301,301]   ([91,83,83] + PADDING) 626899
   [2][0][0]   exterior: [479,487,487] : [561,553,553]   ([83,67,67] + PADDING) 372587
   [3][0][0]   exterior: [992,1007,1007] : [1088,1073,1073]   ([97,67,67] + PADDING) 435433
   [4][0][0]   exterior: [2017,2048,2048] : [2143,2112,2112]   ([127,65,65] + PADDING) 536575
   [5][0][0]   exterior: [4067,4129,4129] : [4130,4191,4191]   ([64,63,63] + PADDING) 254016
   [5][0][1]   exterior: [4190,4129,4129] : [4253,4191,4191]   ([64,63,63] + PADDING) 254016
   [6][0][0]   exterior: [8168,8291,8291] : [8227,8349,8349]   ([60,59,59] + PADDING) 208860
   [6][0][1]   exterior: [8413,8291,8291] : [8472,8349,8349]   ([60,59,59] + PADDING) 208860
   [7][0][0]   exterior: [16370,16615,16615] : [16420,16665,16665]   ([51,51,51] + PADDING) 132651
   [7][0][1]   exterior: [16860,16615,16615] : [16910,16665,16665]   ([51,51,51] + PADDING) 132651
INFO (Carpet): Grid structure (superregions, coordinates):
   [0][0][0]   exterior: [-520,-520,-520] : [520,520,520] : [4,4,4]
   [1][0][0]   exterior: [-90,-82,-82] : [90,82,82] : [2,2,2]
   [2][0][0]   exterior: [-41,-33,-33] : [41,33,33] : [1,1,1]
   [3][0][0]   exterior: [-24,-16.5,-16.5] : [24,16.5,16.5] : [0.5,0.5,0.5]
   [4][0][0]   exterior: [-15.75,-8,-8] : [15.75,8,8] : [0.25,0.25,0.25]
   [5][0][0]   exterior: [-11.625,-3.875,-3.875] : [-3.75,3.875,3.875] : [0.125,0.125,0.125]
   [5][0][1]   exterior: [3.75,-3.875,-3.875] : [11.625,3.875,3.875] : [0.125,0.125,0.125]
   [6][0][0]   exterior: [-9.5,-1.8125,-1.8125] : [-5.8125,1.8125,1.8125] : [0.0625,0.0625,0.0625]
   [6][0][1]   exterior: [5.8125,-1.8125,-1.8125] : [9.5,1.8125,1.8125] : [0.0625,0.0625,0.0625]
   [7][0][0]   exterior: [-8.4375,-0.78125,-0.78125] : [-6.875,0.78125,0.78125] : [0.03125,0.03125,0.03125]
   [7][0][1]   exterior: [6.875,-0.78125,-0.78125] : [8.4375,0.78125,0.78125] : [0.03125,0.03125,0.03125]
INFO (Carpet): Global grid structure statistics:
INFO (Carpet): GF: rhs: 250k active, 488k owned (+95%), 1175k total (+141%), 128 steps/time
INFO (Carpet): GF: vars: 247, pts: 4415M active, 4877M owned (+10%), 7704M total (+58%), 1.0 comp/proc
INFO (Carpet): GA: vars: 1664, pts: 381M active, 381M total (+0%)
INFO (Carpet): Total required memory: 65.531 GByte (for GAs and currently active GFs)
INFO (Carpet): Load balance:  min     avg     max     sdv     max/avg-1
INFO (Carpet): Level  0:      32M     37M     41M      2M owned     11%
INFO (Carpet): Level  1:       1M      1M      1M      0M owned      8%
INFO (Carpet): Level  2:       1M      1M      1M      0M owned      7%
INFO (Carpet): Level  3:       1M      1M      1M      0M owned      4%
INFO (Carpet): Level  4:       1M      1M      1M      0M owned      8%
INFO (Carpet): Level  5:       1M      1M      1M      0M owned      4%
INFO (Carpet): Level  6:       1M      1M      1M      0M owned      5%
INFO (Carpet): Level  7:       0M      1M      1M      0M owned      7%
     1729    27.016 |   97.6588767 |    0.0175526    0.9988775 |       868      1128
     1730    27.031 |   97.6786690 |    0.0178967    0.9988775 |       868      1128
     1731    27.047 |   97.6988068 |    0.0182571    0.9988775 |       868      1128
     1732    27.062 |   97.7125835 |    0.0186335    0.9988775 |       869      1128
     1733    27.078 |   97.7126428 |    0.0190256    0.9988775 |       869      1128
     1734    27.094 |   97.7316792 |    0.0194334    0.9988775 |       869      1128
     1735    27.109 |   97.7508647 |    0.0198564    0.9988775 |       869      1128
     1736    27.125 |   97.7512447 |    0.0202945    0.9988775 |       869      1128
     1737    27.141 |   97.7305480 |    0.0207474    0.9988775 |       869      1128
     1738    27.156 |   97.7504325 |    0.0212149    0.9988775 |       869      1128
     1739    27.172 |   97.7707359 |    0.0216967    0.9988775 |       869      1128
------------------------------------------------------------------------------------
Iteration      Time | *me_per_hour |     LEANBSSNMOL::conf_fac | *TISTICS::maxrss_mb
                    |              |      minimum      maximum |   minimum   maximum
------------------------------------------------------------------------------------
     1740    27.188 |   97.7845761 |    0.0221924    0.9988775 |       869      1128
     1741    27.203 |   97.7849824 |    0.0227019    0.9988775 |       869      1128
     1742    27.219 |   97.8047429 |    0.0232248    0.9988775 |       869      1128
     1743    27.234 |   97.8250262 |    0.0237608    0.9988775 |       869      1128
     1744    27.250 |   97.8308352 |    0.0235303    0.9988775 |       869      1128
     1745    27.266 |   97.7930994 |    0.0229982    0.9988775 |       869      1128
     1746    27.281 |   97.8123130 |    0.0224787    0.9988775 |       869      1128
     1747    27.297 |   97.8321071 |    0.0219723    0.9988775 |       869      1128
     1748    27.312 |   97.8456873 |    0.0214795    0.9988775 |       869      1128
     1749    27.328 |   97.8461955 |    0.0210006    0.9988775 |       869      1128
     1750    27.344 |   97.8658727 |    0.0205360    0.9988775 |       869      1128
     1751    27.359 |   97.8853755 |    0.0200863    0.9988775 |       869      1128
     1752    27.375 |   97.8938780 |    0.0196516    0.9988775 |       869      1128
     1753    27.391 |   97.8751942 |    0.0192325    0.9988775 |       869      1128
     1754    27.406 |   97.8951253 |    0.0188292    0.9988775 |       869      1128
     1755    27.422 |   97.9151569 |    0.0184422    0.9988775 |       869      1128
     1756    27.438 |   97.9290099 |    0.0180717    0.9988775 |       869      1128
     1757    27.453 |   97.9283460 |    0.0177181    0.9988775 |       869      1128
     1758    27.469 |   97.9476803 |    0.0173817    0.9988775 |       869      1128
     1759    27.484 |   97.9669857 |    0.0170628    0.9988775 |       869      1128
------------------------------------------------------------------------------------
Iteration      Time | *me_per_hour |     LEANBSSNMOL::conf_fac | *TISTICS::maxrss_mb
                    |              |      minimum      maximum |   minimum   maximum
------------------------------------------------------------------------------------
     1760    27.500 |   97.9671282 |    0.0167616    0.9988775 |       869      1128
     1761    27.516 |   97.9152453 |    0.0164784    0.9988775 |       869      1128
     1762    27.531 |   97.9341024 |    0.0162135    0.9988775 |       869      1128
     1763    27.547 |   97.9542055 |    0.0159671    0.9988775 |       869      1128
     1764    27.562 |   97.9680052 |    0.0157395    0.9988775 |       869      1128
     1765    27.578 |   97.9682946 |    0.0155307    0.9988775 |       869      1128
     1766    27.594 |   97.9873354 |    0.0153410    0.9988775 |       869      1128
     1767    27.609 |   98.0072960 |    0.0151706    0.9988775 |       869      1128
     1768    27.625 |   98.0155042 |    0.0150195    0.9988775 |       869      1128
     1769    27.641 |   97.9966250 |    0.0148880    0.9988775 |       869      1128
     1770    27.656 |   98.0163035 |    0.0147762    0.9988775 |       869      1128
     1771    27.672 |   98.0359541 |    0.0146841    0.9988775 |       869      1128
     1772    27.688 |   98.0494250 |    0.0146119    0.9988775 |       869      1128
     1773    27.703 |   98.0500069 |    0.0145597    0.9988775 |       869      1128
     1774    27.719 |   98.0694503 |    0.0145274    0.9988775 |       869      1128
     1775    27.734 |   98.0891343 |    0.0145152    0.9988775 |       869      1128
     1776    27.750 |   98.0938325 |    0.0145230    0.9988775 |       869      1128
     1777    27.766 |   98.0568312 |    0.0145509    0.9988775 |       869      1128
     1778    27.781 |   98.0762878 |    0.0145989    0.9988775 |       869      1128
     1779    27.797 |   98.0960174 |    0.0146669    0.9988775 |       869      1128
------------------------------------------------------------------------------------
Iteration      Time | *me_per_hour |     LEANBSSNMOL::conf_fac | *TISTICS::maxrss_mb
                    |              |      minimum      maximum |   minimum   maximum
------------------------------------------------------------------------------------
     1780    27.812 |   98.1094988 |    0.0147550    0.9988775 |       869      1128
     1781    27.828 |   98.1093889 |    0.0148631    0.9988775 |       869      1128
     1782    27.844 |   98.1286268 |    0.0149910    0.9988775 |       869      1128
     1783    27.859 |   98.1482268 |    0.0151388    0.9988775 |       869      1128
     1784    27.875 |   98.1558828 |    0.0153063    0.9988775 |       869      1128
     1785    27.891 |   98.1368227 |    0.0154934    0.9988775 |       869      1128
     1786    27.906 |   98.1553679 |    0.0157001    0.9988775 |       869      1128
     1787    27.922 |   98.1748485 |    0.0159261    0.9988775 |       869      1128
     1788    27.938 |   98.1883967 |    0.0161713    0.9988775 |       869      1128
     1789    27.953 |   98.1888764 |    0.0164355    0.9988775 |       869      1128
     1790    27.969 |   98.2080687 |    0.0167187    0.9988775 |       869      1128
     1791    27.984 |   98.2275476 |    0.0170205    0.9988775 |       869      1128
INFO (AHFinderDirect): proc 0: searching for horizon 1/6
INFO (AHFinderDirect): AH 3/6: r=79.0014 at (0.000000,-0.000000,-0.000000)
INFO (AHFinderDirect): AH 3/6: area=80424.76943 m_irreducible=39.99999938
INFO (AHFinderDirect): AH 4/6: r=99.0018 at (0.000000,-0.000000,0.000000)
INFO (AHFinderDirect): AH 4/6: area=125663.705 m_irreducible=49.99999976
INFO (AHFinderDirect): AH 5/6: r=179.003 at (0.000000,-0.000000,0.000000)
INFO (AHFinderDirect): AH 5/6: area=407150.4077 m_irreducible=89.99999998
INFO (AHFinderDirect): AH 6/6: r=239.003 at (0.000000,-0.000000,-0.000000)
INFO (AHFinderDirect): AH 6/6: area=723822.9473 m_irreducible=120
INFO (AHFinderDirect): AH 1/6: r=0.404079 at (7.616317,0.000000,0.000000)
INFO (AHFinderDirect): AH 1/6: area=11.23666304 m_irreducible=0.4728068403
INFO (AHFinderDirect): AH 2/6: r=0.404079 at (-7.616317,0.000000,-0.000000)
INFO (AHFinderDirect): AH 2/6: area=11.23666304 m_irreducible=0.4728068403
INFO (QuasiLocalMeasures): Calculating quasi-local quantities for surface    0
INFO (QuasiLocalMeasures): Importing from spherical surface    0
INFO (QuasiLocalMeasures): Geometric quantities for surface    0:
INFO (QuasiLocalMeasures):    Area A:                            11.2366
INFO (QuasiLocalMeasures):    Irreducible mass M = R/2:         0.472806
INFO (QuasiLocalMeasures):    Areal radius R = sqrt(A/4pi):     0.945613
INFO (QuasiLocalMeasures): Coordinate-dependent quantities for surface    0:
INFO (QuasiLocalMeasures):    Equatorial circumference:             5.94131
INFO (QuasiLocalMeasures):    Polar circumference at phi=0:         5.94907
INFO (QuasiLocalMeasures):    Polar circumference at phi=pi/2:      5.94157
INFO (QuasiLocalMeasures):    No valid spin guess from distortion.
INFO (QuasiLocalMeasures):    (Spin guess is imaginary.)
INFO (QuasiLocalMeasures):    Magnitude of invalid spin guess:     0.323909E-02
INFO (QuasiLocalMeasures):    Mass guess M from distortion:        0.472794
INFO (QuasiLocalMeasures): Isolated Horizon quantities for surface    0:
INFO (QuasiLocalMeasures):    Killing vector field eigenvalue norm:      1.00000
INFO (QuasiLocalMeasures):    Spin J:                                   0.690040E-08
INFO (QuasiLocalMeasures):    Kerr spin parameter a = J/M:              0.145946E-07
INFO (QuasiLocalMeasures):    Dimensionless spin parameter a = J/M^2:   0.308679E-07
INFO (QuasiLocalMeasures):    Spin J from NP:                           0.138079E-07
INFO (QuasiLocalMeasures):    Spin J from phi-coordinate-vector:         0.00000
INFO (QuasiLocalMeasures):    Mass M:                                   0.472806
INFO (QuasiLocalMeasures): Global quantities for surface    0:
INFO (QuasiLocalMeasures):    ADM energy:                 -1.35927
INFO (QuasiLocalMeasures):    ADM momentum x:            -0.303777E-02
INFO (QuasiLocalMeasures):    ADM momentum y:            -0.831433E-16
INFO (QuasiLocalMeasures):    ADM momentum z:             0.164825E-15
INFO (QuasiLocalMeasures):    ADM angular momentum x:    -0.104435E-04
INFO (QuasiLocalMeasures):    ADM angular momentum y:    -0.626333E-15
INFO (QuasiLocalMeasures):    ADM angular momentum z:    -0.420010E-15
INFO (QuasiLocalMeasures):    Weinberg energy:                  3.34086
INFO (QuasiLocalMeasures):    Weinberg momentum x:            -0.156401E-01
INFO (QuasiLocalMeasures):    Weinberg momentum y:            -0.305900E-16
INFO (QuasiLocalMeasures):    Weinberg momentum z:             0.607594E-15
INFO (QuasiLocalMeasures):    Weinberg angular momentum x:    -0.602780E-04
INFO (QuasiLocalMeasures):    Weinberg angular momentum y:    -0.544795E-14
INFO (QuasiLocalMeasures):    Weinberg angular momentum z:    -0.587203E-15
     1792    28.000 |   97.5704786 |    0.0173408    0.9988775 |       869      1134
INFO (CarpetRegrid2): Centre 1 is at position [7.61516,5.26645e-15,4.50527e-15] with 8 levels
INFO (CarpetRegrid2): Centre 2 is at position [-7.61516,5.02684e-15,-2.37391e-14] with 8 levels
INFO (CarpetRegrid2): Refined regions have not changed sufficiently; skipping regridding
INFO (CarpetRegrid2): Centre 1 is at position [7.61516,5.26645e-15,4.50527e-15] with 8 levels
INFO (CarpetRegrid2): Centre 2 is at position [-7.61516,5.02684e-15,-2.37391e-14] with 8 levels
INFO (CarpetRegrid2): Refined regions have not changed sufficiently; skipping regridding
INFO (CarpetRegrid2): Centre 1 is at position [7.61516,5.26645e-15,4.50527e-15] with 8 levels
INFO (CarpetRegrid2): Centre 2 is at position [-7.61516,5.02684e-15,-2.37391e-14] with 8 levels
INFO (CarpetRegrid2): Refined regions have not changed sufficiently; skipping regridding
INFO (CarpetRegrid2): Centre 1 is at position [7.61516,5.26645e-15,4.50527e-15] with 8 levels
INFO (CarpetRegrid2): Centre 2 is at position [-7.61516,5.02684e-15,-2.37391e-14] with 8 levels
INFO (CarpetRegrid2): Refined regions have not changed sufficiently; skipping regridding
INFO (CarpetRegrid2): Centre 1 is at position [7.61516,5.26645e-15,4.50527e-15] with 8 levels
INFO (CarpetRegrid2): Centre 2 is at position [-7.61516,5.02684e-15,-2.37391e-14] with 8 levels
INFO (CarpetRegrid2): Refined regions have not changed sufficiently; skipping regridding
INFO (CarpetRegrid2): Centre 1 is at position [7.61516,5.26645e-15,4.50527e-15] with 8 levels
INFO (CarpetRegrid2): Centre 2 is at position [-7.61516,5.02684e-15,-2.37391e-14] with 8 levels
INFO (CarpetRegrid2): Refined regions have not changed sufficiently; skipping regridding
INFO (CarpetRegrid2): Centre 1 is at position [7.61516,5.26645e-15,4.50527e-15] with 8 levels
INFO (CarpetRegrid2): Centre 2 is at position [-7.61516,5.02684e-15,-2.37391e-14] with 8 levels
INFO (CarpetRegrid2): Refined regions have not changed sufficiently; skipping regridding
INFO (CarpetRegrid2): Centre 1 is at position [7.61516,5.26645e-15,4.50527e-15] with 8 levels
INFO (CarpetRegrid2): Centre 2 is at position [-7.61516,5.02684e-15,-2.37391e-14] with 8 levels
INFO (CarpetRegrid2): Refined regions have not changed sufficiently; skipping regridding
     1793    28.016 |   97.1617130 |    0.0176793    0.9988775 |       869      1134
     1794    28.031 |   97.1809399 |    0.0180359    0.9988775 |       869      1134
     1795    28.047 |   97.2003509 |    0.0184103    0.9988775 |       869      1134
     1796    28.062 |   97.2139038 |    0.0188023    0.9988775 |       869      1134
     1797    28.078 |   97.2147321 |    0.0192115    0.9988775 |       869      1134
     1798    28.094 |   97.2342373 |    0.0196378    0.9988775 |       869      1134
     1799    28.109 |   97.2528442 |    0.0200809    0.9988775 |       869      1134
------------------------------------------------------------------------------------
Iteration      Time | *me_per_hour |     LEANBSSNMOL::conf_fac | *TISTICS::maxrss_mb
                    |              |      minimum      maximum |   minimum   maximum
------------------------------------------------------------------------------------
     1800    28.125 |   97.2619828 |    0.0205404    0.9988775 |       869      1134
     1801    28.141 |   97.2440413 |    0.0210161    0.9988775 |       869      1134
     1802    28.156 |   97.2634555 |    0.0215077    0.9988775 |       869      1134
     1803    28.172 |   97.2829711 |    0.0220148    0.9988775 |       869      1134
     1804    28.188 |   97.2966744 |    0.0225372    0.9988775 |       869      1134
     1805    28.203 |   97.2965230 |    0.0230744    0.9988775 |       869      1134
     1806    28.219 |   97.3148902 |    0.0236263    0.9988775 |       869      1134
     1807    28.234 |   97.3336451 |    0.0238024    0.9988775 |       869      1134
     1808    28.250 |   97.3396406 |    0.0232449    0.9988775 |       869      1134
     1809    28.266 |   97.3043378 |    0.0227014    0.9988775 |       869      1134
     1810    28.281 |   97.3235687 |    0.0221723    0.9988775 |       869      1134
     1811    28.297 |   97.3428689 |    0.0216580    0.9988775 |       869      1134
     1812    28.312 |   97.3563219 |    0.0211591    0.9988775 |       869      1134
     1813    28.328 |   97.3569491 |    0.0206759    0.9988775 |       869      1134
     1814    28.344 |   97.3755546 |    0.0202090    0.9988775 |       869      1134
     1815    28.359 |   97.3947176 |    0.0197586    0.9988775 |       869      1134
     1816    28.375 |   97.4022949 |    0.0193253    0.9988775 |       869      1134
     1817    28.391 |   97.3846212 |    0.0189094    0.9988775 |       869      1134
     1818    28.406 |   97.4037509 |    0.0185113    0.9988775 |       869      1134
     1819    28.422 |   97.4223202 |    0.0181313    0.9988775 |       869      1134
------------------------------------------------------------------------------------
Iteration      Time | *me_per_hour |     LEANBSSNMOL::conf_fac | *TISTICS::maxrss_mb
                    |              |      minimum      maximum |   minimum   maximum
------------------------------------------------------------------------------------
     1820    28.438 |   97.4363950 |    0.0177699    0.9988775 |       869      1134
     1821    28.453 |   97.4371485 |    0.0174273    0.9988775 |       869      1134
     1822    28.469 |   97.4557499 |    0.0171039    0.9988775 |       869      1134
     1823    28.484 |   97.4748076 |    0.0167999    0.9988775 |       869      1134
     1824    28.500 |   97.4744203 |    0.0165156    0.9988775 |       869      1134
     1825    28.516 |   97.4243594 |    0.0162514    0.9988775 |       869      1134
     1826    28.531 |   97.4422014 |    0.0160073    0.9988775 |       869      1134
     1827    28.547 |   97.4609781 |    0.0157837    0.9988775 |       869      1134
     1828    28.562 |   97.4742637 |    0.0155808    0.9988775 |       869      1134
     1829    28.578 |   97.4741594 |    0.0153987    0.9988775 |       869      1134
     1830    28.594 |   97.4924324 |    0.0152376    0.9988775 |       869      1134
     1831    28.609 |   97.5115318 |    0.0150978    0.9988775 |       869      1134
     1832    28.625 |   97.5197204 |    0.0149792    0.9988775 |       869      1134
     1833    28.641 |   97.4974690 |    0.0148821    0.9988775 |       869      1134
     1834    28.656 |   97.5163402 |    0.0148065    0.9988775 |       869      1134
     1835    28.672 |   97.5350531 |    0.0147526    0.9988775 |       869      1134
     1836    28.688 |   97.5485414 |    0.0147204    0.9988775 |       869      1134
     1837    28.703 |   97.5482312 |    0.0147098    0.9988775 |       869      1134
     1838    28.719 |   97.5670826 |    0.0147211    0.9988775 |       869      1134
     1839    28.734 |   97.5849520 |    0.0147541    0.9988775 |       869      1134
------------------------------------------------------------------------------------
Iteration      Time | *me_per_hour |     LEANBSSNMOL::conf_fac | *TISTICS::maxrss_mb
                    |              |      minimum      maximum |   minimum   maximum
------------------------------------------------------------------------------------
     1840    28.750 |   97.5912739 |    0.0148088    0.9988775 |       869      1134
     1841    28.766 |   97.5555135 |    0.0148853    0.9988775 |       869      1134
     1842    28.781 |   97.5730069 |    0.0149835    0.9988775 |       869      1134
     1843    28.797 |   97.5922084 |    0.0151032    0.9988775 |       869      1134
     1844    28.812 |   97.6059386 |    0.0152445    0.9988775 |       869      1134
     1845    28.828 |   97.6052179 |    0.0154073    0.9988775 |       869      1134
     1846    28.844 |   97.6243909 |    0.0155913    0.9988775 |       869      1134
     1847    28.859 |   97.6432116 |    0.0157965    0.9988775 |       869      1134
     1848    28.875 |   97.6508537 |    0.0160228    0.9988775 |       869      1134
     1849    28.891 |   97.6326322 |    0.0162700    0.9988775 |       869      1134
     1850    28.906 |   97.6496754 |    0.0165378    0.9988775 |       869      1134
     1851    28.922 |   97.6678958 |    0.0168261    0.9988775 |       869      1134
     1852    28.938 |   97.6805130 |    0.0171347    0.9988775 |       869      1134
     1853    28.953 |   97.6806293 |    0.0174633    0.9988775 |       869      1134
     1854    28.969 |   97.6995869 |    0.0178118    0.9988775 |       869      1134
     1855    28.984 |   97.7181645 |    0.0181798    0.9988775 |       869      1134
     1856    29.000 |   97.6993409 |    0.0185671    0.9988775 |       869      1134
INFO (CarpetRegrid2): Centre 1 is at position [7.58237,5.49e-15,4.66394e-15] with 8 levels
INFO (CarpetRegrid2): Centre 2 is at position [-7.58237,5.69523e-15,-2.49585e-14] with 8 levels
INFO (CarpetRegrid2): Refined regions have not changed sufficiently; skipping regridding
INFO (CarpetRegrid2): Centre 1 is at position [7.58237,5.49e-15,4.66394e-15] with 8 levels
INFO (CarpetRegrid2): Centre 2 is at position [-7.58237,5.69523e-15,-2.49585e-14] with 8 levels
INFO (CarpetRegrid2): Refined regions have not changed sufficiently; skipping regridding
INFO (CarpetRegrid2): Centre 1 is at position [7.58237,5.49e-15,4.66394e-15] with 8 levels
INFO (CarpetRegrid2): Centre 2 is at position [-7.58237,5.69523e-15,-2.49585e-14] with 8 levels
INFO (CarpetRegrid2): Refined regions have not changed sufficiently; skipping regridding
INFO (CarpetRegrid2): Centre 1 is at position [7.58237,5.49e-15,4.66394e-15] with 8 levels
INFO (CarpetRegrid2): Centre 2 is at position [-7.58237,5.69523e-15,-2.49585e-14] with 8 levels
INFO (CarpetRegrid2): Refined regions have not changed sufficiently; skipping regridding
INFO (CarpetRegrid2): Centre 1 is at position [7.58237,5.49e-15,4.66394e-15] with 8 levels
INFO (CarpetRegrid2): Centre 2 is at position [-7.58237,5.69523e-15,-2.49585e-14] with 8 levels
INFO (CarpetRegrid2): Refined regions have not changed sufficiently; skipping regridding
INFO (CarpetRegrid2): Centre 1 is at position [7.58237,5.49e-15,4.66394e-15] with 8 levels
INFO (CarpetRegrid2): Centre 2 is at position [-7.58237,5.69523e-15,-2.49585e-14] with 8 levels
INFO (CarpetRegrid2): Refined regions have not changed sufficiently; skipping regridding
INFO (CarpetRegrid2): Centre 1 is at position [7.58237,5.49e-15,4.66394e-15] with 8 levels
INFO (CarpetRegrid2): Centre 2 is at position [-7.58237,5.69523e-15,-2.49585e-14] with 8 levels
INFO (CarpetRegrid2): Refined regions have not changed sufficiently; skipping regridding
INFO (CarpetRegrid2): Centre 1 is at position [7.58237,5.49e-15,4.66394e-15] with 8 levels
INFO (CarpetRegrid2): Centre 2 is at position [-7.58237,5.69523e-15,-2.49585e-14] with 8 levels
INFO (CarpetRegrid2): Refined regions have not changed sufficiently; skipping regridding
     1857    29.016 |   97.3376810 |    0.0189735    0.9988775 |       869      1134
     1858    29.031 |   97.3564173 |    0.0193985    0.9988775 |       869      1134
     1859    29.047 |   97.3751617 |    0.0198420    0.9988775 |       869      1134
------------------------------------------------------------------------------------
Iteration      Time | *me_per_hour |     LEANBSSNMOL::conf_fac | *TISTICS::maxrss_mb
                    |              |      minimum      maximum |   minimum   maximum
------------------------------------------------------------------------------------
     1860    29.062 |   97.3878050 |    0.0203036    0.9988775 |       869      1134
     1861    29.078 |   97.3861336 |    0.0207830    0.9988775 |       869      1134
     1862    29.094 |   97.4027211 |    0.0212798    0.9988775 |       869      1134
     1863    29.109 |   97.4171047 |    0.0217938    0.9988775 |       869      1134
     1864    29.125 |   97.4234759 |    0.0223244    0.9988775 |       869      1134
     1865    29.141 |   97.3993253 |    0.0228715    0.9988775 |       869      1134
     1866    29.156 |   97.4184360 |    0.0234347    0.9988775 |       869      1134
     1867    29.172 |   97.4363344 |    0.0240134    0.9988775 |       869      1134
     1868    29.188 |   97.4497178 |    0.0235393    0.9988775 |       869      1134
     1869    29.203 |   97.4499523 |    0.0229718    0.9988775 |       869      1134
     1870    29.219 |   97.4687266 |    0.0224199    0.9988775 |       869      1134
     1871    29.234 |   97.4871497 |    0.0218841    0.9988775 |       869      1134
     1872    29.250 |   97.4922716 |    0.0213648    0.9988775 |       869      1134
     1873    29.266 |   97.4561882 |    0.0208626    0.9988775 |       869      1134
     1874    29.281 |   97.4745832 |    0.0203779    0.9988775 |       869      1134
     1875    29.297 |   97.4926231 |    0.0199111    0.9988775 |       869      1134
     1876    29.312 |   97.5057124 |    0.0194628    0.9988775 |       869      1134
     1877    29.328 |   97.5060581 |    0.0190333    0.9988775 |       869      1134
     1878    29.344 |   97.5246383 |    0.0186231    0.9988775 |       869      1134
     1879    29.359 |   97.5431886 |    0.0182325    0.9988775 |       869      1134
------------------------------------------------------------------------------------
Iteration      Time | *me_per_hour |     LEANBSSNMOL::conf_fac | *TISTICS::maxrss_mb
                    |              |      minimum      maximum |   minimum   maximum
------------------------------------------------------------------------------------
     1880    29.375 |   97.5511307 |    0.0178620    0.9988775 |       869      1134
     1881    29.391 |   97.5335438 |    0.0175118    0.9988775 |       869      1134
     1882    29.406 |   97.5523391 |    0.0171823    0.9988775 |       869      1134
     1883    29.422 |   97.5703553 |    0.0168738    0.9988775 |       869      1134
     1884    29.438 |   97.5831487 |    0.0165866    0.9988775 |       869      1135
     1885    29.453 |   97.5837724 |    0.0163210    0.9988775 |       869      1135
     1886    29.469 |   97.6020952 |    0.0160773    0.9988775 |       869      1135
     1887    29.484 |   97.6208413 |    0.0158556    0.9988775 |       869      1135
     1888    29.500 |   97.6210900 |    0.0156563    0.9988775 |       869      1135
     1889    29.516 |   97.5733563 |    0.0154794    0.9988775 |       869      1135
     1890    29.531 |   97.5910920 |    0.0153253    0.9988775 |       869      1135
     1891    29.547 |   97.6099310 |    0.0151940    0.9988775 |       869      1135
     1892    29.562 |   97.6227128 |    0.0150857    0.9988775 |       869      1135
     1893    29.578 |   97.6228310 |    0.0150004    0.9988775 |       869      1135
     1894    29.594 |   97.6399485 |    0.0149384    0.9988775 |       869      1135
     1895    29.609 |   97.6587433 |    0.0148996    0.9988775 |       869      1135
     1896    29.625 |   97.6665741 |    0.0148842    0.9988775 |       869      1135
     1897    29.641 |   97.6490523 |    0.0148921    0.9988775 |       869      1135
     1898    29.656 |   97.6651034 |    0.0149233    0.9988775 |       869      1135
     1899    29.672 |   97.6791548 |    0.0149779    0.9988775 |       869      1135
------------------------------------------------------------------------------------
Iteration      Time | *me_per_hour |     LEANBSSNMOL::conf_fac | *TISTICS::maxrss_mb
                    |              |      minimum      maximum |   minimum   maximum
------------------------------------------------------------------------------------
     1900    29.688 |   97.6905557 |    0.0150558    0.9988775 |       869      1135
     1901    29.703 |   97.6857333 |    0.0151570    0.9988775 |       869      1135
     1902    29.719 |   97.7030208 |    0.0152813    0.9988775 |       869      1135
     1903    29.734 |   97.7209558 |    0.0154288    0.9988775 |       869      1135
     1904    29.750 |   97.7269176 |    0.0155992    0.9988775 |       869      1135
     1905    29.766 |   97.6926447 |    0.0157924    0.9988775 |       869      1135
     1906    29.781 |   97.7095274 |    0.0160084    0.9988775 |       869      1135
     1907    29.797 |   97.7271884 |    0.0162469    0.9988775 |       869      1135
     1908    29.812 |   97.7401052 |    0.0165077    0.9988775 |       869      1135
     1909    29.828 |   97.7406641 |    0.0167906    0.9988775 |       869      1135
     1910    29.844 |   97.7588242 |    0.0170955    0.9988775 |       869      1135
     1911    29.859 |   97.7770235 |    0.0174220    0.9988775 |       869      1135
     1912    29.875 |   97.7851084 |    0.0177699    0.9988775 |       869      1135
     1913    29.891 |   97.7678971 |    0.0181390    0.9988775 |       869      1135
     1914    29.906 |   97.7858801 |    0.0185289    0.9988775 |       869      1135
     1915    29.922 |   97.8036440 |    0.0189394    0.9988775 |       869      1135
     1916    29.938 |   97.8169120 |    0.0193701    0.9988775 |       869      1135
     1917    29.953 |   97.8170868 |    0.0198207    0.9988775 |       869      1135
     1918    29.969 |   97.8352004 |    0.0202909    0.9988775 |       869      1135
     1919    29.984 |   97.8531900 |    0.0207803    0.9988775 |       869      1135
------------------------------------------------------------------------------------
Iteration      Time | *me_per_hour |     LEANBSSNMOL::conf_fac | *TISTICS::maxrss_mb
                    |              |      minimum      maximum |   minimum   maximum
------------------------------------------------------------------------------------
     1920    30.000 |   97.8343318 |    0.0212886    0.9988775 |       869      1135
INFO (CarpetRegrid2): Centre 1 is at position [7.54804,5.77253e-15,4.80782e-15] with 8 levels
INFO (CarpetRegrid2): Centre 2 is at position [-7.54804,6.04139e-15,-2.60686e-14] with 8 levels
INFO (CarpetRegrid2): Refined regions have not changed sufficiently; skipping regridding
INFO (CarpetRegrid2): Centre 1 is at position [7.54804,5.77253e-15,4.80782e-15] with 8 levels
INFO (CarpetRegrid2): Centre 2 is at position [-7.54804,6.04139e-15,-2.60686e-14] with 8 levels
INFO (CarpetRegrid2): Refined regions have not changed sufficiently; skipping regridding
INFO (CarpetRegrid2): Centre 1 is at position [7.54804,5.77253e-15,4.80782e-15] with 8 levels
INFO (CarpetRegrid2): Centre 2 is at position [-7.54804,6.04139e-15,-2.60686e-14] with 8 levels
INFO (CarpetRegrid2): Refined regions have not changed sufficiently; skipping regridding
INFO (CarpetRegrid2): Centre 1 is at position [7.54804,5.77253e-15,4.80782e-15] with 8 levels
INFO (CarpetRegrid2): Centre 2 is at position [-7.54804,6.04139e-15,-2.60686e-14] with 8 levels
INFO (CarpetRegrid2): Refined regions have not changed sufficiently; skipping regridding
INFO (CarpetRegrid2): Centre 1 is at position [7.54804,5.77253e-15,4.80782e-15] with 8 levels
INFO (CarpetRegrid2): Centre 2 is at position [-7.54804,6.04139e-15,-2.60686e-14] with 8 levels
INFO (CarpetRegrid2): Refined regions have not changed sufficiently; skipping regridding
INFO (CarpetRegrid2): Centre 1 is at position [7.54804,5.77253e-15,4.80782e-15] with 8 levels
INFO (CarpetRegrid2): Centre 2 is at position [-7.54804,6.04139e-15,-2.60686e-14] with 8 levels
INFO (CarpetRegrid2): Refined regions have not changed sufficiently; skipping regridding
INFO (CarpetRegrid2): Centre 1 is at position [7.54804,5.77253e-15,4.80782e-15] with 8 levels
INFO (CarpetRegrid2): Centre 2 is at position [-7.54804,6.04139e-15,-2.60686e-14] with 8 levels
INFO (CarpetRegrid2): Refined regions have not changed sufficiently; skipping regridding
INFO (CarpetRegrid2): Centre 1 is at position [7.54804,5.77253e-15,4.80782e-15] with 8 levels
INFO (CarpetRegrid2): Centre 2 is at position [-7.54804,6.04139e-15,-2.60686e-14] with 8 levels
INFO (CarpetRegrid2): Refined regions have not changed sufficiently; skipping regridding
     1921    30.016 |   97.4828809 |    0.0218153    0.9988775 |       869      1135
     1922    30.031 |   97.5006826 |    0.0223601    0.9988775 |       869      1135
     1923    30.047 |   97.5183359 |    0.0229226    0.9988775 |       869      1135
     1924    30.062 |   97.5314237 |    0.0235023    0.9988775 |       869      1135
     1925    30.078 |   97.5315655 |    0.0240989    0.9988775 |       869      1135
     1926    30.094 |   97.5496934 |    0.0235535    0.9988775 |       869      1135
     1927    30.109 |   97.5674037 |    0.0229706    0.9988775 |       869      1135
     1928    30.125 |   97.5750624 |    0.0224046    0.9988775 |       869      1135
     1929    30.141 |   97.5579697 |    0.0218560    0.9988775 |       869      1135
     1930    30.156 |   97.5760420 |    0.0213254    0.9988775 |       869      1135
     1931    30.172 |   97.5935197 |    0.0208133    0.9988775 |       869      1135
     1932    30.188 |   97.6066772 |    0.0203201    0.9988775 |       869      1135
     1933    30.203 |   97.6073691 |    0.0198465    0.9988775 |       869      1135
     1934    30.219 |   97.6250842 |    0.0193928    0.9988775 |       869      1135
     1935    30.234 |   97.6432137 |    0.0189595    0.9988775 |       869      1135
     1936    30.250 |   97.6487487 |    0.0185470    0.9988775 |       870      1135
     1937    30.266 |   97.6149018 |    0.0181557    0.9988775 |       870      1135
     1938    30.281 |   97.6325916 |    0.0177861    0.9988775 |       870      1135
     1939    30.297 |   97.6506369 |    0.0174384    0.9988775 |       870      1135
------------------------------------------------------------------------------------
Iteration      Time | *me_per_hour |     LEANBSSNMOL::conf_fac | *TISTICS::maxrss_mb
                    |              |      minimum      maximum |   minimum   maximum
------------------------------------------------------------------------------------
     1940    30.312 |   97.6634360 |    0.0171131    0.9988775 |       870      1135
     1941    30.328 |   97.6614446 |    0.0168105    0.9988775 |       870      1135
     1942    30.344 |   97.6793396 |    0.0165308    0.9988775 |       870      1135
     1943    30.359 |   97.6969960 |    0.0162745    0.9988775 |       870      1135
     1944    30.375 |   97.7054351 |    0.0160416    0.9988775 |       870      1135
     1945    30.391 |   97.6884160 |    0.0158326    0.9988775 |       870      1135
     1946    30.406 |   97.7062770 |    0.0156476    0.9988775 |       870      1135
     1947    30.422 |   97.7242776 |    0.0154867    0.9988775 |       870      1135
     1948    30.438 |   97.7364375 |    0.0153503    0.9988775 |       870      1135
     1949    30.453 |   97.7368758 |    0.0152383    0.9988775 |       870      1135
     1950    30.469 |   97.7545346 |    0.0151511    0.9988775 |       870      1135
     1951    30.484 |   97.7722413 |    0.0150885    0.9988775 |       870      1135
     1952    30.500 |   97.7732144 |    0.0150508    0.9988775 |       870      1135
     1953    30.516 |   97.7261890 |    0.0150379    0.9988775 |       870      1135
     1954    30.531 |   97.7432853 |    0.0150500    0.9988775 |       870      1135
     1955    30.547 |   97.7615101 |    0.0150869    0.9988775 |       870      1135
     1956    30.562 |   97.7738419 |    0.0151488    0.9988775 |       870      1135
     1957    30.578 |   97.7744088 |    0.0152354    0.9988775 |       870      1135
     1958    30.594 |   97.7921146 |    0.0153469    0.9988775 |       870      1135
     1959    30.609 |   97.8094830 |    0.0154831    0.9988775 |       870      1135
------------------------------------------------------------------------------------
Iteration      Time | *me_per_hour |     LEANBSSNMOL::conf_fac | *TISTICS::maxrss_mb
                    |              |      minimum      maximum |   minimum   maximum
------------------------------------------------------------------------------------
     1960    30.625 |   97.8174566 |    0.0156438    0.9988775 |       870      1135
     1961    30.641 |   97.8005060 |    0.0158290    0.9988775 |       870      1135
     1962    30.656 |   97.8180521 |    0.0160385    0.9988775 |       870      1135
     1963    30.672 |   97.8357190 |    0.0162722    0.9988775 |       870      1135
     1964    30.688 |   97.8480775 |    0.0165297    0.9988775 |       870      1135
     1965    30.703 |   97.8484733 |    0.0168110    0.9988775 |       870      1135
     1966    30.719 |   97.8660596 |    0.0171157    0.9988775 |       870      1135
     1967    30.734 |   97.8838729 |    0.0174437    0.9988775 |       870      1135
     1968    30.750 |   97.8895074 |    0.0177946    0.9988775 |       870      1135
     1969    30.766 |   97.8561260 |    0.0181681    0.9988775 |       870      1135
     1970    30.781 |   97.8736358 |    0.0185640    0.9988775 |       870      1135
     1971    30.797 |   97.8914243 |    0.0189820    0.9988775 |       870      1135
     1972    30.812 |   97.9039024 |    0.0194216    0.9988775 |       870      1135
     1973    30.828 |   97.9043084 |    0.0198825    0.9988775 |       870      1135
     1974    30.844 |   97.9218767 |    0.0203644    0.9988775 |       870      1135
     1975    30.859 |   97.9393301 |    0.0208668    0.9988775 |       870      1135
     1976    30.875 |   97.9469302 |    0.0213894    0.9988775 |       870      1135
     1977    30.891 |   97.9295491 |    0.0219318    0.9988775 |       870      1135
     1978    30.906 |   97.9471239 |    0.0224934    0.9988775 |       870      1135
     1979    30.922 |   97.9639932 |    0.0230740    0.9988775 |       870      1135
------------------------------------------------------------------------------------
Iteration      Time | *me_per_hour |     LEANBSSNMOL::conf_fac | *TISTICS::maxrss_mb
                    |              |      minimum      maximum |   minimum   maximum
------------------------------------------------------------------------------------
     1980    30.938 |   97.9766936 |    0.0236730    0.9988775 |       870      1135
     1981    30.953 |   97.9770223 |    0.0240568    0.9988775 |       870      1135
     1982    30.969 |   97.9946001 |    0.0234450    0.9988775 |       870      1135
     1983    30.984 |   98.0120078 |    0.0228509    0.9988775 |       870      1135
     1984    31.000 |   97.9940679 |    0.0222752    0.9988775 |       870      1135
INFO (CarpetRegrid2): Centre 1 is at position [7.5122,6.08742e-15,5.03991e-15] with 8 levels
INFO (CarpetRegrid2): Centre 2 is at position [-7.5122,6.65943e-15,-2.6639e-14] with 8 levels
INFO (CarpetRegrid2): Refined regions have not changed sufficiently; skipping regridding
INFO (CarpetRegrid2): Centre 1 is at position [7.5122,6.08742e-15,5.03991e-15] with 8 levels
INFO (CarpetRegrid2): Centre 2 is at position [-7.5122,6.65943e-15,-2.6639e-14] with 8 levels
INFO (CarpetRegrid2): Refined regions have not changed sufficiently; skipping regridding
INFO (CarpetRegrid2): Centre 1 is at position [7.5122,6.08742e-15,5.03991e-15] with 8 levels
INFO (CarpetRegrid2): Centre 2 is at position [-7.5122,6.65943e-15,-2.6639e-14] with 8 levels
INFO (CarpetRegrid2): Refined regions have not changed sufficiently; skipping regridding
INFO (CarpetRegrid2): Centre 1 is at position [7.5122,6.08742e-15,5.03991e-15] with 8 levels
INFO (CarpetRegrid2): Centre 2 is at position [-7.5122,6.65943e-15,-2.6639e-14] with 8 levels
INFO (CarpetRegrid2): Refined regions have not changed sufficiently; skipping regridding
INFO (CarpetRegrid2): Centre 1 is at position [7.5122,6.08742e-15,5.03991e-15] with 8 levels
INFO (CarpetRegrid2): Centre 2 is at position [-7.5122,6.65943e-15,-2.6639e-14] with 8 levels
INFO (CarpetRegrid2): Refined regions have not changed sufficiently; skipping regridding
INFO (CarpetRegrid2): Centre 1 is at position [7.5122,6.08742e-15,5.03991e-15] with 8 levels
INFO (CarpetRegrid2): Centre 2 is at position [-7.5122,6.65943e-15,-2.6639e-14] with 8 levels
INFO (CarpetRegrid2): Refined regions have not changed sufficiently; skipping regridding
INFO (CarpetRegrid2): Centre 1 is at position [7.5122,6.08742e-15,5.03991e-15] with 8 levels
INFO (CarpetRegrid2): Centre 2 is at position [-7.5122,6.65943e-15,-2.6639e-14] with 8 levels
INFO (CarpetRegrid2): Refined regions have not changed sufficiently; skipping regridding
INFO (CarpetRegrid2): Centre 1 is at position [7.5122,6.08742e-15,5.03991e-15] with 8 levels
INFO (CarpetRegrid2): Centre 2 is at position [-7.5122,6.65943e-15,-2.6639e-14] with 8 levels
INFO (CarpetRegrid2): Refined regions have not changed sufficiently; skipping regridding
     1985    31.016 |   97.6549575 |    0.0217184    0.9988775 |       870      1135
     1986    31.031 |   97.6719749 |    0.0211810    0.9988775 |       870      1135
     1987    31.047 |   97.6899426 |    0.0206637    0.9988775 |       870      1135
     1988    31.062 |   97.7021837 |    0.0201669    0.9988775 |       870      1135
     1989    31.078 |   97.7025524 |    0.0196911    0.9988775 |       870      1135
     1990    31.094 |   97.7200058 |    0.0192369    0.9988775 |       870      1135
     1991    31.109 |   97.7373513 |    0.0188048    0.9988775 |       870      1135
     1992    31.125 |   97.7451551 |    0.0183951    0.9988775 |       870      1135
     1993    31.141 |   97.7287801 |    0.0180083    0.9988775 |       870      1135
     1994    31.156 |   97.7460692 |    0.0176449    0.9988775 |       870      1135
     1995    31.172 |   97.7633606 |    0.0173051    0.9988775 |       870      1135
     1996    31.188 |   97.7760088 |    0.0169894    0.9988775 |       870      1135
     1997    31.203 |   97.7764854 |    0.0166981    0.9988775 |       870      1135
     1998    31.219 |   97.7939160 |    0.0164315    0.9988775 |       870      1135
     1999    31.234 |   97.8114930 |    0.0161900    0.9988775 |       870      1135
------------------------------------------------------------------------------------
Iteration      Time | *me_per_hour |     LEANBSSNMOL::conf_fac | *TISTICS::maxrss_mb
                    |              |      minimum      maximum |   minimum   maximum
------------------------------------------------------------------------------------
     2000    31.250 |   97.8171800 |    0.0159737    0.9988775 |       870      1135
     2001    31.266 |   97.7851701 |    0.0157829    0.9988775 |       870      1135
     2002    31.281 |   97.8013979 |    0.0156178    0.9988775 |       870      1135
     2003    31.297 |   97.8180611 |    0.0154787    0.9988775 |       870      1135
     2004    31.312 |   97.8305584 |    0.0153656    0.9988775 |       870      1135
     2005    31.328 |   97.8302039 |    0.0152787    0.9988775 |       870      1135
     2006    31.344 |   97.8464159 |    0.0152181    0.9988775 |       870      1135
     2007    31.359 |   97.8603603 |    0.0151838    0.9988775 |       870      1135
     2008    31.375 |   97.8663737 |    0.0151761    0.9988775 |       870      1135
     2009    31.391 |   97.8440863 |    0.0151947    0.9988775 |       870      1135
     2010    31.406 |   97.8615113 |    0.0152398    0.9988775 |       870      1135
     2011    31.422 |   97.8786348 |    0.0153114    0.9988775 |       870      1135
     2012    31.438 |   97.8908479 |    0.0154093    0.9988775 |       870      1135
     2013    31.453 |   97.8907929 |    0.0155335    0.9988775 |       870      1135
     2014    31.469 |   97.9085357 |    0.0156838    0.9988775 |       870      1135
     2015    31.484 |   97.9258343 |    0.0158603    0.9988775 |       870      1135
     2016    31.500 |   97.9265099 |    0.0160626    0.9988775 |       870      1135
     2017    31.516 |   97.8815028 |    0.0162906    0.9988775 |       870      1135
     2018    31.531 |   97.8983794 |    0.0165442    0.9988775 |       870      1135
     2019    31.547 |   97.9154885 |    0.0168231    0.9988775 |       870      1135
------------------------------------------------------------------------------------
Iteration      Time | *me_per_hour |     LEANBSSNMOL::conf_fac | *TISTICS::maxrss_mb
                    |              |      minimum      maximum |   minimum   maximum
------------------------------------------------------------------------------------
     2020    31.562 |   97.9279617 |    0.0171270    0.9988775 |       870      1135
     2021    31.578 |   97.9280994 |    0.0174557    0.9988775 |       870      1135
     2022    31.594 |   97.9453271 |    0.0178088    0.9988775 |       870      1135
     2023    31.609 |   97.9624955 |    0.0181862    0.9988775 |       870      1135
     2024    31.625 |   97.9692255 |    0.0185873    0.9988775 |       870      1135
     2025    31.641 |   97.9521100 |    0.0190120    0.9988775 |       870      1135
     2026    31.656 |   97.9695502 |    0.0194598    0.9988775 |       870      1135
     2027    31.672 |   97.9864366 |    0.0199303    0.9988775 |       870      1135
     2028    31.688 |   97.9989132 |    0.0204232    0.9988775 |       870      1135
     2029    31.703 |   97.9986666 |    0.0209380    0.9988775 |       870      1135
     2030    31.719 |   98.0157530 |    0.0214742    0.9988775 |       870      1135
     2031    31.734 |   98.0324721 |    0.0220315    0.9988775 |       870      1135
     2032    31.750 |   98.0386132 |    0.0226094    0.9988775 |       870      1135
     2033    31.766 |   98.0063354 |    0.0232074    0.9988775 |       870      1135
     2034    31.781 |   98.0232870 |    0.0238250    0.9988775 |       870      1135
     2035    31.797 |   98.0401706 |    0.0239596    0.9988775 |       870      1135
     2036    31.812 |   98.0525803 |    0.0233361    0.9988775 |       870      1135
     2037    31.828 |   98.0530466 |    0.0227317    0.9988775 |       870      1135
     2038    31.844 |   98.0699944 |    0.0221471    0.9988775 |       870      1135
     2039    31.859 |   98.0869208 |    0.0215828    0.9988775 |       870      1135
------------------------------------------------------------------------------------
Iteration      Time | *me_per_hour |     LEANBSSNMOL::conf_fac | *TISTICS::maxrss_mb
                    |              |      minimum      maximum |   minimum   maximum
------------------------------------------------------------------------------------
     2040    31.875 |   98.0937704 |    0.0210395    0.9988775 |       870      1135
     2041    31.891 |   98.0775740 |    0.0205178    0.9988775 |       870      1135
     2042    31.906 |   98.0948067 |    0.0200181    0.9988775 |       870      1135
     2043    31.922 |   98.1111623 |    0.0195410    0.9988775 |       870      1135
     2044    31.938 |   98.1237254 |    0.0190872    0.9988775 |       870      1135
     2045    31.953 |   98.1237042 |    0.0186569    0.9988775 |       870      1135
     2046    31.969 |   98.1407830 |    0.0182508    0.9988775 |       870      1135
     2047    31.984 |   98.1577147 |    0.0178693    0.9988775 |       870      1135
INFO (AHFinderDirect): proc 0: searching for horizon 1/6
INFO (AHFinderDirect): AH 3/6: r=79.0015 at (-0.000000,0.000000,-0.000000)
INFO (AHFinderDirect): AH 3/6: area=80424.76886 m_irreducible=39.99999924
INFO (AHFinderDirect): AH 4/6: r=99.0018 at (-0.000000,-0.000000,-0.000000)
INFO (AHFinderDirect): AH 4/6: area=125663.7047 m_irreducible=49.99999972
INFO (AHFinderDirect): AH 5/6: r=179.003 at (0.000000,0.000000,0.000000)
INFO (AHFinderDirect): AH 5/6: area=407150.4077 m_irreducible=89.99999998
INFO (AHFinderDirect): AH 6/6: r=239.003 at (-0.000000,-0.000000,-0.000000)
INFO (AHFinderDirect): AH 6/6: area=723822.9473 m_irreducible=120
INFO (AHFinderDirect): AH 1/6: r=0.404441 at (7.476308,0.000000,0.000000)
INFO (AHFinderDirect): AH 1/6: area=11.23620594 m_irreducible=0.4727972236
INFO (AHFinderDirect): AH 2/6: r=0.404441 at (-7.476308,0.000000,-0.000000)
INFO (AHFinderDirect): AH 2/6: area=11.23620594 m_irreducible=0.4727972236
INFO (QuasiLocalMeasures): Calculating quasi-local quantities for surface    0
INFO (QuasiLocalMeasures): Importing from spherical surface    0
INFO (QuasiLocalMeasures): Geometric quantities for surface    0:
INFO (QuasiLocalMeasures):    Area A:                            11.2362
INFO (QuasiLocalMeasures):    Irreducible mass M = R/2:         0.472797
INFO (QuasiLocalMeasures):    Areal radius R = sqrt(A/4pi):     0.945594
INFO (QuasiLocalMeasures): Coordinate-dependent quantities for surface    0:
INFO (QuasiLocalMeasures):    Equatorial circumference:             5.94105
INFO (QuasiLocalMeasures):    Polar circumference at phi=0:         5.95141
INFO (QuasiLocalMeasures):    Polar circumference at phi=pi/2:      5.94169
INFO (QuasiLocalMeasures):    No valid spin guess from distortion.
INFO (QuasiLocalMeasures):    (Spin guess is imaginary.)
INFO (QuasiLocalMeasures):    Magnitude of invalid spin guess:     0.443881E-02
INFO (QuasiLocalMeasures):    Mass guess M from distortion:        0.472773
INFO (QuasiLocalMeasures): Isolated Horizon quantities for surface    0:
INFO (QuasiLocalMeasures):    Killing vector field eigenvalue norm:      1.00000
INFO (QuasiLocalMeasures):    Spin J:                                   0.677678E-08
INFO (QuasiLocalMeasures):    Kerr spin parameter a = J/M:              0.143334E-07
INFO (QuasiLocalMeasures):    Dimensionless spin parameter a = J/M^2:   0.303162E-07
INFO (QuasiLocalMeasures):    Spin J from NP:                           0.137224E-07
INFO (QuasiLocalMeasures):    Spin J from phi-coordinate-vector:         0.00000
INFO (QuasiLocalMeasures):    Mass M:                                   0.472797
INFO (QuasiLocalMeasures): Global quantities for surface    0:
INFO (QuasiLocalMeasures):    ADM energy:                 -1.35686
INFO (QuasiLocalMeasures):    ADM momentum x:            -0.356925E-02
INFO (QuasiLocalMeasures):    ADM momentum y:            -0.148670E-15
INFO (QuasiLocalMeasures):    ADM momentum z:            -0.126317E-15
INFO (QuasiLocalMeasures):    ADM angular momentum x:    -0.110037E-04
INFO (QuasiLocalMeasures):    ADM angular momentum y:     0.488467E-16
INFO (QuasiLocalMeasures):    ADM angular momentum z:    -0.789560E-15
INFO (QuasiLocalMeasures):    Weinberg energy:                  3.33535
INFO (QuasiLocalMeasures):    Weinberg momentum x:            -0.182883E-01
INFO (QuasiLocalMeasures):    Weinberg momentum y:             0.744171E-16
INFO (QuasiLocalMeasures):    Weinberg momentum z:             0.307656E-15
INFO (QuasiLocalMeasures):    Weinberg angular momentum x:    -0.635084E-04
INFO (QuasiLocalMeasures):    Weinberg angular momentum y:    -0.505089E-15
INFO (QuasiLocalMeasures):    Weinberg angular momentum z:    -0.769824E-15
     2048    32.000 |   97.5258739 |    0.0175127    0.9988775 |       870      1140
INFO (CarpetRegrid2): Centre 1 is at position [7.47484,6.82073e-15,5.32143e-15] with 8 levels
INFO (CarpetRegrid2): Centre 2 is at position [-7.47484,7.76738e-15,-2.73737e-14] with 8 levels
INFO (CarpetRegrid2): Regridding level 0 map 0 at iteration 2049 time 32
INFO (CarpetRegrid2): Regridding levels 1 and up
INFO (CarpetRegrid2): Enforcing grid structure properties, iteration 0
INFO (CarpetRegrid2): Enforcing grid structure properties, iteration 0
INFO (CarpetRegrid2): Enforcing grid structure properties, iteration 0
INFO (CarpetRegrid2): Enforcing grid structure properties, iteration 0
INFO (CarpetRegrid2): Enforcing grid structure properties, iteration 0
INFO (CarpetRegrid2): Enforcing grid structure properties, iteration 0
INFO (CarpetRegrid2): Enforcing grid structure properties, iteration 0
INFO (Carpet): Grid structure (superregions, grid points):
   [0][0][0]   exterior: [0,0,0] : [260,260,260]   ([261,261,261] + PADDING) 17779581
   [1][0][0]   exterior: [215,219,219] : [305,301,301]   ([91,83,83] + PADDING) 626899
   [2][0][0]   exterior: [479,487,487] : [561,553,553]   ([83,67,67] + PADDING) 372587
   [3][0][0]   exterior: [992,1007,1007] : [1088,1073,1073]   ([97,67,67] + PADDING) 435433
   [4][0][0]   exterior: [2018,2048,2048] : [2142,2112,2112]   ([125,65,65] + PADDING) 528125
   [5][0][0]   exterior: [4069,4129,4129] : [4132,4191,4191]   ([64,63,63] + PADDING) 254016
   [5][0][1]   exterior: [4188,4129,4129] : [4251,4191,4191]   ([64,63,63] + PADDING) 254016
   [6][0][0]   exterior: [8171,8291,8291] : [8230,8349,8349]   ([60,59,59] + PADDING) 208860
   [6][0][1]   exterior: [8410,8291,8291] : [8469,8349,8349]   ([60,59,59] + PADDING) 208860
   [7][0][0]   exterior: [16376,16615,16615] : [16426,16665,16665]   ([51,51,51] + PADDING) 132651
   [7][0][1]   exterior: [16854,16615,16615] : [16904,16665,16665]   ([51,51,51] + PADDING) 132651
INFO (Carpet): Grid structure (superregions, coordinates):
   [0][0][0]   exterior: [-520,-520,-520] : [520,520,520] : [4,4,4]
   [1][0][0]   exterior: [-90,-82,-82] : [90,82,82] : [2,2,2]
   [2][0][0]   exterior: [-41,-33,-33] : [41,33,33] : [1,1,1]
   [3][0][0]   exterior: [-24,-16.5,-16.5] : [24,16.5,16.5] : [0.5,0.5,0.5]
   [4][0][0]   exterior: [-15.5,-8,-8] : [15.5,8,8] : [0.25,0.25,0.25]
   [5][0][0]   exterior: [-11.375,-3.875,-3.875] : [-3.5,3.875,3.875] : [0.125,0.125,0.125]
   [5][0][1]   exterior: [3.5,-3.875,-3.875] : [11.375,3.875,3.875] : [0.125,0.125,0.125]
   [6][0][0]   exterior: [-9.3125,-1.8125,-1.8125] : [-5.625,1.8125,1.8125] : [0.0625,0.0625,0.0625]
   [6][0][1]   exterior: [5.625,-1.8125,-1.8125] : [9.3125,1.8125,1.8125] : [0.0625,0.0625,0.0625]
   [7][0][0]   exterior: [-8.25,-0.78125,-0.78125] : [-6.6875,0.78125,0.78125] : [0.03125,0.03125,0.03125]
   [7][0][1]   exterior: [6.6875,-0.78125,-0.78125] : [8.25,0.78125,0.78125] : [0.03125,0.03125,0.03125]
INFO (Carpet): Global grid structure statistics:
INFO (Carpet): GF: rhs: 250k active, 487k owned (+95%), 1174k total (+141%), 128 steps/time
INFO (Carpet): GF: vars: 247, pts: 4414M active, 4875M owned (+10%), 7700M total (+58%), 1.0 comp/proc
INFO (Carpet): GA: vars: 1664, pts: 381M active, 381M total (+0%)
INFO (Carpet): Total required memory: 65.501 GByte (for GAs and currently active GFs)
INFO (Carpet): Load balance:  min     avg     max     sdv     max/avg-1
INFO (Carpet): Level  0:      32M     37M     41M      2M owned     11%
INFO (Carpet): Level  1:       1M      1M      1M      0M owned      8%
INFO (Carpet): Level  2:       1M      1M      1M      0M owned      7%
INFO (Carpet): Level  3:       1M      1M      1M      0M owned      4%
INFO (Carpet): Level  4:       1M      1M      1M      0M owned     10%
INFO (Carpet): Level  5:       1M      1M      1M      0M owned      4%
INFO (Carpet): Level  6:       1M      1M      1M      0M owned      5%
INFO (Carpet): Level  7:       0M      1M      1M      0M owned      7%
     2049    32.016 |   96.9277053 |    0.0171816    0.9988775 |       872      1143
     2050    32.031 |   96.9443153 |    0.0168762    0.9988775 |       872      1143
     2051    32.047 |   96.9614800 |    0.0165969    0.9988775 |       872      1143
     2052    32.062 |   96.9735217 |    0.0163441    0.9988775 |       872      1143
     2053    32.078 |   96.9740409 |    0.0161179    0.9988775 |       872      1143
     2054    32.094 |   96.9905523 |    0.0159188    0.9988775 |       872      1143
     2055    32.109 |   97.0072759 |    0.0157468    0.9988775 |       872      1143
     2056    32.125 |   97.0141187 |    0.0156023    0.9988775 |       872      1143
     2057    32.141 |   96.9984698 |    0.0154853    0.9988775 |       872      1143
     2058    32.156 |   97.0150482 |    0.0153960    0.9988775 |       872      1143
     2059    32.172 |   97.0320479 |    0.0153345    0.9988775 |       872      1143
------------------------------------------------------------------------------------
Iteration      Time | *me_per_hour |     LEANBSSNMOL::conf_fac | *TISTICS::maxrss_mb
                    |              |      minimum      maximum |   minimum   maximum
------------------------------------------------------------------------------------
     2060    32.188 |   97.0436729 |    0.0153010    0.9988775 |       872      1143
     2061    32.203 |   97.0443184 |    0.0152954    0.9988775 |       872      1143
     2062    32.219 |   97.0611083 |    0.0153178    0.9988775 |       872      1143
     2063    32.234 |   97.0781895 |    0.0153682    0.9988775 |       872      1143
     2064    32.250 |   97.0840229 |    0.0154465    0.9988775 |       872      1143
     2065    32.266 |   97.0526625 |    0.0155526    0.9988775 |       872      1143
     2066    32.281 |   97.0694567 |    0.0156866    0.9988775 |       872      1143
     2067    32.297 |   97.0855093 |    0.0158482    0.9988775 |       872      1143
     2068    32.312 |   97.0979019 |    0.0160373    0.9988775 |       872      1143
     2069    32.328 |   97.0980162 |    0.0162538    0.9988775 |       872      1143
     2070    32.344 |   97.1151869 |    0.0164974    0.9988775 |       872      1143
     2071    32.359 |   97.1321165 |    0.0167679    0.9988775 |       872      1143
     2072    32.375 |   97.1385082 |    0.0170650    0.9988775 |       872      1143
     2073    32.391 |   97.1223623 |    0.0173885    0.9988775 |       872      1143
     2074    32.406 |   97.1392625 |    0.0177381    0.9988775 |       872      1143
     2075    32.422 |   97.1559177 |    0.0181135    0.9988775 |       872      1143
     2076    32.438 |   97.1678656 |    0.0185142    0.9988775 |       872      1143
     2077    32.453 |   97.1675156 |    0.0189399    0.9988775 |       872      1143
     2078    32.469 |   97.1845131 |    0.0193903    0.9988775 |       872      1143
     2079    32.484 |   97.2014300 |    0.0198649    0.9988775 |       872      1143
------------------------------------------------------------------------------------
Iteration      Time | *me_per_hour |     LEANBSSNMOL::conf_fac | *TISTICS::maxrss_mb
                    |              |      minimum      maximum |   minimum   maximum
------------------------------------------------------------------------------------
     2080    32.500 |   97.2016171 |    0.0203633    0.9988775 |       872      1143
     2081    32.516 |   97.1573604 |    0.0208850    0.9988775 |       872      1143
     2082    32.531 |   97.1726546 |    0.0214296    0.9988775 |       872      1143
     2083    32.547 |   97.1894414 |    0.0219966    0.9988775 |       872      1143
     2084    32.562 |   97.2009486 |    0.0225855    0.9988775 |       872      1143
     2085    32.578 |   97.2006786 |    0.0231958    0.9988775 |       872      1143
     2086    32.594 |   97.2165216 |    0.0238270    0.9988775 |       872      1143
     2087    32.609 |   97.2331508 |    0.0240057    0.9988775 |       872      1143
     2088    32.625 |   97.2394995 |    0.0233669    0.9988775 |       872      1143
     2089    32.641 |   97.2228888 |    0.0227484    0.9988775 |       872      1143
     2090    32.656 |   97.2391996 |    0.0221510    0.9988775 |       872      1143
     2091    32.672 |   97.2559467 |    0.0215753    0.9988775 |       872      1143
     2092    32.688 |   97.2677051 |    0.0210218    0.9988775 |       872      1143
     2093    32.703 |   97.2680634 |    0.0204913    0.9988775 |       872      1143
     2094    32.719 |   97.2851079 |    0.0199842    0.9988775 |       872      1143
     2095    32.734 |   97.3011765 |    0.0195013    0.9988775 |       872      1143
     2096    32.750 |   97.3075564 |    0.0190430    0.9988775 |       872      1143
     2097    32.766 |   97.2756057 |    0.0186099    0.9988775 |       872      1143
     2098    32.781 |   97.2874713 |    0.0182024    0.9988775 |       872      1143
     2099    32.797 |   97.2968852 |    0.0178211    0.9988775 |       872      1143
------------------------------------------------------------------------------------
Iteration      Time | *me_per_hour |     LEANBSSNMOL::conf_fac | *TISTICS::maxrss_mb
                    |              |      minimum      maximum |   minimum   maximum
------------------------------------------------------------------------------------
     2100    32.812 |   97.2988924 |    0.0174663    0.9988775 |       872      1143
     2101    32.828 |   97.2875979 |    0.0171385    0.9988775 |       872      1143
     2102    32.844 |   97.3038421 |    0.0168380    0.9988775 |       872      1143
     2103    32.859 |   97.3201753 |    0.0165653    0.9988775 |       872      1143
     2104    32.875 |   97.3275600 |    0.0163206    0.9988775 |       872      1143
     2105    32.891 |   97.3108420 |    0.0161043    0.9988775 |       872      1143
     2106    32.906 |   97.3260306 |    0.0159165    0.9988775 |       872      1143
     2107    32.922 |   97.3421602 |    0.0157576    0.9988775 |       872      1143
     2108    32.938 |   97.3532401 |    0.0156276    0.9988775 |       872      1143
     2109    32.953 |   97.3527158 |    0.0155268    0.9988775 |       872      1143
     2110    32.969 |   97.3681886 |    0.0154554    0.9988775 |       872      1143
     2111    32.984 |   97.3848274 |    0.0154133    0.9988775 |       872      1143
     2112    33.000 |   97.3676898 |    0.0154007    0.9988775 |       872      1143
INFO (CarpetRegrid2): Centre 1 is at position [7.43594,7.66421e-15,5.94862e-15] with 8 levels
INFO (CarpetRegrid2): Centre 2 is at position [-7.43594,9.06002e-15,-2.79778e-14] with 8 levels
INFO (CarpetRegrid2): Refined regions have not changed sufficiently; skipping regridding
INFO (CarpetRegrid2): Centre 1 is at position [7.43594,7.66421e-15,5.94862e-15] with 8 levels
INFO (CarpetRegrid2): Centre 2 is at position [-7.43594,9.06002e-15,-2.79778e-14] with 8 levels
INFO (CarpetRegrid2): Refined regions have not changed sufficiently; skipping regridding
INFO (CarpetRegrid2): Centre 1 is at position [7.43594,7.66421e-15,5.94862e-15] with 8 levels
INFO (CarpetRegrid2): Centre 2 is at position [-7.43594,9.06002e-15,-2.79778e-14] with 8 levels
INFO (CarpetRegrid2): Refined regions have not changed sufficiently; skipping regridding
INFO (CarpetRegrid2): Centre 1 is at position [7.43594,7.66421e-15,5.94862e-15] with 8 levels
INFO (CarpetRegrid2): Centre 2 is at position [-7.43594,9.06002e-15,-2.79778e-14] with 8 levels
INFO (CarpetRegrid2): Refined regions have not changed sufficiently; skipping regridding
INFO (CarpetRegrid2): Centre 1 is at position [7.43594,7.66421e-15,5.94862e-15] with 8 levels
INFO (CarpetRegrid2): Centre 2 is at position [-7.43594,9.06002e-15,-2.79778e-14] with 8 levels
INFO (CarpetRegrid2): Refined regions have not changed sufficiently; skipping regridding
INFO (CarpetRegrid2): Centre 1 is at position [7.43594,7.66421e-15,5.94862e-15] with 8 levels
INFO (CarpetRegrid2): Centre 2 is at position [-7.43594,9.06002e-15,-2.79778e-14] with 8 levels
INFO (CarpetRegrid2): Refined regions have not changed sufficiently; skipping regridding
INFO (CarpetRegrid2): Centre 1 is at position [7.43594,7.66421e-15,5.94862e-15] with 8 levels
INFO (CarpetRegrid2): Centre 2 is at position [-7.43594,9.06002e-15,-2.79778e-14] with 8 levels
INFO (CarpetRegrid2): Refined regions have not changed sufficiently; skipping regridding
INFO (CarpetRegrid2): Centre 1 is at position [7.43594,7.66421e-15,5.94862e-15] with 8 levels
INFO (CarpetRegrid2): Centre 2 is at position [-7.43594,9.06002e-15,-2.79778e-14] with 8 levels
INFO (CarpetRegrid2): Refined regions have not changed sufficiently; skipping regridding
     2113    33.016 |   97.0523545 |    0.0154175    0.9988775 |       872      1143
     2114    33.031 |   97.0686000 |    0.0154639    0.9988775 |       872      1143
     2115    33.047 |   97.0846966 |    0.0155397    0.9988775 |       872      1143
     2116    33.062 |   97.0963722 |    0.0156449    0.9988775 |       872      1143
     2117    33.078 |   97.0967459 |    0.0157794    0.9988775 |       872      1143
     2118    33.094 |   97.1133913 |    0.0159431    0.9988775 |       872      1143
     2119    33.109 |   97.1300194 |    0.0161358    0.9988775 |       872      1143
------------------------------------------------------------------------------------
Iteration      Time | *me_per_hour |     LEANBSSNMOL::conf_fac | *TISTICS::maxrss_mb
                    |              |      minimum      maximum |   minimum   maximum
------------------------------------------------------------------------------------
     2120    33.125 |   97.1368694 |    0.0163573    0.9988775 |       872      1143
     2121    33.141 |   97.1216840 |    0.0166073    0.9988775 |       872      1143
     2122    33.156 |   97.1376830 |    0.0168858    0.9988775 |       872      1143
     2123    33.172 |   97.1532359 |    0.0171923    0.9988775 |       872      1143
     2124    33.188 |   97.1647446 |    0.0175266    0.9988775 |       872      1143
     2125    33.203 |   97.1644300 |    0.0178884    0.9988775 |       872      1143
     2126    33.219 |   97.1805683 |    0.0182773    0.9988775 |       872      1143
     2127    33.234 |   97.1966825 |    0.0186928    0.9988775 |       872      1143
     2128    33.250 |   97.2024134 |    0.0191348    0.9988775 |       872      1143
     2129    33.266 |   97.1710956 |    0.0196026    0.9988775 |       872      1143
     2130    33.281 |   97.1873237 |    0.0200958    0.9988775 |       872      1143
     2131    33.297 |   97.2036061 |    0.0206140    0.9988775 |       872      1143
     2132    33.312 |   97.2142899 |    0.0211568    0.9988775 |       872      1143
     2133    33.328 |   97.2144901 |    0.0217235    0.9988775 |       872      1143
     2134    33.344 |   97.2301551 |    0.0223137    0.9988775 |       872      1143
     2135    33.359 |   97.2457141 |    0.0229268    0.9988775 |       872      1143
     2136    33.375 |   97.2525681 |    0.0235623    0.9988775 |       872      1143
     2137    33.391 |   97.2375513 |    0.0242196    0.9988775 |       872      1143
     2138    33.406 |   97.2539394 |    0.0236567    0.9988775 |       872      1143
     2139    33.422 |   97.2702822 |    0.0230156    0.9988775 |       872      1143
------------------------------------------------------------------------------------
Iteration      Time | *me_per_hour |     LEANBSSNMOL::conf_fac | *TISTICS::maxrss_mb
                    |              |      minimum      maximum |   minimum   maximum
------------------------------------------------------------------------------------
     2140    33.438 |   97.2811721 |    0.0223965    0.9988775 |       872      1143
     2141    33.453 |   97.2799060 |    0.0218002    0.9988775 |       872      1143
     2142    33.469 |   97.2964601 |    0.0212272    0.9988775 |       872      1143
     2143    33.484 |   97.3127928 |    0.0206783    0.9988775 |       872      1143
     2144    33.500 |   97.3133000 |    0.0201541    0.9988775 |       872      1143
     2145    33.516 |   97.2717081 |    0.0196552    0.9988775 |       872      1143
     2146    33.531 |   97.2871167 |    0.0191823    0.9988775 |       872      1143
     2147    33.547 |   97.3031670 |    0.0187358    0.9988775 |       872      1143
     2148    33.562 |   97.3147338 |    0.0183163    0.9988775 |       872      1143
     2149    33.578 |   97.3150331 |    0.0179243    0.9988775 |       872      1143
     2150    33.594 |   97.3313238 |    0.0175603    0.9988775 |       872      1143
     2151    33.609 |   97.3477277 |    0.0172248    0.9988775 |       872      1143
     2152    33.625 |   97.3544294 |    0.0169181    0.9988775 |       872      1143
     2153    33.641 |   97.3389848 |    0.0166405    0.9988775 |       872      1143
     2154    33.656 |   97.3552096 |    0.0163926    0.9988775 |       872      1143
     2155    33.672 |   97.3714140 |    0.0161745    0.9988775 |       872      1143
     2156    33.688 |   97.3824255 |    0.0159866    0.9988775 |       872      1143
     2157    33.703 |   97.3821425 |    0.0158290    0.9988775 |       872      1143
     2158    33.719 |   97.3981671 |    0.0157020    0.9988775 |       872      1143
     2159    33.734 |   97.4145281 |    0.0156058    0.9988775 |       872      1143
------------------------------------------------------------------------------------
Iteration      Time | *me_per_hour |     LEANBSSNMOL::conf_fac | *TISTICS::maxrss_mb
                    |              |      minimum      maximum |   minimum   maximum
------------------------------------------------------------------------------------
     2160    33.750 |   97.4201190 |    0.0155404    0.9988775 |       872      1143
     2161    33.766 |   97.3905554 |    0.0155060    0.9988775 |       872      1143
     2162    33.781 |   97.4064905 |    0.0155026    0.9988775 |       872      1143
     2163    33.797 |   97.4217543 |    0.0155303    0.9988775 |       872      1143
     2164    33.812 |   97.4326736 |    0.0155891    0.9988775 |       872      1143
     2165    33.828 |   97.4329296 |    0.0156788    0.9988775 |       872      1143
     2166    33.844 |   97.4483701 |    0.0157995    0.9988775 |       872      1143
     2167    33.859 |   97.4646556 |    0.0159510    0.9988775 |       872      1143
     2168    33.875 |   97.4719623 |    0.0161331    0.9988775 |       872      1143
     2169    33.891 |   97.4567977 |    0.0163457    0.9988775 |       872      1143
     2170    33.906 |   97.4731015 |    0.0165885    0.9988775 |       872      1143
     2171    33.922 |   97.4892404 |    0.0168613    0.9988775 |       872      1143
     2172    33.938 |   97.4998025 |    0.0171639    0.9988775 |       872      1143
     2173    33.953 |   97.4998987 |    0.0174959    0.9988775 |       872      1143
     2174    33.969 |   97.5158039 |    0.0178569    0.9988775 |       872      1143
     2175    33.984 |   97.5320507 |    0.0182467    0.9988775 |       872      1143
     2176    34.000 |   97.5154177 |    0.0186648    0.9988775 |       872      1143
INFO (CarpetRegrid2): Centre 1 is at position [7.3955,8.54748e-15,6.79489e-15] with 8 levels
INFO (CarpetRegrid2): Centre 2 is at position [-7.3955,9.99545e-15,-2.85244e-14] with 8 levels
INFO (CarpetRegrid2): Refined regions have not changed sufficiently; skipping regridding
INFO (CarpetRegrid2): Centre 1 is at position [7.3955,8.54748e-15,6.79489e-15] with 8 levels
INFO (CarpetRegrid2): Centre 2 is at position [-7.3955,9.99545e-15,-2.85244e-14] with 8 levels
INFO (CarpetRegrid2): Refined regions have not changed sufficiently; skipping regridding
INFO (CarpetRegrid2): Centre 1 is at position [7.3955,8.54748e-15,6.79489e-15] with 8 levels
INFO (CarpetRegrid2): Centre 2 is at position [-7.3955,9.99545e-15,-2.85244e-14] with 8 levels
INFO (CarpetRegrid2): Refined regions have not changed sufficiently; skipping regridding
INFO (CarpetRegrid2): Centre 1 is at position [7.3955,8.54748e-15,6.79489e-15] with 8 levels
INFO (CarpetRegrid2): Centre 2 is at position [-7.3955,9.99545e-15,-2.85244e-14] with 8 levels
INFO (CarpetRegrid2): Refined regions have not changed sufficiently; skipping regridding
INFO (CarpetRegrid2): Centre 1 is at position [7.3955,8.54748e-15,6.79489e-15] with 8 levels
INFO (CarpetRegrid2): Centre 2 is at position [-7.3955,9.99545e-15,-2.85244e-14] with 8 levels
INFO (CarpetRegrid2): Refined regions have not changed sufficiently; skipping regridding
INFO (CarpetRegrid2): Centre 1 is at position [7.3955,8.54748e-15,6.79489e-15] with 8 levels
INFO (CarpetRegrid2): Centre 2 is at position [-7.3955,9.99545e-15,-2.85244e-14] with 8 levels
INFO (CarpetRegrid2): Refined regions have not changed sufficiently; skipping regridding
INFO (CarpetRegrid2): Centre 1 is at position [7.3955,8.54748e-15,6.79489e-15] with 8 levels
INFO (CarpetRegrid2): Centre 2 is at position [-7.3955,9.99545e-15,-2.85244e-14] with 8 levels
INFO (CarpetRegrid2): Refined regions have not changed sufficiently; skipping regridding
INFO (CarpetRegrid2): Centre 1 is at position [7.3955,8.54748e-15,6.79489e-15] with 8 levels
INFO (CarpetRegrid2): Centre 2 is at position [-7.3955,9.99545e-15,-2.85244e-14] with 8 levels
INFO (CarpetRegrid2): Refined regions have not changed sufficiently; skipping regridding
     2177    34.016 |   97.2079050 |    0.0191108    0.9988775 |       872      1143
     2178    34.031 |   97.2239279 |    0.0195842    0.9988775 |       872      1143
     2179    34.047 |   97.2402569 |    0.0200846    0.9988775 |       872      1143
------------------------------------------------------------------------------------
Iteration      Time | *me_per_hour |     LEANBSSNMOL::conf_fac | *TISTICS::maxrss_mb
                    |              |      minimum      maximum |   minimum   maximum
------------------------------------------------------------------------------------
     2180    34.062 |   97.2513614 |    0.0206114    0.9988775 |       872      1143
     2181    34.078 |   97.2517437 |    0.0211642    0.9988775 |       872      1143
     2182    34.094 |   97.2679203 |    0.0217425    0.9988775 |       872      1143
     2183    34.109 |   97.2839790 |    0.0223456    0.9988775 |       872      1143
     2184    34.125 |   97.2909280 |    0.0229730    0.9988775 |       872      1143
     2185    34.141 |   97.2751502 |    0.0236241    0.9988775 |       872      1143
     2186    34.156 |   97.2912246 |    0.0242922    0.9988775 |       872      1143
     2187    34.172 |   97.3072543 |    0.0236162    0.9988775 |       872      1143
     2188    34.188 |   97.3181820 |    0.0229629    0.9988775 |       872      1143
     2189    34.203 |   97.3186046 |    0.0223330    0.9988775 |       872      1143
     2190    34.219 |   97.3344067 |    0.0217273    0.9988775 |       872      1143
     2191    34.234 |   97.3504460 |    0.0211465    0.9988775 |       872      1143
     2192    34.250 |   97.3555242 |    0.0205913    0.9988775 |       872      1143
     2193    34.266 |   97.3269533 |    0.0200625    0.9988775 |       872      1143
     2194    34.281 |   97.3421541 |    0.0195605    0.9988775 |       872      1143
     2195    34.297 |   97.3578182 |    0.0190861    0.9988775 |       872      1143
     2196    34.312 |   97.3693839 |    0.0186399    0.9988775 |       872      1143
     2197    34.328 |   97.3694422 |    0.0182224    0.9988775 |       872      1143
     2198    34.344 |   97.3854170 |    0.0178342    0.9988775 |       872      1143
     2199    34.359 |   97.4013349 |    0.0174757    0.9988775 |       872      1143
------------------------------------------------------------------------------------
Iteration      Time | *me_per_hour |     LEANBSSNMOL::conf_fac | *TISTICS::maxrss_mb
                    |              |      minimum      maximum |   minimum   maximum
------------------------------------------------------------------------------------
     2200    34.375 |   97.4082797 |    0.0171474    0.9988775 |       872      1143
     2201    34.391 |   97.3930409 |    0.0168497    0.9988775 |       872      1143
     2202    34.406 |   97.4079275 |    0.0165831    0.9988775 |       872      1143
     2203    34.422 |   97.4236934 |    0.0163477    0.9988775 |       872      1143
     2204    34.438 |   97.4352759 |    0.0161441    0.9988775 |       872      1143
     2205    34.453 |   97.4322532 |    0.0159724    0.9988775 |       872      1143
     2206    34.469 |   97.4399934 |    0.0158329    0.9988775 |       872      1143
     2207    34.484 |   97.4488965 |    0.0157257    0.9988775 |       872      1143
     2208    34.500 |   97.4429769 |    0.0156510    0.9988775 |       872      1143
     2209    34.516 |   97.3996691 |    0.0156090    0.9988775 |       872      1143
     2210    34.531 |   97.4152595 |    0.0155996    0.9988775 |       872      1143
     2211    34.547 |   97.4311541 |    0.0156231    0.9988775 |       872      1143
     2212    34.562 |   97.4417269 |    0.0156792    0.9988775 |       872      1143
     2213    34.578 |   97.4419347 |    0.0157680    0.9988775 |       872      1143
     2214    34.594 |   97.4579450 |    0.0158895    0.9988775 |       872      1143
     2215    34.609 |   97.4738243 |    0.0160434    0.9988775 |       872      1143
     2216    34.625 |   97.4806923 |    0.0162297    0.9988775 |       872      1143
     2217    34.641 |   97.4660546 |    0.0164480    0.9988775 |       872      1143
     2218    34.656 |   97.4817879 |    0.0166983    0.9988775 |       872      1143
     2219    34.672 |   97.4976074 |    0.0169803    0.9988775 |       872      1143
------------------------------------------------------------------------------------
Iteration      Time | *me_per_hour |     LEANBSSNMOL::conf_fac | *TISTICS::maxrss_mb
                    |              |      minimum      maximum |   minimum   maximum
------------------------------------------------------------------------------------
     2220    34.688 |   97.5084095 |    0.0172936    0.9988775 |       872      1143
     2221    34.703 |   97.5086403 |    0.0176378    0.9988775 |       872      1143
     2222    34.719 |   97.5246388 |    0.0180127    0.9988775 |       872      1143
     2223    34.734 |   97.5403603 |    0.0184179    0.9988775 |       872      1143
     2224    34.750 |   97.5460886 |    0.0188529    0.9988775 |       872      1143
     2225    34.766 |   97.5171629 |    0.0193172    0.9988775 |       872      1143
     2226    34.781 |   97.5322420 |    0.0198103    0.9988775 |       872      1143
     2227    34.797 |   97.5480679 |    0.0203318    0.9988775 |       872      1143
     2228    34.812 |   97.5591063 |    0.0208812    0.9988775 |       872      1143
     2229    34.828 |   97.5595324 |    0.0214577    0.9988775 |       872      1143
     2230    34.844 |   97.5749734 |    0.0220609    0.9988775 |       872      1143
     2231    34.859 |   97.5908638 |    0.0226902    0.9988775 |       872      1143
     2232    34.875 |   97.5979908 |    0.0233449    0.9988775 |       872      1143
     2233    34.891 |   97.5833224 |    0.0240244    0.9988775 |       872      1143
     2234    34.906 |   97.5989067 |    0.0239209    0.9988775 |       872      1143
     2235    34.922 |   97.6145678 |    0.0232428    0.9988775 |       872      1143
     2236    34.938 |   97.6251618 |    0.0225892    0.9988775 |       872      1143
     2237    34.953 |   97.6252670 |    0.0219610    0.9988775 |       872      1143
     2238    34.969 |   97.6411493 |    0.0213590    0.9988775 |       872      1143
     2239    34.984 |   97.6561780 |    0.0207839    0.9988775 |       872      1143
------------------------------------------------------------------------------------
Iteration      Time | *me_per_hour |     LEANBSSNMOL::conf_fac | *TISTICS::maxrss_mb
                    |              |      minimum      maximum |   minimum   maximum
------------------------------------------------------------------------------------
     2240    35.000 |   97.6410602 |    0.0202364    0.9988775 |       872      1143
INFO (CarpetRegrid2): Centre 1 is at position [7.35339,9.49242e-15,7.90645e-15] with 8 levels
INFO (CarpetRegrid2): Centre 2 is at position [-7.35339,1.10431e-14,-2.94786e-14] with 8 levels
INFO (CarpetRegrid2): Refined regions have not changed sufficiently; skipping regridding
INFO (CarpetRegrid2): Centre 1 is at position [7.35339,9.49242e-15,7.90645e-15] with 8 levels
INFO (CarpetRegrid2): Centre 2 is at position [-7.35339,1.10431e-14,-2.94786e-14] with 8 levels
INFO (CarpetRegrid2): Refined regions have not changed sufficiently; skipping regridding
INFO (CarpetRegrid2): Centre 1 is at position [7.35339,9.49242e-15,7.90645e-15] with 8 levels
INFO (CarpetRegrid2): Centre 2 is at position [-7.35339,1.10431e-14,-2.94786e-14] with 8 levels
INFO (CarpetRegrid2): Refined regions have not changed sufficiently; skipping regridding
INFO (CarpetRegrid2): Centre 1 is at position [7.35339,9.49242e-15,7.90645e-15] with 8 levels
INFO (CarpetRegrid2): Centre 2 is at position [-7.35339,1.10431e-14,-2.94786e-14] with 8 levels
INFO (CarpetRegrid2): Refined regions have not changed sufficiently; skipping regridding
INFO (CarpetRegrid2): Centre 1 is at position [7.35339,9.49242e-15,7.90645e-15] with 8 levels
INFO (CarpetRegrid2): Centre 2 is at position [-7.35339,1.10431e-14,-2.94786e-14] with 8 levels
INFO (CarpetRegrid2): Refined regions have not changed sufficiently; skipping regridding
INFO (CarpetRegrid2): Centre 1 is at position [7.35339,9.49242e-15,7.90645e-15] with 8 levels
INFO (CarpetRegrid2): Centre 2 is at position [-7.35339,1.10431e-14,-2.94786e-14] with 8 levels
INFO (CarpetRegrid2): Refined regions have not changed sufficiently; skipping regridding
INFO (CarpetRegrid2): Centre 1 is at position [7.35339,9.49242e-15,7.90645e-15] with 8 levels
INFO (CarpetRegrid2): Centre 2 is at position [-7.35339,1.10431e-14,-2.94786e-14] with 8 levels
INFO (CarpetRegrid2): Refined regions have not changed sufficiently; skipping regridding
INFO (CarpetRegrid2): Centre 1 is at position [7.35339,9.49242e-15,7.90645e-15] with 8 levels
INFO (CarpetRegrid2): Centre 2 is at position [-7.35339,1.10431e-14,-2.94786e-14] with 8 levels
INFO (CarpetRegrid2): Refined regions have not changed sufficiently; skipping regridding
     2241    35.016 |   97.3411580 |    0.0197172    0.9988775 |       872      1143
     2242    35.031 |   97.3565038 |    0.0192271    0.9988775 |       872      1143
     2243    35.047 |   97.3720195 |    0.0187667    0.9988775 |       872      1143
     2244    35.062 |   97.3819375 |    0.0183365    0.9988775 |       872      1143
     2245    35.078 |   97.3805023 |    0.0179371    0.9988775 |       872      1143
     2246    35.094 |   97.3962876 |    0.0175692    0.9988775 |       872      1143
     2247    35.109 |   97.4116386 |    0.0172330    0.9988775 |       872      1143
     2248    35.125 |   97.4172063 |    0.0169292    0.9988775 |       872      1143
     2249    35.141 |   97.4019427 |    0.0166580    0.9988775 |       872      1143
     2250    35.156 |   97.4171371 |    0.0164200    0.9988775 |       872      1143
     2251    35.172 |   97.4325967 |    0.0162154    0.9988775 |       872      1143
     2252    35.188 |   97.4433296 |    0.0160444    0.9988775 |       872      1143
     2253    35.203 |   97.4437445 |    0.0159074    0.9988775 |       872      1143
     2254    35.219 |   97.4595442 |    0.0158046    0.9988775 |       872      1143
     2255    35.234 |   97.4751025 |    0.0157360    0.9988775 |       872      1143
     2256    35.250 |   97.4804373 |    0.0157019    0.9988775 |       872      1143
     2257    35.266 |   97.4523779 |    0.0157022    0.9988775 |       872      1143
     2258    35.281 |   97.4675901 |    0.0157370    0.9988775 |       872      1143
     2259    35.297 |   97.4822683 |    0.0158062    0.9988775 |       872      1143
------------------------------------------------------------------------------------
Iteration      Time | *me_per_hour |     LEANBSSNMOL::conf_fac | *TISTICS::maxrss_mb
                    |              |      minimum      maximum |   minimum   maximum
------------------------------------------------------------------------------------
     2260    35.312 |   97.4928251 |    0.0159099    0.9988775 |       872      1143
     2261    35.328 |   97.4932104 |    0.0160479    0.9988775 |       872      1143
     2262    35.344 |   97.5083236 |    0.0162201    0.9988775 |       872      1143
     2263    35.359 |   97.5238681 |    0.0164262    0.9988775 |       872      1143
     2264    35.375 |   97.5307912 |    0.0166661    0.9988775 |       872      1143
     2265    35.391 |   97.5164515 |    0.0169395    0.9988775 |       872      1143
     2266    35.406 |   97.5317669 |    0.0172460    0.9988775 |       872      1143
     2267    35.422 |   97.5470405 |    0.0175854    0.9988775 |       872      1143
     2268    35.438 |   97.5577142 |    0.0179573    0.9988775 |       872      1143
     2269    35.453 |   97.5578325 |    0.0183611    0.9988775 |       872      1143
     2270    35.469 |   97.5729107 |    0.0187966    0.9988775 |       872      1143
     2271    35.484 |   97.5879243 |    0.0192631    0.9988775 |       872      1143
     2272    35.500 |   97.5882509 |    0.0197603    0.9988775 |       872      1143
     2273    35.516 |   97.5481362 |    0.0202874    0.9988775 |       872      1143
     2274    35.531 |   97.5629141 |    0.0208441    0.9988775 |       872      1143
     2275    35.547 |   97.5782211 |    0.0214296    0.9988775 |       872      1143
     2276    35.562 |   97.5888554 |    0.0220434    0.9988775 |       872      1143
     2277    35.578 |   97.5891366 |    0.0226847    0.9988775 |       872      1143
     2278    35.594 |   97.6045470 |    0.0233530    0.9988775 |       872      1143
     2279    35.609 |   97.6199273 |    0.0240475    0.9988775 |       872      1143
------------------------------------------------------------------------------------
Iteration      Time | *me_per_hour |     LEANBSSNMOL::conf_fac | *TISTICS::maxrss_mb
                    |              |      minimum      maximum |   minimum   maximum
------------------------------------------------------------------------------------
     2280    35.625 |   97.6265931 |    0.0239341    0.9988775 |       872      1143
     2281    35.641 |   97.6126532 |    0.0232415    0.9988775 |       872      1143
     2282    35.656 |   97.6277948 |    0.0225748    0.9988775 |       872      1143
     2283    35.672 |   97.6431849 |    0.0219352    0.9988775 |       872      1143
     2284    35.688 |   97.6535993 |    0.0213232    0.9988775 |       872      1143
     2285    35.703 |   97.6537758 |    0.0207399    0.9988775 |       872      1143
     2286    35.719 |   97.6691054 |    0.0201858    0.9988775 |       872      1143
     2287    35.734 |   97.6845822 |    0.0196619    0.9988775 |       872      1143
     2288    35.750 |   97.6896623 |    0.0191687    0.9988775 |       872      1143
     2289    35.766 |   97.6618966 |    0.0187070    0.9988775 |       872      1143
     2290    35.781 |   97.6767927 |    0.0182773    0.9988775 |       872      1143
     2291    35.797 |   97.6920752 |    0.0178804    0.9988775 |       872      1143
     2292    35.812 |   97.7024520 |    0.0175166    0.9988775 |       872      1143
     2293    35.828 |   97.7026277 |    0.0171866    0.9988775 |       872      1143
     2294    35.844 |   97.7179496 |    0.0168908    0.9988775 |       872      1143
     2295    35.859 |   97.7332935 |    0.0166295    0.9988775 |       872      1143
     2296    35.875 |   97.7400557 |    0.0164033    0.9988775 |       872      1143
     2297    35.891 |   97.7262029 |    0.0162123    0.9988775 |       872      1143
     2298    35.906 |   97.7413952 |    0.0160569    0.9988775 |       872      1143
     2299    35.922 |   97.7565144 |    0.0159373    0.9988775 |       872      1143
------------------------------------------------------------------------------------
Iteration      Time | *me_per_hour |     LEANBSSNMOL::conf_fac | *TISTICS::maxrss_mb
                    |              |      minimum      maximum |   minimum   maximum
------------------------------------------------------------------------------------
     2300    35.938 |   97.7669925 |    0.0158537    0.9988775 |       872      1143
     2301    35.953 |   97.7669113 |    0.0158062    0.9988775 |       872      1143
     2302    35.969 |   97.7819730 |    0.0157949    0.9988775 |       872      1143
     2303    35.984 |   97.7971100 |    0.0158199    0.9988775 |       872      1143
INFO (AHFinderDirect): proc 0: searching for horizon 1/6
INFO (AHFinderDirect): AH 3/6: r=79.0017 at (-0.000000,-0.000000,-0.000000)
INFO (AHFinderDirect): AH 3/6: area=80424.76817 m_irreducible=39.99999906
INFO (AHFinderDirect): AH 4/6: r=99.0019 at (0.000000,0.000000,-0.000000)
INFO (AHFinderDirect): AH 4/6: area=125663.7045 m_irreducible=49.99999966
INFO (AHFinderDirect): AH 5/6: r=179.003 at (0.000000,0.000000,-0.000000)
INFO (AHFinderDirect): AH 5/6: area=407150.4077 m_irreducible=89.99999997
INFO (AHFinderDirect): AH 6/6: r=239.003 at (0.000000,-0.000000,-0.000000)
INFO (AHFinderDirect): AH 6/6: area=723822.9473 m_irreducible=120
INFO (AHFinderDirect): AH 1/6: r=0.404651 at (7.311284,0.000000,0.000000)
INFO (AHFinderDirect): AH 1/6: area=11.235747 m_irreducible=0.4727875679
INFO (AHFinderDirect): AH 2/6: r=0.404651 at (-7.311284,0.000000,-0.000000)
INFO (AHFinderDirect): AH 2/6: area=11.235747 m_irreducible=0.4727875679
INFO (QuasiLocalMeasures): Calculating quasi-local quantities for surface    0
INFO (QuasiLocalMeasures): Importing from spherical surface    0
INFO (QuasiLocalMeasures): Geometric quantities for surface    0:
INFO (QuasiLocalMeasures):    Area A:                            11.2357
INFO (QuasiLocalMeasures):    Irreducible mass M = R/2:         0.472787
INFO (QuasiLocalMeasures):    Areal radius R = sqrt(A/4pi):     0.945574
INFO (QuasiLocalMeasures): Coordinate-dependent quantities for surface    0:
INFO (QuasiLocalMeasures):    Equatorial circumference:             5.94108
INFO (QuasiLocalMeasures):    Polar circumference at phi=0:         5.95413
INFO (QuasiLocalMeasures):    Polar circumference at phi=pi/2:      5.94172
INFO (QuasiLocalMeasures):    No valid spin guess from distortion.
INFO (QuasiLocalMeasures):    (Spin guess is imaginary.)
INFO (QuasiLocalMeasures):    Magnitude of invalid spin guess:     0.300207E-02
INFO (QuasiLocalMeasures):    Mass guess M from distortion:        0.472776
INFO (QuasiLocalMeasures): Isolated Horizon quantities for surface    0:
INFO (QuasiLocalMeasures):    Killing vector field eigenvalue norm:      1.00000
INFO (QuasiLocalMeasures):    Spin J:                                   0.456133E-08
INFO (QuasiLocalMeasures):    Kerr spin parameter a = J/M:              0.964774E-08
INFO (QuasiLocalMeasures):    Dimensionless spin parameter a = J/M^2:   0.204061E-07
INFO (QuasiLocalMeasures):    Spin J from NP:                           0.927106E-08
INFO (QuasiLocalMeasures):    Spin J from phi-coordinate-vector:         0.00000
INFO (QuasiLocalMeasures):    Mass M:                                   0.472787
INFO (QuasiLocalMeasures): Global quantities for surface    0:
INFO (QuasiLocalMeasures):    ADM energy:                 -1.35528
INFO (QuasiLocalMeasures):    ADM momentum x:            -0.410514E-02
INFO (QuasiLocalMeasures):    ADM momentum y:             0.291702E-15
INFO (QuasiLocalMeasures):    ADM momentum z:             0.217733E-15
INFO (QuasiLocalMeasures):    ADM angular momentum x:    -0.116151E-04
INFO (QuasiLocalMeasures):    ADM angular momentum y:    -0.161725E-14
INFO (QuasiLocalMeasures):    ADM angular momentum z:     0.205308E-14
INFO (QuasiLocalMeasures):    Weinberg energy:                  3.33222
INFO (QuasiLocalMeasures):    Weinberg momentum x:            -0.211432E-01
INFO (QuasiLocalMeasures):    Weinberg momentum y:             0.540433E-15
INFO (QuasiLocalMeasures):    Weinberg momentum z:             0.656539E-15
INFO (QuasiLocalMeasures):    Weinberg angular momentum x:    -0.671064E-04
INFO (QuasiLocalMeasures):    Weinberg angular momentum y:    -0.592091E-14
INFO (QuasiLocalMeasures):    Weinberg angular momentum z:     0.327701E-14
     2304    36.000 |   97.2540682 |    0.0158811    0.9988775 |       872      1148
INFO (CarpetRegrid2): Centre 1 is at position [7.30948,9.94147e-15,8.9113e-15] with 8 levels
INFO (CarpetRegrid2): Centre 2 is at position [-7.30948,1.21857e-14,-3.02428e-14] with 8 levels
INFO (CarpetRegrid2): Regridding level 0 map 0 at iteration 2305 time 36
INFO (CarpetRegrid2): Regridding levels 1 and up
INFO (CarpetRegrid2): Enforcing grid structure properties, iteration 0
INFO (CarpetRegrid2): Enforcing grid structure properties, iteration 0
INFO (CarpetRegrid2): Enforcing grid structure properties, iteration 0
INFO (CarpetRegrid2): Enforcing grid structure properties, iteration 0
INFO (CarpetRegrid2): Enforcing grid structure properties, iteration 0
INFO (CarpetRegrid2): Enforcing grid structure properties, iteration 0
INFO (CarpetRegrid2): Enforcing grid structure properties, iteration 0
INFO (Carpet): Grid structure (superregions, grid points):
   [0][0][0]   exterior: [0,0,0] : [260,260,260]   ([261,261,261] + PADDING) 17779581
   [1][0][0]   exterior: [215,219,219] : [305,301,301]   ([91,83,83] + PADDING) 626899
   [2][0][0]   exterior: [479,487,487] : [561,553,553]   ([83,67,67] + PADDING) 372587
   [3][0][0]   exterior: [992,1007,1007] : [1088,1073,1073]   ([97,67,67] + PADDING) 435433
   [4][0][0]   exterior: [2018,2048,2048] : [2142,2112,2112]   ([125,65,65] + PADDING) 528125
   [5][0][0]   exterior: [4070,4129,4129] : [4133,4191,4191]   ([64,63,63] + PADDING) 254016
   [5][0][1]   exterior: [4187,4129,4129] : [4250,4191,4191]   ([64,63,63] + PADDING) 254016
   [6][0][0]   exterior: [8174,8291,8291] : [8232,8349,8349]   ([59,59,59] + PADDING) 205379
   [6][0][1]   exterior: [8408,8291,8291] : [8466,8349,8349]   ([59,59,59] + PADDING) 205379
   [7][0][0]   exterior: [16381,16615,16615] : [16431,16665,16665]   ([51,51,51] + PADDING) 132651
   [7][0][1]   exterior: [16849,16615,16615] : [16899,16665,16665]   ([51,51,51] + PADDING) 132651
INFO (Carpet): Grid structure (superregions, coordinates):
   [0][0][0]   exterior: [-520,-520,-520] : [520,520,520] : [4,4,4]
   [1][0][0]   exterior: [-90,-82,-82] : [90,82,82] : [2,2,2]
   [2][0][0]   exterior: [-41,-33,-33] : [41,33,33] : [1,1,1]
   [3][0][0]   exterior: [-24,-16.5,-16.5] : [24,16.5,16.5] : [0.5,0.5,0.5]
   [4][0][0]   exterior: [-15.5,-8,-8] : [15.5,8,8] : [0.25,0.25,0.25]
   [5][0][0]   exterior: [-11.25,-3.875,-3.875] : [-3.375,3.875,3.875] : [0.125,0.125,0.125]
   [5][0][1]   exterior: [3.375,-3.875,-3.875] : [11.25,3.875,3.875] : [0.125,0.125,0.125]
   [6][0][0]   exterior: [-9.125,-1.8125,-1.8125] : [-5.5,1.8125,1.8125] : [0.0625,0.0625,0.0625]
   [6][0][1]   exterior: [5.5,-1.8125,-1.8125] : [9.125,1.8125,1.8125] : [0.0625,0.0625,0.0625]
   [7][0][0]   exterior: [-8.09375,-0.78125,-0.78125] : [-6.53125,0.78125,0.78125] : [0.03125,0.03125,0.03125]
   [7][0][1]   exterior: [6.53125,-0.78125,-0.78125] : [8.09375,0.78125,0.78125] : [0.03125,0.03125,0.03125]
INFO (Carpet): Global grid structure statistics:
INFO (Carpet): GF: rhs: 249k active, 486k owned (+95%), 1171k total (+141%), 128 steps/time
INFO (Carpet): GF: vars: 247, pts: 4413M active, 4873M owned (+10%), 7697M total (+58%), 1.0 comp/proc
INFO (Carpet): GA: vars: 1664, pts: 381M active, 381M total (+0%)
INFO (Carpet): Total required memory: 65.475 GByte (for GAs and currently active GFs)
INFO (Carpet): Load balance:  min     avg     max     sdv     max/avg-1
INFO (Carpet): Level  0:      32M     37M     41M      2M owned     11%
INFO (Carpet): Level  1:       1M      1M      1M      0M owned      8%
INFO (Carpet): Level  2:       1M      1M      1M      0M owned      7%
INFO (Carpet): Level  3:       1M      1M      1M      0M owned      4%
INFO (Carpet): Level  4:       1M      1M      1M      0M owned     10%
INFO (Carpet): Level  5:       1M      1M      1M      0M owned      4%
INFO (Carpet): Level  6:       1M      1M      1M      0M owned      6%
INFO (Carpet): Level  7:       0M      1M      1M      0M owned      7%
     2305    36.016 |   96.7325902 |    0.0159784    0.9988775 |       874      1149
     2306    36.031 |   96.7471856 |    0.0161119    0.9988775 |       874      1149
     2307    36.047 |   96.7622438 |    0.0162812    0.9988775 |       874      1149
     2308    36.062 |   96.7725896 |    0.0164863    0.9988775 |       874      1149
     2309    36.078 |   96.7727708 |    0.0167269    0.9988775 |       874      1149
     2310    36.094 |   96.7878157 |    0.0170027    0.9988775 |       874      1149
     2311    36.109 |   96.8030389 |    0.0173134    0.9988775 |       874      1149
     2312    36.125 |   96.8091422 |    0.0176585    0.9988775 |       874      1149
     2313    36.141 |   96.7945057 |    0.0180378    0.9988775 |       874      1149
     2314    36.156 |   96.8091839 |    0.0184508    0.9988775 |       874      1149
     2315    36.172 |   96.8244725 |    0.0188969    0.9988775 |       874      1149
     2316    36.188 |   96.8343653 |    0.0193756    0.9988775 |       874      1149
     2317    36.203 |   96.8348114 |    0.0198865    0.9988775 |       874      1149
     2318    36.219 |   96.8493947 |    0.0204289    0.9988775 |       874      1149
     2319    36.234 |   96.8643578 |    0.0210021    0.9988775 |       874      1149
------------------------------------------------------------------------------------
Iteration      Time | *me_per_hour |     LEANBSSNMOL::conf_fac | *TISTICS::maxrss_mb
                    |              |      minimum      maximum |   minimum   maximum
------------------------------------------------------------------------------------
     2320    36.250 |   96.8695625 |    0.0216056    0.9988775 |       874      1149
     2321    36.266 |   96.8414645 |    0.0222387    0.9988775 |       874      1149
     2322    36.281 |   96.8560332 |    0.0229006    0.9988775 |       874      1149
     2323    36.297 |   96.8712267 |    0.0235907    0.9988775 |       874      1149
     2324    36.312 |   96.8814704 |    0.0243082    0.9988775 |       874      1149
     2325    36.328 |   96.8815051 |    0.0237086    0.9988775 |       874      1149
     2326    36.344 |   96.8960683 |    0.0230113    0.9988775 |       874      1149
     2327    36.359 |   96.9110938 |    0.0223419    0.9988775 |       874      1149
     2328    36.375 |   96.9169265 |    0.0217012    0.9988775 |       874      1149
     2329    36.391 |   96.9020316 |    0.0210901    0.9988775 |       874      1149
     2330    36.406 |   96.9156916 |    0.0205094    0.9988775 |       874      1149
     2331    36.422 |   96.9305382 |    0.0199600    0.9988775 |       874      1149
     2332    36.438 |   96.9409010 |    0.0194426    0.9988775 |       874      1149
     2333    36.453 |   96.9404279 |    0.0189579    0.9988775 |       874      1149
     2334    36.469 |   96.9544497 |    0.0185066    0.9988775 |       874      1149
     2335    36.484 |   96.9692973 |    0.0180894    0.9988775 |       874      1149
     2336    36.500 |   96.9699628 |    0.0177068    0.9988775 |       874      1149
     2337    36.516 |   96.9277522 |    0.0173594    0.9988775 |       874      1149
     2338    36.531 |   96.9413190 |    0.0170476    0.9988775 |       874      1149
     2339    36.547 |   96.9544421 |    0.0167720    0.9988775 |       874      1149
------------------------------------------------------------------------------------
Iteration      Time | *me_per_hour |     LEANBSSNMOL::conf_fac | *TISTICS::maxrss_mb
                    |              |      minimum      maximum |   minimum   maximum
------------------------------------------------------------------------------------
     2340    36.562 |   96.9651750 |    0.0165329    0.9988775 |       874      1149
     2341    36.578 |   96.9654881 |    0.0163307    0.9988775 |       874      1149
     2342    36.594 |   96.9799265 |    0.0161656    0.9988775 |       874      1149
     2343    36.609 |   96.9949488 |    0.0160379    0.9988775 |       874      1149
     2344    36.625 |   97.0003995 |    0.0159478    0.9988775 |       874      1149
     2345    36.641 |   96.9848716 |    0.0158955    0.9988775 |       874      1149
     2346    36.656 |   96.9990271 |    0.0158810    0.9988775 |       874      1149
     2347    36.672 |   97.0139849 |    0.0159044    0.9988775 |       874      1149
     2348    36.688 |   97.0240203 |    0.0159656    0.9988775 |       874      1149
     2349    36.703 |   97.0241636 |    0.0160646    0.9988775 |       874      1149
     2350    36.719 |   97.0378126 |    0.0162013    0.9988775 |       874      1149
     2351    36.734 |   97.0518627 |    0.0163755    0.9988775 |       874      1149
     2352    36.750 |   97.0564694 |    0.0165870    0.9988775 |       874      1149
     2353    36.766 |   97.0283900 |    0.0168355    0.9988775 |       874      1149
     2354    36.781 |   97.0426312 |    0.0171207    0.9988775 |       874      1149
     2355    36.797 |   97.0576631 |    0.0174423    0.9988775 |       874      1149
     2356    36.812 |   97.0679133 |    0.0177998    0.9988775 |       874      1149
     2357    36.828 |   97.0680464 |    0.0181929    0.9988775 |       874      1149
     2358    36.844 |   97.0823812 |    0.0186209    0.9988775 |       874      1149
     2359    36.859 |   97.0970976 |    0.0190835    0.9988775 |       874      1149
------------------------------------------------------------------------------------
Iteration      Time | *me_per_hour |     LEANBSSNMOL::conf_fac | *TISTICS::maxrss_mb
                    |              |      minimum      maximum |   minimum   maximum
------------------------------------------------------------------------------------
     2360    36.875 |   97.1033972 |    0.0195800    0.9988775 |       874      1149
     2361    36.891 |   97.0875557 |    0.0201099    0.9988775 |       874      1149
     2362    36.906 |   97.1017739 |    0.0206724    0.9988775 |       874      1149
     2363    36.922 |   97.1164321 |    0.0212669    0.9988775 |       874      1149
     2364    36.938 |   97.1253516 |    0.0218928    0.9988775 |       874      1149
     2365    36.953 |   97.1253605 |    0.0225493    0.9988775 |       874      1149
     2366    36.969 |   97.1396306 |    0.0232355    0.9988775 |       874      1149
     2367    36.984 |   97.1542112 |    0.0239509    0.9988775 |       874      1149
     2368    37.000 |   97.1396130 |    0.0240924    0.9988775 |       874      1149
INFO (CarpetRegrid2): Centre 1 is at position [7.26379,9.87466e-15,1.00558e-14] with 8 levels
INFO (CarpetRegrid2): Centre 2 is at position [-7.26379,1.33986e-14,-3.08727e-14] with 8 levels
INFO (CarpetRegrid2): Refined regions have not changed sufficiently; skipping regridding
INFO (CarpetRegrid2): Centre 1 is at position [7.26379,9.87466e-15,1.00558e-14] with 8 levels
INFO (CarpetRegrid2): Centre 2 is at position [-7.26379,1.33986e-14,-3.08727e-14] with 8 levels
INFO (CarpetRegrid2): Refined regions have not changed sufficiently; skipping regridding
INFO (CarpetRegrid2): Centre 1 is at position [7.26379,9.87466e-15,1.00558e-14] with 8 levels
INFO (CarpetRegrid2): Centre 2 is at position [-7.26379,1.33986e-14,-3.08727e-14] with 8 levels
INFO (CarpetRegrid2): Refined regions have not changed sufficiently; skipping regridding
INFO (CarpetRegrid2): Centre 1 is at position [7.26379,9.87466e-15,1.00558e-14] with 8 levels
INFO (CarpetRegrid2): Centre 2 is at position [-7.26379,1.33986e-14,-3.08727e-14] with 8 levels
INFO (CarpetRegrid2): Refined regions have not changed sufficiently; skipping regridding
INFO (CarpetRegrid2): Centre 1 is at position [7.26379,9.87466e-15,1.00558e-14] with 8 levels
INFO (CarpetRegrid2): Centre 2 is at position [-7.26379,1.33986e-14,-3.08727e-14] with 8 levels
INFO (CarpetRegrid2): Refined regions have not changed sufficiently; skipping regridding
INFO (CarpetRegrid2): Centre 1 is at position [7.26379,9.87466e-15,1.00558e-14] with 8 levels
INFO (CarpetRegrid2): Centre 2 is at position [-7.26379,1.33986e-14,-3.08727e-14] with 8 levels
INFO (CarpetRegrid2): Refined regions have not changed sufficiently; skipping regridding
INFO (CarpetRegrid2): Centre 1 is at position [7.26379,9.87466e-15,1.00558e-14] with 8 levels
INFO (CarpetRegrid2): Centre 2 is at position [-7.26379,1.33986e-14,-3.08727e-14] with 8 levels
INFO (CarpetRegrid2): Refined regions have not changed sufficiently; skipping regridding
INFO (CarpetRegrid2): Centre 1 is at position [7.26379,9.87466e-15,1.00558e-14] with 8 levels
INFO (CarpetRegrid2): Centre 2 is at position [-7.26379,1.33986e-14,-3.08727e-14] with 8 levels
INFO (CarpetRegrid2): Refined regions have not changed sufficiently; skipping regridding
     2369    37.016 |   96.8572244 |    0.0233689    0.9988775 |       874      1149
     2370    37.031 |   96.8711733 |    0.0226741    0.9988775 |       874      1149
     2371    37.047 |   96.8855519 |    0.0220089    0.9988775 |       874      1149
     2372    37.062 |   96.8954984 |    0.0213744    0.9988775 |       874      1149
     2373    37.078 |   96.8958708 |    0.0207714    0.9988775 |       874      1149
     2374    37.094 |   96.9098253 |    0.0202006    0.9988775 |       874      1149
     2375    37.109 |   96.9243202 |    0.0196631    0.9988775 |       874      1149
     2376    37.125 |   96.9307438 |    0.0191594    0.9988775 |       874      1149
     2377    37.141 |   96.9157539 |    0.0186903    0.9988775 |       874      1149
     2378    37.156 |   96.9299596 |    0.0182565    0.9988775 |       874      1149
     2379    37.172 |   96.9446231 |    0.0178586    0.9988775 |       874      1149
------------------------------------------------------------------------------------
Iteration      Time | *me_per_hour |     LEANBSSNMOL::conf_fac | *TISTICS::maxrss_mb
                    |              |      minimum      maximum |   minimum   maximum
------------------------------------------------------------------------------------
     2380    37.188 |   96.9536901 |    0.0174972    0.9988775 |       874      1149
     2381    37.203 |   96.9540730 |    0.0171729    0.9988775 |       874      1149
     2382    37.219 |   96.9680652 |    0.0168860    0.9988775 |       874      1149
     2383    37.234 |   96.9822684 |    0.0166371    0.9988775 |       874      1149
     2384    37.250 |   96.9871399 |    0.0164264    0.9988775 |       874      1149
     2385    37.266 |   96.9602592 |    0.0162544    0.9988775 |       874      1149
     2386    37.281 |   96.9739614 |    0.0161211    0.9988775 |       874      1149
     2387    37.297 |   96.9882974 |    0.0160270    0.9988775 |       874      1149
     2388    37.312 |   96.9978717 |    0.0159721    0.9988775 |       874      1149
     2389    37.328 |   96.9980088 |    0.0159564    0.9988775 |       874      1149
     2390    37.344 |   97.0114520 |    0.0159801    0.9988775 |       874      1149
     2391    37.359 |   97.0255405 |    0.0160431    0.9988775 |       874      1149
     2392    37.375 |   97.0318777 |    0.0161453    0.9988775 |       874      1149
     2393    37.391 |   97.0174090 |    0.0162867    0.9988775 |       874      1149
     2394    37.406 |   97.0314858 |    0.0164670    0.9988775 |       874      1149
     2395    37.422 |   97.0458770 |    0.0166860    0.9988775 |       874      1149
     2396    37.438 |   97.0560597 |    0.0169433    0.9988775 |       874      1149
     2397    37.453 |   97.0563007 |    0.0172388    0.9988775 |       874      1149
     2398    37.469 |   97.0702051 |    0.0175719    0.9988775 |       874      1149
     2399    37.484 |   97.0848008 |    0.0179423    0.9988775 |       874      1149
------------------------------------------------------------------------------------
Iteration      Time | *me_per_hour |     LEANBSSNMOL::conf_fac | *TISTICS::maxrss_mb
                    |              |      minimum      maximum |   minimum   maximum
------------------------------------------------------------------------------------
     2400    37.500 |   97.0856423 |    0.0183495    0.9988775 |       874      1149
     2401    37.516 |   97.0470597 |    0.0187929    0.9988775 |       874      1149
     2402    37.531 |   97.0601852 |    0.0192721    0.9988775 |       874      1149
     2403    37.547 |   97.0746805 |    0.0197863    0.9988775 |       874      1149
     2404    37.562 |   97.0826125 |    0.0203349    0.9988775 |       874      1149
     2405    37.578 |   97.0720125 |    0.0209173    0.9988775 |       874      1149
     2406    37.594 |   97.0786742 |    0.0215327    0.9988775 |       874      1149
     2407    37.609 |   97.0874142 |    0.0221804    0.9988775 |       874      1149
     2408    37.625 |   97.0909933 |    0.0228597    0.9988775 |       874      1149
     2409    37.641 |   97.0770184 |    0.0235696    0.9988775 |       874      1149
     2410    37.656 |   97.0906021 |    0.0243094    0.9988775 |       874      1149
     2411    37.672 |   97.1048499 |    0.0237624    0.9988775 |       874      1149
     2412    37.688 |   97.1147067 |    0.0230414    0.9988775 |       874      1149
     2413    37.703 |   97.1139608 |    0.0223508    0.9988775 |       874      1149
     2414    37.719 |   97.1278286 |    0.0216917    0.9988775 |       874      1149
     2415    37.734 |   97.1421818 |    0.0210649    0.9988775 |       874      1149
     2416    37.750 |   97.1463269 |    0.0204714    0.9988775 |       874      1149
     2417    37.766 |   97.1193372 |    0.0199119    0.9988775 |       874      1149
     2418    37.781 |   97.1333784 |    0.0193874    0.9988775 |       874      1149
     2419    37.797 |   97.1478707 |    0.0188986    0.9988775 |       874      1149
------------------------------------------------------------------------------------
Iteration      Time | *me_per_hour |     LEANBSSNMOL::conf_fac | *TISTICS::maxrss_mb
                    |              |      minimum      maximum |   minimum   maximum
------------------------------------------------------------------------------------
     2420    37.812 |   97.1576644 |    0.0184462    0.9988775 |       874      1149
     2421    37.828 |   97.1578597 |    0.0180309    0.9988775 |       874      1149
     2422    37.844 |   97.1718712 |    0.0176533    0.9988775 |       874      1149
     2423    37.859 |   97.1861934 |    0.0173139    0.9988775 |       874      1149
     2424    37.875 |   97.1922749 |    0.0170133    0.9988775 |       874      1149
     2425    37.891 |   97.1777566 |    0.0167520    0.9988775 |       874      1149
     2426    37.906 |   97.1919857 |    0.0165303    0.9988775 |       874      1149
     2427    37.922 |   97.2065133 |    0.0163486    0.9988775 |       874      1149
     2428    37.938 |   97.2165271 |    0.0162071    0.9988775 |       874      1149
     2429    37.953 |   97.2165756 |    0.0161061    0.9988775 |       874      1149
     2430    37.969 |   97.2305512 |    0.0160457    0.9988775 |       874      1149
     2431    37.984 |   97.2447758 |    0.0160260    0.9988775 |       874      1149
     2432    38.000 |   97.2300323 |    0.0160472    0.9988775 |       874      1149
INFO (CarpetRegrid2): Centre 1 is at position [7.21652,1.02111e-14,1.11648e-14] with 8 levels
INFO (CarpetRegrid2): Centre 2 is at position [-7.21652,1.44989e-14,-3.16955e-14] with 8 levels
INFO (CarpetRegrid2): Refined regions have not changed sufficiently; skipping regridding
INFO (CarpetRegrid2): Centre 1 is at position [7.21652,1.02111e-14,1.11648e-14] with 8 levels
INFO (CarpetRegrid2): Centre 2 is at position [-7.21652,1.44989e-14,-3.16955e-14] with 8 levels
INFO (CarpetRegrid2): Refined regions have not changed sufficiently; skipping regridding
INFO (CarpetRegrid2): Centre 1 is at position [7.21652,1.02111e-14,1.11648e-14] with 8 levels
INFO (CarpetRegrid2): Centre 2 is at position [-7.21652,1.44989e-14,-3.16955e-14] with 8 levels
INFO (CarpetRegrid2): Refined regions have not changed sufficiently; skipping regridding
INFO (CarpetRegrid2): Centre 1 is at position [7.21652,1.02111e-14,1.11648e-14] with 8 levels
INFO (CarpetRegrid2): Centre 2 is at position [-7.21652,1.44989e-14,-3.16955e-14] with 8 levels
INFO (CarpetRegrid2): Refined regions have not changed sufficiently; skipping regridding
INFO (CarpetRegrid2): Centre 1 is at position [7.21652,1.02111e-14,1.11648e-14] with 8 levels
INFO (CarpetRegrid2): Centre 2 is at position [-7.21652,1.44989e-14,-3.16955e-14] with 8 levels
INFO (CarpetRegrid2): Refined regions have not changed sufficiently; skipping regridding
INFO (CarpetRegrid2): Centre 1 is at position [7.21652,1.02111e-14,1.11648e-14] with 8 levels
INFO (CarpetRegrid2): Centre 2 is at position [-7.21652,1.44989e-14,-3.16955e-14] with 8 levels
INFO (CarpetRegrid2): Refined regions have not changed sufficiently; skipping regridding
INFO (CarpetRegrid2): Centre 1 is at position [7.21652,1.02111e-14,1.11648e-14] with 8 levels
INFO (CarpetRegrid2): Centre 2 is at position [-7.21652,1.44989e-14,-3.16955e-14] with 8 levels
INFO (CarpetRegrid2): Refined regions have not changed sufficiently; skipping regridding
INFO (CarpetRegrid2): Centre 1 is at position [7.21652,1.02111e-14,1.11648e-14] with 8 levels
INFO (CarpetRegrid2): Centre 2 is at position [-7.21652,1.44989e-14,-3.16955e-14] with 8 levels
INFO (CarpetRegrid2): Refined regions have not changed sufficiently; skipping regridding
     2433    38.016 |   96.9518744 |    0.0161091    0.9988775 |       874      1149
     2434    38.031 |   96.9657946 |    0.0162116    0.9988775 |       874      1149
     2435    38.047 |   96.9801547 |    0.0163548    0.9988775 |       874      1149
     2436    38.062 |   96.9899634 |    0.0165383    0.9988775 |       874      1149
     2437    38.078 |   96.9904675 |    0.0167620    0.9988775 |       874      1149
     2438    38.094 |   97.0043783 |    0.0170254    0.9988775 |       874      1149
     2439    38.109 |   97.0185383 |    0.0173284    0.9988775 |       874      1149
------------------------------------------------------------------------------------
Iteration      Time | *me_per_hour |     LEANBSSNMOL::conf_fac | *TISTICS::maxrss_mb
                    |              |      minimum      maximum |   minimum   maximum
------------------------------------------------------------------------------------
     2440    38.125 |   97.0247056 |    0.0176704    0.9988775 |       874      1149
     2441    38.141 |   97.0101918 |    0.0180510    0.9988775 |       874      1149
     2442    38.156 |   97.0244870 |    0.0184697    0.9988775 |       874      1149
     2443    38.172 |   97.0382329 |    0.0189260    0.9988775 |       874      1149
     2444    38.188 |   97.0473919 |    0.0194192    0.9988775 |       874      1149
     2445    38.203 |   97.0463298 |    0.0199488    0.9988775 |       874      1149
     2446    38.219 |   97.0593291 |    0.0205140    0.9988775 |       874      1149
     2447    38.234 |   97.0736693 |    0.0211140    0.9988775 |       874      1149
     2448    38.250 |   97.0783787 |    0.0217483    0.9988775 |       874      1149
     2449    38.266 |   97.0517976 |    0.0224158    0.9988775 |       874      1149
     2450    38.281 |   97.0650581 |    0.0231159    0.9988775 |       874      1149
     2451    38.297 |   97.0789333 |    0.0238477    0.9988775 |       874      1149
     2452    38.312 |   97.0886119 |    0.0242454    0.9988775 |       874      1149
     2453    38.328 |   97.0886235 |    0.0234943    0.9988775 |       874      1149
     2454    38.344 |   97.1025658 |    0.0227742    0.9988775 |       874      1149
     2455    38.359 |   97.1168591 |    0.0220862    0.9988775 |       874      1149
     2456    38.375 |   97.1228735 |    0.0214314    0.9988775 |       874      1149
     2457    38.391 |   97.1086569 |    0.0208106    0.9988775 |       874      1149
     2458    38.406 |   97.1225544 |    0.0202248    0.9988775 |       874      1149
     2459    38.422 |   97.1368029 |    0.0196749    0.9988775 |       874      1149
------------------------------------------------------------------------------------
Iteration      Time | *me_per_hour |     LEANBSSNMOL::conf_fac | *TISTICS::maxrss_mb
                    |              |      minimum      maximum |   minimum   maximum
------------------------------------------------------------------------------------
     2460    38.438 |   97.1466166 |    0.0191617    0.9988775 |       874      1149
     2461    38.453 |   97.1465782 |    0.0186860    0.9988775 |       874      1149
     2462    38.469 |   97.1600757 |    0.0182485    0.9988775 |       874      1149
     2463    38.484 |   97.1742627 |    0.0178499    0.9988775 |       874      1149
     2464    38.500 |   97.1750247 |    0.0174909    0.9988775 |       874      1149
     2465    38.516 |   97.1374601 |    0.0171718    0.9988775 |       874      1149
     2466    38.531 |   97.1512461 |    0.0168934    0.9988775 |       874      1149
     2467    38.547 |   97.1654003 |    0.0166559    0.9988775 |       874      1149
     2468    38.562 |   97.1751620 |    0.0164598    0.9988775 |       874      1149
     2469    38.578 |   97.1750077 |    0.0163054    0.9988775 |       874      1149
     2470    38.594 |   97.1886976 |    0.0161929    0.9988775 |       874      1149
     2471    38.609 |   97.2025264 |    0.0161225    0.9988775 |       874      1149
     2472    38.625 |   97.2086339 |    0.0160944    0.9988775 |       874      1149
     2473    38.641 |   97.1945737 |    0.0161086    0.9988775 |       874      1149
     2474    38.656 |   97.2078941 |    0.0161651    0.9988775 |       874      1149
     2475    38.672 |   97.2221278 |    0.0162639    0.9988775 |       874      1149
     2476    38.688 |   97.2313058 |    0.0164047    0.9988775 |       874      1149
     2477    38.703 |   97.2314915 |    0.0165874    0.9988775 |       874      1149
     2478    38.719 |   97.2452224 |    0.0168119    0.9988775 |       874      1149
     2479    38.734 |   97.2593720 |    0.0170776    0.9988775 |       874      1149
------------------------------------------------------------------------------------
Iteration      Time | *me_per_hour |     LEANBSSNMOL::conf_fac | *TISTICS::maxrss_mb
                    |              |      minimum      maximum |   minimum   maximum
------------------------------------------------------------------------------------
     2480    38.750 |   97.2641632 |    0.0173844    0.9988775 |       874      1149
     2481    38.766 |   97.2376031 |    0.0177317    0.9988775 |       874      1149
     2482    38.781 |   97.2512704 |    0.0181192    0.9988775 |       874      1149
     2483    38.797 |   97.2652120 |    0.0185462    0.9988775 |       874      1149
     2484    38.812 |   97.2752473 |    0.0190122    0.9988775 |       874      1149
     2485    38.828 |   97.2751914 |    0.0195165    0.9988775 |       874      1149
     2486    38.844 |   97.2890483 |    0.0200585    0.9988775 |       874      1149
     2487    38.859 |   97.3031876 |    0.0206375    0.9988775 |       874      1149
     2488    38.875 |   97.3088010 |    0.0212526    0.9988775 |       874      1149
     2489    38.891 |   97.2942189 |    0.0219032    0.9988775 |       874      1149
     2490    38.906 |   97.3081823 |    0.0225882    0.9988775 |       874      1149
     2491    38.922 |   97.3222801 |    0.0233070    0.9988775 |       874      1149
     2492    38.938 |   97.3319354 |    0.0240585    0.9988775 |       874      1149
     2493    38.953 |   97.3319758 |    0.0240514    0.9988775 |       874      1149
     2494    38.969 |   97.3454820 |    0.0232969    0.9988775 |       874      1149
     2495    38.984 |   97.3594780 |    0.0225751    0.9988775 |       874      1149
     2496    39.000 |   97.3456049 |    0.0218871    0.9988775 |       874      1149
INFO (CarpetRegrid2): Centre 1 is at position [7.16764,1.06708e-14,1.24656e-14] with 8 levels
INFO (CarpetRegrid2): Centre 2 is at position [-7.16764,1.55961e-14,-3.2743e-14] with 8 levels
INFO (CarpetRegrid2): Refined regions have not changed sufficiently; skipping regridding
INFO (CarpetRegrid2): Centre 1 is at position [7.16764,1.06708e-14,1.24656e-14] with 8 levels
INFO (CarpetRegrid2): Centre 2 is at position [-7.16764,1.55961e-14,-3.2743e-14] with 8 levels
INFO (CarpetRegrid2): Refined regions have not changed sufficiently; skipping regridding
INFO (CarpetRegrid2): Centre 1 is at position [7.16764,1.06708e-14,1.24656e-14] with 8 levels
INFO (CarpetRegrid2): Centre 2 is at position [-7.16764,1.55961e-14,-3.2743e-14] with 8 levels
INFO (CarpetRegrid2): Refined regions have not changed sufficiently; skipping regridding
INFO (CarpetRegrid2): Centre 1 is at position [7.16764,1.06708e-14,1.24656e-14] with 8 levels
INFO (CarpetRegrid2): Centre 2 is at position [-7.16764,1.55961e-14,-3.2743e-14] with 8 levels
INFO (CarpetRegrid2): Refined regions have not changed sufficiently; skipping regridding
INFO (CarpetRegrid2): Centre 1 is at position [7.16764,1.06708e-14,1.24656e-14] with 8 levels
INFO (CarpetRegrid2): Centre 2 is at position [-7.16764,1.55961e-14,-3.2743e-14] with 8 levels
INFO (CarpetRegrid2): Refined regions have not changed sufficiently; skipping regridding
INFO (CarpetRegrid2): Centre 1 is at position [7.16764,1.06708e-14,1.24656e-14] with 8 levels
INFO (CarpetRegrid2): Centre 2 is at position [-7.16764,1.55961e-14,-3.2743e-14] with 8 levels
INFO (CarpetRegrid2): Refined regions have not changed sufficiently; skipping regridding
INFO (CarpetRegrid2): Centre 1 is at position [7.16764,1.06708e-14,1.24656e-14] with 8 levels
INFO (CarpetRegrid2): Centre 2 is at position [-7.16764,1.55961e-14,-3.2743e-14] with 8 levels
INFO (CarpetRegrid2): Refined regions have not changed sufficiently; skipping regridding
INFO (CarpetRegrid2): Centre 1 is at position [7.16764,1.06708e-14,1.24656e-14] with 8 levels
INFO (CarpetRegrid2): Centre 2 is at position [-7.16764,1.55961e-14,-3.2743e-14] with 8 levels
INFO (CarpetRegrid2): Refined regions have not changed sufficiently; skipping regridding
     2497    39.016 |   97.0756367 |    0.0212339    0.9988775 |       874      1149
     2498    39.031 |   97.0890443 |    0.0206166    0.9988775 |       874      1149
     2499    39.047 |   97.1028846 |    0.0200360    0.9988775 |       874      1149
------------------------------------------------------------------------------------
Iteration      Time | *me_per_hour |     LEANBSSNMOL::conf_fac | *TISTICS::maxrss_mb
                    |              |      minimum      maximum |   minimum   maximum
------------------------------------------------------------------------------------
     2500    39.062 |   97.1130368 |    0.0194931    0.9988775 |       874      1149
     2501    39.078 |   97.1131692 |    0.0189886    0.9988775 |       874      1149
     2502    39.094 |   97.1267755 |    0.0185235    0.9988775 |       874      1149
     2503    39.109 |   97.1406865 |    0.0180985    0.9988775 |       874      1149
     2504    39.125 |   97.1466825 |    0.0177141    0.9988775 |       874      1149
     2505    39.141 |   97.1331018 |    0.0173711    0.9988775 |       874      1149
     2506    39.156 |   97.1466240 |    0.0170700    0.9988775 |       874      1149
     2507    39.172 |   97.1605923 |    0.0168113    0.9988775 |       874      1149
     2508    39.188 |   97.1700027 |    0.0165953    0.9988775 |       874      1149
     2509    39.203 |   97.1702019 |    0.0164225    0.9988775 |       874      1149
     2510    39.219 |   97.1829989 |    0.0162932    0.9988775 |       874      1149
     2511    39.234 |   97.1952405 |    0.0162075    0.9988775 |       874      1149
     2512    39.250 |   97.1990517 |    0.0161656    0.9988775 |       874      1149
     2513    39.266 |   97.1690823 |    0.0161676    0.9988775 |       874      1149
     2514    39.281 |   97.1828267 |    0.0162135    0.9988775 |       874      1149
     2515    39.297 |   97.1969094 |    0.0163032    0.9988775 |       874      1149
     2516    39.312 |   97.2065539 |    0.0164367    0.9988775 |       874      1149
     2517    39.328 |   97.2065949 |    0.0166138    0.9988775 |       874      1149
     2518    39.344 |   97.2200535 |    0.0168342    0.9988775 |       874      1149
     2519    39.359 |   97.2339367 |    0.0170975    0.9988775 |       874      1149
------------------------------------------------------------------------------------
Iteration      Time | *me_per_hour |     LEANBSSNMOL::conf_fac | *TISTICS::maxrss_mb
                    |              |      minimum      maximum |   minimum   maximum
------------------------------------------------------------------------------------
     2520    39.375 |   97.2396865 |    0.0174035    0.9988775 |       874      1149
     2521    39.391 |   97.2259550 |    0.0177517    0.9988775 |       874      1149
     2522    39.406 |   97.2396161 |    0.0181416    0.9988775 |       874      1149
     2523    39.422 |   97.2535321 |    0.0185726    0.9988775 |       874      1149
     2524    39.438 |   97.2631689 |    0.0190441    0.9988775 |       874      1149
     2525    39.453 |   97.2631053 |    0.0195555    0.9988775 |       874      1149
     2526    39.469 |   97.2764572 |    0.0201061    0.9988775 |       874      1149
     2527    39.484 |   97.2904288 |    0.0206951    0.9988775 |       874      1149
     2528    39.500 |   97.2908594 |    0.0213217    0.9988775 |       874      1149
     2529    39.516 |   97.2546230 |    0.0219851    0.9988775 |       874      1149
     2530    39.531 |   97.2675891 |    0.0226844    0.9988775 |       874      1149
     2531    39.547 |   97.2814576 |    0.0234186    0.9988775 |       874      1149
     2532    39.562 |   97.2905610 |    0.0241868    0.9988775 |       874      1149
     2533    39.578 |   97.2907429 |    0.0239434    0.9988775 |       874      1149
     2534    39.594 |   97.3040056 |    0.0231823    0.9988775 |       874      1149
     2535    39.609 |   97.3177989 |    0.0224555    0.9988775 |       874      1149
     2536    39.625 |   97.3234799 |    0.0217641    0.9988775 |       874      1149
     2537    39.641 |   97.3090642 |    0.0211092    0.9988775 |       874      1149
     2538    39.656 |   97.3226918 |    0.0204918    0.9988775 |       874      1149
     2539    39.672 |   97.3365213 |    0.0199130    0.9988775 |       874      1149
------------------------------------------------------------------------------------
Iteration      Time | *me_per_hour |     LEANBSSNMOL::conf_fac | *TISTICS::maxrss_mb
                    |              |      minimum      maximum |   minimum   maximum
------------------------------------------------------------------------------------
     2540    39.688 |   97.3460750 |    0.0193735    0.9988775 |       874      1149
     2541    39.703 |   97.3460260 |    0.0188744    0.9988775 |       874      1149
     2542    39.719 |   97.3593077 |    0.0184163    0.9988775 |       874      1149
     2543    39.734 |   97.3730831 |    0.0180002    0.9988775 |       874      1149
     2544    39.750 |   97.3777810 |    0.0176265    0.9988775 |       874      1149
     2545    39.766 |   97.3521395 |    0.0172961    0.9988775 |       874      1149
     2546    39.781 |   97.3653077 |    0.0170093    0.9988775 |       874      1149
     2547    39.797 |   97.3790177 |    0.0167668    0.9988775 |       874      1149
     2548    39.812 |   97.3887524 |    0.0165688    0.9988775 |       874      1149
     2549    39.828 |   97.3885160 |    0.0164158    0.9988775 |       874      1149
     2550    39.844 |   97.4017802 |    0.0163080    0.9988775 |       874      1149
     2551    39.859 |   97.4154515 |    0.0162456    0.9988775 |       874      1149
     2552    39.875 |   97.4209089 |    0.0162287    0.9988775 |       874      1149
     2553    39.891 |   97.4074836 |    0.0162573    0.9988775 |       874      1149
     2554    39.906 |   97.4209725 |    0.0163315    0.9988775 |       874      1149
     2555    39.922 |   97.4345990 |    0.0164512    0.9988775 |       874      1149
     2556    39.938 |   97.4435912 |    0.0166161    0.9988775 |       874      1149
     2557    39.953 |   97.4435408 |    0.0168260    0.9988775 |       874      1149
     2558    39.969 |   97.4554062 |    0.0170807    0.9988775 |       874      1149
     2559    39.984 |   97.4665419 |    0.0173798    0.9988775 |       874      1149
INFO (AHFinderDirect): proc 0: searching for horizon 1/6
INFO (AHFinderDirect): AH 3/6: r=79.0019 at (0.000000,-0.000000,0.000000)
INFO (AHFinderDirect): AH 3/6: area=80424.76727 m_irreducible=39.99999884
INFO (AHFinderDirect): AH 4/6: r=99.002 at (0.000000,-0.000000,0.000000)
INFO (AHFinderDirect): AH 4/6: area=125663.7042 m_irreducible=49.9999996
INFO (AHFinderDirect): AH 5/6: r=179.003 at (-0.000000,0.000000,0.000000)
INFO (AHFinderDirect): AH 5/6: area=407150.4076 m_irreducible=89.99999997
INFO (AHFinderDirect): AH 6/6: r=239.003 at (0.000000,0.000000,0.000000)
INFO (AHFinderDirect): AH 6/6: area=723822.9473 m_irreducible=120
INFO (AHFinderDirect): AH 1/6: r=0.404701 at (7.119127,0.000000,0.000000)
INFO (AHFinderDirect): AH 1/6: area=11.23556623 m_irreducible=0.4727837646
INFO (AHFinderDirect): AH 2/6: r=0.404701 at (-7.119127,0.000000,-0.000000)
INFO (AHFinderDirect): AH 2/6: area=11.23556623 m_irreducible=0.4727837646
INFO (QuasiLocalMeasures): Calculating quasi-local quantities for surface    0
INFO (QuasiLocalMeasures): Importing from spherical surface    0
INFO (QuasiLocalMeasures): Geometric quantities for surface    0:
INFO (QuasiLocalMeasures):    Area A:                            11.2355
INFO (QuasiLocalMeasures):    Irreducible mass M = R/2:         0.472783
INFO (QuasiLocalMeasures):    Areal radius R = sqrt(A/4pi):     0.945567
INFO (QuasiLocalMeasures): Coordinate-dependent quantities for surface    0:
INFO (QuasiLocalMeasures):    Equatorial circumference:             5.94100
INFO (QuasiLocalMeasures):    Polar circumference at phi=0:         5.95643
INFO (QuasiLocalMeasures):    Polar circumference at phi=pi/2:      5.94195
INFO (QuasiLocalMeasures):    No valid spin guess from distortion.
INFO (QuasiLocalMeasures):    (Spin guess is imaginary.)
INFO (QuasiLocalMeasures):    Magnitude of invalid spin guess:     0.340994E-02
INFO (QuasiLocalMeasures):    Mass guess M from distortion:        0.472770
INFO (QuasiLocalMeasures): Isolated Horizon quantities for surface    0:
INFO (QuasiLocalMeasures):    Killing vector field eigenvalue norm:      1.00000
INFO (QuasiLocalMeasures):    Spin J:                                   0.379059E-08
INFO (QuasiLocalMeasures):    Kerr spin parameter a = J/M:              0.801760E-08
INFO (QuasiLocalMeasures):    Dimensionless spin parameter a = J/M^2:   0.169583E-07
INFO (QuasiLocalMeasures):    Spin J from NP:                           0.771007E-08
INFO (QuasiLocalMeasures):    Spin J from phi-coordinate-vector:         0.00000
INFO (QuasiLocalMeasures):    Mass M:                                   0.472783
INFO (QuasiLocalMeasures): Global quantities for surface    0:
INFO (QuasiLocalMeasures):    ADM energy:                 -1.35540
INFO (QuasiLocalMeasures):    ADM momentum x:            -0.465992E-02
INFO (QuasiLocalMeasures):    ADM momentum y:            -0.174091E-15
INFO (QuasiLocalMeasures):    ADM momentum z:            -0.357449E-15
INFO (QuasiLocalMeasures):    ADM angular momentum x:    -0.123764E-04
INFO (QuasiLocalMeasures):    ADM angular momentum y:     0.277037E-15
INFO (QuasiLocalMeasures):    ADM angular momentum z:    -0.515270E-15
INFO (QuasiLocalMeasures):    Weinberg energy:                  3.33214
INFO (QuasiLocalMeasures):    Weinberg momentum x:            -0.238512E-01
INFO (QuasiLocalMeasures):    Weinberg momentum y:             0.277155E-15
INFO (QuasiLocalMeasures):    Weinberg momentum z:             0.119148E-14
INFO (QuasiLocalMeasures):    Weinberg angular momentum x:    -0.716668E-04
INFO (QuasiLocalMeasures):    Weinberg angular momentum y:    -0.185801E-14
INFO (QuasiLocalMeasures):    Weinberg angular momentum z:    -0.597311E-16
------------------------------------------------------------------------------------
Iteration      Time | *me_per_hour |     LEANBSSNMOL::conf_fac | *TISTICS::maxrss_mb
                    |              |      minimum      maximum |   minimum   maximum
------------------------------------------------------------------------------------
     2560    40.000 |   96.9057239 |    0.0177227    0.9988775 |       874      1154
INFO (CarpetRegrid2): Centre 1 is at position [7.11703,1.11045e-14,1.35401e-14] with 8 levels
INFO (CarpetRegrid2): Centre 2 is at position [-7.11703,1.70078e-14,-3.37601e-14] with 8 levels
INFO (CarpetRegrid2): Regridding level 0 map 0 at iteration 2561 time 40
INFO (CarpetRegrid2): Regridding levels 1 and up
INFO (CarpetRegrid2): Enforcing grid structure properties, iteration 0
INFO (CarpetRegrid2): Enforcing grid structure properties, iteration 0
INFO (CarpetRegrid2): Enforcing grid structure properties, iteration 0
INFO (CarpetRegrid2): Enforcing grid structure properties, iteration 0
INFO (CarpetRegrid2): Enforcing grid structure properties, iteration 0
INFO (CarpetRegrid2): Enforcing grid structure properties, iteration 0
INFO (CarpetRegrid2): Enforcing grid structure properties, iteration 0
INFO (Carpet): Grid structure (superregions, grid points):
   [0][0][0]   exterior: [0,0,0] : [260,260,260]   ([261,261,261] + PADDING) 17779581
   [1][0][0]   exterior: [215,219,219] : [305,301,301]   ([91,83,83] + PADDING) 626899
   [2][0][0]   exterior: [480,487,487] : [560,553,553]   ([81,67,67] + PADDING) 363609
   [3][0][0]   exterior: [993,1007,1007] : [1087,1073,1073]   ([95,67,67] + PADDING) 426455
   [4][0][0]   exterior: [2019,2048,2048] : [2141,2112,2112]   ([123,65,65] + PADDING) 519675
   [5][0][0]   exterior: [4072,4129,4129] : [4134,4191,4191]   ([63,63,63] + PADDING) 250047
   [5][0][1]   exterior: [4186,4129,4129] : [4248,4191,4191]   ([63,63,63] + PADDING) 250047
   [6][0][0]   exterior: [8177,8291,8291] : [8235,8349,8349]   ([59,59,59] + PADDING) 205379
   [6][0][1]   exterior: [8405,8291,8291] : [8463,8349,8349]   ([59,59,59] + PADDING) 205379
   [7][0][0]   exterior: [16387,16615,16615] : [16437,16665,16665]   ([51,51,51] + PADDING) 132651
   [7][0][1]   exterior: [16843,16615,16615] : [16893,16665,16665]   ([51,51,51] + PADDING) 132651
INFO (Carpet): Grid structure (superregions, coordinates):
   [0][0][0]   exterior: [-520,-520,-520] : [520,520,520] : [4,4,4]
   [1][0][0]   exterior: [-90,-82,-82] : [90,82,82] : [2,2,2]
   [2][0][0]   exterior: [-40,-33,-33] : [40,33,33] : [1,1,1]
   [3][0][0]   exterior: [-23.5,-16.5,-16.5] : [23.5,16.5,16.5] : [0.5,0.5,0.5]
   [4][0][0]   exterior: [-15.25,-8,-8] : [15.25,8,8] : [0.25,0.25,0.25]
   [5][0][0]   exterior: [-11,-3.875,-3.875] : [-3.25,3.875,3.875] : [0.125,0.125,0.125]
   [5][0][1]   exterior: [3.25,-3.875,-3.875] : [11,3.875,3.875] : [0.125,0.125,0.125]
   [6][0][0]   exterior: [-8.9375,-1.8125,-1.8125] : [-5.3125,1.8125,1.8125] : [0.0625,0.0625,0.0625]
   [6][0][1]   exterior: [5.3125,-1.8125,-1.8125] : [8.9375,1.8125,1.8125] : [0.0625,0.0625,0.0625]
   [7][0][0]   exterior: [-7.90625,-0.78125,-0.78125] : [-6.34375,0.78125,0.78125] : [0.03125,0.03125,0.03125]
   [7][0][1]   exterior: [6.34375,-0.78125,-0.78125] : [7.90625,0.78125,0.78125] : [0.03125,0.03125,0.03125]
INFO (Carpet): Global grid structure statistics:
INFO (Carpet): GF: rhs: 248k active, 484k owned (+95%), 1167k total (+141%), 128 steps/time
INFO (Carpet): GF: vars: 247, pts: 4409M active, 4864M owned (+10%), 7681M total (+58%), 1.0 comp/proc
INFO (Carpet): GA: vars: 1664, pts: 381M active, 381M total (+0%)
INFO (Carpet): Total required memory: 65.349 GByte (for GAs and currently active GFs)
INFO (Carpet): Load balance:  min     avg     max     sdv     max/avg-1
INFO (Carpet): Level  0:      32M     37M     41M      2M owned     11%
INFO (Carpet): Level  1:       1M      1M      1M      0M owned      8%
INFO (Carpet): Level  2:       1M      1M      1M      0M owned      9%
INFO (Carpet): Level  3:       1M      1M      1M      0M owned      6%
INFO (Carpet): Level  4:       1M      1M      1M      0M owned     11%
INFO (Carpet): Level  5:       1M      1M      1M      0M owned      5%
INFO (Carpet): Level  6:       1M      1M      1M      0M owned      6%
INFO (Carpet): Level  7:       0M      1M      1M      0M owned      7%
     2561    40.016 |   96.4111828 |    0.0181091    0.9988775 |       874      1154
     2562    40.031 |   96.4247468 |    0.0185383    0.9988775 |       874      1154
     2563    40.047 |   96.4389678 |    0.0190098    0.9988775 |       874      1154
     2564    40.062 |   96.4480958 |    0.0195228    0.9988775 |       874      1154
     2565    40.078 |   96.4489861 |    0.0200766    0.9988775 |       874      1154
     2566    40.094 |   96.4631106 |    0.0206704    0.9988775 |       874      1154
     2567    40.109 |   96.4770803 |    0.0213034    0.9988775 |       874      1154
     2568    40.125 |   96.4828871 |    0.0219748    0.9988775 |       874      1154
     2569    40.141 |   96.4702150 |    0.0226835    0.9988775 |       874      1154
     2570    40.156 |   96.4847074 |    0.0234286    0.9988775 |       874      1154
     2571    40.172 |   96.4983171 |    0.0242091    0.9988775 |       874      1154
     2572    40.188 |   96.5072354 |    0.0239355    0.9988775 |       874      1154
     2573    40.203 |   96.5081949 |    0.0231635    0.9988775 |       874      1154
     2574    40.219 |   96.5225421 |    0.0224273    0.9988775 |       874      1154
     2575    40.234 |   96.5365813 |    0.0217280    0.9988775 |       874      1154
     2576    40.250 |   96.5409990 |    0.0210668    0.9988775 |       874      1154
     2577    40.266 |   96.5165523 |    0.0204447    0.9988775 |       874      1154
     2578    40.281 |   96.5298824 |    0.0198628    0.9988775 |       874      1154
     2579    40.297 |   96.5433744 |    0.0193220    0.9988775 |       874      1154
------------------------------------------------------------------------------------
Iteration      Time | *me_per_hour |     LEANBSSNMOL::conf_fac | *TISTICS::maxrss_mb
                    |              |      minimum      maximum |   minimum   maximum
------------------------------------------------------------------------------------
     2580    40.312 |   96.5524423 |    0.0188232    0.9988775 |       874      1154
     2581    40.328 |   96.5532936 |    0.0183673    0.9988775 |       874      1154
     2582    40.344 |   96.5675007 |    0.0179550    0.9988775 |       874      1154
     2583    40.359 |   96.5814308 |    0.0175871    0.9988775 |       874      1154
     2584    40.375 |   96.5874002 |    0.0172641    0.9988775 |       874      1154
     2585    40.391 |   96.5745329 |    0.0169866    0.9988775 |       874      1154
     2586    40.406 |   96.5885326 |    0.0167551    0.9988775 |       874      1154
     2587    40.422 |   96.6023831 |    0.0165700    0.9988775 |       874      1154
     2588    40.438 |   96.6116338 |    0.0164316    0.9988775 |       874      1154
     2589    40.453 |   96.6120418 |    0.0163402    0.9988775 |       874      1154
     2590    40.469 |   96.6263406 |    0.0162959    0.9988775 |       874      1154
     2591    40.484 |   96.6400807 |    0.0162989    0.9988775 |       874      1154
     2592    40.500 |   96.6401814 |    0.0163491    0.9988775 |       874      1154
     2593    40.516 |   96.6048204 |    0.0164465    0.9988775 |       874      1154
     2594    40.531 |   96.6191897 |    0.0165910    0.9988775 |       874      1154
     2595    40.547 |   96.6331085 |    0.0167823    0.9988775 |       874      1154
     2596    40.562 |   96.6416185 |    0.0170201    0.9988775 |       874      1154
     2597    40.578 |   96.6419242 |    0.0173042    0.9988775 |       874      1154
     2598    40.594 |   96.6561241 |    0.0176340    0.9988775 |       874      1154
     2599    40.609 |   96.6690590 |    0.0180091    0.9988775 |       874      1154
------------------------------------------------------------------------------------
Iteration      Time | *me_per_hour |     LEANBSSNMOL::conf_fac | *TISTICS::maxrss_mb
                    |              |      minimum      maximum |   minimum   maximum
------------------------------------------------------------------------------------
     2600    40.625 |   96.6741701 |    0.0184288    0.9988775 |       874      1154
     2601    40.641 |   96.6586484 |    0.0188927    0.9988775 |       874      1154
     2602    40.656 |   96.6715563 |    0.0193999    0.9988775 |       874      1154
     2603    40.672 |   96.6837848 |    0.0199497    0.9988775 |       874      1154
     2604    40.688 |   96.6907891 |    0.0205413    0.9988775 |       874      1154
     2605    40.703 |   96.6916359 |    0.0211739    0.9988775 |       874      1154
     2606    40.719 |   96.7055561 |    0.0218464    0.9988775 |       874      1154
     2607    40.734 |   96.7188401 |    0.0225581    0.9988775 |       874      1154
     2608    40.750 |   96.7236557 |    0.0233078    0.9988775 |       874      1154
     2609    40.766 |   96.6996080 |    0.0240945    0.9988775 |       874      1154
     2610    40.781 |   96.7129868 |    0.0240615    0.9988775 |       874      1154
     2611    40.797 |   96.7264877 |    0.0232726    0.9988775 |       874      1154
     2612    40.812 |   96.7355982 |    0.0225207    0.9988775 |       874      1154
     2613    40.828 |   96.7363600 |    0.0218072    0.9988775 |       874      1154
     2614    40.844 |   96.7501686 |    0.0211331    0.9988775 |       874      1154
     2615    40.859 |   96.7638775 |    0.0204996    0.9988775 |       874      1154
     2616    40.875 |   96.7690832 |    0.0199078    0.9988775 |       874      1154
     2617    40.891 |   96.7558320 |    0.0193587    0.9988775 |       874      1154
     2618    40.906 |   96.7697695 |    0.0188532    0.9988775 |       874      1154
     2619    40.922 |   96.7832261 |    0.0183922    0.9988775 |       874      1154
------------------------------------------------------------------------------------
Iteration      Time | *me_per_hour |     LEANBSSNMOL::conf_fac | *TISTICS::maxrss_mb
                    |              |      minimum      maximum |   minimum   maximum
------------------------------------------------------------------------------------
     2620    40.938 |   96.7907550 |    0.0179765    0.9988775 |       874      1154
     2621    40.953 |   96.7916775 |    0.0176068    0.9988775 |       874      1154
     2622    40.969 |   96.8052689 |    0.0172838    0.9988775 |       874      1154
     2623    40.984 |   96.8185677 |    0.0170080    0.9988775 |       874      1154
     2624    41.000 |   96.8060643 |    0.0167799    0.9988775 |       874      1154
INFO (CarpetRegrid2): Centre 1 is at position [7.06458,1.14869e-14,1.47163e-14] with 8 levels
INFO (CarpetRegrid2): Centre 2 is at position [-7.06458,1.84729e-14,-3.49793e-14] with 8 levels
INFO (CarpetRegrid2): Refined regions have not changed sufficiently; skipping regridding
INFO (CarpetRegrid2): Centre 1 is at position [7.06458,1.14869e-14,1.47163e-14] with 8 levels
INFO (CarpetRegrid2): Centre 2 is at position [-7.06458,1.84729e-14,-3.49793e-14] with 8 levels
INFO (CarpetRegrid2): Refined regions have not changed sufficiently; skipping regridding
INFO (CarpetRegrid2): Centre 1 is at position [7.06458,1.14869e-14,1.47163e-14] with 8 levels
INFO (CarpetRegrid2): Centre 2 is at position [-7.06458,1.84729e-14,-3.49793e-14] with 8 levels
INFO (CarpetRegrid2): Refined regions have not changed sufficiently; skipping regridding
INFO (CarpetRegrid2): Centre 1 is at position [7.06458,1.14869e-14,1.47163e-14] with 8 levels
INFO (CarpetRegrid2): Centre 2 is at position [-7.06458,1.84729e-14,-3.49793e-14] with 8 levels
INFO (CarpetRegrid2): Refined regions have not changed sufficiently; skipping regridding
INFO (CarpetRegrid2): Centre 1 is at position [7.06458,1.14869e-14,1.47163e-14] with 8 levels
INFO (CarpetRegrid2): Centre 2 is at position [-7.06458,1.84729e-14,-3.49793e-14] with 8 levels
INFO (CarpetRegrid2): Refined regions have not changed sufficiently; skipping regridding
INFO (CarpetRegrid2): Centre 1 is at position [7.06458,1.14869e-14,1.47163e-14] with 8 levels
INFO (CarpetRegrid2): Centre 2 is at position [-7.06458,1.84729e-14,-3.49793e-14] with 8 levels
INFO (CarpetRegrid2): Refined regions have not changed sufficiently; skipping regridding
INFO (CarpetRegrid2): Centre 1 is at position [7.06458,1.14869e-14,1.47163e-14] with 8 levels
INFO (CarpetRegrid2): Centre 2 is at position [-7.06458,1.84729e-14,-3.49793e-14] with 8 levels
INFO (CarpetRegrid2): Refined regions have not changed sufficiently; skipping regridding
INFO (CarpetRegrid2): Centre 1 is at position [7.06458,1.14869e-14,1.47163e-14] with 8 levels
INFO (CarpetRegrid2): Centre 2 is at position [-7.06458,1.84729e-14,-3.49793e-14] with 8 levels
INFO (CarpetRegrid2): Refined regions have not changed sufficiently; skipping regridding
     2625    41.016 |   96.5555901 |    0.0166000    0.9988775 |       874      1154
     2626    41.031 |   96.5691875 |    0.0164685    0.9988775 |       874      1154
     2627    41.047 |   96.5825248 |    0.0163857    0.9988775 |       874      1154
     2628    41.062 |   96.5913100 |    0.0163518    0.9988775 |       874      1154
     2629    41.078 |   96.5926208 |    0.0163669    0.9988775 |       874      1154
     2630    41.094 |   96.6058322 |    0.0164308    0.9988775 |       874      1154
     2631    41.109 |   96.6187965 |    0.0165436    0.9988775 |       874      1154
     2632    41.125 |   96.6237993 |    0.0167051    0.9988775 |       874      1154
     2633    41.141 |   96.6116655 |    0.0169151    0.9988775 |       874      1154
     2634    41.156 |   96.6258696 |    0.0171731    0.9988775 |       874      1154
     2635    41.172 |   96.6394239 |    0.0174788    0.9988775 |       874      1154
     2636    41.188 |   96.6480779 |    0.0178317    0.9988775 |       874      1154
     2637    41.203 |   96.6487158 |    0.0182313    0.9988775 |       874      1154
     2638    41.219 |   96.6628303 |    0.0186769    0.9988775 |       874      1154
     2639    41.234 |   96.6765541 |    0.0191679    0.9988775 |       874      1154
------------------------------------------------------------------------------------
Iteration      Time | *me_per_hour |     LEANBSSNMOL::conf_fac | *TISTICS::maxrss_mb
                    |              |      minimum      maximum |   minimum   maximum
------------------------------------------------------------------------------------
     2640    41.250 |   96.6794173 |    0.0197034    0.9988775 |       874      1154
     2641    41.266 |   96.6543082 |    0.0202828    0.9988775 |       874      1154
     2642    41.281 |   96.6682011 |    0.0209049    0.9988775 |       874      1154
     2643    41.297 |   96.6813076 |    0.0215691    0.9988775 |       874      1154
     2644    41.312 |   96.6889404 |    0.0222742    0.9988775 |       874      1154
     2645    41.328 |   96.6896337 |    0.0230192    0.9988775 |       874      1154
     2646    41.344 |   96.7035274 |    0.0238031    0.9988775 |       874      1154
     2647    41.359 |   96.7171503 |    0.0243735    0.9988775 |       874      1154
     2648    41.375 |   96.7230393 |    0.0235594    0.9988775 |       874      1154
     2649    41.391 |   96.7107946 |    0.0227833    0.9988775 |       874      1154
     2650    41.406 |   96.7250369 |    0.0220467    0.9988775 |       874      1154
     2651    41.422 |   96.7383760 |    0.0213506    0.9988775 |       874      1154
     2652    41.438 |   96.7473349 |    0.0206963    0.9988775 |       874      1154
     2653    41.453 |   96.7481778 |    0.0200850    0.9988775 |       874      1154
     2654    41.469 |   96.7617296 |    0.0195177    0.9988775 |       874      1154
     2655    41.484 |   96.7752758 |    0.0189953    0.9988775 |       874      1154
     2656    41.500 |   96.7763142 |    0.0185189    0.9988775 |       874      1154
     2657    41.516 |   96.7421779 |    0.0180893    0.9988775 |       874      1154
     2658    41.531 |   96.7558975 |    0.0177072    0.9988775 |       874      1154
     2659    41.547 |   96.7691398 |    0.0173732    0.9988775 |       874      1154
------------------------------------------------------------------------------------
Iteration      Time | *me_per_hour |     LEANBSSNMOL::conf_fac | *TISTICS::maxrss_mb
                    |              |      minimum      maximum |   minimum   maximum
------------------------------------------------------------------------------------
     2660    41.562 |   96.7782597 |    0.0170881    0.9988775 |       874      1154
     2661    41.578 |   96.7789589 |    0.0168524    0.9988775 |       874      1154
     2662    41.594 |   96.7925725 |    0.0166664    0.9988775 |       874      1154
     2663    41.609 |   96.8058337 |    0.0165304    0.9988775 |       874      1154
     2664    41.625 |   96.8118512 |    0.0164449    0.9988775 |       874      1154
     2665    41.641 |   96.7993327 |    0.0164098    0.9988775 |       874      1154
     2666    41.656 |   96.8120425 |    0.0164254    0.9988775 |       874      1154
     2667    41.672 |   96.8254067 |    0.0164916    0.9988775 |       874      1154
     2668    41.688 |   96.8345047 |    0.0166082    0.9988775 |       874      1154
     2669    41.703 |   96.8348504 |    0.0167752    0.9988775 |       874      1154
     2670    41.719 |   96.8486177 |    0.0169921    0.9988775 |       874      1154
     2671    41.734 |   96.8619747 |    0.0172588    0.9988775 |       874      1154
     2672    41.750 |   96.8671214 |    0.0175747    0.9988775 |       874      1154
     2673    41.766 |   96.8430313 |    0.0179394    0.9988775 |       874      1154
     2674    41.781 |   96.8563704 |    0.0183522    0.9988775 |       874      1154
     2675    41.797 |   96.8696445 |    0.0188124    0.9988775 |       874      1154
     2676    41.812 |   96.8787136 |    0.0193194    0.9988775 |       874      1154
     2677    41.828 |   96.8794466 |    0.0198724    0.9988775 |       874      1154
     2678    41.844 |   96.8921346 |    0.0204704    0.9988775 |       874      1154
     2679    41.859 |   96.9056346 |    0.0211125    0.9988775 |       874      1154
------------------------------------------------------------------------------------
Iteration      Time | *me_per_hour |     LEANBSSNMOL::conf_fac | *TISTICS::maxrss_mb
                    |              |      minimum      maximum |   minimum   maximum
------------------------------------------------------------------------------------
     2680    41.875 |   96.9114849 |    0.0217977    0.9988775 |       874      1154
     2681    41.891 |   96.8992216 |    0.0225250    0.9988775 |       874      1154
     2682    41.906 |   96.9127488 |    0.0232933    0.9988775 |       874      1154
     2683    41.922 |   96.9259661 |    0.0241013    0.9988775 |       874      1154
     2684    41.938 |   96.9351306 |    0.0240858    0.9988775 |       874      1154
     2685    41.953 |   96.9360734 |    0.0232744    0.9988775 |       874      1154
     2686    41.969 |   96.9495737 |    0.0225030    0.9988775 |       874      1154
     2687    41.984 |   96.9629772 |    0.0217729    0.9988775 |       874      1154
     2688    42.000 |   96.9492827 |    0.0210854    0.9988775 |       874      1154
INFO (CarpetRegrid2): Centre 1 is at position [7.01028,1.18019e-14,1.59623e-14] with 8 levels
INFO (CarpetRegrid2): Centre 2 is at position [-7.01028,2.03877e-14,-3.60384e-14] with 8 levels
INFO (CarpetRegrid2): Refined regions have not changed sufficiently; skipping regridding
INFO (CarpetRegrid2): Centre 1 is at position [7.01028,1.18019e-14,1.59623e-14] with 8 levels
INFO (CarpetRegrid2): Centre 2 is at position [-7.01028,2.03877e-14,-3.60384e-14] with 8 levels
INFO (CarpetRegrid2): Refined regions have not changed sufficiently; skipping regridding
INFO (CarpetRegrid2): Centre 1 is at position [7.01028,1.18019e-14,1.59623e-14] with 8 levels
INFO (CarpetRegrid2): Centre 2 is at position [-7.01028,2.03877e-14,-3.60384e-14] with 8 levels
INFO (CarpetRegrid2): Refined regions have not changed sufficiently; skipping regridding
INFO (CarpetRegrid2): Centre 1 is at position [7.01028,1.18019e-14,1.59623e-14] with 8 levels
INFO (CarpetRegrid2): Centre 2 is at position [-7.01028,2.03877e-14,-3.60384e-14] with 8 levels
INFO (CarpetRegrid2): Refined regions have not changed sufficiently; skipping regridding
INFO (CarpetRegrid2): Centre 1 is at position [7.01028,1.18019e-14,1.59623e-14] with 8 levels
INFO (CarpetRegrid2): Centre 2 is at position [-7.01028,2.03877e-14,-3.60384e-14] with 8 levels
INFO (CarpetRegrid2): Refined regions have not changed sufficiently; skipping regridding
INFO (CarpetRegrid2): Centre 1 is at position [7.01028,1.18019e-14,1.59623e-14] with 8 levels
INFO (CarpetRegrid2): Centre 2 is at position [-7.01028,2.03877e-14,-3.60384e-14] with 8 levels
INFO (CarpetRegrid2): Refined regions have not changed sufficiently; skipping regridding
INFO (CarpetRegrid2): Centre 1 is at position [7.01028,1.18019e-14,1.59623e-14] with 8 levels
INFO (CarpetRegrid2): Centre 2 is at position [-7.01028,2.03877e-14,-3.60384e-14] with 8 levels
INFO (CarpetRegrid2): Refined regions have not changed sufficiently; skipping regridding
INFO (CarpetRegrid2): Centre 1 is at position [7.01028,1.18019e-14,1.59623e-14] with 8 levels
INFO (CarpetRegrid2): Centre 2 is at position [-7.01028,2.03877e-14,-3.60384e-14] with 8 levels
INFO (CarpetRegrid2): Refined regions have not changed sufficiently; skipping regridding
     2689    42.016 |   96.7020057 |    0.0204417    0.9988775 |       874      1154
     2690    42.031 |   96.7159910 |    0.0198429    0.9988775 |       874      1154
     2691    42.047 |   96.7290247 |    0.0192902    0.9988775 |       874      1154
     2692    42.062 |   96.7374666 |    0.0187844    0.9988775 |       874      1154
     2693    42.078 |   96.7385583 |    0.0183266    0.9988775 |       874      1154
     2694    42.094 |   96.7521638 |    0.0179176    0.9988775 |       874      1154
     2695    42.109 |   96.7651475 |    0.0175581    0.9988775 |       874      1154
     2696    42.125 |   96.7706056 |    0.0172487    0.9988775 |       874      1154
     2697    42.141 |   96.7584174 |    0.0169900    0.9988775 |       874      1154
     2698    42.156 |   96.7720175 |    0.0167826    0.9988775 |       874      1154
     2699    42.172 |   96.7850669 |    0.0166268    0.9988775 |       874      1154
------------------------------------------------------------------------------------
Iteration      Time | *me_per_hour |     LEANBSSNMOL::conf_fac | *TISTICS::maxrss_mb
                    |              |      minimum      maximum |   minimum   maximum
------------------------------------------------------------------------------------
     2700    42.188 |   96.7933515 |    0.0165228    0.9988775 |       874      1154
     2701    42.203 |   96.7940792 |    0.0164710    0.9988775 |       874      1154
     2702    42.219 |   96.8076738 |    0.0164713    0.9988775 |       874      1154
     2703    42.234 |   96.8209659 |    0.0165239    0.9988775 |       874      1154
     2704    42.250 |   96.8257862 |    0.0166286    0.9988775 |       874      1154
     2705    42.266 |   96.8024178 |    0.0167853    0.9988775 |       874      1154
     2706    42.281 |   96.8157255 |    0.0169936    0.9988775 |       874      1154
     2707    42.297 |   96.8284608 |    0.0172534    0.9988775 |       874      1154
     2708    42.312 |   96.8365491 |    0.0175640    0.9988775 |       874      1154
     2709    42.328 |   96.8352605 |    0.0179250    0.9988775 |       874      1154
     2710    42.344 |   96.8475864 |    0.0183358    0.9988775 |       874      1154
     2711    42.359 |   96.8597025 |    0.0187957    0.9988775 |       874      1154
     2712    42.375 |   96.8652304 |    0.0193040    0.9988775 |       874      1154
     2713    42.391 |   96.8529168 |    0.0198597    0.9988775 |       874      1154
     2714    42.406 |   96.8667732 |    0.0204621    0.9988775 |       874      1154
     2715    42.422 |   96.8799587 |    0.0211101    0.9988775 |       874      1154
     2716    42.438 |   96.8887527 |    0.0218026    0.9988775 |       874      1154
     2717    42.453 |   96.8896086 |    0.0225387    0.9988775 |       874      1154
     2718    42.469 |   96.9031279 |    0.0233171    0.9988775 |       874      1154
     2719    42.484 |   96.9163246 |    0.0241366    0.9988775 |       874      1154
------------------------------------------------------------------------------------
Iteration      Time | *me_per_hour |     LEANBSSNMOL::conf_fac | *TISTICS::maxrss_mb
                    |              |      minimum      maximum |   minimum   maximum
------------------------------------------------------------------------------------
     2720    42.500 |   96.9169879 |    0.0240660    0.9988775 |       874      1154
     2721    42.516 |   96.8837694 |    0.0232456    0.9988775 |       874      1154
     2722    42.531 |   96.8970031 |    0.0224666    0.9988775 |       874      1154
     2723    42.547 |   96.9100471 |    0.0217305    0.9988775 |       874      1154
     2724    42.562 |   96.9187361 |    0.0210386    0.9988775 |       874      1154
     2725    42.578 |   96.9195362 |    0.0203920    0.9988775 |       874      1154
     2726    42.594 |   96.9328258 |    0.0197920    0.9988775 |       874      1154
     2727    42.609 |   96.9459850 |    0.0192397    0.9988775 |       874      1154
     2728    42.625 |   96.9512317 |    0.0187361    0.9988775 |       874      1154
     2729    42.641 |   96.9386872 |    0.0182821    0.9988775 |       874      1154
     2730    42.656 |   96.9523508 |    0.0178785    0.9988775 |       874      1154
     2731    42.672 |   96.9654735 |    0.0175262    0.9988775 |       874      1154
     2732    42.688 |   96.9740832 |    0.0172258    0.9988775 |       874      1154
     2733    42.703 |   96.9749658 |    0.0169778    0.9988775 |       874      1154
     2734    42.719 |   96.9884037 |    0.0167827    0.9988775 |       874      1154
     2735    42.734 |   97.0013503 |    0.0166409    0.9988775 |       874      1154
     2736    42.750 |   97.0063644 |    0.0165527    0.9988775 |       874      1154
     2737    42.766 |   96.9830650 |    0.0165182    0.9988775 |       874      1154
     2738    42.781 |   96.9962172 |    0.0165375    0.9988775 |       874      1154
     2739    42.797 |   97.0091152 |    0.0166107    0.9988775 |       874      1154
------------------------------------------------------------------------------------
Iteration      Time | *me_per_hour |     LEANBSSNMOL::conf_fac | *TISTICS::maxrss_mb
                    |              |      minimum      maximum |   minimum   maximum
------------------------------------------------------------------------------------
     2740    42.812 |   97.0179920 |    0.0167375    0.9988775 |       874      1154
     2741    42.828 |   97.0188408 |    0.0169177    0.9988775 |       874      1154
     2742    42.844 |   97.0319129 |    0.0171511    0.9988775 |       874      1154
     2743    42.859 |   97.0446101 |    0.0174372    0.9988775 |       874      1154
     2744    42.875 |   97.0494643 |    0.0177756    0.9988775 |       874      1154
     2745    42.891 |   97.0372622 |    0.0181656    0.9988775 |       874      1154
     2746    42.906 |   97.0506265 |    0.0186066    0.9988775 |       874      1154
     2747    42.922 |   97.0637641 |    0.0190978    0.9988775 |       874      1154
     2748    42.938 |   97.0721935 |    0.0196384    0.9988775 |       874      1154
     2749    42.953 |   97.0725005 |    0.0202275    0.9988775 |       874      1154
     2750    42.969 |   97.0859256 |    0.0208641    0.9988775 |       874      1154
     2751    42.984 |   97.0989748 |    0.0215472    0.9988775 |       874      1154
     2752    43.000 |   97.0873539 |    0.0222756    0.9988775 |       874      1154
INFO (CarpetRegrid2): Centre 1 is at position [6.95417,1.19625e-14,1.72945e-14] with 8 levels
INFO (CarpetRegrid2): Centre 2 is at position [-6.95417,2.24204e-14,-3.73465e-14] with 8 levels
INFO (CarpetRegrid2): Regridding level 0 map 0 at iteration 2753 time 43
INFO (CarpetRegrid2): Regridding levels 1 and up
INFO (CarpetRegrid2): Enforcing grid structure properties, iteration 0
INFO (CarpetRegrid2): Enforcing grid structure properties, iteration 0
INFO (CarpetRegrid2): Enforcing grid structure properties, iteration 0
INFO (CarpetRegrid2): Enforcing grid structure properties, iteration 0
INFO (CarpetRegrid2): Enforcing grid structure properties, iteration 0
INFO (CarpetRegrid2): Enforcing grid structure properties, iteration 0
INFO (CarpetRegrid2): Enforcing grid structure properties, iteration 0
INFO (Carpet): Grid structure (superregions, grid points):
   [0][0][0]   exterior: [0,0,0] : [260,260,260]   ([261,261,261] + PADDING) 17779581
   [1][0][0]   exterior: [216,219,219] : [304,301,301]   ([89,83,83] + PADDING) 613121
   [2][0][0]   exterior: [480,487,487] : [560,553,553]   ([81,67,67] + PADDING) 363609
   [3][0][0]   exterior: [993,1007,1007] : [1087,1073,1073]   ([95,67,67] + PADDING) 426455
   [4][0][0]   exterior: [2020,2048,2048] : [2140,2112,2112]   ([121,65,65] + PADDING) 511225
   [5][0][0]   exterior: [4073,4129,4129] : [4136,4191,4191]   ([64,63,63] + PADDING) 254016
   [5][0][1]   exterior: [4184,4129,4129] : [4247,4191,4191]   ([64,63,63] + PADDING) 254016
   [6][0][0]   exterior: [8179,8291,8291] : [8238,8349,8349]   ([60,59,59] + PADDING) 208860
   [6][0][1]   exterior: [8402,8291,8291] : [8461,8349,8349]   ([60,59,59] + PADDING) 208860
   [7][0][0]   exterior: [16392,16615,16615] : [16442,16665,16665]   ([51,51,51] + PADDING) 132651
   [7][0][1]   exterior: [16838,16615,16615] : [16888,16665,16665]   ([51,51,51] + PADDING) 132651
INFO (Carpet): Grid structure (superregions, coordinates):
   [0][0][0]   exterior: [-520,-520,-520] : [520,520,520] : [4,4,4]
   [1][0][0]   exterior: [-88,-82,-82] : [88,82,82] : [2,2,2]
   [2][0][0]   exterior: [-40,-33,-33] : [40,33,33] : [1,1,1]
   [3][0][0]   exterior: [-23.5,-16.5,-16.5] : [23.5,16.5,16.5] : [0.5,0.5,0.5]
   [4][0][0]   exterior: [-15,-8,-8] : [15,8,8] : [0.25,0.25,0.25]
   [5][0][0]   exterior: [-10.875,-3.875,-3.875] : [-3,3.875,3.875] : [0.125,0.125,0.125]
   [5][0][1]   exterior: [3,-3.875,-3.875] : [10.875,3.875,3.875] : [0.125,0.125,0.125]
   [6][0][0]   exterior: [-8.8125,-1.8125,-1.8125] : [-5.125,1.8125,1.8125] : [0.0625,0.0625,0.0625]
   [6][0][1]   exterior: [5.125,-1.8125,-1.8125] : [8.8125,1.8125,1.8125] : [0.0625,0.0625,0.0625]
   [7][0][0]   exterior: [-7.75,-0.78125,-0.78125] : [-6.1875,0.78125,0.78125] : [0.03125,0.03125,0.03125]
   [7][0][1]   exterior: [6.1875,-0.78125,-0.78125] : [7.75,0.78125,0.78125] : [0.03125,0.03125,0.03125]
INFO (Carpet): Global grid structure statistics:
INFO (Carpet): GF: rhs: 249k active, 486k owned (+95%), 1171k total (+141%), 128 steps/time
INFO (Carpet): GF: vars: 247, pts: 4408M active, 4863M owned (+10%), 7678M total (+58%), 1.0 comp/proc
INFO (Carpet): GA: vars: 1664, pts: 381M active, 381M total (+0%)
INFO (Carpet): Total required memory: 65.327 GByte (for GAs and currently active GFs)
INFO (Carpet): Load balance:  min     avg     max     sdv     max/avg-1
INFO (Carpet): Level  0:      32M     37M     41M      2M owned     11%
INFO (Carpet): Level  1:       1M      1M      1M      0M owned      9%
INFO (Carpet): Level  2:       1M      1M      1M      0M owned      9%
INFO (Carpet): Level  3:       1M      1M      1M      0M owned      6%
INFO (Carpet): Level  4:       1M      1M      1M      0M owned     13%
INFO (Carpet): Level  5:       1M      1M      1M      0M owned      4%
INFO (Carpet): Level  6:       1M      1M      1M      0M owned      5%
INFO (Carpet): Level  7:       0M      1M      1M      0M owned      7%
     2753    43.016 |   96.5772234 |    0.0230482    0.9988775 |       879      1154
     2754    43.031 |   96.5892822 |    0.0238637    0.9988775 |       879      1154
     2755    43.047 |   96.6019417 |    0.0243600    0.9988775 |       879      1154
     2756    43.062 |   96.6108774 |    0.0235156    0.9988775 |       879      1154
     2757    43.078 |   96.6111496 |    0.0227136    0.9988775 |       879      1154
     2758    43.094 |   96.6237226 |    0.0219554    0.9988775 |       879      1154
     2759    43.109 |   96.6365594 |    0.0212425    0.9988775 |       879      1154
------------------------------------------------------------------------------------
Iteration      Time | *me_per_hour |     LEANBSSNMOL::conf_fac | *TISTICS::maxrss_mb
                    |              |      minimum      maximum |   minimum   maximum
------------------------------------------------------------------------------------
     2760    43.125 |   96.6417336 |    0.0205761    0.9988775 |       879      1154
     2761    43.141 |   96.6301302 |    0.0199574    0.9988775 |       879      1154
     2762    43.156 |   96.6428304 |    0.0193877    0.9988775 |       879      1154
     2763    43.172 |   96.6552627 |    0.0188680    0.9988775 |       879      1154
     2764    43.188 |   96.6642214 |    0.0183993    0.9988775 |       879      1154
     2765    43.203 |   96.6644584 |    0.0179824    0.9988775 |       879      1154
     2766    43.219 |   96.6767442 |    0.0176182    0.9988775 |       879      1154
     2767    43.234 |   96.6895624 |    0.0173075    0.9988775 |       879      1154
     2768    43.250 |   96.6937580 |    0.0170506    0.9988775 |       879      1154
     2769    43.266 |   96.6715779 |    0.0168483    0.9988775 |       879      1154
     2770    43.281 |   96.6839993 |    0.0167008    0.9988775 |       879      1154
     2771    43.297 |   96.6967950 |    0.0166085    0.9988775 |       879      1154
     2772    43.312 |   96.7054833 |    0.0165715    0.9988775 |       879      1154
     2773    43.328 |   96.7061694 |    0.0165900    0.9988775 |       879      1154
     2774    43.344 |   96.7184505 |    0.0166639    0.9988775 |       879      1154
     2775    43.359 |   96.7312022 |    0.0167930    0.9988775 |       879      1154
     2776    43.375 |   96.7360564 |    0.0169772    0.9988775 |       879      1154
     2777    43.391 |   96.7238631 |    0.0172161    0.9988775 |       879      1154
     2778    43.406 |   96.7369578 |    0.0175094    0.9988775 |       879      1154
     2779    43.422 |   96.7496364 |    0.0178564    0.9988775 |       879      1154
------------------------------------------------------------------------------------
Iteration      Time | *me_per_hour |     LEANBSSNMOL::conf_fac | *TISTICS::maxrss_mb
                    |              |      minimum      maximum |   minimum   maximum
------------------------------------------------------------------------------------
     2780    43.438 |   96.7583006 |    0.0182566    0.9988775 |       879      1154
     2781    43.453 |   96.7590061 |    0.0187093    0.9988775 |       879      1154
     2782    43.469 |   96.7714047 |    0.0192136    0.9988775 |       879      1154
     2783    43.484 |   96.7839615 |    0.0197687    0.9988775 |       879      1154
     2784    43.500 |   96.7847235 |    0.0203737    0.9988775 |       879      1154
     2785    43.516 |   96.7531022 |    0.0210275    0.9988775 |       879      1154
     2786    43.531 |   96.7653023 |    0.0217289    0.9988775 |       879      1154
     2787    43.547 |   96.7778887 |    0.0224769    0.9988775 |       879      1154
     2788    43.562 |   96.7869797 |    0.0232702    0.9988775 |       879      1154
     2789    43.578 |   96.7875726 |    0.0241076    0.9988775 |       879      1154
     2790    43.594 |   96.7999373 |    0.0241272    0.9988775 |       879      1154
     2791    43.609 |   96.8126370 |    0.0232844    0.9988775 |       879      1154
     2792    43.625 |   96.8177835 |    0.0224859    0.9988775 |       879      1154
     2793    43.641 |   96.8061867 |    0.0217331    0.9988775 |       879      1154
     2794    43.656 |   96.8188912 |    0.0210275    0.9988775 |       879      1154
     2795    43.672 |   96.8313862 |    0.0203704    0.9988775 |       879      1154
     2796    43.688 |   96.8402699 |    0.0197630    0.9988775 |       879      1154
     2797    43.703 |   96.8408423 |    0.0192065    0.9988775 |       879      1154
     2798    43.719 |   96.8534432 |    0.0187020    0.9988775 |       879      1154
     2799    43.734 |   96.8662037 |    0.0182505    0.9988775 |       879      1154
------------------------------------------------------------------------------------
Iteration      Time | *me_per_hour |     LEANBSSNMOL::conf_fac | *TISTICS::maxrss_mb
                    |              |      minimum      maximum |   minimum   maximum
------------------------------------------------------------------------------------
     2800    43.750 |   96.8704827 |    0.0178529    0.9988775 |       879      1154
     2801    43.766 |   96.8485249 |    0.0175099    0.9988775 |       879      1154
     2802    43.781 |   96.8607718 |    0.0172222    0.9988775 |       879      1154
     2803    43.797 |   96.8735702 |    0.0169904    0.9988775 |       879      1154
     2804    43.812 |   96.8817769 |    0.0168150    0.9988775 |       879      1154
     2805    43.828 |   96.8822405 |    0.0166962    0.9988775 |       879      1154
     2806    43.844 |   96.8947901 |    0.0166345    0.9988775 |       879      1154
     2807    43.859 |   96.9073006 |    0.0166298    0.9988775 |       879      1154
     2808    43.875 |   96.9118944 |    0.0166822    0.9988775 |       879      1154
     2809    43.891 |   96.9003580 |    0.0167917    0.9988775 |       879      1154
     2810    43.906 |   96.9129396 |    0.0169579    0.9988775 |       879      1154
     2811    43.922 |   96.9255212 |    0.0171807    0.9988775 |       879      1154
     2812    43.938 |   96.9341764 |    0.0174597    0.9988775 |       879      1154
     2813    43.953 |   96.9346459 |    0.0177942    0.9988775 |       879      1154
     2814    43.969 |   96.9467103 |    0.0181838    0.9988775 |       879      1154
     2815    43.984 |   96.9578759 |    0.0186277    0.9988775 |       879      1154
INFO (AHFinderDirect): proc 0: searching for horizon 1/6
INFO (AHFinderDirect): AH 3/6: r=79.0021 at (0.000000,-0.000000,-0.000000)
INFO (AHFinderDirect): AH 3/6: area=80424.76605 m_irreducible=39.99999854
INFO (AHFinderDirect): AH 4/6: r=99.0021 at (-0.000000,0.000000,0.000000)
INFO (AHFinderDirect): AH 4/6: area=125663.7038 m_irreducible=49.99999953
INFO (AHFinderDirect): AH 5/6: r=179.003 at (-0.000000,-0.000000,-0.000000)
INFO (AHFinderDirect): AH 5/6: area=407150.4076 m_irreducible=89.99999997
INFO (AHFinderDirect): AH 6/6: r=239.003 at (-0.000000,-0.000000,0.000000)
INFO (AHFinderDirect): AH 6/6: area=723822.9473 m_irreducible=120
INFO (AHFinderDirect): AH 1/6: r=0.404894 at (6.898683,0.000000,0.000000)
INFO (AHFinderDirect): AH 1/6: area=11.23658842 m_irreducible=0.4728052705
INFO (AHFinderDirect): AH 2/6: r=0.404894 at (-6.898683,0.000000,-0.000000)
INFO (AHFinderDirect): AH 2/6: area=11.23658842 m_irreducible=0.4728052705
INFO (QuasiLocalMeasures): Calculating quasi-local quantities for surface    0
INFO (QuasiLocalMeasures): Importing from spherical surface    0
INFO (QuasiLocalMeasures): Geometric quantities for surface    0:
INFO (QuasiLocalMeasures):    Area A:                            11.2366
INFO (QuasiLocalMeasures):    Irreducible mass M = R/2:         0.472805
INFO (QuasiLocalMeasures):    Areal radius R = sqrt(A/4pi):     0.945610
INFO (QuasiLocalMeasures): Coordinate-dependent quantities for surface    0:
INFO (QuasiLocalMeasures):    Equatorial circumference:             5.94134
INFO (QuasiLocalMeasures):    Polar circumference at phi=0:         5.95974
INFO (QuasiLocalMeasures):    Polar circumference at phi=pi/2:      5.94232
INFO (QuasiLocalMeasures):    No valid spin guess from distortion.
INFO (QuasiLocalMeasures):    (Spin guess is imaginary.)
INFO (QuasiLocalMeasures):    Magnitude of invalid spin guess:     0.266750E-02
INFO (QuasiLocalMeasures):    Mass guess M from distortion:        0.472796
INFO (QuasiLocalMeasures): Isolated Horizon quantities for surface    0:
INFO (QuasiLocalMeasures):    Killing vector field eigenvalue norm:      1.00000
INFO (QuasiLocalMeasures):    Spin J:                                   0.763034E-08
INFO (QuasiLocalMeasures):    Kerr spin parameter a = J/M:              0.161385E-07
INFO (QuasiLocalMeasures):    Dimensionless spin parameter a = J/M^2:   0.341334E-07
INFO (QuasiLocalMeasures):    Spin J from NP:                           0.155757E-07
INFO (QuasiLocalMeasures):    Spin J from phi-coordinate-vector:         0.00000
INFO (QuasiLocalMeasures):    Mass M:                                   0.472805
INFO (QuasiLocalMeasures): Global quantities for surface    0:
INFO (QuasiLocalMeasures):    ADM energy:                 -1.35427
INFO (QuasiLocalMeasures):    ADM momentum x:            -0.528203E-02
INFO (QuasiLocalMeasures):    ADM momentum y:            -0.759264E-16
INFO (QuasiLocalMeasures):    ADM momentum z:            -0.652088E-17
INFO (QuasiLocalMeasures):    ADM angular momentum x:    -0.133324E-04
INFO (QuasiLocalMeasures):    ADM angular momentum y:    -0.392468E-15
INFO (QuasiLocalMeasures):    ADM angular momentum z:    -0.648558E-15
INFO (QuasiLocalMeasures):    Weinberg energy:                  3.32976
INFO (QuasiLocalMeasures):    Weinberg momentum x:            -0.271299E-01
INFO (QuasiLocalMeasures):    Weinberg momentum y:            -0.988721E-15
INFO (QuasiLocalMeasures):    Weinberg momentum z:             0.355249E-15
INFO (QuasiLocalMeasures):    Weinberg angular momentum x:    -0.773769E-04
INFO (QuasiLocalMeasures):    Weinberg angular momentum y:    -0.353377E-14
INFO (QuasiLocalMeasures):    Weinberg angular momentum z:    -0.960348E-15
     2816    44.000 |   96.5873686 |    0.0191250    0.9988775 |       879      1158
INFO (CarpetRegrid2): Centre 1 is at position [6.89623,1.20032e-14,1.8724e-14] with 8 levels
INFO (CarpetRegrid2): Centre 2 is at position [-6.89623,2.44896e-14,-3.85283e-14] with 8 levels
INFO (CarpetRegrid2): Refined regions have not changed sufficiently; skipping regridding
INFO (CarpetRegrid2): Centre 1 is at position [6.89623,1.20032e-14,1.8724e-14] with 8 levels
INFO (CarpetRegrid2): Centre 2 is at position [-6.89623,2.44896e-14,-3.85283e-14] with 8 levels
INFO (CarpetRegrid2): Refined regions have not changed sufficiently; skipping regridding
INFO (CarpetRegrid2): Centre 1 is at position [6.89623,1.20032e-14,1.8724e-14] with 8 levels
INFO (CarpetRegrid2): Centre 2 is at position [-6.89623,2.44896e-14,-3.85283e-14] with 8 levels
INFO (CarpetRegrid2): Refined regions have not changed sufficiently; skipping regridding
INFO (CarpetRegrid2): Centre 1 is at position [6.89623,1.20032e-14,1.8724e-14] with 8 levels
INFO (CarpetRegrid2): Centre 2 is at position [-6.89623,2.44896e-14,-3.85283e-14] with 8 levels
INFO (CarpetRegrid2): Refined regions have not changed sufficiently; skipping regridding
INFO (CarpetRegrid2): Centre 1 is at position [6.89623,1.20032e-14,1.8724e-14] with 8 levels
INFO (CarpetRegrid2): Centre 2 is at position [-6.89623,2.44896e-14,-3.85283e-14] with 8 levels
INFO (CarpetRegrid2): Refined regions have not changed sufficiently; skipping regridding
INFO (CarpetRegrid2): Centre 1 is at position [6.89623,1.20032e-14,1.8724e-14] with 8 levels
INFO (CarpetRegrid2): Centre 2 is at position [-6.89623,2.44896e-14,-3.85283e-14] with 8 levels
INFO (CarpetRegrid2): Refined regions have not changed sufficiently; skipping regridding
INFO (CarpetRegrid2): Centre 1 is at position [6.89623,1.20032e-14,1.8724e-14] with 8 levels
INFO (CarpetRegrid2): Centre 2 is at position [-6.89623,2.44896e-14,-3.85283e-14] with 8 levels
INFO (CarpetRegrid2): Refined regions have not changed sufficiently; skipping regridding
INFO (CarpetRegrid2): Centre 1 is at position [6.89623,1.20032e-14,1.8724e-14] with 8 levels
INFO (CarpetRegrid2): Centre 2 is at position [-6.89623,2.44896e-14,-3.85283e-14] with 8 levels
INFO (CarpetRegrid2): Refined regions have not changed sufficiently; skipping regridding
     2817    44.016 |   96.3493110 |    0.0196750    0.9988775 |       879      1158
     2818    44.031 |   96.3617749 |    0.0202767    0.9988775 |       879      1158
     2819    44.047 |   96.3742894 |    0.0209289    0.9988775 |       879      1158
------------------------------------------------------------------------------------
Iteration      Time | *me_per_hour |     LEANBSSNMOL::conf_fac | *TISTICS::maxrss_mb
                    |              |      minimum      maximum |   minimum   maximum
------------------------------------------------------------------------------------
     2820    44.062 |   96.3830468 |    0.0216306    0.9988775 |       879      1158
     2821    44.078 |   96.3836148 |    0.0223806    0.9988775 |       879      1158
     2822    44.094 |   96.3960529 |    0.0231775    0.9988775 |       879      1158
     2823    44.109 |   96.4085427 |    0.0240201    0.9988775 |       879      1158
     2824    44.125 |   96.4140551 |    0.0242281    0.9988775 |       879      1158
     2825    44.141 |   96.4025267 |    0.0233701    0.9988775 |       879      1158
     2826    44.156 |   96.4146692 |    0.0225578    0.9988775 |       879      1158
     2827    44.172 |   96.4270171 |    0.0217926    0.9988775 |       879      1158
     2828    44.188 |   96.4354981 |    0.0210760    0.9988775 |       879      1158
     2829    44.203 |   96.4360728 |    0.0204094    0.9988775 |       879      1158
     2830    44.219 |   96.4478998 |    0.0197942    0.9988775 |       879      1158
     2831    44.234 |   96.4604100 |    0.0192316    0.9988775 |       879      1158
     2832    44.250 |   96.4651556 |    0.0187225    0.9988775 |       879      1158
     2833    44.266 |   96.4428123 |    0.0182682    0.9988775 |       879      1158
     2834    44.281 |   96.4549863 |    0.0178695    0.9988775 |       879      1158
     2835    44.297 |   96.4671125 |    0.0175271    0.9988775 |       879      1158
     2836    44.312 |   96.4759994 |    0.0172419    0.9988775 |       879      1158
     2837    44.328 |   96.4763450 |    0.0170143    0.9988775 |       879      1158
     2838    44.344 |   96.4889047 |    0.0168449    0.9988775 |       879      1158
     2839    44.359 |   96.5012916 |    0.0167340    0.9988775 |       879      1158
------------------------------------------------------------------------------------
Iteration      Time | *me_per_hour |     LEANBSSNMOL::conf_fac | *TISTICS::maxrss_mb
                    |              |      minimum      maximum |   minimum   maximum
------------------------------------------------------------------------------------
     2840    44.375 |   96.5061145 |    0.0166819    0.9988775 |       879      1158
     2841    44.391 |   96.4945425 |    0.0166886    0.9988775 |       879      1158
     2842    44.406 |   96.5073189 |    0.0167541    0.9988775 |       879      1158
     2843    44.422 |   96.5184837 |    0.0168784    0.9988775 |       879      1158
     2844    44.438 |   96.5266461 |    0.0170613    0.9988775 |       879      1158
     2845    44.453 |   96.5263481 |    0.0173023    0.9988775 |       879      1158
     2846    44.469 |   96.5372918 |    0.0176010    0.9988775 |       879      1158
     2847    44.484 |   96.5494825 |    0.0179569    0.9988775 |       879      1158
     2848    44.500 |   96.5511508 |    0.0183693    0.9988775 |       879      1158
     2849    44.516 |   96.5203058 |    0.0188375    0.9988775 |       879      1158
     2850    44.531 |   96.5323229 |    0.0193605    0.9988775 |       879      1158
     2851    44.547 |   96.5446099 |    0.0199375    0.9988775 |       879      1158
     2852    44.562 |   96.5537488 |    0.0205674    0.9988775 |       879      1158
     2853    44.578 |   96.5542459 |    0.0212490    0.9988775 |       879      1158
     2854    44.594 |   96.5663412 |    0.0219812    0.9988775 |       879      1158
     2855    44.609 |   96.5785894 |    0.0227626    0.9988775 |       879      1158
     2856    44.625 |   96.5839638 |    0.0235920    0.9988775 |       879      1158
     2857    44.641 |   96.5728301 |    0.0244678    0.9988775 |       879      1158
     2858    44.656 |   96.5851009 |    0.0237973    0.9988775 |       879      1158
     2859    44.672 |   96.5973721 |    0.0229519    0.9988775 |       879      1158
------------------------------------------------------------------------------------
Iteration      Time | *me_per_hour |     LEANBSSNMOL::conf_fac | *TISTICS::maxrss_mb
                    |              |      minimum      maximum |   minimum   maximum
------------------------------------------------------------------------------------
     2860    44.688 |   96.6062845 |    0.0221545    0.9988775 |       879      1158
     2861    44.703 |   96.6065038 |    0.0214067    0.9988775 |       879      1158
     2862    44.719 |   96.6188098 |    0.0207099    0.9988775 |       879      1158
     2863    44.734 |   96.6310525 |    0.0200656    0.9988775 |       879      1158
     2864    44.750 |   96.6354061 |    0.0194751    0.9988775 |       879      1158
     2865    44.766 |   96.6136115 |    0.0189395    0.9988775 |       879      1158
     2866    44.781 |   96.6255768 |    0.0184599    0.9988775 |       879      1158
     2867    44.797 |   96.6379471 |    0.0180374    0.9988775 |       879      1158
     2868    44.812 |   96.6457140 |    0.0176728    0.9988775 |       879      1158
     2869    44.828 |   96.6458783 |    0.0173668    0.9988775 |       879      1158
     2870    44.844 |   96.6573209 |    0.0171201    0.9988775 |       879      1158
     2871    44.859 |   96.6691883 |    0.0169333    0.9988775 |       879      1158
     2872    44.875 |   96.6740787 |    0.0168067    0.9988775 |       879      1158
     2873    44.891 |   96.6621825 |    0.0167406    0.9988775 |       879      1158
     2874    44.906 |   96.6745139 |    0.0167351    0.9988775 |       879      1158
     2875    44.922 |   96.6862449 |    0.0167902    0.9988775 |       879      1158
     2876    44.938 |   96.6933213 |    0.0169059    0.9988775 |       879      1158
     2877    44.953 |   96.6937102 |    0.0170820    0.9988775 |       879      1158
     2878    44.969 |   96.7050880 |    0.0173181    0.9988775 |       879      1158
     2879    44.984 |   96.7171932 |    0.0176137    0.9988775 |       879      1158
------------------------------------------------------------------------------------
Iteration      Time | *me_per_hour |     LEANBSSNMOL::conf_fac | *TISTICS::maxrss_mb
                    |              |      minimum      maximum |   minimum   maximum
------------------------------------------------------------------------------------
     2880    45.000 |   96.7051772 |    0.0179684    0.9988775 |       879      1158
INFO (CarpetRegrid2): Centre 1 is at position [6.8363,1.22541e-14,2.02942e-14] with 8 levels
INFO (CarpetRegrid2): Centre 2 is at position [-6.8363,2.68054e-14,-3.97461e-14] with 8 levels
INFO (CarpetRegrid2): Refined regions have not changed sufficiently; skipping regridding
INFO (CarpetRegrid2): Centre 1 is at position [6.8363,1.22541e-14,2.02942e-14] with 8 levels
INFO (CarpetRegrid2): Centre 2 is at position [-6.8363,2.68054e-14,-3.97461e-14] with 8 levels
INFO (CarpetRegrid2): Refined regions have not changed sufficiently; skipping regridding
INFO (CarpetRegrid2): Centre 1 is at position [6.8363,1.22541e-14,2.02942e-14] with 8 levels
INFO (CarpetRegrid2): Centre 2 is at position [-6.8363,2.68054e-14,-3.97461e-14] with 8 levels
INFO (CarpetRegrid2): Refined regions have not changed sufficiently; skipping regridding
INFO (CarpetRegrid2): Centre 1 is at position [6.8363,1.22541e-14,2.02942e-14] with 8 levels
INFO (CarpetRegrid2): Centre 2 is at position [-6.8363,2.68054e-14,-3.97461e-14] with 8 levels
INFO (CarpetRegrid2): Refined regions have not changed sufficiently; skipping regridding
INFO (CarpetRegrid2): Centre 1 is at position [6.8363,1.22541e-14,2.02942e-14] with 8 levels
INFO (CarpetRegrid2): Centre 2 is at position [-6.8363,2.68054e-14,-3.97461e-14] with 8 levels
INFO (CarpetRegrid2): Refined regions have not changed sufficiently; skipping regridding
INFO (CarpetRegrid2): Centre 1 is at position [6.8363,1.22541e-14,2.02942e-14] with 8 levels
INFO (CarpetRegrid2): Centre 2 is at position [-6.8363,2.68054e-14,-3.97461e-14] with 8 levels
INFO (CarpetRegrid2): Refined regions have not changed sufficiently; skipping regridding
INFO (CarpetRegrid2): Centre 1 is at position [6.8363,1.22541e-14,2.02942e-14] with 8 levels
INFO (CarpetRegrid2): Centre 2 is at position [-6.8363,2.68054e-14,-3.97461e-14] with 8 levels
INFO (CarpetRegrid2): Refined regions have not changed sufficiently; skipping regridding
INFO (CarpetRegrid2): Centre 1 is at position [6.8363,1.22541e-14,2.02942e-14] with 8 levels
INFO (CarpetRegrid2): Centre 2 is at position [-6.8363,2.68054e-14,-3.97461e-14] with 8 levels
INFO (CarpetRegrid2): Refined regions have not changed sufficiently; skipping regridding
     2881    45.016 |   96.4763126 |    0.0183813    0.9988775 |       879      1158
     2882    45.031 |   96.4882131 |    0.0188517    0.9988775 |       879      1158
     2883    45.047 |   96.5002948 |    0.0193788    0.9988775 |       879      1158
     2884    45.062 |   96.5087771 |    0.0199615    0.9988775 |       879      1158
     2885    45.078 |   96.5093543 |    0.0205987    0.9988775 |       879      1158
     2886    45.094 |   96.5212967 |    0.0212894    0.9988775 |       879      1158
     2887    45.109 |   96.5335089 |    0.0220321    0.9988775 |       879      1158
     2888    45.125 |   96.5384174 |    0.0228256    0.9988775 |       879      1158
     2889    45.141 |   96.5267966 |    0.0236684    0.9988775 |       879      1158
     2890    45.156 |   96.5385144 |    0.0245592    0.9988775 |       879      1158
     2891    45.172 |   96.5506250 |    0.0237260    0.9988775 |       879      1158
     2892    45.188 |   96.5589681 |    0.0228750    0.9988775 |       879      1158
     2893    45.203 |   96.5591774 |    0.0220738    0.9988775 |       879      1158
     2894    45.219 |   96.5706475 |    0.0213239    0.9988775 |       879      1158
     2895    45.234 |   96.5829777 |    0.0206270    0.9988775 |       879      1158
     2896    45.250 |   96.5869918 |    0.0199845    0.9988775 |       879      1158
     2897    45.266 |   96.5653228 |    0.0193976    0.9988775 |       879      1158
     2898    45.281 |   96.5773180 |    0.0188676    0.9988775 |       879      1158
     2899    45.297 |   96.5894774 |    0.0183956    0.9988775 |       879      1158
------------------------------------------------------------------------------------
Iteration      Time | *me_per_hour |     LEANBSSNMOL::conf_fac | *TISTICS::maxrss_mb
                    |              |      minimum      maximum |   minimum   maximum
------------------------------------------------------------------------------------
     2900    45.312 |   96.5963707 |    0.0179827    0.9988775 |       879      1158
     2901    45.328 |   96.5951731 |    0.0176295    0.9988775 |       879      1158
     2902    45.344 |   96.6058170 |    0.0173370    0.9988775 |       879      1158
     2903    45.359 |   96.6163498 |    0.0171058    0.9988775 |       879      1158
     2904    45.375 |   96.6219107 |    0.0169362    0.9988775 |       879      1158
     2905    45.391 |   96.6108226 |    0.0168288    0.9988775 |       879      1158
     2906    45.406 |   96.6232215 |    0.0167836    0.9988775 |       879      1158
     2907    45.422 |   96.6351685 |    0.0168009    0.9988775 |       879      1158
     2908    45.438 |   96.6436948 |    0.0168806    0.9988775 |       879      1158
     2909    45.453 |   96.6394064 |    0.0170226    0.9988775 |       879      1158
     2910    45.469 |   96.6462705 |    0.0172265    0.9988775 |       879      1158
     2911    45.484 |   96.6531742 |    0.0174919    0.9988775 |       879      1158
     2912    45.500 |   96.6510587 |    0.0178184    0.9988775 |       879      1158
     2913    45.516 |   96.6209905 |    0.0182053    0.9988775 |       879      1158
     2914    45.531 |   96.6330869 |    0.0186518    0.9988775 |       879      1158
     2915    45.547 |   96.6448095 |    0.0191571    0.9988775 |       879      1158
     2916    45.562 |   96.6536736 |    0.0197201    0.9988775 |       879      1158
     2917    45.578 |   96.6541494 |    0.0203397    0.9988775 |       879      1158
     2918    45.594 |   96.6656659 |    0.0210149    0.9988775 |       879      1158
     2919    45.609 |   96.6775449 |    0.0217443    0.9988775 |       879      1158
------------------------------------------------------------------------------------
Iteration      Time | *me_per_hour |     LEANBSSNMOL::conf_fac | *TISTICS::maxrss_mb
                    |              |      minimum      maximum |   minimum   maximum
------------------------------------------------------------------------------------
     2920    45.625 |   96.6825965 |    0.0225265    0.9988775 |       879      1158
     2921    45.641 |   96.6713137 |    0.0233602    0.9988775 |       879      1158
     2922    45.656 |   96.6833505 |    0.0242437    0.9988775 |       879      1158
     2923    45.672 |   96.6950089 |    0.0240510    0.9988775 |       879      1158
     2924    45.688 |   96.7031851 |    0.0231727    0.9988775 |       879      1158
     2925    45.703 |   96.7033492 |    0.0223452    0.9988775 |       879      1158
     2926    45.719 |   96.7152847 |    0.0215701    0.9988775 |       879      1158
     2927    45.734 |   96.7271358 |    0.0208491    0.9988775 |       879      1158
     2928    45.750 |   96.7312384 |    0.0201837    0.9988775 |       879      1158
     2929    45.766 |   96.7095253 |    0.0195753    0.9988775 |       879      1158
     2930    45.781 |   96.7210949 |    0.0190251    0.9988775 |       879      1158
     2931    45.797 |   96.7329666 |    0.0185343    0.9988775 |       879      1158
     2932    45.812 |   96.7408126 |    0.0181041    0.9988775 |       879      1158
     2933    45.828 |   96.7404961 |    0.0177352    0.9988775 |       879      1158
     2934    45.844 |   96.7524417 |    0.0174285    0.9988775 |       879      1158
     2935    45.859 |   96.7643804 |    0.0171846    0.9988775 |       879      1158
     2936    45.875 |   96.7696553 |    0.0170041    0.9988775 |       879      1158
     2937    45.891 |   96.7586444 |    0.0168874    0.9988775 |       879      1158
     2938    45.906 |   96.7705168 |    0.0168347    0.9988775 |       879      1158
     2939    45.922 |   96.7824374 |    0.0168461    0.9988775 |       879      1158
------------------------------------------------------------------------------------
Iteration      Time | *me_per_hour |     LEANBSSNMOL::conf_fac | *TISTICS::maxrss_mb
                    |              |      minimum      maximum |   minimum   maximum
------------------------------------------------------------------------------------
     2940    45.938 |   96.7905844 |    0.0169216    0.9988775 |       879      1158
     2941    45.953 |   96.7908995 |    0.0170611    0.9988775 |       879      1158
     2942    45.969 |   96.8027569 |    0.0172642    0.9988775 |       879      1158
     2943    45.984 |   96.8146903 |    0.0175306    0.9988775 |       879      1158
     2944    46.000 |   96.8025835 |    0.0178597    0.9988775 |       879      1158
INFO (CarpetRegrid2): Centre 1 is at position [6.77433,1.25605e-14,2.18394e-14] with 8 levels
INFO (CarpetRegrid2): Centre 2 is at position [-6.77433,2.88714e-14,-4.12475e-14] with 8 levels
INFO (CarpetRegrid2): Regridding level 0 map 0 at iteration 2945 time 46
INFO (CarpetRegrid2): Regridding levels 1 and up
INFO (CarpetRegrid2): Enforcing grid structure properties, iteration 0
INFO (CarpetRegrid2): Enforcing grid structure properties, iteration 0
INFO (CarpetRegrid2): Enforcing grid structure properties, iteration 0
INFO (CarpetRegrid2): Enforcing grid structure properties, iteration 0
INFO (CarpetRegrid2): Enforcing grid structure properties, iteration 0
INFO (CarpetRegrid2): Enforcing grid structure properties, iteration 0
INFO (CarpetRegrid2): Enforcing grid structure properties, iteration 0
INFO (Carpet): Grid structure (superregions, grid points):
   [0][0][0]   exterior: [0,0,0] : [260,260,260]   ([261,261,261] + PADDING) 17779581
   [1][0][0]   exterior: [216,219,219] : [304,301,301]   ([89,83,83] + PADDING) 613121
   [2][0][0]   exterior: [480,487,487] : [560,553,553]   ([81,67,67] + PADDING) 363609
   [3][0][0]   exterior: [993,1007,1007] : [1087,1073,1073]   ([95,67,67] + PADDING) 426455
   [4][0][0]   exterior: [2020,2048,2048] : [2140,2112,2112]   ([121,65,65] + PADDING) 511225
   [5][0][0]   exterior: [4074,4129,4129] : [4137,4191,4191]   ([64,63,63] + PADDING) 254016
   [5][0][1]   exterior: [4183,4129,4129] : [4246,4191,4191]   ([64,63,63] + PADDING) 254016
   [6][0][0]   exterior: [8182,8291,8291] : [8241,8349,8349]   ([60,59,59] + PADDING) 208860
   [6][0][1]   exterior: [8399,8291,8291] : [8458,8349,8349]   ([60,59,59] + PADDING) 208860
   [7][0][0]   exterior: [16398,16615,16615] : [16448,16665,16665]   ([51,51,51] + PADDING) 132651
   [7][0][1]   exterior: [16832,16615,16615] : [16882,16665,16665]   ([51,51,51] + PADDING) 132651
INFO (Carpet): Grid structure (superregions, coordinates):
   [0][0][0]   exterior: [-520,-520,-520] : [520,520,520] : [4,4,4]
   [1][0][0]   exterior: [-88,-82,-82] : [88,82,82] : [2,2,2]
   [2][0][0]   exterior: [-40,-33,-33] : [40,33,33] : [1,1,1]
   [3][0][0]   exterior: [-23.5,-16.5,-16.5] : [23.5,16.5,16.5] : [0.5,0.5,0.5]
   [4][0][0]   exterior: [-15,-8,-8] : [15,8,8] : [0.25,0.25,0.25]
   [5][0][0]   exterior: [-10.75,-3.875,-3.875] : [-2.875,3.875,3.875] : [0.125,0.125,0.125]
   [5][0][1]   exterior: [2.875,-3.875,-3.875] : [10.75,3.875,3.875] : [0.125,0.125,0.125]
   [6][0][0]   exterior: [-8.625,-1.8125,-1.8125] : [-4.9375,1.8125,1.8125] : [0.0625,0.0625,0.0625]
   [6][0][1]   exterior: [4.9375,-1.8125,-1.8125] : [8.625,1.8125,1.8125] : [0.0625,0.0625,0.0625]
   [7][0][0]   exterior: [-7.5625,-0.78125,-0.78125] : [-6,0.78125,0.78125] : [0.03125,0.03125,0.03125]
   [7][0][1]   exterior: [6,-0.78125,-0.78125] : [7.5625,0.78125,0.78125] : [0.03125,0.03125,0.03125]
INFO (Carpet): Global grid structure statistics:
INFO (Carpet): GF: rhs: 249k active, 486k owned (+95%), 1171k total (+141%), 128 steps/time
INFO (Carpet): GF: vars: 247, pts: 4408M active, 4863M owned (+10%), 7678M total (+58%), 1.0 comp/proc
INFO (Carpet): GA: vars: 1664, pts: 381M active, 381M total (+0%)
INFO (Carpet): Total required memory: 65.327 GByte (for GAs and currently active GFs)
INFO (Carpet): Load balance:  min     avg     max     sdv     max/avg-1
INFO (Carpet): Level  0:      32M     37M     41M      2M owned     11%
INFO (Carpet): Level  1:       1M      1M      1M      0M owned      9%
INFO (Carpet): Level  2:       1M      1M      1M      0M owned      9%
INFO (Carpet): Level  3:       1M      1M      1M      0M owned      6%
INFO (Carpet): Level  4:       1M      1M      1M      0M owned     13%
INFO (Carpet): Level  5:       1M      1M      1M      0M owned      4%
INFO (Carpet): Level  6:       1M      1M      1M      0M owned      5%
INFO (Carpet): Level  7:       0M      1M      1M      0M owned      7%
     2945    46.016 |   96.4179783 |    0.0182508    0.9988775 |       881      1158
     2946    46.031 |   96.4296151 |    0.0187031    0.9988775 |       881      1158
     2947    46.047 |   96.4312808 |    0.0192158    0.9988775 |       881      1158
     2948    46.062 |   96.4391506 |    0.0197877    0.9988775 |       881      1158
     2949    46.078 |   96.4394385 |    0.0204178    0.9988775 |       881      1158
     2950    46.094 |   96.4508653 |    0.0211048    0.9988775 |       881      1158
     2951    46.109 |   96.4627532 |    0.0218474    0.9988775 |       881      1158
     2952    46.125 |   96.4672913 |    0.0226441    0.9988775 |       881      1158
     2953    46.141 |   96.4561027 |    0.0234936    0.9988775 |       881      1158
     2954    46.156 |   96.4678542 |    0.0243941    0.9988775 |       881      1158
     2955    46.172 |   96.4798013 |    0.0239181    0.9988775 |       881      1158
     2956    46.188 |   96.4870161 |    0.0230385    0.9988775 |       881      1158
     2957    46.203 |   96.4871118 |    0.0222114    0.9988775 |       881      1158
     2958    46.219 |   96.4985247 |    0.0214387    0.9988775 |       881      1158
     2959    46.234 |   96.5103871 |    0.0207219    0.9988775 |       881      1158
------------------------------------------------------------------------------------
Iteration      Time | *me_per_hour |     LEANBSSNMOL::conf_fac | *TISTICS::maxrss_mb
                    |              |      minimum      maximum |   minimum   maximum
------------------------------------------------------------------------------------
     2960    46.250 |   96.5141282 |    0.0200626    0.9988775 |       881      1158
     2961    46.266 |   96.4927384 |    0.0194621    0.9988775 |       881      1158
     2962    46.281 |   96.5040924 |    0.0189218    0.9988775 |       881      1158
     2963    46.297 |   96.5159513 |    0.0184428    0.9988775 |       881      1158
     2964    46.312 |   96.5239931 |    0.0180263    0.9988775 |       881      1158
     2965    46.328 |   96.5244765 |    0.0176730    0.9988775 |       881      1158
     2966    46.344 |   96.5360131 |    0.0173837    0.9988775 |       881      1158
     2967    46.359 |   96.5478647 |    0.0171591    0.9988775 |       881      1158
     2968    46.375 |   96.5521179 |    0.0169997    0.9988775 |       881      1158
     2969    46.391 |   96.5413078 |    0.0169059    0.9988775 |       881      1158
     2970    46.406 |   96.5529584 |    0.0168777    0.9988775 |       881      1158
     2971    46.422 |   96.5648206 |    0.0169153    0.9988775 |       881      1158
