unload bsc/1.0 (PATH, MANPATH)
unload UCX/1.15.0 (PATH, LD_LIBRARY_PATH, LIBRARY_PATH, C_INCLUDE_PATH,
CPLUS_INCLUDE_PATH) 
remove mkl/2023.2.0 (LD_LIBRARY_PATH)
remove impi/2021.10.0 (PATH, MANPATH, LD_LIBRARY_PATH)
load openmpi/4.1.5-gcc (LD_LIBRARY_PATH)
load mkl/2024.2 (LD_LIBRARY_PATH)
load LAPACK/3.11 (LD_LIBRARY_PATH, LIBRARY_PATH, PKG_CONFIG_PATH,
C_INCLUDE_PATH, CPLUS_INCLUDE_PATH) 
load HWLOC/2.10.0 (PATH, MANPATH, LD_LIBRARY_PATH, LIBRARY_PATH,
C_INCLUDE_PATH, PKG_CONFIG_PATH, HWLOC_DIR, HWLOC_ROOT) 
load ZLIB/1.3.1 (LD_LIBRARY_PATH, PKG_CONFIG_PATH, C_INCLUDE_PATH,
CPLUS_INCLUDE_PATH, MANPATH, CFLAGS, CXXFLAGS, LDFLAGS) 
load FFTW/3.3.10 (LD_LIBRARY_PATH, LIBRARY_PATH, CPATH, C_INCLUDE_PATH,
CPLUS_INCLUDE_PATH, PKG_CONFIG_PATH, FFTW_ROOT, FFTW_HOME) 
load OPENBLAS/0.3.27-openmp (LD_LIBRARY_PATH, LIBRARY_PATH, PKG_CONFIG_PATH,
CMAKE_PREFIX_PATH) 
load HDF5/1.14.1-2 (PATH, LD_LIBRARY_PATH, LIBRARY_PATH, C_INCLUDE_PATH,
CPLUS_INCLUDE_PATH, HDF5_DIR, HDF5_ROOT, CFLAGS, CPPFLAGS, LDFLAGS) 
load SCALAPACK/2.2.0 (LD_LIBRARY_PATH, LIBRARY_PATH, PKG_CONFIG_PATH,
C_INCLUDE_PATH, CPLUS_INCLUDE_PATH) 
load cmake/3.25.1 (LD_LIBRARY_PATH)
load BOOST/1.88.0 (PATH, LD_LIBRARY_PATH, LIBRARY_PATH, PKG_CONFIG_PATH,
C_INCLUDE_PATH, CPLUS_INCLUDE_PATH, BOOST_ROOT, BOOST_DIR) 
--------------------------------------------------------------------------------

       10                                  
  1   0101       ************************  
  01  1010 10      The Cactus Code V4.16.0    
 1010 1101 011      www.cactuscode.org     
  1001 100101    ************************  
    00010101                               
     100011     (c) Copyright The Authors  
      0100      GNU Licensed. No Warranty  
      0101                                 
--------------------------------------------------------------------------------

Cactus version:    4.16.0
Compile date:      Oct 01 2026 (11:20:29)
Run date:          Oct 01 2026 (11:33:55+0200)
Run host:          gs25r1b71 (pid=462459)
Working directory: /gpfs/projects/epor63/uapt015213/dyonic-collision/simulations/Headon_BSSN_L=512_M=0.5,0.5-Q=0.25,0-G=0,0.25-x0=8_h=2/output-0000
Executable:        /gpfs/projects/epor63/uapt015213/cactus/exe/cactus_base
Parameter file:    BSSN.par
--------------------------------------------------------------------------------

Activating thorn Cactus...Success -> active implementation Cactus
Activation requested for 
--->ADMBase ADMCoupling ADMMacros AEILocalInterp AHFinderDirect Boundary Carpet CarpetInterp CarpetLib CarpetMask CarpetReduce CarpetRegrid2 CarpetSlab CarpetTracker CartGrid3D CoordBase CoordGauge Dissipation GenericFD InitBase LocalInterp LoopControl MoL Multipole NaNChecker NewRad PunctureTracker ReflectionSymmetry Slab SpaceMask SphericalSurface StaticConformal SymBase Time TmunuBase Fortran GSL HDF5 LeanBSSNMoL EMGBase EMGEvolve TwoChargedPunctures NPScalars NPScalars_EMG QuasiLocalMeasures SystemStatistics TerminationTrigger TimerReport CarpetIOASCII CarpetIOBasic CarpetIOHDF5 CarpetIOScalar IOUtil<---
Thorn Carpet requests automatic activation of MPI
Thorn Carpet requests automatic activation of Timers
Thorn CarpetLib requests automatic activation of Vectors
Thorn CarpetLib requests automatic activation of Boost
Thorn CarpetLib requests automatic activation of CycleClock
Thorn HDF5 requests automatic activation of zlib
Thorn LoopControl requests automatic activation of hwloc
Thorn QuasiLocalMeasures requests automatic activation of LAPACK
Thorn QuasiLocalMeasures requests automatic activation of TGRtensor
Thorn LAPACK requests automatic activation of BLAS
Activating thorn ADMBase...Success -> active implementation ADMBase
Activating thorn ADMCoupling...Success -> active implementation ADMCoupling
Activating thorn ADMMacros...Success -> active implementation ADMMacros
Activating thorn AEILocalInterp...Success -> active implementation AEILocalInterp
Activating thorn AHFinderDirect...Success -> active implementation AHFinderDirect
Activating thorn BLAS...Success -> active implementation BLAS
Activating thorn Boost...Success -> active implementation Boost
Activating thorn Boundary...Success -> active implementation boundary
Activating thorn Carpet...Success -> active implementation Driver
Activating thorn CarpetInterp...Success -> active implementation interp
Activating thorn CarpetIOASCII...Success -> active implementation IOASCII
Activating thorn CarpetIOBasic...Success -> active implementation IOBasic
Activating thorn CarpetIOHDF5...Success -> active implementation IOHDF5
Activating thorn CarpetIOScalar...Success -> active implementation IOScalar
Activating thorn CarpetLib...Success -> active implementation CarpetLib
Activating thorn CarpetMask...Success -> active implementation CarpetMask
Activating thorn CarpetReduce...Success -> active implementation reduce
Activating thorn CarpetRegrid2...Success -> active implementation CarpetRegrid2
Activating thorn CarpetSlab...Success -> active implementation Hyperslab
Activating thorn CarpetTracker...Success -> active implementation CarpetTracker
Activating thorn CartGrid3D...Success -> active implementation grid
Activating thorn CoordBase...Success -> active implementation CoordBase
Activating thorn CoordGauge...Success -> active implementation CoordGauge
Activating thorn CycleClock...Success -> active implementation CycleClock
Activating thorn Dissipation...Success -> active implementation Dissipation
Activating thorn EMGBase...Success -> active implementation EMGBase
Activating thorn EMGEvolve...Success -> active implementation EMGEvolve
Activating thorn Fortran...Success -> active implementation Fortran
Activating thorn GenericFD...Success -> active implementation GenericFD
Activating thorn GSL...Success -> active implementation GSL
Activating thorn HDF5...Success -> active implementation HDF5
Activating thorn hwloc...Success -> active implementation hwloc
Activating thorn InitBase...Success -> active implementation InitBase
Activating thorn IOUtil...Success -> active implementation IO
Activating thorn LAPACK...Success -> active implementation LAPACK
Activating thorn LeanBSSNMoL...Success -> active implementation LeanBSSNMoL
Activating thorn LocalInterp...Success -> active implementation LocalInterp
Activating thorn LoopControl...Success -> active implementation LoopControl
Activating thorn MoL...Success -> active implementation MethodOfLines
Activating thorn MPI...Success -> active implementation MPI
Activating thorn Multipole...Success -> active implementation multipole
Activating thorn NaNChecker...Success -> active implementation NaNChecker
Activating thorn NewRad...Success -> active implementation NewRad
Activating thorn NPScalars...Success -> active implementation NPScalars
Activating thorn NPScalars_EMG...Success -> active implementation NPScalars_EMG
Activating thorn PunctureTracker...Success -> active implementation PunctureTracker
Activating thorn QuasiLocalMeasures...Success -> active implementation QuasiLocalMeasures
Activating thorn ReflectionSymmetry...Success -> active implementation ReflectionSymmetry
Activating thorn Slab...Success -> active implementation Slab
Activating thorn SpaceMask...Success -> active implementation SpaceMask
Activating thorn SphericalSurface...Success -> active implementation SphericalSurface
Activating thorn StaticConformal...Success -> active implementation StaticConformal
Activating thorn SymBase...Success -> active implementation SymBase
Activating thorn SystemStatistics...Success -> active implementation SystemStatistics
Activating thorn TerminationTrigger...Success -> active implementation TerminationTrigger
Activating thorn TGRtensor...Success -> active implementation TGRtensor
Activating thorn Time...Success -> active implementation time
Activating thorn TimerReport...Success -> active implementation timerreport
Activating thorn Timers...Success -> active implementation Timers
Activating thorn TmunuBase...Success -> active implementation TmunuBase
Activating thorn TwoChargedPunctures...Success -> active implementation TwoChargedPunctures
Activating thorn Vectors...Success -> active implementation Vectors
Activating thorn zlib...Success -> active implementation zlib
--------------------------------------------------------------------------------
  if (recover initial data)
    Recover parameters
  endif

  Startup routines
    [CCTK_STARTUP]
      Carpet::MultiModel_Startup: Multi-model Startup routine
      CycleClock::CycleClock_Setup: Set up CycleClock
      LoopControl::LC_setup: Set up LoopControl
      Timers::Timer_Startup: Prepare hierarchical timers
      Carpet::Driver_Startup: Startup routine
      IOUtil::IOUtil_Startup: Startup routine
      CarpetIOScalar::CarpetIOScalarStartup: [global] Startup routine
      CarpetInterp::CarpetInterpStartup: Startup routine
      CarpetReduce::CarpetReduceStartup: Startup routine
      CartGrid3D::SymmetryStartup: Register GH Extension for GridSymmetry
      CoordBase::CoordBase_Startup: Register a GH extension to store the coordinate system handles
      AEILocalInterp::AEILocalInterp_U_Startup: register CCTK_InterpLocalUniform() interpolation operators
      EMGEvolve::EMG_RegisterMask: Register the masks for excision
      CarpetIOASCII::CarpetIOASCIIStartup: [global] Startup routine
      LeanBSSNMoL::LeanBSSN_RegisterSlicing: [meta] Register slicing
      LocalInterp::LocalInterp_Startup: register LocalInterp's interpolation operators
      CarpetIOBasic::CarpetIOBasicStartup: [global] Startup routine
      MoL::MoL_Startup: Startup banner
      Slab::Slab_InitMPIDatatypes: Create MPI datatypes for complex variables in C
      SymBase::SymBase_Startup: Register GH Extension for SymBase
      TerminationTrigger::TerminationTrigger_StartSignalHandler: Start signal handler
      CarpetIOHDF5::CarpetIOHDF5_Startup: Startup routine
      Vectors::Vectors_Startup: Print startup message
      GROUP hwloc_startup: hwloc startup group
        hwloc::hwloc_version: Output hwloc version

  Startup routines which need an existing grid hierarchy
    [CCTK_WRAGH]
      ADMBase::Einstein_InitSymBound: [global] Set up GF symmetries
      Boundary::Boundary_RegisterBCs: [global] Register boundary conditions that this thorn provides
      CarpetRegrid2::CarpetRegrid2_Initialise: [global] Initialise locations of refined regions
      CartGrid3D::RegisterCartGrid3DCoords: [meta] Register coordinates for the Cartesian grid
      CoordGauge::Einstein_ActivateSlicing: Initialize slicing, setup priorities for mixed slicings
      CoordGauge::Einstein_SetNextSlicing: Identify the slicing for the next iteration
      MoL::MoL_SetupIndexArrays: Set up the MoL bookkeeping index arrays
      MoL::MoL_SetScheduleStatus: [global] Set the flag so it is ok to register with MoL
      TmunuBase::TmunuBase_SetStressEnergyState: [global] Set the stress_energy_state variable
      GROUP MoL_Register: The group where physics thorns register variables with MoL
        EMGEvolve::EMG_RegisterVars: [meta] Register variables for MoL
        LeanBSSNMoL::LeanBSSN_RegisterVars: [meta] Register variables for MoL
      Slab::Slab_InitTimers: Initialise timers
      SpaceMask::MaskSym: [global] Set grid symmetries for mask
      SpaceMask::MaskSym_emask: [global] Set grid symmetries for emask (compatibility mode)
      GROUP SymBase_Wrapper: Wrapper group for SymBase
        GROUP SymmetryRegister: Register your symmetries here
          CartGrid3D::CartGrid3D_RegisterSymmetryBoundaries: [meta] Register symmetry boundaries
          ReflectionSymmetry::ReflectionSymmetry_Register: Register reflection symmetry boundaries
        SymBase::SymBase_Statistics: Print symmetry boundary face descriptions
      MoL::MoL_ReportNumberVariables: [meta] Report how many of each type of variable there are
  Parameter checking routines
    [CCTK_PARAMCHECK]
      ADMBase::ADMBase_ParamCheck: [global] Check consistency of parameters
      Boundary::Boundary_Check: Check dimension of grid variables
      Carpet::CarpetParamCheck: Parameter checking routine
      CarpetLib::CarpetLib_test_prolongate_3d_rf2: [global] Test prolongation operators
      CarpetMask::CarpetSurfaceParamCheck: [global] Check parameters
      CarpetRegrid2::CarpetRegrid2_ParamCheck: Check parameters
      CartGrid3D::ParamCheck_CartGrid3D: Check coordinates for CartGrid3D
      Dissipation::dissipation_paramcheck: Check dissipation parameters for consistency
      Fortran::CheckFortranParameters: Test whether Fortran parameters work correctly
      LeanBSSNMoL::Lean_ParamCheck: Check Lean parameters for consistency
      MoL::MoL_ParamCheck: Basic parameter checking
      Multipole::Multipole_ParamCheck: [global] Check Multipole parameters
      NPScalars::NPScalars_ParamCheck: Check NPScalars parameters for consistency
      QuasiLocalMeasures::qlm_paramcheck: [global] Check quasi-local parameter settings
      SphericalSurface::SphericalSurface_ParamCheck: [global] Check that all surface names are unique
      TerminationTrigger::TerminationTrigger_ParamCheck: Check consitency of parameters
      TmunuBase::TmunuBase_ParamCheck: [global] Check that no deprecated parameters are used.
      TwoChargedPunctures::TwoChargedPunctures_ParamCheck: Check parameters and thorn needs
      Vectors::Vectors_Test: Run correctness tests.

  Initialisation
    if (NOT (recover initial data AND recovery_mode is 'strict'))
      [CCTK_PREREGRIDINITIAL]
      Set up grid hierarchy
      [CCTK_POSTREGRIDINITIAL]
        SpaceMask::MaskZero: Initialise mask to zero
        CartGrid3D::SpatialCoordinates: Set Coordinates after regridding
        GROUP MaskBase_SetupMask: Set up the weight function
          GROUP MaskBase_SetupMaskAll: Set up the weight function
            CarpetReduce::MaskBase_AllocateMask: [global] Allocate the weight function
            CarpetReduce::MaskBase_InitMask: [global] [loop-local] Initialise the weight function
            GROUP SetupIMaskInternal: Set up the integer weight function (schedule other routines in here)
              CarpetReduce::CoordBase_SetupMask: [global] [loop-local] Set up the outer boundaries of the weight function
              CarpetReduce::CarpetMaskSetup: [global] [loop-singlemap] Set up the weight function for the restriction regions
            GROUP SetupIMask: Set up the integer weight function (schedule other routines in here)
              CarpetMask::CarpetExcludedSetup: [global] [loop-local] Set up the weight function for the excluded regions
              CarpetMask::CarpetSurfaceSetup: [global] [loop-local] Set up the weight function for the excluded spherical surfaces
            CarpetReduce::MaskBase_SetMask: [global] [loop-local] Set the weight function
            GROUP SetupMask: Set up the real weight function (schedule other routines in here)
            CarpetReduce::MaskBase_TestMask: [global] Test the weight function
        Dissipation::setup_epsdis: Setup spatially varying dissipation
        GROUP MoL_PseudoEvolutionBoundaries: Apply boundary conditions to pseudo-evolved quantities
        GROUP CalcNPScalars_BC: Boundary conditions
          NPScalars::NPboundaries: [level] Symmetry boundary conditions
          GROUP ApplyBCs_NP: Apply boundary conditions
            GROUP BoundaryConditions: Execute all boundary conditions
              Boundary::Boundary_ApplyPhysicalBCs: Apply all requested local physical boundary conditions
              CartGrid3D::CartGrid3D_ApplyBC: Apply symmetry boundary conditions
              ReflectionSymmetry::ReflectionSymmetry_Apply: Apply reflection symmetries
            Boundary::Boundary_ClearSelection: [level] Unselect all grid variables for boundary conditions
        GROUP CalcNPEMGScalars_BC: Boundary conditions
          NPScalars_EMG::NPEMG_Boundaries: [level] Symmetry boundary conditions
          GROUP ApplyBCs_NPEMG: Apply boundary conditions
            GROUP BoundaryConditions: Execute all boundary conditions
              Boundary::Boundary_ApplyPhysicalBCs: Apply all requested local physical boundary conditions
              CartGrid3D::CartGrid3D_ApplyBC: Apply symmetry boundary conditions
              ReflectionSymmetry::ReflectionSymmetry_Apply: Apply reflection symmetries
            Boundary::Boundary_ClearSelection: [level] Unselect all grid variables for boundary conditions
        SpaceMask::MaskOne: Set mask to one
        AHFinderDirect::AHFinderDirect_maybe_do_masks: set mask(s) based on apparent horizon position(s)
      [CCTK_BASEGRID]
        ADMBase::ADMBase_SetShiftStateOn: Set the shift_state variable to 1
        ADMBase::ADMBase_SetDtLapseStateOn: Set the dtlapse_state variable to 1
        ADMBase::ADMBase_SetDtShiftStateOn: Set the dtshift_state variable to 1
        ADMMacros::ADMMacros_SetLocalSpatialOrder: Initialize the local_spatial_order
        CartGrid3D::SpatialSpacings: Set up ranges for spatial 3D Cartesian coordinates (on all grids)
        CartGrid3D::SpatialCoordinates: Set up spatial 3D Cartesian coordinates on the GH
        SphericalSurface::SphericalSurface_SetupRes: [global] [loop-local] Set surface resolution automatically
        AHFinderDirect::AHFinderDirect_setup: [global] setup data structures
        Dissipation::dissipation_basegrid: Ensure that there are enough ghost zones
        EMGBase::emg_symmetries: [global] Register symmetries of the grid functions
        EMGEvolve::EMG_InitSymBound: [meta] Schedule symmetries
        EMGEvolve::EMG_zero_rhs: set all rhs functions to zero to prevent spurious nans
        LeanBSSNMoL::LeanBSSN_symmetries: [global] Register symmetries of the BSSN grid functions
        LeanBSSNMoL::LeanBSSN_zero_rhs: Set all rhs functions to zero to prevent spurious nans
        NPScalars::NP_symmetries: [meta] Set symmetries for grid functions
        NPScalars_EMG::NPEMG_symmetries: [meta] Set symmetries for grid functions
        NaNChecker::NaNChecker_ResetCounter: [global] Reset the NaNChecker::NaNsFound counter
        SpaceMask::MaskZero: Initialise mask to zero
        SpaceMask::MaskOne: Set old style mask to one
        SphericalSurface::SphericalSurface_Setup: [global] Calculate surface coordinate descriptors
        GROUP MaskBase_SetupMask: Set up the weight function
          GROUP MaskBase_SetupMaskAll: Set up the weight function
            CarpetReduce::MaskBase_AllocateMask: [global] Allocate the weight function
            CarpetReduce::MaskBase_InitMask: [global] [loop-local] Initialise the weight function
            GROUP SetupIMaskInternal: Set up the integer weight function (schedule other routines in here)
              CarpetReduce::CoordBase_SetupMask: [global] [loop-local] Set up the outer boundaries of the weight function
              CarpetReduce::CarpetMaskSetup: [global] [loop-singlemap] Set up the weight function for the restriction regions
            GROUP SetupIMask: Set up the integer weight function (schedule other routines in here)
              CarpetMask::CarpetExcludedSetup: [global] [loop-local] Set up the weight function for the excluded regions
              CarpetMask::CarpetSurfaceSetup: [global] [loop-local] Set up the weight function for the excluded spherical surfaces
            CarpetReduce::MaskBase_SetMask: [global] [loop-local] Set the weight function
            GROUP SetupMask: Set up the real weight function (schedule other routines in here)
            CarpetReduce::MaskBase_TestMask: [global] Test the weight function
        SphericalSurface::SphericalSurface_Set: [global] Set surface radii to be used for initial setup in other thorns
        GROUP SphericalSurface_HasBeenSet: Set the spherical surfaces before this group, and use it afterwards
          SphericalSurface::SphericalSurface_CheckState: [global] Test the state of the spherical surfaces
        SymBase::SymBase_Check: Check whether the driver set up the grid consistently
        TerminationTrigger::TerminationTrigger_ResetTrigger: Clear trigger state
        TerminationTrigger::TerminationTrigger_StartTimer: Start timer
        TerminationTrigger::TerminationTrigger_CreateFile: Create termination file
        Time::Time_Initialise: [global] Initialise Time variables
        Time::TemporalSpacings: [singlemap] Set timestep based on Courant condition (courant_static)
      [CCTK_INITIAL]
        StaticConformal::StaticConformal_InitialiseState: Set the conformal_state variable to 0
        GROUP ADMBase_InitialData: Schedule group for calculating ADM initial data
          GROUP TwoChargedPunctures_Group: TwoChargedPunctures initial data group
            TwoChargedPunctures::TwoChargedPunctures: Create puncture black hole initial data
        GROUP ADMBase_InitialGauge: Schedule group for the ADM initial gauge condition
          ADMBase::ADMBase_ShiftZero: Set the shift to 0 at all points
          ADMBase::ADMBase_DtLapseZero: Set the dtlapse to 0 at all points
          ADMBase::ADMBase_DtShiftZero: Set the dtshift to 0 at all points
        CarpetIOASCII::CarpetIOASCIIInit: [global] Initialisation routine
        CarpetIOBasic::CarpetIOBasicInit: [global] Initialisation routine
        CarpetIOHDF5::CarpetIOHDF5_Init: [global] Initialisation routine
        CarpetIOScalar::CarpetIOScalarInit: [global] Initialisation routine
        GROUP ADMBase_PostInitial: Schedule group for modifying the ADM initial data, such as e.g. adding noise
        LeanBSSNMoL::LeanBSSN_adm2bssn: [local] Convert initial data into BSSN variables
        LeanBSSNMoL::LeanBSSN_Boundaries: [level] Boundary enforcement
        MoL::MoL_StartLoop: [level] Initialise the step size control
        PunctureTracker::PunctureTracker_Init: [global] Calculate initial location of punctures
        QuasiLocalMeasures::qlm_init: [global] Initialise quasi-local calculations
        GROUP LeanBSSN_ApplyBCs: Apply boundary conditions
          GROUP BoundaryConditions: Execute all boundary conditions
            Boundary::Boundary_ApplyPhysicalBCs: Apply all requested local physical boundary conditions
            CartGrid3D::CartGrid3D_ApplyBC: Apply symmetry boundary conditions
            ReflectionSymmetry::ReflectionSymmetry_Apply: Apply reflection symmetries
          Boundary::Boundary_ClearSelection: [level] Unselect all grid variables for boundary conditions
      [CCTK_POSTINITIAL]
        CarpetIOHDF5::CarpetIOHDF5_CloseFiles: [global] Close all filereader input files
        GROUP MoL_PostStepModify: The group for physics thorns to schedule enforcing constraints
        GROUP MoL_PostStep: Ensure that everything is correct after the initial data have been set up
          LeanBSSNMoL::LeanBSSN_remove_trA: Remove trace of A
          EMGEvolve::EMG_Boundaries: [level] MoL boundary enforcement for EMG variables
          GROUP EMG_ApplyBCs: Apply boundary conditions
            GROUP BoundaryConditions: Execute all boundary conditions
              Boundary::Boundary_ApplyPhysicalBCs: Apply all requested local physical boundary conditions
              CartGrid3D::CartGrid3D_ApplyBC: Apply symmetry boundary conditions
              ReflectionSymmetry::ReflectionSymmetry_Apply: Apply reflection symmetries
            Boundary::Boundary_ClearSelection: [level] Unselect all grid variables for boundary conditions
          LeanBSSNMoL::LeanBSSN_impose_conf_fac_floor: Make sure conformal factor does not drop below specified value
          LeanBSSNMoL::LeanBSSN_Boundaries: [level] MoL boundary enforcement
          GROUP LeanBSSN_ApplyBCs: Apply boundary conditions
            GROUP BoundaryConditions: Execute all boundary conditions
              Boundary::Boundary_ApplyPhysicalBCs: Apply all requested local physical boundary conditions
              CartGrid3D::CartGrid3D_ApplyBC: Apply symmetry boundary conditions
              ReflectionSymmetry::ReflectionSymmetry_Apply: Apply reflection symmetries
            Boundary::Boundary_ClearSelection: [level] Unselect all grid variables for boundary conditions
          LeanBSSNMoL::LeanBSSN_bssn2adm: [local] Convert variables back to the ADM ones
          GROUP ADMBase_SetADMVars: Set the ADM variables before this group, and use them afterwards
          GROUP SetTmunu: Group for calculating the stress-energy tensor
            TmunuBase::TmunuBase_ZeroTmunu: Initialise the stress-energy tensor to zero
            GROUP AddToTmunu: Add to the stress-energy tensor here
              EMGEvolve::EMG_AddToTmunu: Compute the energy-momentum tensor
        GROUP MoL_PseudoEvolution: Calculate pseudo-evolved quantities
          GROUP ADMBase_SetADMVars: Set the ADM variables before this group, and use them afterwards
          GROUP CalcNPScalars: Calculate NPScalars
            NPScalars::NP_calcPsiGF: [local] calculate Psi4 as grid function
            GROUP CalcNPScalars_BC: Boundary conditions
              NPScalars::NPboundaries: [level] Symmetry boundary conditions
              GROUP ApplyBCs_NP: Apply boundary conditions
                GROUP BoundaryConditions: Execute all boundary conditions
                  Boundary::Boundary_ApplyPhysicalBCs: Apply all requested local physical boundary conditions
                  CartGrid3D::CartGrid3D_ApplyBC: Apply symmetry boundary conditions
                  ReflectionSymmetry::ReflectionSymmetry_Apply: Apply reflection symmetries
                Boundary::Boundary_ClearSelection: [level] Unselect all grid variables for boundary conditions
        GROUP CalcNPScalars: Calculate NPScalars
          NPScalars::NP_calcPsiGF: [local] calculate Psi4 as grid function
          GROUP CalcNPScalars_BC: Boundary conditions
            NPScalars::NPboundaries: [level] Symmetry boundary conditions
            GROUP ApplyBCs_NP: Apply boundary conditions
              GROUP BoundaryConditions: Execute all boundary conditions
                Boundary::Boundary_ApplyPhysicalBCs: Apply all requested local physical boundary conditions
                CartGrid3D::CartGrid3D_ApplyBC: Apply symmetry boundary conditions
                ReflectionSymmetry::ReflectionSymmetry_Apply: Apply reflection symmetries
              Boundary::Boundary_ClearSelection: [level] Unselect all grid variables for boundary conditions
        GROUP CalcNPEMGScalars: Calculate NPScalars
          NPScalars_EMG::NPEMG_calcPsiGF: [local] calculate grid functions
          GROUP CalcNPEMGScalars_BC: Boundary conditions
            NPScalars_EMG::NPEMG_Boundaries: [level] Symmetry boundary conditions
            GROUP ApplyBCs_NPEMG: Apply boundary conditions
              GROUP BoundaryConditions: Execute all boundary conditions
                Boundary::Boundary_ApplyPhysicalBCs: Apply all requested local physical boundary conditions
                CartGrid3D::CartGrid3D_ApplyBC: Apply symmetry boundary conditions
                ReflectionSymmetry::ReflectionSymmetry_Apply: Apply reflection symmetries
              Boundary::Boundary_ClearSelection: [level] Unselect all grid variables for boundary conditions
      Initialise finer grids recursively
      Restrict from finer grids
      [CCTK_POSTRESTRICTINITIAL]
        GROUP MoL_PostStep: Ensure that everything is correct after restriction
          LeanBSSNMoL::LeanBSSN_remove_trA: Remove trace of A
          EMGEvolve::EMG_Boundaries: [level] MoL boundary enforcement for EMG variables
          GROUP EMG_ApplyBCs: Apply boundary conditions
            GROUP BoundaryConditions: Execute all boundary conditions
              Boundary::Boundary_ApplyPhysicalBCs: Apply all requested local physical boundary conditions
              CartGrid3D::CartGrid3D_ApplyBC: Apply symmetry boundary conditions
              ReflectionSymmetry::ReflectionSymmetry_Apply: Apply reflection symmetries
            Boundary::Boundary_ClearSelection: [level] Unselect all grid variables for boundary conditions
          LeanBSSNMoL::LeanBSSN_impose_conf_fac_floor: Make sure conformal factor does not drop below specified value
          LeanBSSNMoL::LeanBSSN_Boundaries: [level] MoL boundary enforcement
          GROUP LeanBSSN_ApplyBCs: Apply boundary conditions
            GROUP BoundaryConditions: Execute all boundary conditions
              Boundary::Boundary_ApplyPhysicalBCs: Apply all requested local physical boundary conditions
              CartGrid3D::CartGrid3D_ApplyBC: Apply symmetry boundary conditions
              ReflectionSymmetry::ReflectionSymmetry_Apply: Apply reflection symmetries
            Boundary::Boundary_ClearSelection: [level] Unselect all grid variables for boundary conditions
          LeanBSSNMoL::LeanBSSN_bssn2adm: [local] Convert variables back to the ADM ones
          GROUP ADMBase_SetADMVars: Set the ADM variables before this group, and use them afterwards
          GROUP SetTmunu: Group for calculating the stress-energy tensor
            TmunuBase::TmunuBase_ZeroTmunu: Initialise the stress-energy tensor to zero
            GROUP AddToTmunu: Add to the stress-energy tensor here
              EMGEvolve::EMG_AddToTmunu: Compute the energy-momentum tensor
        GROUP MoL_PseudoEvolutionBoundaries: Apply boundary conditions to pseudo-evolved quantities
        GROUP CalcNPScalars_BC: Boundary conditions
          NPScalars::NPboundaries: [level] Symmetry boundary conditions
          GROUP ApplyBCs_NP: Apply boundary conditions
            GROUP BoundaryConditions: Execute all boundary conditions
              Boundary::Boundary_ApplyPhysicalBCs: Apply all requested local physical boundary conditions
              CartGrid3D::CartGrid3D_ApplyBC: Apply symmetry boundary conditions
              ReflectionSymmetry::ReflectionSymmetry_Apply: Apply reflection symmetries
            Boundary::Boundary_ClearSelection: [level] Unselect all grid variables for boundary conditions
        GROUP CalcNPEMGScalars_BC: Boundary conditions
          NPScalars_EMG::NPEMG_Boundaries: [level] Symmetry boundary conditions
          GROUP ApplyBCs_NPEMG: Apply boundary conditions
            GROUP BoundaryConditions: Execute all boundary conditions
              Boundary::Boundary_ApplyPhysicalBCs: Apply all requested local physical boundary conditions
              CartGrid3D::CartGrid3D_ApplyBC: Apply symmetry boundary conditions
              ReflectionSymmetry::ReflectionSymmetry_Apply: Apply reflection symmetries
            Boundary::Boundary_ClearSelection: [level] Unselect all grid variables for boundary conditions
      [CCTK_POSTPOSTINITIAL]
      [CCTK_POSTSTEP]
        AHFinderDirect::AHFinderDirect_import_mask: [global] [loop-local] import the excision mask
        AHFinderDirect::AHFinderDirect_find_horizons: [global] find apparent horizon(s) after this time step
        AHFinderDirect::AHFinderDirect_store: [global] store apparent horizon(s) into spherical surface(s)
        AHFinderDirect::AHFinderDirect_save: [global] save apparent horizon(s) into Cactus variables
        AHFinderDirect::AHFinderDirect_maybe_do_masks: set mask(s) based on apparent horizon position(s)
        SphericalSurface::SphericalSurface_Set: [global] Set surface radii
        GROUP SphericalSurface_HasBeenSet: Set the spherical surfaces before this group, and use it afterwards
          SphericalSurface::SphericalSurface_CheckState: [global] Test the state of the spherical surfaces
        GROUP zzz_NaNChecker_NaNCheck: Check for NaNs and count them in NaNChecker::NaNsFound
          NaNChecker::NaNChecker_NaNCheck_Prepare: [level] Prepare data structures to check for NaNs
          NaNChecker::NaNChecker_NaNCheck_Check: [local] Check for NaNs
          NaNChecker::NaNChecker_NaNCheck_Finish: [level] Count NaNs in NaNChecker::NaNsFound
        NaNChecker::NaNChecker_TakeAction: [global] [loop-level] Output NaNChecker::NaNmask and take action according to NaNChecker::action_if_found
        PunctureTracker::PunctureTracker_SetPositions: [global] Copy puncture positions to spherical surfaces
        SpaceMask::CheckMask: Ensure that all mask values are legal
        Dissipation::setup_epsdis: Setup spatially varying dissipation
        GROUP MaskBase_SetupMask: Set up the weight function
          GROUP MaskBase_SetupMaskAll: Set up the weight function
            CarpetReduce::MaskBase_AllocateMask: [global] Allocate the weight function
            CarpetReduce::MaskBase_InitMask: [global] [loop-local] Initialise the weight function
            GROUP SetupIMaskInternal: Set up the integer weight function (schedule other routines in here)
              CarpetReduce::CoordBase_SetupMask: [global] [loop-local] Set up the outer boundaries of the weight function
              CarpetReduce::CarpetMaskSetup: [global] [loop-singlemap] Set up the weight function for the restriction regions
            GROUP SetupIMask: Set up the integer weight function (schedule other routines in here)
              CarpetMask::CarpetExcludedSetup: [global] [loop-local] Set up the weight function for the excluded regions
              CarpetMask::CarpetSurfaceSetup: [global] [loop-local] Set up the weight function for the excluded spherical surfaces
            CarpetReduce::MaskBase_SetMask: [global] [loop-local] Set the weight function
            GROUP SetupMask: Set up the real weight function (schedule other routines in here)
            CarpetReduce::MaskBase_TestMask: [global] Test the weight function
    endif
    if (recover initial data)
      [CCTK_BASEGRID]
        ADMBase::ADMBase_SetShiftStateOn: Set the shift_state variable to 1
        ADMBase::ADMBase_SetDtLapseStateOn: Set the dtlapse_state variable to 1
        ADMBase::ADMBase_SetDtShiftStateOn: Set the dtshift_state variable to 1
        ADMMacros::ADMMacros_SetLocalSpatialOrder: Initialize the local_spatial_order
        CartGrid3D::SpatialSpacings: Set up ranges for spatial 3D Cartesian coordinates (on all grids)
        CartGrid3D::SpatialCoordinates: Set up spatial 3D Cartesian coordinates on the GH
        SphericalSurface::SphericalSurface_SetupRes: [global] [loop-local] Set surface resolution automatically
        AHFinderDirect::AHFinderDirect_setup: [global] setup data structures
        Dissipation::dissipation_basegrid: Ensure that there are enough ghost zones
        EMGBase::emg_symmetries: [global] Register symmetries of the grid functions
        EMGEvolve::EMG_InitSymBound: [meta] Schedule symmetries
        EMGEvolve::EMG_zero_rhs: set all rhs functions to zero to prevent spurious nans
        LeanBSSNMoL::LeanBSSN_symmetries: [global] Register symmetries of the BSSN grid functions
        LeanBSSNMoL::LeanBSSN_zero_rhs: Set all rhs functions to zero to prevent spurious nans
        NPScalars::NP_symmetries: [meta] Set symmetries for grid functions
        NPScalars_EMG::NPEMG_symmetries: [meta] Set symmetries for grid functions
        NaNChecker::NaNChecker_ResetCounter: [global] Reset the NaNChecker::NaNsFound counter
        SpaceMask::MaskZero: Initialise mask to zero
        SpaceMask::MaskOne: Set old style mask to one
        SphericalSurface::SphericalSurface_Setup: [global] Calculate surface coordinate descriptors
        GROUP MaskBase_SetupMask: Set up the weight function
          GROUP MaskBase_SetupMaskAll: Set up the weight function
            CarpetReduce::MaskBase_AllocateMask: [global] Allocate the weight function
            CarpetReduce::MaskBase_InitMask: [global] [loop-local] Initialise the weight function
            GROUP SetupIMaskInternal: Set up the integer weight function (schedule other routines in here)
              CarpetReduce::CoordBase_SetupMask: [global] [loop-local] Set up the outer boundaries of the weight function
              CarpetReduce::CarpetMaskSetup: [global] [loop-singlemap] Set up the weight function for the restriction regions
            GROUP SetupIMask: Set up the integer weight function (schedule other routines in here)
              CarpetMask::CarpetExcludedSetup: [global] [loop-local] Set up the weight function for the excluded regions
              CarpetMask::CarpetSurfaceSetup: [global] [loop-local] Set up the weight function for the excluded spherical surfaces
            CarpetReduce::MaskBase_SetMask: [global] [loop-local] Set the weight function
            GROUP SetupMask: Set up the real weight function (schedule other routines in here)
            CarpetReduce::MaskBase_TestMask: [global] Test the weight function
        SphericalSurface::SphericalSurface_Set: [global] Set surface radii to be used for initial setup in other thorns
        GROUP SphericalSurface_HasBeenSet: Set the spherical surfaces before this group, and use it afterwards
          SphericalSurface::SphericalSurface_CheckState: [global] Test the state of the spherical surfaces
        SymBase::SymBase_Check: Check whether the driver set up the grid consistently
        TerminationTrigger::TerminationTrigger_ResetTrigger: Clear trigger state
        TerminationTrigger::TerminationTrigger_StartTimer: Start timer
        TerminationTrigger::TerminationTrigger_CreateFile: Create termination file
        Time::Time_Initialise: [global] Initialise Time variables
        Time::TemporalSpacings: [singlemap] Set timestep based on Courant condition (courant_static)
      [CCTK_RECOVER_VARIABLES]
        IOUtil::IOUtil_RecoverGH: [level] Checkpoint recovery routine
      [CCTK_POST_RECOVER_VARIABLES]
        AHFinderDirect::AHFinderDirect_recover: [global] import horizon data from Cactus variables
        CarpetIOHDF5::CarpetIOHDF5_InitCheckpointingIntervals: [global] Initialisation of checkpointing intervals after recovery
        CarpetIOHDF5::CarpetIOHDF5_CloseFiles: [meta] Close all initial data checkpoint files after recovery
        GROUP MaskBase_SetupMask: Set up the weight function
          GROUP MaskBase_SetupMaskAll: Set up the weight function
            CarpetReduce::MaskBase_AllocateMask: [global] Allocate the weight function
            CarpetReduce::MaskBase_InitMask: [global] [loop-local] Initialise the weight function
            GROUP SetupIMaskInternal: Set up the integer weight function (schedule other routines in here)
              CarpetReduce::CoordBase_SetupMask: [global] [loop-local] Set up the outer boundaries of the weight function
              CarpetReduce::CarpetMaskSetup: [global] [loop-singlemap] Set up the weight function for the restriction regions
            GROUP SetupIMask: Set up the integer weight function (schedule other routines in here)
              CarpetMask::CarpetExcludedSetup: [global] [loop-local] Set up the weight function for the excluded regions
              CarpetMask::CarpetSurfaceSetup: [global] [loop-local] Set up the weight function for the excluded spherical surfaces
            CarpetReduce::MaskBase_SetMask: [global] [loop-local] Set the weight function
            GROUP SetupMask: Set up the real weight function (schedule other routines in here)
            CarpetReduce::MaskBase_TestMask: [global] Test the weight function
        GROUP MoL_PostStep: Ensure that everything is correct after recovery
          LeanBSSNMoL::LeanBSSN_remove_trA: Remove trace of A
          EMGEvolve::EMG_Boundaries: [level] MoL boundary enforcement for EMG variables
          GROUP EMG_ApplyBCs: Apply boundary conditions
            GROUP BoundaryConditions: Execute all boundary conditions
              Boundary::Boundary_ApplyPhysicalBCs: Apply all requested local physical boundary conditions
              CartGrid3D::CartGrid3D_ApplyBC: Apply symmetry boundary conditions
              ReflectionSymmetry::ReflectionSymmetry_Apply: Apply reflection symmetries
            Boundary::Boundary_ClearSelection: [level] Unselect all grid variables for boundary conditions
          LeanBSSNMoL::LeanBSSN_impose_conf_fac_floor: Make sure conformal factor does not drop below specified value
          LeanBSSNMoL::LeanBSSN_Boundaries: [level] MoL boundary enforcement
          GROUP LeanBSSN_ApplyBCs: Apply boundary conditions
            GROUP BoundaryConditions: Execute all boundary conditions
              Boundary::Boundary_ApplyPhysicalBCs: Apply all requested local physical boundary conditions
              CartGrid3D::CartGrid3D_ApplyBC: Apply symmetry boundary conditions
              ReflectionSymmetry::ReflectionSymmetry_Apply: Apply reflection symmetries
            Boundary::Boundary_ClearSelection: [level] Unselect all grid variables for boundary conditions
          LeanBSSNMoL::LeanBSSN_bssn2adm: [local] Convert variables back to the ADM ones
          GROUP ADMBase_SetADMVars: Set the ADM variables before this group, and use them afterwards
          GROUP SetTmunu: Group for calculating the stress-energy tensor
            TmunuBase::TmunuBase_ZeroTmunu: Initialise the stress-energy tensor to zero
            GROUP AddToTmunu: Add to the stress-energy tensor here
              EMGEvolve::EMG_AddToTmunu: Compute the energy-momentum tensor
        GROUP zzz_NaNChecker_NaNCheck: Check for NaNs and count them in NaNChecker::NaNsFound
          NaNChecker::NaNChecker_NaNCheck_Prepare: [level] Prepare data structures to check for NaNs
          NaNChecker::NaNChecker_NaNCheck_Check: [local] Check for NaNs
          NaNChecker::NaNChecker_NaNCheck_Finish: [level] Count NaNs in NaNChecker::NaNsFound
        NaNChecker::NaNChecker_TakeAction: [global] [loop-level] Output NaNChecker::NaNmask and take action according to NaNChecker::action_if_found
        TerminationTrigger::TerminationTrigger_ResetMinutes: [global] Reset Watchtime
    endif
    if (checkpoint initial data)
      [CCTK_CPINITIAL]
        CarpetIOHDF5::CarpetIOHDF5_InitialDataCheckpoint: [meta] Initial data checkpoint routine
    endif
    if (analysis)
      [CCTK_ANALYSIS]
        CarpetLib::CarpetLib_printtimestats: [global] Print timing statistics if desired
        CarpetLib::CarpetLib_printmemstats: [global] Print memory statistics if desired
        GROUP EMG_constraints: Group to compute constraints
          EMGEvolve::EMG_constraints: Compute constraints
          EMGEvolve::EMG_constraints_boundaries: [level] Enforce symmetry BCs in constraint computation
          GROUP EMG_constraints_ApplyBCs: Apply boundary conditions
            GROUP BoundaryConditions: Execute all boundary conditions
              Boundary::Boundary_ApplyPhysicalBCs: Apply all requested local physical boundary conditions
              CartGrid3D::CartGrid3D_ApplyBC: Apply symmetry boundary conditions
              ReflectionSymmetry::ReflectionSymmetry_Apply: Apply reflection symmetries
            Boundary::Boundary_ClearSelection: [level] Unselect all grid variables for boundary conditions
        GROUP LeanBSSN_constraints: Compute constraints
          LeanBSSNMoL::LeanBSSN_bssn_constraints: Compute constraints
          LeanBSSNMoL::LeanBSSN_Constraints_Boundaries: [level] Enforce symmetry BCs in constraint computation
          GROUP LeanBSSN_Constraints_ApplyBCs: Apply boundary conditions
            GROUP BoundaryConditions: Execute all boundary conditions
              Boundary::Boundary_ApplyPhysicalBCs: Apply all requested local physical boundary conditions
              CartGrid3D::CartGrid3D_ApplyBC: Apply symmetry boundary conditions
              ReflectionSymmetry::ReflectionSymmetry_Apply: Apply reflection symmetries
            Boundary::Boundary_ClearSelection: [level] Unselect all grid variables for boundary conditions
        LoopControl::LC_statistics_analysis: [meta] Output LoopControl statistics
        Multipole::Multipole_Calc: [global] Calculate Multipoles
        GROUP CalcNPEMGScalars: Calculate NPScalars
          NPScalars_EMG::NPEMG_calcPsiGF: [local] calculate grid functions
          GROUP CalcNPEMGScalars_BC: Boundary conditions
            NPScalars_EMG::NPEMG_Boundaries: [level] Symmetry boundary conditions
            GROUP ApplyBCs_NPEMG: Apply boundary conditions
              GROUP BoundaryConditions: Execute all boundary conditions
                Boundary::Boundary_ApplyPhysicalBCs: Apply all requested local physical boundary conditions
                CartGrid3D::CartGrid3D_ApplyBC: Apply symmetry boundary conditions
                ReflectionSymmetry::ReflectionSymmetry_Apply: Apply reflection symmetries
              Boundary::Boundary_ClearSelection: [level] Unselect all grid variables for boundary conditions
        QuasiLocalMeasures::qlm_calculate: [global] Calculate quasi-local quantities
        SystemStatistics::SystemStatistics_Collect: [global] Collect system statistics
        TerminationTrigger::TerminationTrigger_CheckWalltime: Check elapsed job walltime
        TerminationTrigger::TerminationTrigger_CheckSignal: Check if we received a termination signal
        TerminationTrigger::TerminationTrigger_CheckFile: Check termination file
        TimerReport::zzz_TimerReport_Output: [global] Print the timer report
  endif
  Output grid variables

  do loop over timesteps
    [CCTK_PREREGRID]
      CarpetTracker::CarpetTracker_SetPositions: [global] Set positions of refined regions
    Change grid hierarchy
    [CCTK_POSTREGRID]
      SpaceMask::MaskZero: Initialise mask to zero
      CartGrid3D::SpatialCoordinates: Set Coordinates after regridding
      GROUP MaskBase_SetupMask: Set up the weight function
        GROUP MaskBase_SetupMaskAll: Set up the weight function
          CarpetReduce::MaskBase_AllocateMask: [global] Allocate the weight function
          CarpetReduce::MaskBase_InitMask: [global] [loop-local] Initialise the weight function
          GROUP SetupIMaskInternal: Set up the integer weight function (schedule other routines in here)
            CarpetReduce::CoordBase_SetupMask: [global] [loop-local] Set up the outer boundaries of the weight function
            CarpetReduce::CarpetMaskSetup: [global] [loop-singlemap] Set up the weight function for the restriction regions
          GROUP SetupIMask: Set up the integer weight function (schedule other routines in here)
            CarpetMask::CarpetExcludedSetup: [global] [loop-local] Set up the weight function for the excluded regions
            CarpetMask::CarpetSurfaceSetup: [global] [loop-local] Set up the weight function for the excluded spherical surfaces
          CarpetReduce::MaskBase_SetMask: [global] [loop-local] Set the weight function
          GROUP SetupMask: Set up the real weight function (schedule other routines in here)
          CarpetReduce::MaskBase_TestMask: [global] Test the weight function
      Dissipation::setup_epsdis: Setup spatially varying dissipation
      GROUP MoL_PostStep: Ensure that everything is correct after regridding
        LeanBSSNMoL::LeanBSSN_remove_trA: Remove trace of A
        EMGEvolve::EMG_Boundaries: [level] MoL boundary enforcement for EMG variables
        GROUP EMG_ApplyBCs: Apply boundary conditions
          GROUP BoundaryConditions: Execute all boundary conditions
            Boundary::Boundary_ApplyPhysicalBCs: Apply all requested local physical boundary conditions
            CartGrid3D::CartGrid3D_ApplyBC: Apply symmetry boundary conditions
            ReflectionSymmetry::ReflectionSymmetry_Apply: Apply reflection symmetries
          Boundary::Boundary_ClearSelection: [level] Unselect all grid variables for boundary conditions
        LeanBSSNMoL::LeanBSSN_impose_conf_fac_floor: Make sure conformal factor does not drop below specified value
        LeanBSSNMoL::LeanBSSN_Boundaries: [level] MoL boundary enforcement
        GROUP LeanBSSN_ApplyBCs: Apply boundary conditions
          GROUP BoundaryConditions: Execute all boundary conditions
            Boundary::Boundary_ApplyPhysicalBCs: Apply all requested local physical boundary conditions
            CartGrid3D::CartGrid3D_ApplyBC: Apply symmetry boundary conditions
            ReflectionSymmetry::ReflectionSymmetry_Apply: Apply reflection symmetries
          Boundary::Boundary_ClearSelection: [level] Unselect all grid variables for boundary conditions
        LeanBSSNMoL::LeanBSSN_bssn2adm: [local] Convert variables back to the ADM ones
        GROUP ADMBase_SetADMVars: Set the ADM variables before this group, and use them afterwards
        GROUP SetTmunu: Group for calculating the stress-energy tensor
          TmunuBase::TmunuBase_ZeroTmunu: Initialise the stress-energy tensor to zero
          GROUP AddToTmunu: Add to the stress-energy tensor here
            EMGEvolve::EMG_AddToTmunu: Compute the energy-momentum tensor
      GROUP MoL_PseudoEvolutionBoundaries: Apply boundary conditions to pseudo-evolved quantities
      GROUP CalcNPScalars_BC: Boundary conditions
        NPScalars::NPboundaries: [level] Symmetry boundary conditions
        GROUP ApplyBCs_NP: Apply boundary conditions
          GROUP BoundaryConditions: Execute all boundary conditions
            Boundary::Boundary_ApplyPhysicalBCs: Apply all requested local physical boundary conditions
            CartGrid3D::CartGrid3D_ApplyBC: Apply symmetry boundary conditions
            ReflectionSymmetry::ReflectionSymmetry_Apply: Apply reflection symmetries
          Boundary::Boundary_ClearSelection: [level] Unselect all grid variables for boundary conditions
      GROUP CalcNPEMGScalars_BC: Boundary conditions
        NPScalars_EMG::NPEMG_Boundaries: [level] Symmetry boundary conditions
        GROUP ApplyBCs_NPEMG: Apply boundary conditions
          GROUP BoundaryConditions: Execute all boundary conditions
            Boundary::Boundary_ApplyPhysicalBCs: Apply all requested local physical boundary conditions
            CartGrid3D::CartGrid3D_ApplyBC: Apply symmetry boundary conditions
            ReflectionSymmetry::ReflectionSymmetry_Apply: Apply reflection symmetries
          Boundary::Boundary_ClearSelection: [level] Unselect all grid variables for boundary conditions
      SpaceMask::MaskOne: Set mask to one
      AHFinderDirect::AHFinderDirect_maybe_do_masks: set mask(s) based on apparent horizon position(s)
    Rotate timelevels
    iteration = iteration+1
    t = t+dt
    [CCTK_PRESTEP]
      CoordGauge::Einstein_SetNextSlicing: Identify the slicing for the next iteration
      LoopControl::LC_steer: [meta] Update LoopControl algorithm preferences
      NaNChecker::NaNChecker_ResetCounter: [global] Reset the NaNChecker::NaNsFound counter
    [CCTK_EVOL]
      MoL::MoL_StartLoop: [level] Initialise the step size control
      while (MoL::MoL_Stepsize_Bad)
        GROUP MoL_Evolution: A single Cactus evolution step using MoL
          GROUP MoL_StartStep: MoL internal setup for the evolution step
            MoL::MoL_SetCounter: [level] Set the counter for the ODE method to loop over
            MoL::MoL_SetTime: [level] Ensure the correct time and timestep are used
            MoL::MoL_AllocateScratchSpace: [level] Allocate storage for scratch levels
          GROUP MoL_PreStep: Physics thorns can schedule preloop setup routines in here
          MoL::MoL_AllocateScratch: Allocate sufficient space for array scratch variables
          MoL::MoL_InitialCopy: Ensure the data is in the correct timelevel
          while (MoL::MoL_Intermediate_Step)
            GROUP MoL_Step: The loop over the intermediate steps for the ODE integrator
              MoL::MoL_InitRHS: Initialise the RHS functions
              GROUP MoL_CalcRHS: Physics thorns schedule the calculation of the discrete spatial operator in here
                EMGEvolve::EMG_CalcRHS: MoL RHS calculation for EMG variables
                EMGEvolve::EMG_CalcRHS_Bdry: MoL boundary RHS calculation for EMG variables
                LeanBSSNMoL::LeanBSSN_CalcRHS: MoL RHS calculation
                LeanBSSNMoL::LeanBSSN_CalcRHS_Bdry: MoL boundary RHS calculation
              GROUP MoL_PostRHS: Modify RHS functions
                Dissipation::dissipation_add: Add Kreiss-Oliger dissipation to the right hand sides
              GROUP MoL_RHSBoundaries: Any 'final' modifications to the RHS functions (boundaries etc.)
              MoL::MoL_Add: Updates calculated with the efficient Runge-Kutta 4 method
              MoL::MoL_DecrementCounter: [level] Alter the counter number
              MoL::MoL_ResetTime: [level] If necessary, change the time
              GROUP MoL_PostStepModify: The group for physics thorns to schedule enforcing constraints
              GROUP MoL_PostStep: The group for physics thorns to schedule boundary calls etc.
                LeanBSSNMoL::LeanBSSN_remove_trA: Remove trace of A
                EMGEvolve::EMG_Boundaries: [level] MoL boundary enforcement for EMG variables
                GROUP EMG_ApplyBCs: Apply boundary conditions
                  GROUP BoundaryConditions: Execute all boundary conditions
                    Boundary::Boundary_ApplyPhysicalBCs: Apply all requested local physical boundary conditions
                    CartGrid3D::CartGrid3D_ApplyBC: Apply symmetry boundary conditions
                    ReflectionSymmetry::ReflectionSymmetry_Apply: Apply reflection symmetries
                  Boundary::Boundary_ClearSelection: [level] Unselect all grid variables for boundary conditions
                LeanBSSNMoL::LeanBSSN_impose_conf_fac_floor: Make sure conformal factor does not drop below specified value
                LeanBSSNMoL::LeanBSSN_Boundaries: [level] MoL boundary enforcement
                GROUP LeanBSSN_ApplyBCs: Apply boundary conditions
                  GROUP BoundaryConditions: Execute all boundary conditions
                    Boundary::Boundary_ApplyPhysicalBCs: Apply all requested local physical boundary conditions
                    CartGrid3D::CartGrid3D_ApplyBC: Apply symmetry boundary conditions
                    ReflectionSymmetry::ReflectionSymmetry_Apply: Apply reflection symmetries
                  Boundary::Boundary_ClearSelection: [level] Unselect all grid variables for boundary conditions
                LeanBSSNMoL::LeanBSSN_bssn2adm: [local] Convert variables back to the ADM ones
                GROUP ADMBase_SetADMVars: Set the ADM variables before this group, and use them afterwards
                GROUP SetTmunu: Group for calculating the stress-energy tensor
                  TmunuBase::TmunuBase_ZeroTmunu: Initialise the stress-energy tensor to zero
                  GROUP AddToTmunu: Add to the stress-energy tensor here
                    EMGEvolve::EMG_AddToTmunu: Compute the energy-momentum tensor
              MoL::MoL_ResetDeltaTime: [level] If necessary, change the timestep
          end while
          MoL::MoL_FinishLoop: [level] Control the step size
          MoL::MoL_RestoreSandR: Restoring the Save and Restore variables to the original state
          MoL::MoL_FreeScratchSpace: [level] Free storage for scratch levels
      end while
      GROUP MoL_PseudoEvolution: Calculate pseudo-evolved quantities
        GROUP ADMBase_SetADMVars: Set the ADM variables before this group, and use them afterwards
        GROUP CalcNPScalars: Calculate NPScalars
          NPScalars::NP_calcPsiGF: [local] calculate Psi4 as grid function
          GROUP CalcNPScalars_BC: Boundary conditions
            NPScalars::NPboundaries: [level] Symmetry boundary conditions
            GROUP ApplyBCs_NP: Apply boundary conditions
              GROUP BoundaryConditions: Execute all boundary conditions
                Boundary::Boundary_ApplyPhysicalBCs: Apply all requested local physical boundary conditions
                CartGrid3D::CartGrid3D_ApplyBC: Apply symmetry boundary conditions
                ReflectionSymmetry::ReflectionSymmetry_Apply: Apply reflection symmetries
              Boundary::Boundary_ClearSelection: [level] Unselect all grid variables for boundary conditions
      PunctureTracker::PunctureTracker_Track: [global] Calculate new location of punctures
    Evolve finer grids recursively
    Restrict from finer grids
    [CCTK_POSTRESTRICT]
      GROUP MoL_PostStep: Ensure that everything is correct after restriction
        LeanBSSNMoL::LeanBSSN_remove_trA: Remove trace of A
        EMGEvolve::EMG_Boundaries: [level] MoL boundary enforcement for EMG variables
        GROUP EMG_ApplyBCs: Apply boundary conditions
          GROUP BoundaryConditions: Execute all boundary conditions
            Boundary::Boundary_ApplyPhysicalBCs: Apply all requested local physical boundary conditions
            CartGrid3D::CartGrid3D_ApplyBC: Apply symmetry boundary conditions
            ReflectionSymmetry::ReflectionSymmetry_Apply: Apply reflection symmetries
          Boundary::Boundary_ClearSelection: [level] Unselect all grid variables for boundary conditions
        LeanBSSNMoL::LeanBSSN_impose_conf_fac_floor: Make sure conformal factor does not drop below specified value
        LeanBSSNMoL::LeanBSSN_Boundaries: [level] MoL boundary enforcement
        GROUP LeanBSSN_ApplyBCs: Apply boundary conditions
          GROUP BoundaryConditions: Execute all boundary conditions
            Boundary::Boundary_ApplyPhysicalBCs: Apply all requested local physical boundary conditions
            CartGrid3D::CartGrid3D_ApplyBC: Apply symmetry boundary conditions
            ReflectionSymmetry::ReflectionSymmetry_Apply: Apply reflection symmetries
          Boundary::Boundary_ClearSelection: [level] Unselect all grid variables for boundary conditions
        LeanBSSNMoL::LeanBSSN_bssn2adm: [local] Convert variables back to the ADM ones
        GROUP ADMBase_SetADMVars: Set the ADM variables before this group, and use them afterwards
        GROUP SetTmunu: Group for calculating the stress-energy tensor
          TmunuBase::TmunuBase_ZeroTmunu: Initialise the stress-energy tensor to zero
          GROUP AddToTmunu: Add to the stress-energy tensor here
            EMGEvolve::EMG_AddToTmunu: Compute the energy-momentum tensor
      GROUP MoL_PseudoEvolutionBoundaries: Apply boundary conditions to pseudo-evolved quantities
      GROUP CalcNPScalars_BC: Boundary conditions
        NPScalars::NPboundaries: [level] Symmetry boundary conditions
        GROUP ApplyBCs_NP: Apply boundary conditions
          GROUP BoundaryConditions: Execute all boundary conditions
            Boundary::Boundary_ApplyPhysicalBCs: Apply all requested local physical boundary conditions
            CartGrid3D::CartGrid3D_ApplyBC: Apply symmetry boundary conditions
            ReflectionSymmetry::ReflectionSymmetry_Apply: Apply reflection symmetries
          Boundary::Boundary_ClearSelection: [level] Unselect all grid variables for boundary conditions
      GROUP CalcNPEMGScalars_BC: Boundary conditions
        NPScalars_EMG::NPEMG_Boundaries: [level] Symmetry boundary conditions
        GROUP ApplyBCs_NPEMG: Apply boundary conditions
          GROUP BoundaryConditions: Execute all boundary conditions
            Boundary::Boundary_ApplyPhysicalBCs: Apply all requested local physical boundary conditions
            CartGrid3D::CartGrid3D_ApplyBC: Apply symmetry boundary conditions
            ReflectionSymmetry::ReflectionSymmetry_Apply: Apply reflection symmetries
          Boundary::Boundary_ClearSelection: [level] Unselect all grid variables for boundary conditions
    [CCTK_POSTSTEP]
      AHFinderDirect::AHFinderDirect_import_mask: [global] [loop-local] import the excision mask
      AHFinderDirect::AHFinderDirect_find_horizons: [global] find apparent horizon(s) after this time step
      AHFinderDirect::AHFinderDirect_store: [global] store apparent horizon(s) into spherical surface(s)
      AHFinderDirect::AHFinderDirect_save: [global] save apparent horizon(s) into Cactus variables
      AHFinderDirect::AHFinderDirect_maybe_do_masks: set mask(s) based on apparent horizon position(s)
      SphericalSurface::SphericalSurface_Set: [global] Set surface radii
      GROUP SphericalSurface_HasBeenSet: Set the spherical surfaces before this group, and use it afterwards
        SphericalSurface::SphericalSurface_CheckState: [global] Test the state of the spherical surfaces
      GROUP zzz_NaNChecker_NaNCheck: Check for NaNs and count them in NaNChecker::NaNsFound
        NaNChecker::NaNChecker_NaNCheck_Prepare: [level] Prepare data structures to check for NaNs
        NaNChecker::NaNChecker_NaNCheck_Check: [local] Check for NaNs
        NaNChecker::NaNChecker_NaNCheck_Finish: [level] Count NaNs in NaNChecker::NaNsFound
      NaNChecker::NaNChecker_TakeAction: [global] [loop-level] Output NaNChecker::NaNmask and take action according to NaNChecker::action_if_found
      PunctureTracker::PunctureTracker_SetPositions: [global] Copy puncture positions to spherical surfaces
      SpaceMask::CheckMask: Ensure that all mask values are legal
      Dissipation::setup_epsdis: Setup spatially varying dissipation
      GROUP MaskBase_SetupMask: Set up the weight function
        GROUP MaskBase_SetupMaskAll: Set up the weight function
          CarpetReduce::MaskBase_AllocateMask: [global] Allocate the weight function
          CarpetReduce::MaskBase_InitMask: [global] [loop-local] Initialise the weight function
          GROUP SetupIMaskInternal: Set up the integer weight function (schedule other routines in here)
            CarpetReduce::CoordBase_SetupMask: [global] [loop-local] Set up the outer boundaries of the weight function
            CarpetReduce::CarpetMaskSetup: [global] [loop-singlemap] Set up the weight function for the restriction regions
          GROUP SetupIMask: Set up the integer weight function (schedule other routines in here)
            CarpetMask::CarpetExcludedSetup: [global] [loop-local] Set up the weight function for the excluded regions
            CarpetMask::CarpetSurfaceSetup: [global] [loop-local] Set up the weight function for the excluded spherical surfaces
          CarpetReduce::MaskBase_SetMask: [global] [loop-local] Set the weight function
          GROUP SetupMask: Set up the real weight function (schedule other routines in here)
          CarpetReduce::MaskBase_TestMask: [global] Test the weight function
    if (checkpoint)
      [CCTK_CHECKPOINT]
      CarpetIOHDF5::CarpetIOHDF5_EvolutionCheckpoint: [meta] Evolution checkpoint routine
      TimerReport::zzz_TimerReport_Checkpoint: [global] Print the timer report
    endif
    if (analysis)
      [CCTK_ANALYSIS]
      CarpetLib::CarpetLib_printtimestats: [global] Print timing statistics if desired
      CarpetLib::CarpetLib_printmemstats: [global] Print memory statistics if desired
      GROUP EMG_constraints: Group to compute constraints
        EMGEvolve::EMG_constraints: Compute constraints
        EMGEvolve::EMG_constraints_boundaries: [level] Enforce symmetry BCs in constraint computation
        GROUP EMG_constraints_ApplyBCs: Apply boundary conditions
          GROUP BoundaryConditions: Execute all boundary conditions
            Boundary::Boundary_ApplyPhysicalBCs: Apply all requested local physical boundary conditions
            CartGrid3D::CartGrid3D_ApplyBC: Apply symmetry boundary conditions
            ReflectionSymmetry::ReflectionSymmetry_Apply: Apply reflection symmetries
          Boundary::Boundary_ClearSelection: [level] Unselect all grid variables for boundary conditions
      GROUP LeanBSSN_constraints: Compute constraints
        LeanBSSNMoL::LeanBSSN_bssn_constraints: Compute constraints
        LeanBSSNMoL::LeanBSSN_Constraints_Boundaries: [level] Enforce symmetry BCs in constraint computation
        GROUP LeanBSSN_Constraints_ApplyBCs: Apply boundary conditions
          GROUP BoundaryConditions: Execute all boundary conditions
            Boundary::Boundary_ApplyPhysicalBCs: Apply all requested local physical boundary conditions
            CartGrid3D::CartGrid3D_ApplyBC: Apply symmetry boundary conditions
            ReflectionSymmetry::ReflectionSymmetry_Apply: Apply reflection symmetries
          Boundary::Boundary_ClearSelection: [level] Unselect all grid variables for boundary conditions
      LoopControl::LC_statistics_analysis: [meta] Output LoopControl statistics
      Multipole::Multipole_Calc: [global] Calculate Multipoles
      GROUP CalcNPEMGScalars: Calculate NPScalars
        NPScalars_EMG::NPEMG_calcPsiGF: [local] calculate grid functions
        GROUP CalcNPEMGScalars_BC: Boundary conditions
          NPScalars_EMG::NPEMG_Boundaries: [level] Symmetry boundary conditions
          GROUP ApplyBCs_NPEMG: Apply boundary conditions
            GROUP BoundaryConditions: Execute all boundary conditions
              Boundary::Boundary_ApplyPhysicalBCs: Apply all requested local physical boundary conditions
              CartGrid3D::CartGrid3D_ApplyBC: Apply symmetry boundary conditions
              ReflectionSymmetry::ReflectionSymmetry_Apply: Apply reflection symmetries
            Boundary::Boundary_ClearSelection: [level] Unselect all grid variables for boundary conditions
      QuasiLocalMeasures::qlm_calculate: [global] Calculate quasi-local quantities
      SystemStatistics::SystemStatistics_Collect: [global] Collect system statistics
      TerminationTrigger::TerminationTrigger_CheckWalltime: Check elapsed job walltime
      TerminationTrigger::TerminationTrigger_CheckSignal: Check if we received a termination signal
      TerminationTrigger::TerminationTrigger_CheckFile: Check termination file
      TimerReport::zzz_TimerReport_Output: [global] Print the timer report
    endif
    Output grid variables
    enddo

  Termination routines
    [CCTK_TERMINATE]
      CarpetIOHDF5::CarpetIOHDF5_TerminationCheckpoint: [meta] Termination checkpoint routine
      LoopControl::LC_statistics_terminate: [meta] Output LoopControl statistics
      MoL::MoL_FreeIndexArrays: Free the MoL bookkeeping index arrays
      TimerReport::zzz_TimerReport_Output: [global] Print the timer report

  Shutdown routines
    [CCTK_SHUTDOWN]
      Timers::Timer_Shutdown: Prepare hierarchical timers

  Routines run after changing the grid hierarchy:
    [CCTK_POSTREGRID]
      SpaceMask::MaskZero: Initialise mask to zero
      CartGrid3D::SpatialCoordinates: Set Coordinates after regridding
      GROUP MaskBase_SetupMask: Set up the weight function
        GROUP MaskBase_SetupMaskAll: Set up the weight function
          CarpetReduce::MaskBase_AllocateMask: [global] Allocate the weight function
          CarpetReduce::MaskBase_InitMask: [global] [loop-local] Initialise the weight function
          GROUP SetupIMaskInternal: Set up the integer weight function (schedule other routines in here)
            CarpetReduce::CoordBase_SetupMask: [global] [loop-local] Set up the outer boundaries of the weight function
            CarpetReduce::CarpetMaskSetup: [global] [loop-singlemap] Set up the weight function for the restriction regions
          GROUP SetupIMask: Set up the integer weight function (schedule other routines in here)
            CarpetMask::CarpetExcludedSetup: [global] [loop-local] Set up the weight function for the excluded regions
            CarpetMask::CarpetSurfaceSetup: [global] [loop-local] Set up the weight function for the excluded spherical surfaces
          CarpetReduce::MaskBase_SetMask: [global] [loop-local] Set the weight function
          GROUP SetupMask: Set up the real weight function (schedule other routines in here)
          CarpetReduce::MaskBase_TestMask: [global] Test the weight function
      Dissipation::setup_epsdis: Setup spatially varying dissipation
      GROUP MoL_PostStep: Ensure that everything is correct after regridding
        LeanBSSNMoL::LeanBSSN_remove_trA: Remove trace of A
        EMGEvolve::EMG_Boundaries: [level] MoL boundary enforcement for EMG variables
        GROUP EMG_ApplyBCs: Apply boundary conditions
          GROUP BoundaryConditions: Execute all boundary conditions
            Boundary::Boundary_ApplyPhysicalBCs: Apply all requested local physical boundary conditions
            CartGrid3D::CartGrid3D_ApplyBC: Apply symmetry boundary conditions
            ReflectionSymmetry::ReflectionSymmetry_Apply: Apply reflection symmetries
          Boundary::Boundary_ClearSelection: [level] Unselect all grid variables for boundary conditions
        LeanBSSNMoL::LeanBSSN_impose_conf_fac_floor: Make sure conformal factor does not drop below specified value
        LeanBSSNMoL::LeanBSSN_Boundaries: [level] MoL boundary enforcement
        GROUP LeanBSSN_ApplyBCs: Apply boundary conditions
          GROUP BoundaryConditions: Execute all boundary conditions
            Boundary::Boundary_ApplyPhysicalBCs: Apply all requested local physical boundary conditions
            CartGrid3D::CartGrid3D_ApplyBC: Apply symmetry boundary conditions
            ReflectionSymmetry::ReflectionSymmetry_Apply: Apply reflection symmetries
          Boundary::Boundary_ClearSelection: [level] Unselect all grid variables for boundary conditions
        LeanBSSNMoL::LeanBSSN_bssn2adm: [local] Convert variables back to the ADM ones
        GROUP ADMBase_SetADMVars: Set the ADM variables before this group, and use them afterwards
        GROUP SetTmunu: Group for calculating the stress-energy tensor
          TmunuBase::TmunuBase_ZeroTmunu: Initialise the stress-energy tensor to zero
          GROUP AddToTmunu: Add to the stress-energy tensor here
            EMGEvolve::EMG_AddToTmunu: Compute the energy-momentum tensor
      GROUP MoL_PseudoEvolutionBoundaries: Apply boundary conditions to pseudo-evolved quantities
      GROUP CalcNPScalars_BC: Boundary conditions
        NPScalars::NPboundaries: [level] Symmetry boundary conditions
        GROUP ApplyBCs_NP: Apply boundary conditions
          GROUP BoundaryConditions: Execute all boundary conditions
            Boundary::Boundary_ApplyPhysicalBCs: Apply all requested local physical boundary conditions
            CartGrid3D::CartGrid3D_ApplyBC: Apply symmetry boundary conditions
            ReflectionSymmetry::ReflectionSymmetry_Apply: Apply reflection symmetries
          Boundary::Boundary_ClearSelection: [level] Unselect all grid variables for boundary conditions
      GROUP CalcNPEMGScalars_BC: Boundary conditions
        NPScalars_EMG::NPEMG_Boundaries: [level] Symmetry boundary conditions
        GROUP ApplyBCs_NPEMG: Apply boundary conditions
          GROUP BoundaryConditions: Execute all boundary conditions
            Boundary::Boundary_ApplyPhysicalBCs: Apply all requested local physical boundary conditions
            CartGrid3D::CartGrid3D_ApplyBC: Apply symmetry boundary conditions
            ReflectionSymmetry::ReflectionSymmetry_Apply: Apply reflection symmetries
          Boundary::Boundary_ClearSelection: [level] Unselect all grid variables for boundary conditions
      SpaceMask::MaskOne: Set mask to one
      AHFinderDirect::AHFinderDirect_maybe_do_masks: set mask(s) based on apparent horizon position(s)
--------------------------------------------------------------------------------
INFO (Carpet): Multi-Model listing:
   model 0: "world"
INFO (Carpet): Multi-Model process distribution:
   processes 0-223: model 0 "world"
INFO (Carpet): Multi-Model: This is process 0, model 0 "world"
INFO (CarpetLib): Process startup time was 19.1 seconds
Current core file size limit: hard=[unlimited], soft=0 MB
Current addres space size limit: hard=[unlimited], soft=[unlimited]
Current data segment size limit: hard=[unlimited], soft=[unlimited]
Current resident set size limit: hard=224000 MB, soft=224000 MB
INFO (CycleClock): Measuring CycleClock tick via OpenMP...
INFO (CycleClock): Calibrated CycleClock: 0.499986 ns per clock tick (2.00005 GHz)
INFO (Vectors): Using vector size 1 for architecture scalar (no vectorisation, 64-bit precision)
INFO (hwloc): library version 2.10.0rc3-git, API version 0x20800
--------------------------------------------------------------------------------
AMR driver provided by Carpet
--------------------------------------------------------------------------------
AMR scalar I/O provided by CarpetIOScalar
--------------------------------------------------------------------------------
AMR 0D ASCII I/O provided by CarpetIOASCII
--------------------------------------------------------------------------------
AMR 1D ASCII I/O provided by CarpetIOASCII
--------------------------------------------------------------------------------
AMR 2D ASCII I/O provided by CarpetIOASCII
--------------------------------------------------------------------------------
AMR 3D ASCII I/O provided by CarpetIOASCII
--------------------------------------------------------------------------------
AMR info I/O provided by CarpetIOBasic
--------------------------------------------------------------------------------
MoL: Generalized time integration.
--------------------------------------------------------------------------------
AMR HDF5 I/O provided by CarpetIOHDF5
--------------------------------------------------------------------------------
AMR 0D HDF5 I/O provided by CarpetIOHDF5
--------------------------------------------------------------------------------
AMR 1D HDF5 I/O provided by CarpetIOHDF5
--------------------------------------------------------------------------------
AMR 2D HDF5 I/O provided by CarpetIOHDF5
--------------------------------------------------------------------------------
AMR 3D HDF5 I/O provided by CarpetIOHDF5
--------------------------------------------------------------------------------

INFO (Carpet): MPI is enabled
INFO (Carpet): Carpet is running on 224 processes
INFO (Carpet): This is process 0
INFO (Carpet): OpenMP is enabled
INFO (Carpet): This process contains 1 threads, this is thread 0
INFO (Carpet): There are 224 threads in total
INFO (Carpet): There are 1 threads per process
INFO (Carpet): This process runs on host gs25r1b71, pid=462459
INFO (Carpet): This process runs on 224 cores: 0-223
INFO (Carpet): Thread 0 runs on 224 cores: 0-223
INFO (Carpet): This simulation is running in 3 dimensions
INFO (Carpet): Boundary specification for map 0:
   nboundaryzones: [[3,3,3],[3,3,3]]
   is_internal   : [[0,0,0],[0,0,0]]
   is_staggered  : [[0,0,0],[0,0,0]]
   shiftout      : [[0,0,0],[0,0,0]]
INFO (Carpet): CoordBase domain specification for map 0:
   physical extent: [-512,-512,-512] : [512,512,512]   ([1024,1024,1024])
   interior extent: [-510,-510,-510] : [510,510,510]   ([1020,1020,1020])
   exterior extent: [-516,-516,-516] : [516,516,516]   ([1032,1032,1032])
   base_spacing   : [2,2,2]
INFO (Carpet): Adapted domain specification for map 0:
   convergence factor: 2
   convergence level : 0
   physical extent   : [-512,-512,-512] : [512,512,512]   ([1024,1024,1024])
   interior extent   : [-510,-510,-510] : [510,510,510]   ([1020,1020,1020])
   exterior extent   : [-516,-516,-516] : [516,516,516]   ([1032,1032,1032])
   spacing           : [2,2,2]
INFO (Carpet): Base grid specification for map 0:
   number of grid points             : [517,517,517]
   number of coarse grid ghost points: [[3,3,3],[3,3,3]]
INFO (Carpet): Buffer zone counts (excluding ghosts):
   [0]: [[0,0,0],[0,0,0]]
   [1]: [[9,9,9],[9,9,9]]
   [2]: [[9,9,9],[9,9,9]]
   [3]: [[9,9,9],[9,9,9]]
   [4]: [[9,9,9],[9,9,9]]
   [5]: [[9,9,9],[9,9,9]]
   [6]: [[9,9,9],[9,9,9]]
   [7]: [[9,9,9],[9,9,9]]
INFO (Carpet): Overlap zone counts:
   [0]: [[0,0,0],[0,0,0]]
   [1]: [[0,0,0],[0,0,0]]
   [2]: [[0,0,0],[0,0,0]]
   [3]: [[0,0,0],[0,0,0]]
   [4]: [[0,0,0],[0,0,0]]
   [5]: [[0,0,0],[0,0,0]]
   [6]: [[0,0,0],[0,0,0]]
   [7]: [[0,0,0],[0,0,0]]
INFO (Carpet): Group and variable statistics:
INFO (Carpet):    There are 716 grid functions in 69 groups
INFO (Carpet):    There are 1158 grid scalars in 73 groups
INFO (Carpet):    There are 111 1-dimensional grid arrays in 10 groups
INFO (Carpet):    There are 416 2-dimensional grid arrays in 18 groups
INFO (Carpet):    There are 6 3-dimensional grid arrays in 1 groups
INFO (Carpet):    (The number of variables counts all time levels)
INFO (CarpetIOScalar): Periodic scalar output requested for:
   EMGEVOLVE::Ec
   EMGEVOLVE::Bc
   LEANBSSNMOL::hc
   LEANBSSNMOL::mcx
   LEANBSSNMOL::mcy
   LEANBSSNMOL::mcz
INFO (CarpetIOASCII): I/O Method 'IOASCII_0D' registered: 0D AMR output of grid variables to ASCII files
INFO (CarpetIOASCII): Periodic 0D AMR output requested for:
   CARPET::physical_time_per_hour
   CARPET::current_physical_time_per_hour
   CARPET::time_total
   CARPET::time_evolution
   CARPET::time_computing
   CARPET::time_communicating
   CARPET::time_io
   CARPET::evolution_steps_count
   CARPET::local_grid_points_per_second
   CARPET::total_grid_points_per_second
   CARPET::local_grid_point_updates_count
   CARPET::total_grid_point_updates_count
   CARPET::local_interior_points_per_second
   CARPET::total_interior_points_per_second
   CARPET::local_interior_point_updates_count
   CARPET::total_interior_point_updates_count
   CARPET::io_per_second
   CARPET::io_bytes_per_second
   CARPET::io_bytes_ascii_per_second
   CARPET::io_bytes_binary_per_second
   CARPET::io_count
   CARPET::io_bytes_count
   CARPET::io_bytes_ascii_count
   CARPET::io_bytes_binary_count
   CARPET::comm_per_second
   CARPET::comm_bytes_per_second
   CARPET::comm_count
   CARPET::comm_bytes_count
   CARPET::time_levels
   CARPET::current_walltime
   CARPET::syncs_count
   PUNCTURETRACKER::pt_loc_t[0]
   PUNCTURETRACKER::pt_loc_t[1]
   PUNCTURETRACKER::pt_loc_t[2]
   PUNCTURETRACKER::pt_loc_t[3]
   PUNCTURETRACKER::pt_loc_t[4]
   PUNCTURETRACKER::pt_loc_t[5]
   PUNCTURETRACKER::pt_loc_t[6]
   PUNCTURETRACKER::pt_loc_t[7]
   PUNCTURETRACKER::pt_loc_t[8]
   PUNCTURETRACKER::pt_loc_t[9]
   PUNCTURETRACKER::pt_loc_x[0]
   PUNCTURETRACKER::pt_loc_x[1]
   PUNCTURETRACKER::pt_loc_x[2]
   PUNCTURETRACKER::pt_loc_x[3]
   PUNCTURETRACKER::pt_loc_x[4]
   PUNCTURETRACKER::pt_loc_x[5]
   PUNCTURETRACKER::pt_loc_x[6]
   PUNCTURETRACKER::pt_loc_x[7]
   PUNCTURETRACKER::pt_loc_x[8]
   PUNCTURETRACKER::pt_loc_x[9]
   PUNCTURETRACKER::pt_loc_y[0]
   PUNCTURETRACKER::pt_loc_y[1]
   PUNCTURETRACKER::pt_loc_y[2]
   PUNCTURETRACKER::pt_loc_y[3]
   PUNCTURETRACKER::pt_loc_y[4]
   PUNCTURETRACKER::pt_loc_y[5]
   PUNCTURETRACKER::pt_loc_y[6]
   PUNCTURETRACKER::pt_loc_y[7]
   PUNCTURETRACKER::pt_loc_y[8]
   PUNCTURETRACKER::pt_loc_y[9]
   PUNCTURETRACKER::pt_loc_z[0]
   PUNCTURETRACKER::pt_loc_z[1]
   PUNCTURETRACKER::pt_loc_z[2]
   PUNCTURETRACKER::pt_loc_z[3]
   PUNCTURETRACKER::pt_loc_z[4]
   PUNCTURETRACKER::pt_loc_z[5]
   PUNCTURETRACKER::pt_loc_z[6]
   PUNCTURETRACKER::pt_loc_z[7]
   PUNCTURETRACKER::pt_loc_z[8]
   PUNCTURETRACKER::pt_loc_z[9]
   QUASILOCALMEASURES::qlm_time[0]
   QUASILOCALMEASURES::qlm_time[1]
   QUASILOCALMEASURES::qlm_time[2]
   QUASILOCALMEASURES::qlm_time[3]
   QUASILOCALMEASURES::qlm_time[4]
   QUASILOCALMEASURES::qlm_time[5]
   QUASILOCALMEASURES::qlm_equatorial_circumference[0]
   QUASILOCALMEASURES::qlm_equatorial_circumference[1]
   QUASILOCALMEASURES::qlm_equatorial_circumference[2]
   QUASILOCALMEASURES::qlm_equatorial_circumference[3]
   QUASILOCALMEASURES::qlm_equatorial_circumference[4]
   QUASILOCALMEASURES::qlm_equatorial_circumference[5]
   QUASILOCALMEASURES::qlm_polar_circumference_0[0]
   QUASILOCALMEASURES::qlm_polar_circumference_0[1]
   QUASILOCALMEASURES::qlm_polar_circumference_0[2]
   QUASILOCALMEASURES::qlm_polar_circumference_0[3]
   QUASILOCALMEASURES::qlm_polar_circumference_0[4]
   QUASILOCALMEASURES::qlm_polar_circumference_0[5]
   QUASILOCALMEASURES::qlm_polar_circumference_pi_2[0]
   QUASILOCALMEASURES::qlm_polar_circumference_pi_2[1]
   QUASILOCALMEASURES::qlm_polar_circumference_pi_2[2]
   QUASILOCALMEASURES::qlm_polar_circumference_pi_2[3]
   QUASILOCALMEASURES::qlm_polar_circumference_pi_2[4]
   QUASILOCALMEASURES::qlm_polar_circumference_pi_2[5]
   QUASILOCALMEASURES::qlm_area[0]
   QUASILOCALMEASURES::qlm_area[1]
   QUASILOCALMEASURES::qlm_area[2]
   QUASILOCALMEASURES::qlm_area[3]
   QUASILOCALMEASURES::qlm_area[4]
   QUASILOCALMEASURES::qlm_area[5]
   QUASILOCALMEASURES::qlm_irreducible_mass[0]
   QUASILOCALMEASURES::qlm_irreducible_mass[1]
   QUASILOCALMEASURES::qlm_irreducible_mass[2]
   QUASILOCALMEASURES::qlm_irreducible_mass[3]
   QUASILOCALMEASURES::qlm_irreducible_mass[4]
   QUASILOCALMEASURES::qlm_irreducible_mass[5]
   QUASILOCALMEASURES::qlm_radius[0]
   QUASILOCALMEASURES::qlm_radius[1]
   QUASILOCALMEASURES::qlm_radius[2]
   QUASILOCALMEASURES::qlm_radius[3]
   QUASILOCALMEASURES::qlm_radius[4]
   QUASILOCALMEASURES::qlm_radius[5]
   QUASILOCALMEASURES::qlm_spin_guess[0]
   QUASILOCALMEASURES::qlm_spin_guess[1]
   QUASILOCALMEASURES::qlm_spin_guess[2]
   QUASILOCALMEASURES::qlm_spin_guess[3]
   QUASILOCALMEASURES::qlm_spin_guess[4]
   QUASILOCALMEASURES::qlm_spin_guess[5]
   QUASILOCALMEASURES::qlm_mass_guess[0]
   QUASILOCALMEASURES::qlm_mass_guess[1]
   QUASILOCALMEASURES::qlm_mass_guess[2]
   QUASILOCALMEASURES::qlm_mass_guess[3]
   QUASILOCALMEASURES::qlm_mass_guess[4]
   QUASILOCALMEASURES::qlm_mass_guess[5]
   QUASILOCALMEASURES::qlm_killing_eigenvalue_re[0]
   QUASILOCALMEASURES::qlm_killing_eigenvalue_re[1]
   QUASILOCALMEASURES::qlm_killing_eigenvalue_re[2]
   QUASILOCALMEASURES::qlm_killing_eigenvalue_re[3]
   QUASILOCALMEASURES::qlm_killing_eigenvalue_re[4]
   QUASILOCALMEASURES::qlm_killing_eigenvalue_re[5]
   QUASILOCALMEASURES::qlm_killing_eigenvalue_im[0]
   QUASILOCALMEASURES::qlm_killing_eigenvalue_im[1]
   QUASILOCALMEASURES::qlm_killing_eigenvalue_im[2]
   QUASILOCALMEASURES::qlm_killing_eigenvalue_im[3]
   QUASILOCALMEASURES::qlm_killing_eigenvalue_im[4]
   QUASILOCALMEASURES::qlm_killing_eigenvalue_im[5]
   QUASILOCALMEASURES::qlm_spin[0]
   QUASILOCALMEASURES::qlm_spin[1]
   QUASILOCALMEASURES::qlm_spin[2]
   QUASILOCALMEASURES::qlm_spin[3]
   QUASILOCALMEASURES::qlm_spin[4]
   QUASILOCALMEASURES::qlm_spin[5]
   QUASILOCALMEASURES::qlm_npspin[0]
   QUASILOCALMEASURES::qlm_npspin[1]
   QUASILOCALMEASURES::qlm_npspin[2]
   QUASILOCALMEASURES::qlm_npspin[3]
   QUASILOCALMEASURES::qlm_npspin[4]
   QUASILOCALMEASURES::qlm_npspin[5]
   QUASILOCALMEASURES::qlm_wsspin[0]
   QUASILOCALMEASURES::qlm_wsspin[1]
   QUASILOCALMEASURES::qlm_wsspin[2]
   QUASILOCALMEASURES::qlm_wsspin[3]
   QUASILOCALMEASURES::qlm_wsspin[4]
   QUASILOCALMEASURES::qlm_wsspin[5]
   QUASILOCALMEASURES::qlm_cvspin[0]
   QUASILOCALMEASURES::qlm_cvspin[1]
   QUASILOCALMEASURES::qlm_cvspin[2]
   QUASILOCALMEASURES::qlm_cvspin[3]
   QUASILOCALMEASURES::qlm_cvspin[4]
   QUASILOCALMEASURES::qlm_cvspin[5]
   QUASILOCALMEASURES::qlm_coordspinx[0]
   QUASILOCALMEASURES::qlm_coordspinx[1]
   QUASILOCALMEASURES::qlm_coordspinx[2]
   QUASILOCALMEASURES::qlm_coordspinx[3]
   QUASILOCALMEASURES::qlm_coordspinx[4]
   QUASILOCALMEASURES::qlm_coordspinx[5]
   QUASILOCALMEASURES::qlm_coordspiny[0]
   QUASILOCALMEASURES::qlm_coordspiny[1]
   QUASILOCALMEASURES::qlm_coordspiny[2]
   QUASILOCALMEASURES::qlm_coordspiny[3]
   QUASILOCALMEASURES::qlm_coordspiny[4]
   QUASILOCALMEASURES::qlm_coordspiny[5]
   QUASILOCALMEASURES::qlm_coordspinz[0]
   QUASILOCALMEASURES::qlm_coordspinz[1]
   QUASILOCALMEASURES::qlm_coordspinz[2]
   QUASILOCALMEASURES::qlm_coordspinz[3]
   QUASILOCALMEASURES::qlm_coordspinz[4]
   QUASILOCALMEASURES::qlm_coordspinz[5]
   QUASILOCALMEASURES::qlm_mass[0]
   QUASILOCALMEASURES::qlm_mass[1]
   QUASILOCALMEASURES::qlm_mass[2]
   QUASILOCALMEASURES::qlm_mass[3]
   QUASILOCALMEASURES::qlm_mass[4]
   QUASILOCALMEASURES::qlm_mass[5]
   QUASILOCALMEASURES::qlm_adm_energy[0]
   QUASILOCALMEASURES::qlm_adm_energy[1]
   QUASILOCALMEASURES::qlm_adm_energy[2]
   QUASILOCALMEASURES::qlm_adm_energy[3]
   QUASILOCALMEASURES::qlm_adm_energy[4]
   QUASILOCALMEASURES::qlm_adm_energy[5]
   QUASILOCALMEASURES::qlm_adm_momentum_x[0]
   QUASILOCALMEASURES::qlm_adm_momentum_x[1]
   QUASILOCALMEASURES::qlm_adm_momentum_x[2]
   QUASILOCALMEASURES::qlm_adm_momentum_x[3]
   QUASILOCALMEASURES::qlm_adm_momentum_x[4]
   QUASILOCALMEASURES::qlm_adm_momentum_x[5]
   QUASILOCALMEASURES::qlm_adm_momentum_y[0]
   QUASILOCALMEASURES::qlm_adm_momentum_y[1]
   QUASILOCALMEASURES::qlm_adm_momentum_y[2]
   QUASILOCALMEASURES::qlm_adm_momentum_y[3]
   QUASILOCALMEASURES::qlm_adm_momentum_y[4]
   QUASILOCALMEASURES::qlm_adm_momentum_y[5]
   QUASILOCALMEASURES::qlm_adm_momentum_z[0]
   QUASILOCALMEASURES::qlm_adm_momentum_z[1]
   QUASILOCALMEASURES::qlm_adm_momentum_z[2]
   QUASILOCALMEASURES::qlm_adm_momentum_z[3]
   QUASILOCALMEASURES::qlm_adm_momentum_z[4]
   QUASILOCALMEASURES::qlm_adm_momentum_z[5]
   QUASILOCALMEASURES::qlm_adm_angular_momentum_x[0]
   QUASILOCALMEASURES::qlm_adm_angular_momentum_x[1]
   QUASILOCALMEASURES::qlm_adm_angular_momentum_x[2]
   QUASILOCALMEASURES::qlm_adm_angular_momentum_x[3]
   QUASILOCALMEASURES::qlm_adm_angular_momentum_x[4]
   QUASILOCALMEASURES::qlm_adm_angular_momentum_x[5]
   QUASILOCALMEASURES::qlm_adm_angular_momentum_y[0]
   QUASILOCALMEASURES::qlm_adm_angular_momentum_y[1]
   QUASILOCALMEASURES::qlm_adm_angular_momentum_y[2]
   QUASILOCALMEASURES::qlm_adm_angular_momentum_y[3]
   QUASILOCALMEASURES::qlm_adm_angular_momentum_y[4]
   QUASILOCALMEASURES::qlm_adm_angular_momentum_y[5]
   QUASILOCALMEASURES::qlm_adm_angular_momentum_z[0]
   QUASILOCALMEASURES::qlm_adm_angular_momentum_z[1]
   QUASILOCALMEASURES::qlm_adm_angular_momentum_z[2]
   QUASILOCALMEASURES::qlm_adm_angular_momentum_z[3]
   QUASILOCALMEASURES::qlm_adm_angular_momentum_z[4]
   QUASILOCALMEASURES::qlm_adm_angular_momentum_z[5]
   QUASILOCALMEASURES::qlm_w_energy[0]
   QUASILOCALMEASURES::qlm_w_energy[1]
   QUASILOCALMEASURES::qlm_w_energy[2]
   QUASILOCALMEASURES::qlm_w_energy[3]
   QUASILOCALMEASURES::qlm_w_energy[4]
   QUASILOCALMEASURES::qlm_w_energy[5]
   QUASILOCALMEASURES::qlm_w_momentum_x[0]
   QUASILOCALMEASURES::qlm_w_momentum_x[1]
   QUASILOCALMEASURES::qlm_w_momentum_x[2]
   QUASILOCALMEASURES::qlm_w_momentum_x[3]
   QUASILOCALMEASURES::qlm_w_momentum_x[4]
   QUASILOCALMEASURES::qlm_w_momentum_x[5]
   QUASILOCALMEASURES::qlm_w_momentum_y[0]
   QUASILOCALMEASURES::qlm_w_momentum_y[1]
   QUASILOCALMEASURES::qlm_w_momentum_y[2]
   QUASILOCALMEASURES::qlm_w_momentum_y[3]
   QUASILOCALMEASURES::qlm_w_momentum_y[4]
   QUASILOCALMEASURES::qlm_w_momentum_y[5]
   QUASILOCALMEASURES::qlm_w_momentum_z[0]
   QUASILOCALMEASURES::qlm_w_momentum_z[1]
   QUASILOCALMEASURES::qlm_w_momentum_z[2]
   QUASILOCALMEASURES::qlm_w_momentum_z[3]
   QUASILOCALMEASURES::qlm_w_momentum_z[4]
   QUASILOCALMEASURES::qlm_w_momentum_z[5]
   QUASILOCALMEASURES::qlm_w_angular_momentum_x[0]
   QUASILOCALMEASURES::qlm_w_angular_momentum_x[1]
   QUASILOCALMEASURES::qlm_w_angular_momentum_x[2]
   QUASILOCALMEASURES::qlm_w_angular_momentum_x[3]
   QUASILOCALMEASURES::qlm_w_angular_momentum_x[4]
   QUASILOCALMEASURES::qlm_w_angular_momentum_x[5]
   QUASILOCALMEASURES::qlm_w_angular_momentum_y[0]
   QUASILOCALMEASURES::qlm_w_angular_momentum_y[1]
   QUASILOCALMEASURES::qlm_w_angular_momentum_y[2]
   QUASILOCALMEASURES::qlm_w_angular_momentum_y[3]
   QUASILOCALMEASURES::qlm_w_angular_momentum_y[4]
   QUASILOCALMEASURES::qlm_w_angular_momentum_y[5]
   QUASILOCALMEASURES::qlm_w_angular_momentum_z[0]
   QUASILOCALMEASURES::qlm_w_angular_momentum_z[1]
   QUASILOCALMEASURES::qlm_w_angular_momentum_z[2]
   QUASILOCALMEASURES::qlm_w_angular_momentum_z[3]
   QUASILOCALMEASURES::qlm_w_angular_momentum_z[4]
   QUASILOCALMEASURES::qlm_w_angular_momentum_z[5]
   SPHERICALSURFACE::sf_area[0]
   SPHERICALSURFACE::sf_area[1]
   SPHERICALSURFACE::sf_area[2]
   SPHERICALSURFACE::sf_area[3]
   SPHERICALSURFACE::sf_area[4]
   SPHERICALSURFACE::sf_area[5]
   SPHERICALSURFACE::sf_mean_radius[0]
   SPHERICALSURFACE::sf_mean_radius[1]
   SPHERICALSURFACE::sf_mean_radius[2]
   SPHERICALSURFACE::sf_mean_radius[3]
   SPHERICALSURFACE::sf_mean_radius[4]
   SPHERICALSURFACE::sf_mean_radius[5]
WARNING[L1,P0] (Cactus): Attempt to create a directory with an empty or NULL string
   SPHERICALSURFACE::sf_centroid_x[0]
   SPHERICALSURFACE::sf_centroid_x[1]
   SPHERICALSURFACE::sf_centroid_x[2]
   SPHERICALSURFACE::sf_centroid_x[3]
   SPHERICALSURFACE::sf_centroid_x[4]
   SPHERICALSURFACE::sf_centroid_x[5]
   SPHERICALSURFACE::sf_centroid_y[0]
   SPHERICALSURFACE::sf_centroid_y[1]
   SPHERICALSURFACE::sf_centroid_y[2]
   SPHERICALSURFACE::sf_centroid_y[3]
   SPHERICALSURFACE::sf_centroid_y[4]
   SPHERICALSURFACE::sf_centroid_y[5]
   SPHERICALSURFACE::sf_centroid_z[0]
   SPHERICALSURFACE::sf_centroid_z[1]
   SPHERICALSURFACE::sf_centroid_z[2]
   SPHERICALSURFACE::sf_centroid_z[3]
   SPHERICALSURFACE::sf_centroid_z[4]
   SPHERICALSURFACE::sf_centroid_z[5]
   SPHERICALSURFACE::sf_quadrupole_xx[0]
   SPHERICALSURFACE::sf_quadrupole_xx[1]
   SPHERICALSURFACE::sf_quadrupole_xx[2]
   SPHERICALSURFACE::sf_quadrupole_xx[3]
   SPHERICALSURFACE::sf_quadrupole_xx[4]
   SPHERICALSURFACE::sf_quadrupole_xx[5]
   SPHERICALSURFACE::sf_quadrupole_xy[0]
   SPHERICALSURFACE::sf_quadrupole_xy[1]
   SPHERICALSURFACE::sf_quadrupole_xy[2]
   SPHERICALSURFACE::sf_quadrupole_xy[3]
   SPHERICALSURFACE::sf_quadrupole_xy[4]
   SPHERICALSURFACE::sf_quadrupole_xy[5]
   SPHERICALSURFACE::sf_quadrupole_xz[0]
   SPHERICALSURFACE::sf_quadrupole_xz[1]
   SPHERICALSURFACE::sf_quadrupole_xz[2]
   SPHERICALSURFACE::sf_quadrupole_xz[3]
   SPHERICALSURFACE::sf_quadrupole_xz[4]
   SPHERICALSURFACE::sf_quadrupole_xz[5]
   SPHERICALSURFACE::sf_quadrupole_yy[0]
   SPHERICALSURFACE::sf_quadrupole_yy[1]
   SPHERICALSURFACE::sf_quadrupole_yy[2]
   SPHERICALSURFACE::sf_quadrupole_yy[3]
   SPHERICALSURFACE::sf_quadrupole_yy[4]
   SPHERICALSURFACE::sf_quadrupole_yy[5]
   SPHERICALSURFACE::sf_quadrupole_yz[0]
   SPHERICALSURFACE::sf_quadrupole_yz[1]
   SPHERICALSURFACE::sf_quadrupole_yz[2]
   SPHERICALSURFACE::sf_quadrupole_yz[3]
   SPHERICALSURFACE::sf_quadrupole_yz[4]
   SPHERICALSURFACE::sf_quadrupole_yz[5]
   SPHERICALSURFACE::sf_quadrupole_zz[0]
   SPHERICALSURFACE::sf_quadrupole_zz[1]
   SPHERICALSURFACE::sf_quadrupole_zz[2]
   SPHERICALSURFACE::sf_quadrupole_zz[3]
   SPHERICALSURFACE::sf_quadrupole_zz[4]
   SPHERICALSURFACE::sf_quadrupole_zz[5]
   SPHERICALSURFACE::sf_min_radius[0]
   SPHERICALSURFACE::sf_min_radius[1]
   SPHERICALSURFACE::sf_min_radius[2]
   SPHERICALSURFACE::sf_min_radius[3]
   SPHERICALSURFACE::sf_min_radius[4]
   SPHERICALSURFACE::sf_min_radius[5]
   SPHERICALSURFACE::sf_max_radius[0]
   SPHERICALSURFACE::sf_max_radius[1]
   SPHERICALSURFACE::sf_max_radius[2]
   SPHERICALSURFACE::sf_max_radius[3]
   SPHERICALSURFACE::sf_max_radius[4]
   SPHERICALSURFACE::sf_max_radius[5]
   SPHERICALSURFACE::sf_min_x[0]
   SPHERICALSURFACE::sf_min_x[1]
   SPHERICALSURFACE::sf_min_x[2]
   SPHERICALSURFACE::sf_min_x[3]
   SPHERICALSURFACE::sf_min_x[4]
   SPHERICALSURFACE::sf_min_x[5]
   SPHERICALSURFACE::sf_min_y[0]
   SPHERICALSURFACE::sf_min_y[1]
   SPHERICALSURFACE::sf_min_y[2]
   SPHERICALSURFACE::sf_min_y[3]
   SPHERICALSURFACE::sf_min_y[4]
   SPHERICALSURFACE::sf_min_y[5]
   SPHERICALSURFACE::sf_min_z[0]
   SPHERICALSURFACE::sf_min_z[1]
   SPHERICALSURFACE::sf_min_z[2]
   SPHERICALSURFACE::sf_min_z[3]
   SPHERICALSURFACE::sf_min_z[4]
   SPHERICALSURFACE::sf_min_z[5]
   SPHERICALSURFACE::sf_max_x[0]
   SPHERICALSURFACE::sf_max_x[1]
   SPHERICALSURFACE::sf_max_x[2]
   SPHERICALSURFACE::sf_max_x[3]
   SPHERICALSURFACE::sf_max_x[4]
   SPHERICALSURFACE::sf_max_x[5]
   SPHERICALSURFACE::sf_max_y[0]
   SPHERICALSURFACE::sf_max_y[1]
   SPHERICALSURFACE::sf_max_y[2]
   SPHERICALSURFACE::sf_max_y[3]
   SPHERICALSURFACE::sf_max_y[4]
   SPHERICALSURFACE::sf_max_y[5]
   SPHERICALSURFACE::sf_max_z[0]
   SPHERICALSURFACE::sf_max_z[1]
   SPHERICALSURFACE::sf_max_z[2]
   SPHERICALSURFACE::sf_max_z[3]
   SPHERICALSURFACE::sf_max_z[4]
   SPHERICALSURFACE::sf_max_z[5]
INFO (CarpetIOASCII): I/O Method 'IOASCII_1D' registered: 1D AMR output of grid variables to ASCII files
INFO (CarpetIOASCII): Periodic 1D AMR output requested for:
   EMGBASE::Ex
   EMGBASE::Ey
   EMGBASE::Ez
   EMGBASE::Bx
   EMGBASE::By
   EMGBASE::Bz
   EMGEVOLVE::Ec
   EMGEVOLVE::Bc
   LEANBSSNMOL::hc
   LEANBSSNMOL::mcx
   LEANBSSNMOL::mcy
   LEANBSSNMOL::mcz
WARNING[L1,P112] (Cactus): Attempt to create a directory with an empty or NULL string
WARNING[L1,P112] (CarpetIOHDF5): Problem creating HDF5 output directory ''
WARNING[L1,P113] (Cactus): Attempt to create a directory with an empty or NULL string
WARNING[L1,P113] (CarpetIOHDF5): Problem creating HDF5 output directory ''
WARNING[L1,P114] (Cactus): Attempt to create a directory with an empty or NULL string
WARNING[L1,P114] (CarpetIOHDF5): Problem creating HDF5 output directory ''
WARNING[L1,P115] (Cactus): Attempt to create a directory with an empty or NULL string
WARNING[L1,P115] (CarpetIOHDF5): Problem creating HDF5 output directory ''
WARNING[L1,P116] (Cactus): Attempt to create a directory with an empty or NULL string
WARNING[L1,P116] (CarpetIOHDF5): Problem creating HDF5 output directory ''
WARNING[L1,P117] (Cactus): Attempt to create a directory with an empty or NULL string
WARNING[L1,P117] (CarpetIOHDF5): Problem creating HDF5 output directory ''
WARNING[L1,P118] (Cactus): Attempt to create a directory with an empty or NULL string
WARNING[L1,P118] (CarpetIOHDF5): Problem creating HDF5 output directory ''
WARNING[L1,P119] (Cactus): Attempt to create a directory with an empty or NULL string
WARNING[L1,P119] (CarpetIOHDF5): Problem creating HDF5 output directory ''
WARNING[L1,P120] (Cactus): Attempt to create a directory with an empty or NULL string
WARNING[L1,P120] (CarpetIOHDF5): Problem creating HDF5 output directory ''
WARNING[L1,P121] (Cactus): Attempt to create a directory with an empty or NULL string
WARNING[L1,P121] (CarpetIOHDF5): Problem creating HDF5 output directory ''
WARNING[L1,P122] (Cactus): Attempt to create a directory with an empty or NULL string
WARNING[L1,P122] (CarpetIOHDF5): Problem creating HDF5 output directory ''
WARNING[L1,P123] (Cactus): Attempt to create a directory with an empty or NULL string
WARNING[L1,P123] (CarpetIOHDF5): Problem creating HDF5 output directory ''
WARNING[L1,P124] (Cactus): Attempt to create a directory with an empty or NULL string
WARNING[L1,P124] (CarpetIOHDF5): Problem creating HDF5 output directory ''
WARNING[L1,P125] (Cactus): Attempt to create a directory with an empty or NULL string
WARNING[L1,P125] (CarpetIOHDF5): Problem creating HDF5 output directory ''
WARNING[L1,P126] (Cactus): Attempt to create a directory with an empty or NULL string
WARNING[L1,P126] (CarpetIOHDF5): Problem creating HDF5 output directory ''
WARNING[L1,P127] (Cactus): Attempt to create a directory with an empty or NULL string
WARNING[L1,P127] (CarpetIOHDF5): Problem creating HDF5 output directory ''
WARNING[L1,P128] (Cactus): Attempt to create a directory with an empty or NULL string
WARNING[L1,P128] (CarpetIOHDF5): Problem creating HDF5 output directory ''
WARNING[L1,P129] (Cactus): Attempt to create a directory with an empty or NULL string
WARNING[L1,P129] (CarpetIOHDF5): Problem creating HDF5 output directory ''
WARNING[L1,P130] (Cactus): Attempt to create a directory with an empty or NULL string
WARNING[L1,P130] (CarpetIOHDF5): Problem creating HDF5 output directory ''
WARNING[L1,P131] (Cactus): Attempt to create a directory with an empty or NULL string
WARNING[L1,P131] (CarpetIOHDF5): Problem creating HDF5 output directory ''
WARNING[L1,P132] (Cactus): Attempt to create a directory with an empty or NULL string
WARNING[L1,P132] (CarpetIOHDF5): Problem creating HDF5 output directory ''
WARNING[L1,P134] (Cactus): Attempt to create a directory with an empty or NULL string
WARNING[L1,P134] (CarpetIOHDF5): Problem creating HDF5 output directory ''
WARNING[L1,P135] (Cactus): Attempt to create a directory with an empty or NULL string
WARNING[L1,P135] (CarpetIOHDF5): Problem creating HDF5 output directory ''
WARNING[L1,P136] (Cactus): Attempt to create a directory with an empty or NULL string
WARNING[L1,P136] (CarpetIOHDF5): Problem creating HDF5 output directory ''
WARNING[L1,P137] (Cactus): Attempt to create a directory with an empty or NULL string
WARNING[L1,P137] (CarpetIOHDF5): Problem creating HDF5 output directory ''
WARNING[L1,P138] (Cactus): Attempt to create a directory with an empty or NULL string
WARNING[L1,P138] (CarpetIOHDF5): Problem creating HDF5 output directory ''
WARNING[L1,P139] (Cactus): Attempt to create a directory with an empty or NULL string
WARNING[L1,P139] (CarpetIOHDF5): Problem creating HDF5 output directory ''
WARNING[L1,P140] (Cactus): Attempt to create a directory with an empty or NULL string
WARNING[L1,P140] (CarpetIOHDF5): Problem creating HDF5 output directory ''
WARNING[L1,P141] (Cactus): Attempt to create a directory with an empty or NULL string
WARNING[L1,P141] (CarpetIOHDF5): Problem creating HDF5 output directory ''
WARNING[L1,P142] (Cactus): Attempt to create a directory with an empty or NULL string
WARNING[L1,P142] (CarpetIOHDF5): Problem creating HDF5 output directory ''
WARNING[L1,P143] (Cactus): Attempt to create a directory with an empty or NULL string
WARNING[L1,P143] (CarpetIOHDF5): Problem creating HDF5 output directory ''
WARNING[L1,P144] (Cactus): Attempt to create a directory with an empty or NULL string
WARNING[L1,P144] (CarpetIOHDF5): Problem creating HDF5 output directory ''
WARNING[L1,P145] (Cactus): Attempt to create a directory with an empty or NULL string
WARNING[L1,P145] (CarpetIOHDF5): Problem creating HDF5 output directory ''
WARNING[L1,P146] (Cactus): Attempt to create a directory with an empty or NULL string
WARNING[L1,P146] (CarpetIOHDF5): Problem creating HDF5 output directory ''
WARNING[L1,P147] (Cactus): Attempt to create a directory with an empty or NULL string
WARNING[L1,P147] (CarpetIOHDF5): Problem creating HDF5 output directory ''
WARNING[L1,P148] (Cactus): Attempt to create a directory with an empty or NULL string
WARNING[L1,P148] (CarpetIOHDF5): Problem creating HDF5 output directory ''
WARNING[L1,P149] (Cactus): Attempt to create a directory with an empty or NULL string
WARNING[L1,P149] (CarpetIOHDF5): Problem creating HDF5 output directory ''
WARNING[L1,P150] (Cactus): Attempt to create a directory with an empty or NULL string
WARNING[L1,P150] (CarpetIOHDF5): Problem creating HDF5 output directory ''
WARNING[L1,P151] (Cactus): Attempt to create a directory with an empty or NULL string
WARNING[L1,P151] (CarpetIOHDF5): Problem creating HDF5 output directory ''
WARNING[L1,P152] (Cactus): Attempt to create a directory with an empty or NULL string
WARNING[L1,P152] (CarpetIOHDF5): Problem creating HDF5 output directory ''
WARNING[L1,P153] (Cactus): Attempt to create a directory with an empty or NULL string
WARNING[L1,P153] (CarpetIOHDF5): Problem creating HDF5 output directory ''
WARNING[L1,P154] (Cactus): Attempt to create a directory with an empty or NULL string
WARNING[L1,P154] (CarpetIOHDF5): Problem creating HDF5 output directory ''
WARNING[L1,P155] (Cactus): Attempt to create a directory with an empty or NULL string
WARNING[L1,P155] (CarpetIOHDF5): Problem creating HDF5 output directory ''
WARNING[L1,P156] (Cactus): Attempt to create a directory with an empty or NULL string
WARNING[L1,P156] (CarpetIOHDF5): Problem creating HDF5 output directory ''
WARNING[L1,P157] (Cactus): Attempt to create a directory with an empty or NULL string
WARNING[L1,P157] (CarpetIOHDF5): Problem creating HDF5 output directory ''
WARNING[L1,P158] (Cactus): Attempt to create a directory with an empty or NULL string
WARNING[L1,P158] (CarpetIOHDF5): Problem creating HDF5 output directory ''
WARNING[L1,P159] (Cactus): Attempt to create a directory with an empty or NULL string
WARNING[L1,P159] (CarpetIOHDF5): Problem creating HDF5 output directory ''
WARNING[L1,P160] (Cactus): Attempt to create a directory with an empty or NULL string
WARNING[L1,P160] (CarpetIOHDF5): Problem creating HDF5 output directory ''
WARNING[L1,P161] (Cactus): Attempt to create a directory with an empty or NULL string
WARNING[L1,P161] (CarpetIOHDF5): Problem creating HDF5 output directory ''
WARNING[L1,P162] (Cactus): Attempt to create a directory with an empty or NULL string
WARNING[L1,P162] (CarpetIOHDF5): Problem creating HDF5 output directory ''
WARNING[L1,P163] (Cactus): Attempt to create a directory with an empty or NULL string
WARNING[L1,P163] (CarpetIOHDF5): Problem creating HDF5 output directory ''
WARNING[L1,P164] (Cactus): Attempt to create a directory with an empty or NULL string
WARNING[L1,P164] (CarpetIOHDF5): Problem creating HDF5 output directory ''
WARNING[L1,P165] (Cactus): Attempt to create a directory with an empty or NULL string
WARNING[L1,P165] (CarpetIOHDF5): Problem creating HDF5 output directory ''
WARNING[L1,P166] (Cactus): Attempt to create a directory with an empty or NULL string
WARNING[L1,P166] (CarpetIOHDF5): Problem creating HDF5 output directory ''
WARNING[L1,P167] (Cactus): Attempt to create a directory with an empty or NULL string
WARNING[L1,P167] (CarpetIOHDF5): Problem creating HDF5 output directory ''
WARNING[L1,P168] (Cactus): Attempt to create a directory with an empty or NULL string
WARNING[L1,P168] (CarpetIOHDF5): Problem creating HDF5 output directory ''
WARNING[L1,P169] (Cactus): Attempt to create a directory with an empty or NULL string
WARNING[L1,P169] (CarpetIOHDF5): Problem creating HDF5 output directory ''
WARNING[L1,P170] (Cactus): Attempt to create a directory with an empty or NULL string
WARNING[L1,P170] (CarpetIOHDF5): Problem creating HDF5 output directory ''
WARNING[L1,P171] (Cactus): Attempt to create a directory with an empty or NULL string
WARNING[L1,P171] (CarpetIOHDF5): Problem creating HDF5 output directory ''
WARNING[L1,P172] (Cactus): Attempt to create a directory with an empty or NULL string
WARNING[L1,P172] (CarpetIOHDF5): Problem creating HDF5 output directory ''
WARNING[L1,P173] (Cactus): Attempt to create a directory with an empty or NULL string
WARNING[L1,P173] (CarpetIOHDF5): Problem creating HDF5 output directory ''
WARNING[L1,P174] (Cactus): Attempt to create a directory with an empty or NULL string
WARNING[L1,P174] (CarpetIOHDF5): Problem creating HDF5 output directory ''
WARNING[L1,P175] (Cactus): Attempt to create a directory with an empty or NULL string
WARNING[L1,P175] (CarpetIOHDF5): Problem creating HDF5 output directory ''
WARNING[L1,P176] (Cactus): Attempt to create a directory with an empty or NULL string
WARNING[L1,P176] (CarpetIOHDF5): Problem creating HDF5 output directory ''
WARNING[L1,P177] (Cactus): Attempt to create a directory with an empty or NULL string
WARNING[L1,P177] (CarpetIOHDF5): Problem creating HDF5 output directory ''
WARNING[L1,P178] (Cactus): Attempt to create a directory with an empty or NULL string
WARNING[L1,P178] (CarpetIOHDF5): Problem creating HDF5 output directory ''
WARNING[L1,P179] (Cactus): Attempt to create a directory with an empty or NULL string
WARNING[L1,P179] (CarpetIOHDF5): Problem creating HDF5 output directory ''
WARNING[L1,P180] (Cactus): Attempt to create a directory with an empty or NULL string
WARNING[L1,P180] (CarpetIOHDF5): Problem creating HDF5 output directory ''
WARNING[L1,P0] (Cactus): Attempt to create a directory with an empty or NULL string
WARNING[L1,P0] (CarpetIOHDF5): Problem creating HDF5 output directory ''
WARNING[L1,P181] (Cactus): Attempt to create a directory with an empty or NULL string
WARNING[L1,P181] (CarpetIOHDF5): Problem creating HDF5 output directory ''
WARNING[L1,P182] (Cactus): Attempt to create a directory with an empty or NULL string
WARNING[L1,P182] (CarpetIOHDF5): Problem creating HDF5 output directory ''
WARNING[L1,P183] (Cactus): Attempt to create a directory with an empty or NULL string
WARNING[L1,P183] (CarpetIOHDF5): Problem creating HDF5 output directory ''
WARNING[L1,P184] (Cactus): Attempt to create a directory with an empty or NULL string
WARNING[L1,P184] (CarpetIOHDF5): Problem creating HDF5 output directory ''
WARNING[L1,P1] (Cactus): Attempt to create a directory with an empty or NULL string
WARNING[L1,P1] (CarpetIOHDF5): Problem creating HDF5 output directory ''
WARNING[L1,P185] (Cactus): Attempt to create a directory with an empty or NULL string
WARNING[L1,P185] (CarpetIOHDF5): Problem creating HDF5 output directory ''
WARNING[L1,P2] (Cactus): Attempt to create a directory with an empty or NULL string
WARNING[L1,P2] (CarpetIOHDF5): Problem creating HDF5 output directory ''
WARNING[L1,P186] (Cactus): Attempt to create a directory with an empty or NULL string
WARNING[L1,P186] (CarpetIOHDF5): Problem creating HDF5 output directory ''
WARNING[L1,P3] (Cactus): Attempt to create a directory with an empty or NULL string
WARNING[L1,P3] (CarpetIOHDF5): Problem creating HDF5 output directory ''
WARNING[L1,P187] (Cactus): Attempt to create a directory with an empty or NULL string
WARNING[L1,P187] (CarpetIOHDF5): Problem creating HDF5 output directory ''
WARNING[L1,P188] (Cactus): Attempt to create a directory with an empty or NULL string
WARNING[L1,P188] (CarpetIOHDF5): Problem creating HDF5 output directory ''
WARNING[L1,P189] (Cactus): Attempt to create a directory with an empty or NULL string
WARNING[L1,P189] (CarpetIOHDF5): Problem creating HDF5 output directory ''
WARNING[L1,P4] (Cactus): Attempt to create a directory with an empty or NULL string
WARNING[L1,P4] (CarpetIOHDF5): Problem creating HDF5 output directory ''
WARNING[L1,P190] (Cactus): Attempt to create a directory with an empty or NULL string
WARNING[L1,P190] (CarpetIOHDF5): Problem creating HDF5 output directory ''
WARNING[L1,P5] (Cactus): Attempt to create a directory with an empty or NULL string
WARNING[L1,P5] (CarpetIOHDF5): Problem creating HDF5 output directory ''
WARNING[L1,P191] (Cactus): Attempt to create a directory with an empty or NULL string
WARNING[L1,P191] (CarpetIOHDF5): Problem creating HDF5 output directory ''
WARNING[L1,P192] (Cactus): Attempt to create a directory with an empty or NULL string
WARNING[L1,P192] (CarpetIOHDF5): Problem creating HDF5 output directory ''
WARNING[L1,P193] (Cactus): Attempt to create a directory with an empty or NULL string
WARNING[L1,P193] (CarpetIOHDF5): Problem creating HDF5 output directory ''
WARNING[L1,P6] (Cactus): Attempt to create a directory with an empty or NULL string
WARNING[L1,P6] (CarpetIOHDF5): Problem creating HDF5 output directory ''
WARNING[L1,P194] (Cactus): Attempt to create a directory with an empty or NULL string
WARNING[L1,P194] (CarpetIOHDF5): Problem creating HDF5 output directory ''
WARNING[L1,P7] (Cactus): Attempt to create a directory with an empty or NULL string
WARNING[L1,P7] (CarpetIOHDF5): Problem creating HDF5 output directory ''
WARNING[L1,P195] (Cactus): Attempt to create a directory with an empty or NULL string
WARNING[L1,P195] (CarpetIOHDF5): Problem creating HDF5 output directory ''
WARNING[L1,P8] (Cactus): Attempt to create a directory with an empty or NULL string
WARNING[L1,P8] (CarpetIOHDF5): Problem creating HDF5 output directory ''
WARNING[L1,P196] (Cactus): Attempt to create a directory with an empty or NULL string
WARNING[L1,P196] (CarpetIOHDF5): Problem creating HDF5 output directory ''
WARNING[L1,P9] (Cactus): Attempt to create a directory with an empty or NULL string
WARNING[L1,P9] (CarpetIOHDF5): Problem creating HDF5 output directory ''
WARNING[L1,P197] (Cactus): Attempt to create a directory with an empty or NULL string
WARNING[L1,P197] (CarpetIOHDF5): Problem creating HDF5 output directory ''
WARNING[L1,P10] (Cactus): Attempt to create a directory with an empty or NULL string
WARNING[L1,P10] (CarpetIOHDF5): Problem creating HDF5 output directory ''
WARNING[L1,P198] (Cactus): Attempt to create a directory with an empty or NULL string
WARNING[L1,P198] (CarpetIOHDF5): Problem creating HDF5 output directory ''
WARNING[L1,P11] (Cactus): Attempt to create a directory with an empty or NULL string
WARNING[L1,P11] (CarpetIOHDF5): Problem creating HDF5 output directory ''
WARNING[L1,P199] (Cactus): Attempt to create a directory with an empty or NULL string
WARNING[L1,P199] (CarpetIOHDF5): Problem creating HDF5 output directory ''
WARNING[L1,P12] (Cactus): Attempt to create a directory with an empty or NULL string
WARNING[L1,P12] (CarpetIOHDF5): Problem creating HDF5 output directory ''
WARNING[L1,P200] (Cactus): Attempt to create a directory with an empty or NULL string
WARNING[L1,P200] (CarpetIOHDF5): Problem creating HDF5 output directory ''
WARNING[L1,P13] (Cactus): Attempt to create a directory with an empty or NULL string
WARNING[L1,P13] (CarpetIOHDF5): Problem creating HDF5 output directory ''
WARNING[L1,P201] (Cactus): Attempt to create a directory with an empty or NULL string
WARNING[L1,P201] (CarpetIOHDF5): Problem creating HDF5 output directory ''
WARNING[L1,P14] (Cactus): Attempt to create a directory with an empty or NULL string
WARNING[L1,P14] (CarpetIOHDF5): Problem creating HDF5 output directory ''
WARNING[L1,P202] (Cactus): Attempt to create a directory with an empty or NULL string
WARNING[L1,P202] (CarpetIOHDF5): Problem creating HDF5 output directory ''
WARNING[L1,P15] (Cactus): Attempt to create a directory with an empty or NULL string
WARNING[L1,P15] (CarpetIOHDF5): Problem creating HDF5 output directory ''
WARNING[L1,P203] (Cactus): Attempt to create a directory with an empty or NULL string
WARNING[L1,P203] (CarpetIOHDF5): Problem creating HDF5 output directory ''
WARNING[L1,P16] (Cactus): Attempt to create a directory with an empty or NULL string
WARNING[L1,P16] (CarpetIOHDF5): Problem creating HDF5 output directory ''
WARNING[L1,P204] (Cactus): Attempt to create a directory with an empty or NULL string
WARNING[L1,P204] (CarpetIOHDF5): Problem creating HDF5 output directory ''
WARNING[L1,P17] (Cactus): Attempt to create a directory with an empty or NULL string
WARNING[L1,P17] (CarpetIOHDF5): Problem creating HDF5 output directory ''
WARNING[L1,P205] (Cactus): Attempt to create a directory with an empty or NULL string
WARNING[L1,P205] (CarpetIOHDF5): Problem creating HDF5 output directory ''
WARNING[L1,P18] (Cactus): Attempt to create a directory with an empty or NULL string
WARNING[L1,P18] (CarpetIOHDF5): Problem creating HDF5 output directory ''
WARNING[L1,P206] (Cactus): Attempt to create a directory with an empty or NULL string
WARNING[L1,P206] (CarpetIOHDF5): Problem creating HDF5 output directory ''
WARNING[L1,P19] (Cactus): Attempt to create a directory with an empty or NULL string
WARNING[L1,P19] (CarpetIOHDF5): Problem creating HDF5 output directory ''
WARNING[L1,P207] (Cactus): Attempt to create a directory with an empty or NULL string
WARNING[L1,P207] (CarpetIOHDF5): Problem creating HDF5 output directory ''
WARNING[L1,P20] (Cactus): Attempt to create a directory with an empty or NULL string
WARNING[L1,P20] (CarpetIOHDF5): Problem creating HDF5 output directory ''
WARNING[L1,P208] (Cactus): Attempt to create a directory with an empty or NULL string
WARNING[L1,P208] (CarpetIOHDF5): Problem creating HDF5 output directory ''
WARNING[L1,P21] (Cactus): Attempt to create a directory with an empty or NULL string
WARNING[L1,P21] (CarpetIOHDF5): Problem creating HDF5 output directory ''
WARNING[L1,P209] (Cactus): Attempt to create a directory with an empty or NULL string
WARNING[L1,P209] (CarpetIOHDF5): Problem creating HDF5 output directory ''
WARNING[L1,P210] (Cactus): Attempt to create a directory with an empty or NULL string
WARNING[L1,P210] (CarpetIOHDF5): Problem creating HDF5 output directory ''
WARNING[L1,P22] (Cactus): Attempt to create a directory with an empty or NULL string
WARNING[L1,P22] (CarpetIOHDF5): Problem creating HDF5 output directory ''
WARNING[L1,P211] (Cactus): Attempt to create a directory with an empty or NULL string
WARNING[L1,P211] (CarpetIOHDF5): Problem creating HDF5 output directory ''
WARNING[L1,P23] (Cactus): Attempt to create a directory with an empty or NULL string
WARNING[L1,P23] (CarpetIOHDF5): Problem creating HDF5 output directory ''
WARNING[L1,P212] (Cactus): Attempt to create a directory with an empty or NULL string
WARNING[L1,P212] (CarpetIOHDF5): Problem creating HDF5 output directory ''
WARNING[L1,P24] (Cactus): Attempt to create a directory with an empty or NULL string
WARNING[L1,P24] (CarpetIOHDF5): Problem creating HDF5 output directory ''
WARNING[L1,P213] (Cactus): Attempt to create a directory with an empty or NULL string
WARNING[L1,P213] (CarpetIOHDF5): Problem creating HDF5 output directory ''
WARNING[L1,P214] (Cactus): Attempt to create a directory with an empty or NULL string
WARNING[L1,P214] (CarpetIOHDF5): Problem creating HDF5 output directory ''
WARNING[L1,P215] (Cactus): Attempt to create a directory with an empty or NULL string
WARNING[L1,P215] (CarpetIOHDF5): Problem creating HDF5 output directory ''
WARNING[L1,P25] (Cactus): Attempt to create a directory with an empty or NULL string
WARNING[L1,P25] (CarpetIOHDF5): Problem creating HDF5 output directory ''
WARNING[L1,P216] (Cactus): Attempt to create a directory with an empty or NULL string
WARNING[L1,P216] (CarpetIOHDF5): Problem creating HDF5 output directory ''
WARNING[L1,P26] (Cactus): Attempt to create a directory with an empty or NULL string
WARNING[L1,P26] (CarpetIOHDF5): Problem creating HDF5 output directory ''
WARNING[L1,P217] (Cactus): Attempt to create a directory with an empty or NULL string
WARNING[L1,P217] (CarpetIOHDF5): Problem creating HDF5 output directory ''
WARNING[L1,P27] (Cactus): Attempt to create a directory with an empty or NULL string
WARNING[L1,P27] (CarpetIOHDF5): Problem creating HDF5 output directory ''
WARNING[L1,P218] (Cactus): Attempt to create a directory with an empty or NULL string
WARNING[L1,P218] (CarpetIOHDF5): Problem creating HDF5 output directory ''
WARNING[L1,P28] (Cactus): Attempt to create a directory with an empty or NULL string
WARNING[L1,P28] (CarpetIOHDF5): Problem creating HDF5 output directory ''
WARNING[L1,P219] (Cactus): Attempt to create a directory with an empty or NULL string
WARNING[L1,P219] (CarpetIOHDF5): Problem creating HDF5 output directory ''
WARNING[L1,P29] (Cactus): Attempt to create a directory with an empty or NULL string
WARNING[L1,P29] (CarpetIOHDF5): Problem creating HDF5 output directory ''
WARNING[L1,P220] (Cactus): Attempt to create a directory with an empty or NULL string
WARNING[L1,P220] (CarpetIOHDF5): Problem creating HDF5 output directory ''
WARNING[L1,P30] (Cactus): Attempt to create a directory with an empty or NULL string
WARNING[L1,P30] (CarpetIOHDF5): Problem creating HDF5 output directory ''
WARNING[L1,P221] (Cactus): Attempt to create a directory with an empty or NULL string
WARNING[L1,P221] (CarpetIOHDF5): Problem creating HDF5 output directory ''
WARNING[L1,P222] (Cactus): Attempt to create a directory with an empty or NULL string
WARNING[L1,P222] (CarpetIOHDF5): Problem creating HDF5 output directory ''
WARNING[L1,P31] (Cactus): Attempt to create a directory with an empty or NULL string
WARNING[L1,P31] (CarpetIOHDF5): Problem creating HDF5 output directory ''
WARNING[L1,P223] (Cactus): Attempt to create a directory with an empty or NULL string
WARNING[L1,P223] (CarpetIOHDF5): Problem creating HDF5 output directory ''
WARNING[L1,P32] (Cactus): Attempt to create a directory with an empty or NULL string
WARNING[L1,P32] (CarpetIOHDF5): Problem creating HDF5 output directory ''
WARNING[L1,P133] (Cactus): Attempt to create a directory with an empty or NULL string
WARNING[L1,P133] (CarpetIOHDF5): Problem creating HDF5 output directory ''
WARNING[L1,P33] (Cactus): Attempt to create a directory with an empty or NULL string
WARNING[L1,P33] (CarpetIOHDF5): Problem creating HDF5 output directory ''
WARNING[L1,P34] (Cactus): Attempt to create a directory with an empty or NULL string
WARNING[L1,P34] (CarpetIOHDF5): Problem creating HDF5 output directory ''
WARNING[L1,P35] (Cactus): Attempt to create a directory with an empty or NULL string
WARNING[L1,P35] (CarpetIOHDF5): Problem creating HDF5 output directory ''
WARNING[L1,P36] (Cactus): Attempt to create a directory with an empty or NULL string
WARNING[L1,P36] (CarpetIOHDF5): Problem creating HDF5 output directory ''
WARNING[L1,P37] (Cactus): Attempt to create a directory with an empty or NULL string
WARNING[L1,P37] (CarpetIOHDF5): Problem creating HDF5 output directory ''
WARNING[L1,P38] (Cactus): Attempt to create a directory with an empty or NULL string
WARNING[L1,P38] (CarpetIOHDF5): Problem creating HDF5 output directory ''
WARNING[L1,P39] (Cactus): Attempt to create a directory with an empty or NULL string
WARNING[L1,P39] (CarpetIOHDF5): Problem creating HDF5 output directory ''
WARNING[L1,P40] (Cactus): Attempt to create a directory with an empty or NULL string
WARNING[L1,P40] (CarpetIOHDF5): Problem creating HDF5 output directory ''
WARNING[L1,P41] (Cactus): Attempt to create a directory with an empty or NULL string
WARNING[L1,P41] (CarpetIOHDF5): Problem creating HDF5 output directory ''
WARNING[L1,P42] (Cactus): Attempt to create a directory with an empty or NULL string
WARNING[L1,P42] (CarpetIOHDF5): Problem creating HDF5 output directory ''
WARNING[L1,P43] (Cactus): Attempt to create a directory with an empty or NULL string
WARNING[L1,P43] (CarpetIOHDF5): Problem creating HDF5 output directory ''
WARNING[L1,P44] (Cactus): Attempt to create a directory with an empty or NULL string
WARNING[L1,P44] (CarpetIOHDF5): Problem creating HDF5 output directory ''
WARNING[L1,P45] (Cactus): Attempt to create a directory with an empty or NULL string
WARNING[L1,P45] (CarpetIOHDF5): Problem creating HDF5 output directory ''
WARNING[L1,P46] (Cactus): Attempt to create a directory with an empty or NULL string
WARNING[L1,P46] (CarpetIOHDF5): Problem creating HDF5 output directory ''
WARNING[L1,P47] (Cactus): Attempt to create a directory with an empty or NULL string
WARNING[L1,P47] (CarpetIOHDF5): Problem creating HDF5 output directory ''
WARNING[L1,P48] (Cactus): Attempt to create a directory with an empty or NULL string
WARNING[L1,P48] (CarpetIOHDF5): Problem creating HDF5 output directory ''
WARNING[L1,P49] (Cactus): Attempt to create a directory with an empty or NULL string
WARNING[L1,P49] (CarpetIOHDF5): Problem creating HDF5 output directory ''
WARNING[L1,P50] (Cactus): Attempt to create a directory with an empty or NULL string
WARNING[L1,P50] (CarpetIOHDF5): Problem creating HDF5 output directory ''
WARNING[L1,P51] (Cactus): Attempt to create a directory with an empty or NULL string
WARNING[L1,P51] (CarpetIOHDF5): Problem creating HDF5 output directory ''
WARNING[L1,P52] (Cactus): Attempt to create a directory with an empty or NULL string
WARNING[L1,P52] (CarpetIOHDF5): Problem creating HDF5 output directory ''
WARNING[L1,P53] (Cactus): Attempt to create a directory with an empty or NULL string
WARNING[L1,P53] (CarpetIOHDF5): Problem creating HDF5 output directory ''
WARNING[L1,P54] (Cactus): Attempt to create a directory with an empty or NULL string
WARNING[L1,P54] (CarpetIOHDF5): Problem creating HDF5 output directory ''
WARNING[L1,P55] (Cactus): Attempt to create a directory with an empty or NULL string
WARNING[L1,P55] (CarpetIOHDF5): Problem creating HDF5 output directory ''
WARNING[L1,P56] (Cactus): Attempt to create a directory with an empty or NULL string
WARNING[L1,P56] (CarpetIOHDF5): Problem creating HDF5 output directory ''
WARNING[L1,P57] (Cactus): Attempt to create a directory with an empty or NULL string
WARNING[L1,P57] (CarpetIOHDF5): Problem creating HDF5 output directory ''
WARNING[L1,P58] (Cactus): Attempt to create a directory with an empty or NULL string
WARNING[L1,P58] (CarpetIOHDF5): Problem creating HDF5 output directory ''
WARNING[L1,P59] (Cactus): Attempt to create a directory with an empty or NULL string
WARNING[L1,P59] (CarpetIOHDF5): Problem creating HDF5 output directory ''
WARNING[L1,P60] (Cactus): Attempt to create a directory with an empty or NULL string
WARNING[L1,P60] (CarpetIOHDF5): Problem creating HDF5 output directory ''
WARNING[L1,P61] (Cactus): Attempt to create a directory with an empty or NULL string
WARNING[L1,P61] (CarpetIOHDF5): Problem creating HDF5 output directory ''
WARNING[L1,P62] (Cactus): Attempt to create a directory with an empty or NULL string
WARNING[L1,P62] (CarpetIOHDF5): Problem creating HDF5 output directory ''
WARNING[L1,P63] (Cactus): Attempt to create a directory with an empty or NULL string
WARNING[L1,P63] (CarpetIOHDF5): Problem creating HDF5 output directory ''
WARNING[L1,P64] (Cactus): Attempt to create a directory with an empty or NULL string
WARNING[L1,P64] (CarpetIOHDF5): Problem creating HDF5 output directory ''
WARNING[L1,P65] (Cactus): Attempt to create a directory with an empty or NULL string
WARNING[L1,P65] (CarpetIOHDF5): Problem creating HDF5 output directory ''
WARNING[L1,P66] (Cactus): Attempt to create a directory with an empty or NULL string
WARNING[L1,P66] (CarpetIOHDF5): Problem creating HDF5 output directory ''
WARNING[L1,P67] (Cactus): Attempt to create a directory with an empty or NULL string
WARNING[L1,P67] (CarpetIOHDF5): Problem creating HDF5 output directory ''
WARNING[L1,P68] (Cactus): Attempt to create a directory with an empty or NULL string
WARNING[L1,P68] (CarpetIOHDF5): Problem creating HDF5 output directory ''
WARNING[L1,P69] (Cactus): Attempt to create a directory with an empty or NULL string
WARNING[L1,P69] (CarpetIOHDF5): Problem creating HDF5 output directory ''
WARNING[L1,P70] (Cactus): Attempt to create a directory with an empty or NULL string
WARNING[L1,P70] (CarpetIOHDF5): Problem creating HDF5 output directory ''
WARNING[L1,P71] (Cactus): Attempt to create a directory with an empty or NULL string
WARNING[L1,P71] (CarpetIOHDF5): Problem creating HDF5 output directory ''
WARNING[L1,P72] (Cactus): Attempt to create a directory with an empty or NULL string
WARNING[L1,P72] (CarpetIOHDF5): Problem creating HDF5 output directory ''
WARNING[L1,P73] (Cactus): Attempt to create a directory with an empty or NULL string
WARNING[L1,P73] (CarpetIOHDF5): Problem creating HDF5 output directory ''
WARNING[L1,P74] (Cactus): Attempt to create a directory with an empty or NULL string
WARNING[L1,P74] (CarpetIOHDF5): Problem creating HDF5 output directory ''
WARNING[L1,P75] (Cactus): Attempt to create a directory with an empty or NULL string
WARNING[L1,P75] (CarpetIOHDF5): Problem creating HDF5 output directory ''
WARNING[L1,P76] (Cactus): Attempt to create a directory with an empty or NULL string
WARNING[L1,P76] (CarpetIOHDF5): Problem creating HDF5 output directory ''
WARNING[L1,P77] (Cactus): Attempt to create a directory with an empty or NULL string
WARNING[L1,P77] (CarpetIOHDF5): Problem creating HDF5 output directory ''
WARNING[L1,P78] (Cactus): Attempt to create a directory with an empty or NULL string
WARNING[L1,P78] (CarpetIOHDF5): Problem creating HDF5 output directory ''
WARNING[L1,P79] (Cactus): Attempt to create a directory with an empty or NULL string
WARNING[L1,P79] (CarpetIOHDF5): Problem creating HDF5 output directory ''
WARNING[L1,P80] (Cactus): Attempt to create a directory with an empty or NULL string
WARNING[L1,P80] (CarpetIOHDF5): Problem creating HDF5 output directory ''
WARNING[L1,P81] (Cactus): Attempt to create a directory with an empty or NULL string
WARNING[L1,P81] (CarpetIOHDF5): Problem creating HDF5 output directory ''
WARNING[L1,P82] (Cactus): Attempt to create a directory with an empty or NULL string
WARNING[L1,P82] (CarpetIOHDF5): Problem creating HDF5 output directory ''
WARNING[L1,P83] (Cactus): Attempt to create a directory with an empty or NULL string
WARNING[L1,P83] (CarpetIOHDF5): Problem creating HDF5 output directory ''
WARNING[L1,P84] (Cactus): Attempt to create a directory with an empty or NULL string
WARNING[L1,P84] (CarpetIOHDF5): Problem creating HDF5 output directory ''
WARNING[L1,P85] (Cactus): Attempt to create a directory with an empty or NULL string
WARNING[L1,P85] (CarpetIOHDF5): Problem creating HDF5 output directory ''
WARNING[L1,P86] (Cactus): Attempt to create a directory with an empty or NULL string
WARNING[L1,P86] (CarpetIOHDF5): Problem creating HDF5 output directory ''
WARNING[L1,P87] (Cactus): Attempt to create a directory with an empty or NULL string
WARNING[L1,P87] (CarpetIOHDF5): Problem creating HDF5 output directory ''
WARNING[L1,P88] (Cactus): Attempt to create a directory with an empty or NULL string
WARNING[L1,P88] (CarpetIOHDF5): Problem creating HDF5 output directory ''
WARNING[L1,P89] (Cactus): Attempt to create a directory with an empty or NULL string
WARNING[L1,P89] (CarpetIOHDF5): Problem creating HDF5 output directory ''
WARNING[L1,P90] (Cactus): Attempt to create a directory with an empty or NULL string
WARNING[L1,P90] (CarpetIOHDF5): Problem creating HDF5 output directory ''
WARNING[L1,P91] (Cactus): Attempt to create a directory with an empty or NULL string
WARNING[L1,P91] (CarpetIOHDF5): Problem creating HDF5 output directory ''
WARNING[L1,P92] (Cactus): Attempt to create a directory with an empty or NULL string
WARNING[L1,P92] (CarpetIOHDF5): Problem creating HDF5 output directory ''
WARNING[L1,P93] (Cactus): Attempt to create a directory with an empty or NULL string
WARNING[L1,P93] (CarpetIOHDF5): Problem creating HDF5 output directory ''
WARNING[L1,P94] (Cactus): Attempt to create a directory with an empty or NULL string
WARNING[L1,P94] (CarpetIOHDF5): Problem creating HDF5 output directory ''
WARNING[L1,P95] (Cactus): Attempt to create a directory with an empty or NULL string
WARNING[L1,P95] (CarpetIOHDF5): Problem creating HDF5 output directory ''
WARNING[L1,P96] (Cactus): Attempt to create a directory with an empty or NULL string
WARNING[L1,P96] (CarpetIOHDF5): Problem creating HDF5 output directory ''
WARNING[L1,P97] (Cactus): Attempt to create a directory with an empty or NULL string
WARNING[L1,P97] (CarpetIOHDF5): Problem creating HDF5 output directory ''
WARNING[L1,P98] (Cactus): Attempt to create a directory with an empty or NULL string
WARNING[L1,P98] (CarpetIOHDF5): Problem creating HDF5 output directory ''
WARNING[L1,P99] (Cactus): Attempt to create a directory with an empty or NULL string
WARNING[L1,P99] (CarpetIOHDF5): Problem creating HDF5 output directory ''
WARNING[L1,P100] (Cactus): Attempt to create a directory with an empty or NULL string
WARNING[L1,P100] (CarpetIOHDF5): Problem creating HDF5 output directory ''
WARNING[L1,P101] (Cactus): Attempt to create a directory with an empty or NULL string
WARNING[L1,P101] (CarpetIOHDF5): Problem creating HDF5 output directory ''
WARNING[L1,P102] (Cactus): Attempt to create a directory with an empty or NULL string
WARNING[L1,P102] (CarpetIOHDF5): Problem creating HDF5 output directory ''
WARNING[L1,P103] (Cactus): Attempt to create a directory with an empty or NULL string
WARNING[L1,P103] (CarpetIOHDF5): Problem creating HDF5 output directory ''
WARNING[L1,P104] (Cactus): Attempt to create a directory with an empty or NULL string
WARNING[L1,P104] (CarpetIOHDF5): Problem creating HDF5 output directory ''
WARNING[L1,P105] (Cactus): Attempt to create a directory with an empty or NULL string
WARNING[L1,P105] (CarpetIOHDF5): Problem creating HDF5 output directory ''
WARNING[L1,P106] (Cactus): Attempt to create a directory with an empty or NULL string
WARNING[L1,P106] (CarpetIOHDF5): Problem creating HDF5 output directory ''
WARNING[L1,P107] (Cactus): Attempt to create a directory with an empty or NULL string
WARNING[L1,P107] (CarpetIOHDF5): Problem creating HDF5 output directory ''
WARNING[L1,P108] (Cactus): Attempt to create a directory with an empty or NULL string
WARNING[L1,P108] (CarpetIOHDF5): Problem creating HDF5 output directory ''
WARNING[L1,P109] (Cactus): Attempt to create a directory with an empty or NULL string
WARNING[L1,P109] (CarpetIOHDF5): Problem creating HDF5 output directory ''
WARNING[L1,P110] (Cactus): Attempt to create a directory with an empty or NULL string
WARNING[L1,P110] (CarpetIOHDF5): Problem creating HDF5 output directory ''
WARNING[L1,P111] (Cactus): Attempt to create a directory with an empty or NULL string
WARNING[L1,P111] (CarpetIOHDF5): Problem creating HDF5 output directory ''
INFO (CarpetIOASCII): I/O Method 'IOASCII_2D' registered: 2D AMR output of grid variables to ASCII files
INFO (CarpetIOASCII): I/O Method 'IOASCII_3D' registered: 3D AMR output of grid variables to ASCII files
INFO (CarpetIOHDF5): I/O Method 'IOHDF5' registered: AMR output of grid variables to HDF5 files
INFO (CarpetIOHDF5): I/O Method 'IOHDF5_0D' registered: 0D AMR output of grid variables to HDF5 files
INFO (CarpetIOHDF5): I/O Method 'IOHDF5_1D' registered: 1D AMR output of grid variables to HDF5 files
INFO (CarpetIOHDF5): I/O Method 'IOHDF5_2D' registered: 2D AMR output of grid variables to HDF5 files
INFO (CarpetIOHDF5): I/O Method 'IOHDF5_3D' registered: 3D AMR output of grid variables to HDF5 files
INFO (CarpetRegrid2): Initialising position of centre 0 to [8,0,0]
INFO (CarpetRegrid2): Initialising position of centre 1 to [-8,0,0]
INFO (MoL): Using Runge-Kutta 4 as the time integrator.
INFO (MoL): The maximum number of evolved variables is 1861. 29 are registered.
INFO (MoL): The maximum number of slow evolved variables is 1861. 0 are registered.
INFO (MoL): The maximum number of constrained variables is 1861. 12 are registered.
INFO (MoL): The maximum number of SandR variables is 1861. 0 are registered.
INFO (MoL): The maximum number of evolved array variables is 1861. 0 are registered.
INFO (MoL): The maximum number of constrained array variables is 1861. 0 are registered.
INFO (MoL): The maximum number of SandR array variables is 1861. 0 are registered.
INFO (MoL): The maximum size of any array variables is 0.
INFO (Vectors): Testing vectorisation... [errors may result in segfaults]
INFO (Vectors): 101/101 tests passed 
INFO (CarpetRegrid2): Centre 1 is at position [8,0,0] with 8 levels
INFO (CarpetRegrid2): Centre 2 is at position [-8,0,0] with 8 levels
INFO (CarpetRegrid2): Regridding level 0 map 0 at iteration 0 time 0
INFO (CarpetRegrid2): Regridding levels 1 and up
INFO (CarpetRegrid2): Enforcing grid structure properties, iteration 0
INFO (CarpetRegrid2): Enforcing grid structure properties, iteration 0
INFO (CarpetRegrid2): Enforcing grid structure properties, iteration 0
INFO (CarpetRegrid2): Enforcing grid structure properties, iteration 0
INFO (CarpetRegrid2): Enforcing grid structure properties, iteration 0
INFO (CarpetRegrid2): Enforcing grid structure properties, iteration 0
INFO (CarpetRegrid2): Enforcing grid structure properties, iteration 0
INFO (Carpet): Grid structure (superregions, grid points):
   [0][0][0]   exterior: [0,0,0] : [516,516,516]   ([517,517,517] + PADDING) 138188413
   [1][0][0]   exterior: [435,443,443] : [597,589,589]   ([163,147,147] + PADDING) 3522267
   [2][0][0]   exterior: [975,991,991] : [1089,1073,1073]   ([115,83,83] + PADDING) 792235
   [3][0][0]   exterior: [1991,2023,2023] : [2137,2105,2105]   ([147,83,83] + PADDING) 1012683
   [4][0][0]   exterior: [4023,4087,4087] : [4105,4169,4169]   ([83,83,83] + PADDING) 571787
   [4][0][1]   exterior: [4151,4087,4087] : [4233,4169,4169]   ([83,83,83] + PADDING) 571787
   [5][0][0]   exterior: [8087,8215,8215] : [8169,8297,8297]   ([83,83,83] + PADDING) 571787
   [5][0][1]   exterior: [8343,8215,8215] : [8425,8297,8297]   ([83,83,83] + PADDING) 571787
   [6][0][0]   exterior: [16215,16471,16471] : [16297,16553,16553]   ([83,83,83] + PADDING) 571787
   [6][0][1]   exterior: [16727,16471,16471] : [16809,16553,16553]   ([83,83,83] + PADDING) 571787
   [7][0][0]   exterior: [32471,32983,32983] : [32553,33065,33065]   ([83,83,83] + PADDING) 571787
   [7][0][1]   exterior: [33495,32983,32983] : [33577,33065,33065]   ([83,83,83] + PADDING) 571787
INFO (Carpet): Grid structure (superregions, coordinates):
   [0][0][0]   exterior: [-516,-516,-516] : [516,516,516] : [2,2,2]
   [1][0][0]   exterior: [-81,-73,-73] : [81,73,73] : [1,1,1]
   [2][0][0]   exterior: [-28.5,-20.5,-20.5] : [28.5,20.5,20.5] : [0.5,0.5,0.5]
   [3][0][0]   exterior: [-18.25,-10.25,-10.25] : [18.25,10.25,10.25] : [0.25,0.25,0.25]
   [4][0][0]   exterior: [-13.125,-5.125,-5.125] : [-2.875,5.125,5.125] : [0.125,0.125,0.125]
   [4][0][1]   exterior: [2.875,-5.125,-5.125] : [13.125,5.125,5.125] : [0.125,0.125,0.125]
   [5][0][0]   exterior: [-10.5625,-2.5625,-2.5625] : [-5.4375,2.5625,2.5625] : [0.0625,0.0625,0.0625]
   [5][0][1]   exterior: [5.4375,-2.5625,-2.5625] : [10.5625,2.5625,2.5625] : [0.0625,0.0625,0.0625]
   [6][0][0]   exterior: [-9.28125,-1.28125,-1.28125] : [-6.71875,1.28125,1.28125] : [0.03125,0.03125,0.03125]
   [6][0][1]   exterior: [6.71875,-1.28125,-1.28125] : [9.28125,1.28125,1.28125] : [0.03125,0.03125,0.03125]
   [7][0][0]   exterior: [-8.640625,-0.640625,-0.640625] : [-7.359375,0.640625,0.640625] : [0.015625,0.015625,0.015625]
   [7][0][1]   exterior: [7.359375,-0.640625,-0.640625] : [8.640625,0.640625,0.640625] : [0.015625,0.015625,0.015625]
INFO (Carpet): Global grid structure statistics:
INFO (Carpet): GF: rhs: 1600k active, 2186k owned (+37%), 4087k total (+87%), 128 steps/time
INFO (Carpet): GF: vars: 247, pts: 34332M active, 35404M owned (+3%), 46193M total (+30%), 1.0 comp/proc
INFO (Carpet): GA: vars: 1664, pts: 763M active, 763M total (+0%)
INFO (Carpet): Total required memory: 376.347 GByte (for GAs and currently active GFs)
INFO (Carpet): Load balance:  min     avg     max     sdv     max/avg-1
INFO (Carpet): Level  0:     133M    147M    154M      5M owned      5%
INFO (Carpet): Level  1:       4M      4M      4M      0M owned      7%
INFO (Carpet): Level  2:       1M      1M      1M      0M owned      8%
INFO (Carpet): Level  3:       1M      1M      1M      0M owned      9%
INFO (Carpet): Level  4:       1M      1M      1M      0M owned      8%
INFO (Carpet): Level  5:       1M      1M      1M      0M owned      8%
INFO (Carpet): Level  6:       1M      1M      1M      0M owned      8%
INFO (Carpet): Level  7:       1M      1M      1M      0M owned      8%
INFO (CartGrid3D): Grid Spacings:
INFO (CartGrid3D): dx=>2.0000000e+00  dy=>2.0000000e+00  dz=>2.0000000e+00
INFO (CartGrid3D): Computational Coordinates:
INFO (CartGrid3D): x=>[-516.000,516.000]  y=>[-516.000,516.000]  z=>[-516.000,516.000]
INFO (CartGrid3D): Indices of Physical Coordinates:
INFO (CartGrid3D): x=>[0,516]  y=>[0,516]  z=>[0,516]
INFO (AHFinderDirect): setting up AHFinderDirect data structures
INFO (AHFinderDirect):            to search for 6 horizons on 224 processors
INFO (AHFinderDirect):       constructing full sphere patch system
INFO (AHFinderDirect):                    at origin (8.001,0,0)
INFO (AHFinderDirect):                    with 18 angular zones per right angle
INFO (AHFinderDirect):       ==> 2166 nominal, 3174 ghosted angular grid points
INFO (AHFinderDirect):       constructing full sphere patch system
INFO (AHFinderDirect):                    at origin (-8.001,0,0)
INFO (AHFinderDirect):                    with 18 angular zones per right angle
INFO (AHFinderDirect):       ==> 2166 nominal, 3174 ghosted angular grid points
INFO (AHFinderDirect):       constructing full sphere patch system
INFO (AHFinderDirect):                    at origin (0,0,0)
INFO (AHFinderDirect):                    with 18 angular zones per right angle
INFO (AHFinderDirect):       ==> 2166 nominal, 3174 ghosted angular grid points
INFO (AHFinderDirect):       constructing full sphere patch system
INFO (AHFinderDirect):                    at origin (0,0,0)
INFO (AHFinderDirect):                    with 18 angular zones per right angle
INFO (AHFinderDirect):       ==> 2166 nominal, 3174 ghosted angular grid points
INFO (AHFinderDirect):       constructing full sphere patch system
INFO (AHFinderDirect):                    at origin (0,0,0)
INFO (AHFinderDirect):                    with 18 angular zones per right angle
INFO (AHFinderDirect):       ==> 2166 nominal, 3174 ghosted angular grid points
INFO (AHFinderDirect):       constructing full sphere patch system
INFO (AHFinderDirect):                    at origin (0,0,0)
INFO (AHFinderDirect):                    with 18 angular zones per right angle
INFO (AHFinderDirect):       ==> 2166 nominal, 3174 ghosted angular grid points
INFO (TerminationTrigger): Reminding you every 0 minutes about remaining walltime
INFO (Time): Timestep set to 0.5 (courant_static)
INFO (TwoChargedPunctures): Solving puncture equation for BH-BH system
INFO (TwoChargedPunctures): b = 8.001
TCP_Newton: it=0 	 |F|=7.156907e-06
bare mass: mp=0.5 	 mm=0.5
bicgstab:  itmax 100, tol 7.156907e-09
bicgstab:     0   5.988e-04
bicgstab:     1   2.382e-01   1.078e+00   0.000e+00  -2.963e-02
bicgstab:     2   4.907e+01   4.080e+00   3.761e-02  -4.909e-01
bicgstab:     3   6.598e+03   2.028e+01   6.416e-01   6.472e-01
bicgstab:     4   7.506e+02   3.922e-02  -4.552e+02  -7.097e+00
bicgstab:     5   7.271e+02  -2.469e-02   1.873e-03  -1.257e-01
bicgstab:     6   2.391e+03   2.543e+00  -1.683e-01   4.892e-01
bicgstab:     7   1.656e+03   9.649e-01   7.395e-01   7.538e-01
bicgstab:     8   3.166e+02   2.528e+00   9.524e-01   3.975e-01
bicgstab:     9   3.808e+01   4.262e-01  -1.397e+00   2.529e+00
bicgstab:    10   2.044e+01  -1.185e-01  -1.003e-02   4.132e-01
bicgstab:    11   1.464e+01  -3.793e-02  -1.420e-02  -6.349e-01
bicgstab:    12   1.464e+01  -2.318e+00  -9.766e-01   1.375e-01
bicgstab:    13   1.474e+01   1.215e+00  -1.172e+01  -5.754e-01
bicgstab:    14   5.270e+00  -3.963e+00  -2.817e+00   4.102e+00
bicgstab:    15   5.107e+00   6.387e-01  -3.221e-01   4.352e-02
bicgstab:    16   6.376e+00  -1.858e+00  -8.626e-02   5.247e-01
bicgstab:    17   5.477e+00   9.830e-02   1.543e+00   7.504e-02
bicgstab:    18   6.571e+00   4.847e+00  -5.749e-01   5.830e-02
bicgstab:    19   8.654e-01  -9.807e-01   4.017e+01   1.471e+00
bicgstab:    20   2.449e+00   4.941e-02  -2.059e+00   8.332e-01
bicgstab:    21   3.912e+00   2.526e+00   4.137e-02   1.037e+00
bicgstab:    22   3.442e+00   8.778e-02  -4.403e+00   1.320e-01
bicgstab:    23   3.420e+00   6.993e-02   8.736e-02   8.357e-02
bicgstab:    24   3.404e+00   5.083e-01  -7.178e-01   8.272e-02
bicgstab:    25   3.357e+00   1.787e-01   6.746e+00   1.690e-01
bicgstab:    26   9.944e-01   6.250e-01  -1.290e+00   4.265e+00
bicgstab:    27   7.499e-01   1.001e-01   1.302e-02   1.802e-01
bicgstab:    28   7.383e-01   4.995e-01  -8.824e-01   7.480e-02
bicgstab:    29   2.571e-01   2.210e+00   6.339e+00   6.850e-01
bicgstab:    30   3.555e-01   6.179e-02  -1.251e+01   3.407e+00
bicgstab:    31   1.789e-01   7.269e-02  -2.244e-03   5.705e-01
bicgstab:    32   1.812e-01  -1.277e+00  -5.393e-01   2.365e-01
bicgstab:    33   1.657e-01  -1.283e+00  -3.389e+00   2.922e-01
bicgstab:    34   1.609e-01   2.018e+00  -1.646e+01   4.649e-01
bicgstab:    35   2.509e+00   9.298e-01   1.824e+01   1.661e+00
bicgstab:    36   6.818e-03   4.779e-02  -2.037e+01   1.437e+00
bicgstab:    37   6.696e-03   9.792e-02  -3.792e-05   2.420e-02
bicgstab:    38   1.345e-02   1.863e+01  -7.160e-01   3.702e-01
bicgstab:    39   2.724e-03   4.696e-02  -3.029e+02   1.922e+00
bicgstab:    40   1.141e-03  -7.097e+00   3.226e-03   4.105e-01
bicgstab:    41   1.335e-03   3.613e-02  -9.249e+01   1.966e+00
bicgstab:    42   1.455e-03   2.688e-01   3.104e-02  -6.439e-02
bicgstab:    43   1.557e-03  -4.478e-01  -1.548e-01   9.366e-02
bicgstab:    44   3.554e-04  -3.941e+00  -2.423e+00   5.216e-01
bicgstab:    45   3.587e-04   4.866e-02  -2.078e-01  -5.914e-03
bicgstab:    46   3.750e-05   3.969e+00  -8.136e-01   1.469e-01
bicgstab:    47   8.701e-05   1.138e-01  -5.321e+00  -1.924e-01
bicgstab:    48   2.298e-06   4.030e-03  -5.008e+01   4.144e-01
bicgstab:    49   1.002e-05   2.126e-01  -2.601e-03  -2.895e+00
bicgstab:    50   1.568e-05   1.533e-01   5.474e-01  -5.103e-01
bicgstab:    51   1.468e-05  -5.618e-01  -7.410e-02   3.635e-01
bicgstab:    52   1.321e-05  -8.468e+00  -2.729e+00  -1.464e+00
bicgstab:    53   2.712e-05  -8.264e-01   2.528e+01  -9.753e-01
bicgstab:    54   4.490e-05  -8.617e-01   2.468e+00   2.953e-01
bicgstab:    55   1.305e-05  -3.864e-02  -3.164e+01   2.491e+00
bicgstab:    56   8.565e-06   3.036e-01  -1.031e-04   7.422e-01
bicgstab:    57   4.446e-06   1.489e+00  -2.651e-01   1.964e+00
bicgstab:    58   4.039e-06  -4.610e-01  -6.207e-01   3.315e-01
bicgstab:    59   3.891e-06   1.524e-02   1.495e-02   3.319e-01
bicgstab:    60   3.247e-06   4.618e+01  -9.745e-01   4.294e-01
bicgstab:    61   4.620e-08  -3.717e-01   3.078e+02   4.881e+00
bicgstab:    62   8.163e-08   2.424e+00   2.371e-01   4.173e-01
bicgstab:    63   7.873e-09   5.912e-01  -7.768e-01   2.327e+00
bicgstab:    64   4.143e-08  -1.133e+00   6.619e-01   5.221e+00
bicgstab:    65   2.323e-08   7.467e-01  -1.255e-01   6.493e-01
bicgstab:    66   1.737e-08   2.696e-01  -1.170e+00   8.218e-01
bicgstab:    67   1.025e-08   1.019e+00   2.144e-01   6.627e-01
bicgstab:    68   1.457e-08   9.743e+00  -5.722e-01   4.429e-01
bicgstab:    69   1.135e-08  -3.050e-01   2.050e+01   4.589e-01
bicgstab:    70   8.864e-10   3.928e-01  -9.949e-01   6.958e+00
TCP_Newton: it=1 	 |F|=2.679302e-07 
INFO (TwoChargedPunctures): Wrote coefficient file v.dat
INFO (TwoChargedPunctures): The two puncture masses are mp=0.5 and mm=0.5
INFO (TwoChargedPunctures): Puncture 1 ADM mass is 0.50779
INFO (TwoChargedPunctures): Puncture 2 ADM mass is 0.50779
INFO (TwoChargedPunctures): The total ADM mass is 0.996287
INFO (TwoChargedPunctures): Setting initial lapse to psi^-2.000000 profile.
INFO (TwoChargedPunctures): Interpolating result
INFO (QuasiLocalMeasures): Initialising Quasi-Local Measure calculations
INFO (TerminationTrigger): Reminding you every 0 minutes about remaining walltime
INFO (Time): Timestep set to 0.5 (courant_static)
INFO (TwoChargedPunctures): Setting initial lapse to psi^-2.000000 profile.
INFO (TwoChargedPunctures): Interpolating result
INFO (TerminationTrigger): Reminding you every 0 minutes about remaining walltime
INFO (Time): Timestep set to 0.25 (courant_static)
INFO (TwoChargedPunctures): Setting initial lapse to psi^-2.000000 profile.
INFO (TwoChargedPunctures): Interpolating result
INFO (TerminationTrigger): Reminding you every 0 minutes about remaining walltime
INFO (Time): Timestep set to 0.125 (courant_static)
INFO (TwoChargedPunctures): Setting initial lapse to psi^-2.000000 profile.
INFO (TwoChargedPunctures): Interpolating result
INFO (TerminationTrigger): Reminding you every 0 minutes about remaining walltime
INFO (Time): Timestep set to 0.0625 (courant_static)
INFO (TwoChargedPunctures): Setting initial lapse to psi^-2.000000 profile.
INFO (TwoChargedPunctures): Interpolating result
INFO (TerminationTrigger): Reminding you every 0 minutes about remaining walltime
INFO (Time): Timestep set to 0.03125 (courant_static)
INFO (TwoChargedPunctures): Setting initial lapse to psi^-2.000000 profile.
INFO (TwoChargedPunctures): Interpolating result
INFO (TerminationTrigger): Reminding you every 0 minutes about remaining walltime
INFO (Time): Timestep set to 0.015625 (courant_static)
INFO (TwoChargedPunctures): Setting initial lapse to psi^-2.000000 profile.
INFO (TwoChargedPunctures): Interpolating result
INFO (TerminationTrigger): Reminding you every 0 minutes about remaining walltime
INFO (Time): Timestep set to 0.0078125 (courant_static)
INFO (TwoChargedPunctures): Setting initial lapse to psi^-2.000000 profile.
INFO (TwoChargedPunctures): Interpolating result
INFO (AHFinderDirect): proc 0: searching for horizon 1/6
INFO (AHFinderDirect): AH 6/6: r=239.007 at (0.000020,0.000019,-0.000021)
INFO (AHFinderDirect): AH 6/6: area=723845.0684 m_irreducible=120.0018337
INFO (AHFinderDirect): AH 3/6: r=79.0012 at (-0.000000,0.000000,0.000000)
INFO (AHFinderDirect): AH 3/6: area=80425.06051 m_irreducible=40.00007176
INFO (AHFinderDirect): AH 4/6: r=99.0017 at (-0.000000,0.000000,0.000000)
INFO (AHFinderDirect): AH 4/6: area=125663.9324 m_irreducible=50.00004502
INFO (AHFinderDirect): AH 5/6: r=179.003 at (0.000000,0.000000,0.000000)
INFO (AHFinderDirect): AH 5/6: area=407150.5239 m_irreducible=90.00001282
INFO (AHFinderDirect): AH 1/6: r=0.213169 at (8.000987,0.000000,0.000000)
INFO (AHFinderDirect): AH 1/6: area=11.23576644 m_irreducible=0.4727879768
INFO (AHFinderDirect): AH 2/6: r=0.213169 at (-8.000987,-0.000000,-0.000000)
INFO (AHFinderDirect): AH 2/6: area=11.23576644 m_irreducible=0.4727879768
INFO (QuasiLocalMeasures): Calculating quasi-local quantities for surface    0
INFO (QuasiLocalMeasures): Importing from spherical surface    0
INFO (QuasiLocalMeasures): Geometric quantities for surface    0:
INFO (QuasiLocalMeasures):    Area A:                            11.2357
INFO (QuasiLocalMeasures):    Irreducible mass M = R/2:         0.472787
INFO (QuasiLocalMeasures):    Areal radius R = sqrt(A/4pi):     0.945575
INFO (QuasiLocalMeasures): Coordinate-dependent quantities for surface    0:
INFO (QuasiLocalMeasures):    Equatorial circumference:             5.94123
INFO (QuasiLocalMeasures):    Polar circumference at phi=0:         5.94049
INFO (QuasiLocalMeasures):    Polar circumference at phi=pi/2:      5.94115
INFO (QuasiLocalMeasures):    Spin guess J from distortion:        0.450142E-03
INFO (QuasiLocalMeasures):    Mass guess M from distortion:        0.472788
INFO (QuasiLocalMeasures): Isolated Horizon quantities for surface    0:
INFO (QuasiLocalMeasures):    Killing vector field eigenvalue norm:      1.00000
INFO (QuasiLocalMeasures):    Spin J:                                  -0.143611E-17
INFO (QuasiLocalMeasures):    Kerr spin parameter a = J/M:             -0.303754E-17
INFO (QuasiLocalMeasures):    Dimensionless spin parameter a = J/M^2:  -0.642475E-17
INFO (QuasiLocalMeasures):    Spin J from NP:                          -0.631641E-17
INFO (QuasiLocalMeasures):    Spin J from phi-coordinate-vector:         0.00000
INFO (QuasiLocalMeasures):    Mass M:                                   0.472787
INFO (QuasiLocalMeasures): Global quantities for surface    0:
INFO (QuasiLocalMeasures):    ADM energy:                 -9.23343
INFO (QuasiLocalMeasures):    ADM momentum x:            -0.261399E-20
INFO (QuasiLocalMeasures):    ADM momentum y:             0.299866E-20
INFO (QuasiLocalMeasures):    ADM momentum z:            -0.378235E-20
INFO (QuasiLocalMeasures):    ADM angular momentum x:    -0.187978E-06
INFO (QuasiLocalMeasures):    ADM angular momentum y:     0.279188E-19
INFO (QuasiLocalMeasures):    ADM angular momentum z:     0.240454E-19
INFO (QuasiLocalMeasures):    Weinberg energy:                  18.6055
INFO (QuasiLocalMeasures):    Weinberg momentum x:            -0.491199E-20
INFO (QuasiLocalMeasures):    Weinberg momentum y:             0.302988E-19
INFO (QuasiLocalMeasures):    Weinberg momentum z:            -0.327946E-19
INFO (QuasiLocalMeasures):    Weinberg angular momentum x:    -0.369705E-05
INFO (QuasiLocalMeasures):    Weinberg angular momentum y:     0.165523E-18
INFO (QuasiLocalMeasures):    Weinberg angular momentum z:     0.244991E-18
------------------------------------------------------------------------------------
Iteration      Time | *me_per_hour |     LEANBSSNMOL::conf_fac | *TISTICS::maxrss_mb
                    |              |      minimum      maximum |   minimum   maximum
------------------------------------------------------------------------------------
        0     0.000 |    0.0000000 |    0.0001000    0.9988775 |      1786      3073
INFO (Carpet): Terminating due to cctk_final_time at t = 0.000000
INFO (TimerReport): Timer Report before terminating at iteration 0 time 0
INFO (TimerReport): Top timers at iteration 0 time 0
======================================================================
    %    Time/s   Min/s   Max/s   Timer (gettimeofday)
======================================================================
100.0   1396.60 1396.58 1396.61   main/Initialise
100.0   1396.54 1396.50 1396.56   meta mode/meta mode/global mode
 97.7   1363.97 1362.52 1365.43   main/Initialise/CallInitial
 96.2   1343.36 1342.82 1346.42   meta mode/meta mode/global mode/level(0)
 94.2   1316.27 1295.32 1351.97   main/Initialise/CallInitial/CCTK_INITIAL
 94.2   1316.27 1295.31 1351.97   main/Initialise/CallInitial/CCTK_INITIAL/CallFunction
 92.3   1289.07 1245.79 1346.66   main/Initialise/CallInitial/CCTK_INITIAL/CallFunction/thorns
 92.3   1288.81 1245.57 1346.38   [0098] TwoChargedPunctures: TwoChargedPunctures in CCTK_INITIAL
 92.3   1288.81 1245.57 1346.38   main/Initialise/CallInitial/CCTK_INITIAL/CallFunction/thorns/TwoChargedPunctures
  2.9     40.70    4.23   60.14   main/Initialise/CallInitial/CCTK_POSTINITIAL
  2.9     40.69    4.23   60.14   main/Initialise/CallInitial/CCTK_POSTINITIAL/CallFunction
  2.7     37.23    0.68   56.97   main/Initialise/CallInitial/CCTK_POSTINITIAL/CallFunction/syncs
  2.5     34.32    0.39   53.41   main/Initialise/CallInitial/CCTK_POSTINITIAL/CallFunction/syncs/Sync
  2.4     34.20    0.26   53.32   main/Initialise/CallInitial/CCTK_POSTINITIAL/CallFunction/syncs/Sync/comm_state[6].state_do_some_work.step
  1.9     27.19    0.80   71.08   [0107] LeanBSSNMoL: LeanBSSN_Boundaries in CCTK_INITIAL
  1.9     27.19    0.80   71.08   main/Initialise/CallInitial/CCTK_INITIAL/CallFunction/syncs
  1.9     26.26    0.39   70.26   main/Initialise/CallInitial/CCTK_INITIAL/CallFunction/syncs/Sync
  1.9     26.25    0.38   70.25   main/Initialise/CallInitial/CCTK_INITIAL/CallFunction/syncs/Sync/comm_state[6].state_do_some_work.step
  1.8     25.06   25.01   25.08   main/Initialise/CallAnalysis
  1.3     17.99   17.44   18.45   main/Initialise/CallAnalysis/OutputGH
  1.3     17.99   17.44   18.45   main/Initialise/CallAnalysis/OutputGH/OutputGH
  1.3     17.94   17.39   18.40   main/Initialise/CallAnalysis/OutputGH/OutputGH/IOASCII::IOASCII_1D [2]
  1.3     17.94   17.39   18.40   main/Initialise/CallAnalysis/OutputGH/OutputGH/IOASCII::IOASCII_1D [2]/OutputGH<1>
  1.3     17.68    0.12   53.33   [0117] EMGEvolve: EMG_Boundaries in CCTK_POSTINITIAL
  1.1     15.00   13.43   17.43   meta mode/meta mode/global mode/level(1)
  0.8     10.94    0.27   47.33   [0123] LeanBSSNMoL: LeanBSSN_Boundaries in CCTK_POSTINITIAL
  0.7     10.22   10.22   10.22   main/CarpetStartup
  0.7     10.20   10.19   10.20   main/CarpetStartup/CarpetLib::gh::regrid
  0.7     10.19   10.19   10.20   main/CarpetStartup/CarpetLib::gh::regrid/CarpetLib::dh::regrid
  0.6      8.38    0.06   32.34   [0128] NPScalars: NPboundaries in CCTK_POSTINITIAL
  0.5      7.06    6.61    7.59   main/Initialise/CallAnalysis/CCTK_ANALYSIS
  0.5      7.04    6.59    7.57   main/Initialise/CallAnalysis/CCTK_ANALYSIS/CallFunction
  0.4      6.22    5.94    6.79   main/Initialise/CallAnalysis/CCTK_ANALYSIS/CallFunction/thorns
  0.4      6.17    6.16    6.21   main/Initialise/CallInitial/CallRegridInitialMeta
  0.4      6.16    6.15    6.17   main/Initialise/CallInitial/CallRegridInitialMeta/Regrid
  0.4      5.87    5.87    6.04   main/Initialise/CallInitial/CallRegridInitialMeta/Regrid/RegridMap
  0.4      5.87    5.86    5.95   main/Initialise/CallInitial/CallRegridInitialMeta/Regrid/RegridMap/CarpetLib::gh::regrid
  0.4      5.87    5.86    5.94   main/Initialise/CallInitial/CallRegridInitialMeta/Regrid/RegridMap/CarpetLib::gh::regrid/CarpetLib::dh::regrid
  0.4      5.36    4.93    5.74   meta mode/meta mode/global mode/level(7)
  0.4      5.22    4.88    5.54   meta mode/meta mode/global mode/level(5)
======================================================================
==================================================================================================================================================================================================
Thorn           | Scheduled routine in time bin           | gettimeofday [secs] | getrusage [secs] | cycle [secs] | cycle[avg] [secs] | cycle[sdv] [secs] | cycle[min] [secs] | cycle[max] [secs] 
==================================================================================================================================================================================================
Carpet          | Multi-model Startup routine             |          0.07725800 |       0.05291000 |   0.00000000 |        0.00000000 |        0.00000000 |        0.00000000 |        0.00000000 
CycleClock      | Set up CycleClock                       |          0.10019900 |       0.09954300 |   0.00000132 |        0.00000132 |        0.00000000 |        0.00000132 |        0.00000132 
LoopControl     | Set up LoopControl                      |          0.00001100 |       0.00001100 |   0.00001048 |        0.00001048 |        0.00000000 |        0.00001048 |        0.00001048 
Timers          | Prepare hierarchical timers             |          0.00004400 |       0.00003300 |   0.00004387 |        0.00004387 |        0.00000000 |        0.00004387 |        0.00004387 
Carpet          | Startup routine                         |          0.00000200 |       0.00000200 |   0.00000169 |        0.00000169 |        0.00000000 |        0.00000169 |        0.00000169 
IOUtil          | Startup routine                         |          0.00001200 |       0.00001200 |   0.00001238 |        0.00001238 |        0.00000000 |        0.00001238 |        0.00001238 
CarpetIOScalar  | Startup routine                         |          0.00001300 |       0.00001300 |   0.00001304 |        0.00001304 |        0.00000000 |        0.00001304 |        0.00001304 
CarpetInterp    | Startup routine                         |          0.00007600 |       0.00007600 |   0.00007614 |        0.00007614 |        0.00000000 |        0.00007614 |        0.00007614 
CarpetReduce    | Startup routine                         |          0.00003600 |       0.00003600 |   0.00003694 |        0.00003694 |        0.00000000 |        0.00003694 |        0.00003694 
CartGrid3D      | Register GH Extension for GridSymmetry  |          0.00000200 |       0.00000200 |   0.00000116 |        0.00000116 |        0.00000000 |        0.00000116 |        0.00000116 
CoordBase       | Register a GH extension to store the coo|          0.00000200 |       0.00000200 |   0.00000111 |        0.00000111 |        0.00000000 |        0.00000111 |        0.00000111 
AEILocalInterp  | register CCTK_InterpLocalUniform() inter|          0.00000200 |       0.00000200 |   0.00000247 |        0.00000247 |        0.00000000 |        0.00000247 |        0.00000247 
EMGEvolve       | Register the masks for excision         |          0.00002200 |       0.00002200 |   0.00002219 |        0.00002219 |        0.00000000 |        0.00002219 |        0.00002219 
CarpetIOASCII   | Startup routine                         |          0.00012800 |       0.00012800 |   0.00012830 |        0.00012830 |        0.00000000 |        0.00012830 |        0.00012830 
LeanBSSNMoL     | Register slicing                        |          0.00002200 |       0.00002200 |   0.00002196 |        0.00002196 |        0.00000000 |        0.00002196 |        0.00002196 
LocalInterp     | register LocalInterp's interpolation ope|          0.00000100 |       0.00000100 |   0.00000093 |        0.00000093 |        0.00000000 |        0.00000093 |        0.00000093 
CarpetIOBasic   | Startup routine                         |          0.00000300 |       0.00000300 |   0.00000287 |        0.00000287 |        0.00000000 |        0.00000287 |        0.00000287 
MoL             | Startup banner                          |          0.00000100 |       0.00000100 |   0.00000099 |        0.00000099 |        0.00000000 |        0.00000099 |        0.00000099 
Slab            | Create MPI datatypes for complex variabl|          0.00000200 |       0.00000200 |   0.00000237 |        0.00000237 |        0.00000000 |        0.00000237 |        0.00000237 
SymBase         | Register GH Extension for SymBase       |          0.00000300 |       0.00000300 |   0.00000367 |        0.00000367 |        0.00000000 |        0.00000367 |        0.00000367 
TerminationTrigg| Start signal handler                    |          0.00002300 |       0.00002300 |   0.00002382 |        0.00002382 |        0.00000000 |        0.00002382 |        0.00002382 
CarpetIOHDF5    | Startup routine                         |          0.00010500 |       0.00000000 |   0.00010467 |        0.00010467 |        0.00000000 |        0.00010467 |        0.00010467 
Vectors         | Print startup message                   |          0.00000200 |       0.00000000 |   0.00000151 |        0.00000151 |        0.00000000 |        0.00000151 |        0.00000151 
hwloc           | Output hwloc version                    |          0.00000300 |       0.00000000 |   0.00000261 |        0.00000261 |        0.00000000 |        0.00000261 |        0.00000261 
--------------------------------------------------------------------------------------------------------------------------------------------------------------------------------------------------
                | Total time for CCTK_STARTUP             |          0.17797200 |       0.15284700 |   0.00051650 |        0.00051650 |        0.00000000 |        0.00051650 |        0.00051650 
==================================================================================================================================================================================================
ADMBase         | Set up GF symmetries                    |          0.00005900 |       0.00004300 |   0.00005888 |        0.00005888 |        0.00000000 |        0.00005888 |        0.00005888 
Boundary        | Register boundary conditions that this t|          0.00001200 |       0.00000800 |   0.00001187 |        0.00001187 |        0.00000000 |        0.00001187 |        0.00001187 
CarpetRegrid2   | Initialise locations of refined regions |          0.00002600 |       0.00001900 |   0.00002586 |        0.00002586 |        0.00000000 |        0.00002586 |        0.00002586 
CartGrid3D      | Register coordinates for the Cartesian g|          0.00015300 |       0.00011300 |   0.00015264 |        0.00015264 |        0.00000000 |        0.00015264 |        0.00015264 
CoordGauge      | Initialize slicing, setup priorities for|          0.00000900 |       0.00000700 |   0.00000941 |        0.00000941 |        0.00000000 |        0.00000941 |        0.00000941 
CoordGauge      | Identify the slicing for the next iterat|          0.00000600 |       0.00000400 |   0.00000618 |        0.00000618 |        0.00000000 |        0.00000618 |        0.00000618 
MoL             | Set up the MoL bookkeeping index arrays |          0.00005400 |       0.00003900 |   0.00005367 |        0.00005367 |        0.00000000 |        0.00005367 |        0.00005367 
MoL             | Set the flag so it is ok to register wit|          0.00000600 |       0.00000400 |   0.00000625 |        0.00000625 |        0.00000000 |        0.00000625 |        0.00000625 
TmunuBase       | Set the stress_energy_state variable    |          0.00007500 |       0.00005500 |   0.00007416 |        0.00007416 |        0.00000000 |        0.00007416 |        0.00007416 
EMGEvolve       | Register variables for MoL              |          0.00010800 |       0.00007900 |   0.00010729 |        0.00010729 |        0.00000000 |        0.00010729 |        0.00010729 
LeanBSSNMoL     | Register variables for MoL              |          0.00012600 |       0.00010300 |   0.00012631 |        0.00012631 |        0.00000000 |        0.00012631 |        0.00012631 
Slab            | Initialise timers                       |          0.00001700 |       0.00001700 |   0.00001694 |        0.00001694 |        0.00000000 |        0.00001694 |        0.00001694 
SpaceMask       | Set grid symmetries for mask            |          0.00001100 |       0.00001100 |   0.00001023 |        0.00001023 |        0.00000000 |        0.00001023 |        0.00001023 
SpaceMask       | Set grid symmetries for emask (compatibi|          0.00000600 |       0.00000600 |   0.00000595 |        0.00000595 |        0.00000000 |        0.00000595 |        0.00000595 
CartGrid3D      | Register symmetry boundaries            |          0.00008000 |       0.00008000 |   0.00007981 |        0.00007981 |        0.00000000 |        0.00007981 |        0.00007981 
ReflectionSymmet| Register reflection symmetry boundaries |          0.00000800 |       0.00000900 |   0.00000857 |        0.00000857 |        0.00000000 |        0.00000857 |        0.00000857 
SymBase         | Print symmetry boundary face description|          0.00000600 |       0.00000600 |   0.00000624 |        0.00000624 |        0.00000000 |        0.00000624 |        0.00000624 
MoL             | Report how many of each type of variable|          0.00007900 |       0.00007900 |   0.00007907 |        0.00007907 |        0.00000000 |        0.00007907 |        0.00007907 
--------------------------------------------------------------------------------------------------------------------------------------------------------------------------------------------------
                | Total time for CCTK_WRAGH               |          0.00084100 |       0.00068200 |   0.00083933 |        0.00083933 |        0.00000000 |        0.00083933 |        0.00083933 
==================================================================================================================================================================================================
ADMBase         | Check consistency of parameters         |          0.00001300 |       0.00001200 |   0.00001267 |        0.00001267 |        0.00000000 |        0.00001267 |        0.00001267 
Boundary        | Check dimension of grid variables       |          0.00000500 |       0.00000400 |   0.00000437 |        0.00000437 |        0.00000000 |        0.00000437 |        0.00000437 
Carpet          | Parameter checking routine              |          0.00002400 |       0.00002400 |   0.00002368 |        0.00002368 |        0.00000000 |        0.00002368 |        0.00002368 
CarpetLib       | Test prolongation operators             |          0.00002400 |       0.00002400 |   0.00002414 |        0.00002414 |        0.00000000 |        0.00002414 |        0.00002414 
CarpetMask      | Check parameters                        |          0.00000500 |       0.00000500 |   0.00000494 |        0.00000494 |        0.00000000 |        0.00000494 |        0.00000494 
CarpetRegrid2   | Check parameters                        |          0.00003500 |       0.00003500 |   0.00003469 |        0.00003469 |        0.00000000 |        0.00003469 |        0.00003469 
CartGrid3D      | Check coordinates for CartGrid3D        |          0.00000800 |       0.00000900 |   0.00000809 |        0.00000809 |        0.00000000 |        0.00000809 |        0.00000809 
Dissipation     | Check dissipation parameters for consist|          0.00000900 |       0.00000900 |   0.00000873 |        0.00000873 |        0.00000000 |        0.00000873 |        0.00000873 
Fortran         | Test whether Fortran parameters work cor|          0.00000600 |       0.00000600 |   0.00000571 |        0.00000571 |        0.00000000 |        0.00000571 |        0.00000571 
LeanBSSNMoL     | Check Lean parameters for consistency   |          0.00000500 |       0.00000500 |   0.00000501 |        0.00000501 |        0.00000000 |        0.00000501 |        0.00000501 
MoL             | Basic parameter checking                |          0.00000700 |       0.00000600 |   0.00000638 |        0.00000638 |        0.00000000 |        0.00000638 |        0.00000638 
Multipole       | Check Multipole parameters              |          0.00000800 |       0.00000800 |   0.00000810 |        0.00000810 |        0.00000000 |        0.00000810 |        0.00000810 
NPScalars       | Check NPScalars parameters for consisten|          0.00000400 |       0.00000500 |   0.00000461 |        0.00000461 |        0.00000000 |        0.00000461 |        0.00000461 
QuasiLocalMeasur| Check quasi-local parameter settings    |          0.00095400 |       0.00094700 |   0.00095478 |        0.00095478 |        0.00000000 |        0.00095478 |        0.00095478 
SphericalSurface| Check that all surface names are unique |          0.00000500 |       0.00000500 |   0.00000491 |        0.00000491 |        0.00000000 |        0.00000491 |        0.00000491 
TerminationTrigg| Check consitency of parameters          |          0.00000500 |       0.00000600 |   0.00000508 |        0.00000508 |        0.00000000 |        0.00000508 |        0.00000508 
TmunuBase       | Check that no deprecated parameters are |          0.00000400 |       0.00000500 |   0.00000444 |        0.00000444 |        0.00000000 |        0.00000444 |        0.00000444 
TwoChargedPunctu| Check parameters and thorn needs        |          0.00000700 |       0.00000600 |   0.00000623 |        0.00000623 |        0.00000000 |        0.00000623 |        0.00000623 
Vectors         | Run correctness tests.                  |          0.00003400 |       0.00003400 |   0.00003412 |        0.00003412 |        0.00000000 |        0.00003412 |        0.00003412 
--------------------------------------------------------------------------------------------------------------------------------------------------------------------------------------------------
                | Total time for CCTK_PARAMCHECK          |          0.00116200 |       0.00115500 |   0.00116068 |        0.00116068 |        0.00000000 |        0.00116068 |        0.00116068 
==================================================================================================================================================================================================
ADMBase         | Set the shift_state variable to 1       |          0.00142800 |       0.00142300 |   0.00142675 |        0.00017834 |        0.00015912 |        0.00007867 |        0.00029785 
ADMBase         | Set the dtlapse_state variable to 1     |          0.00014300 |       0.00014300 |   0.00014344 |        0.00001793 |        0.00000394 |        0.00001594 |        0.00002105 
ADMBase         | Set the dtshift_state variable to 1     |          0.00013900 |       0.00013800 |   0.00013629 |        0.00001704 |        0.00000338 |        0.00001591 |        0.00001979 
ADMMacros       | Initialize the local_spatial_order      |          0.00015100 |       0.00014800 |   0.00015137 |        0.00001892 |        0.00000571 |        0.00001701 |        0.00002385 
CartGrid3D      | Set up ranges for spatial 3D Cartesian c|          0.00024000 |       0.00014100 |   0.00023902 |        0.00002988 |        0.00007299 |        0.00001807 |        0.00009797 
CartGrid3D      | Set up spatial 3D Cartesian coordinates |          0.02009500 |       0.01081300 |   0.02009662 |        0.00251208 |        0.01528184 |        0.00031286 |        0.01679785 
SphericalSurface| Set surface resolution automatically    |          0.00096800 |       0.00095400 |   0.00096738 |        0.00012092 |        0.00089366 |        0.00000123 |        0.00095687 
AHFinderDirect  | setup data structures                   |          0.00301800 |       0.00101200 |   0.00301460 |        0.00037683 |        0.00280933 |        0.00000119 |        0.00300472 
Dissipation     | Ensure that there are enough ghost zones|          0.00359300 |       0.00152700 |   0.00359197 |        0.00044900 |        0.00266500 |        0.00006538 |        0.00294031 
EMGBase         | Register symmetries of the grid function|          0.00014500 |       0.00013600 |   0.00014607 |        0.00001826 |        0.00012520 |        0.00000135 |        0.00013537 
EMGEvolve       | Schedule symmetries                     |          0.00128400 |       0.00127900 |   0.00128303 |        0.00016038 |        0.00119036 |        0.00000115 |        0.00127386 
EMGEvolve       | set all rhs functions to zero to prevent|          0.02980900 |       0.00416300 |   0.02980677 |        0.00372585 |        0.02269606 |        0.00041305 |        0.02494562 
LeanBSSNMoL     | Register symmetries of the BSSN grid fun|          0.00031200 |       0.00025000 |   0.00031212 |        0.00003902 |        0.00028192 |        0.00000112 |        0.00030272 
LeanBSSNMoL     | Set all rhs functions to zero to prevent|          0.08092400 |       0.00958900 |   0.08091984 |        0.01011498 |        0.06281499 |        0.00097867 |        0.06884585 
NPScalars       | Set symmetries for grid functions       |          0.00141200 |       0.00131400 |   0.00140967 |        0.00017621 |        0.00130502 |        0.00000128 |        0.00139694 
NPScalars_EMG   | Set symmetries for grid functions       |          0.00026300 |       0.00024300 |   0.00026081 |        0.00003260 |        0.00023230 |        0.00000132 |        0.00024990 
NaNChecker      | Reset the NaNChecker::NaNsFound counter |          0.00003700 |       0.00002800 |   0.00003360 |        0.00000420 |        0.00002062 |        0.00000126 |        0.00002349 
SpaceMask       | Initialise mask to zero                 |          0.00361000 |       0.00117500 |   0.00360704 |        0.00045088 |        0.00243650 |        0.00006006 |        0.00272214 
SpaceMask       | Set old style mask to one               |          0.00403100 |       0.00079800 |   0.00402982 |        0.00050373 |        0.00303514 |        0.00005989 |        0.00334150 
SphericalSurface| Calculate surface coordinate descriptors|          0.00008100 |       0.00006100 |   0.00007989 |        0.00000999 |        0.00006533 |        0.00000112 |        0.00007110 
CarpetReduce    | Allocate the weight function            |          0.00027300 |       0.00021600 |   0.00027267 |        0.00003408 |        0.00024509 |        0.00000108 |        0.00026334 
CarpetReduce    | Initialise the weight function          |          0.00462400 |       0.00255100 |   0.00462271 |        0.00057784 |        0.00431144 |        0.00000141 |        0.00461082 
CarpetReduce    | Set up the outer boundaries of the weigh|          0.00217500 |       0.00216400 |   0.00217424 |        0.00027178 |        0.00202331 |        0.00000116 |        0.00216441 
CarpetReduce    | Set up the weight function for the restr|          0.00128200 |       0.00126200 |   0.00128033 |        0.00016004 |        0.00118619 |        0.00000126 |        0.00126962 
CarpetMask      | Set up the weight function for the exclu|          0.00019100 |       0.00018400 |   0.00018952 |        0.00002369 |        0.00016533 |        0.00000122 |        0.00017834 
CarpetMask      | Set up the weight function for the exclu|          0.00019400 |       0.00017500 |   0.00019138 |        0.00002392 |        0.00016626 |        0.00000144 |        0.00017944 
CarpetReduce    | Set the weight function                 |          0.01279600 |       0.00774500 |   0.01279664 |        0.00159958 |        0.01195736 |        0.00000152 |        0.01278467 
CarpetReduce    | Test the weight function                |          0.09079400 |       0.09033800 |   0.09079585 |        0.01134948 |        0.08491488 |        0.00000136 |        0.09078008 
SphericalSurface| Set surface radii to be used for initial|          0.00003600 |       0.00003000 |   0.00003639 |        0.00000455 |        0.00002211 |        0.00000128 |        0.00002522 
SphericalSurface| Test the state of the spherical surfaces|          0.00002700 |       0.00001900 |   0.00002484 |        0.00000311 |        0.00001201 |        0.00000132 |        0.00001433 
SymBase         | Check whether the driver set up the grid|          0.00023000 |       0.00014600 |   0.00023094 |        0.00002887 |        0.00004616 |        0.00002049 |        0.00007154 
TerminationTrigg| Clear trigger state                     |          0.00015500 |       0.00008100 |   0.00015578 |        0.00001947 |        0.00000771 |        0.00001659 |        0.00002345 
TerminationTrigg| Start timer                             |          0.00022100 |       0.00012000 |   0.00022069 |        0.00002759 |        0.00001224 |        0.00002400 |        0.00003806 
TerminationTrigg| Create termination file                 |          0.00453500 |       0.00122100 |   0.00453366 |        0.00056671 |        0.00032396 |        0.00045877 |        0.00080227 
Time            | Initialise Time variables               |          0.00002400 |       0.00000900 |   0.00002336 |        0.00000292 |        0.00001114 |        0.00000109 |        0.00001330 
Time            | Set timestep based on Courant condition |          0.00008700 |       0.00006300 |   0.00008503 |        0.00001063 |        0.00000286 |        0.00000932 |        0.00001247 
--------------------------------------------------------------------------------------------------------------------------------------------------------------------------------------------------
                | Total time for CCTK_BASEGRID            |          0.26932700 |       0.14165900 |   0.26929015 |        0.03366127 |        0.22150648 |        0.00258984 |        0.24070012 
==================================================================================================================================================================================================
StaticConformal | Set the conformal_state variable to 0   |          0.00017500 |       0.00012300 |   0.00017479 |        0.00002185 |        0.00001122 |        0.00001890 |        0.00003091 
TwoChargedPunctu| Create puncture black hole initial data |       1272.45005800 |    1264.94973100 | 1272.38810540 |      159.04851318 |     1156.37890519 |        2.97786989 |     1240.73029755 
ADMBase         | Set the shift to 0 at all points        |          0.01467400 |       0.00436100 |   0.01467045 |        0.00183381 |        0.00968669 |        0.00036716 |        0.01088040 
ADMBase         | Set the dtlapse to 0 at all points      |          0.00469900 |       0.00117500 |   0.00469857 |        0.00058732 |        0.00306135 |        0.00012053 |        0.00344548 
ADMBase         | Set the dtshift to 0 at all points      |          0.01317100 |       0.00163000 |   0.01317128 |        0.00164641 |        0.00908505 |        0.00028937 |        0.01013118 
CarpetIOASCII   | Initialisation routine                  |          0.00005900 |       0.00005400 |   0.00005996 |        0.00000749 |        0.00004715 |        0.00000109 |        0.00005160 
CarpetIOBasic   | Initialisation routine                  |          0.00002100 |       0.00001700 |   0.00002199 |        0.00000275 |        0.00001316 |        0.00000094 |        0.00001506 
CarpetIOHDF5    | Initialisation routine                  |          0.00002200 |       0.00001600 |   0.00002126 |        0.00000266 |        0.00001172 |        0.00000099 |        0.00001362 
CarpetIOScalar  | Initialisation routine                  |          0.00001900 |       0.00001400 |   0.00001967 |        0.00000246 |        0.00000962 |        0.00000105 |        0.00001145 
LeanBSSNMoL     | Convert initial data into BSSN variables|          0.19788300 |       0.17048700 |   0.19787562 |        0.02473445 |        0.16319309 |        0.00175651 |        0.17734373 
LeanBSSNMoL     | Boundary enforcement                    |         22.65466300 |      22.55128500 |  22.65355192 |        2.83169399 |       20.63434714 |        0.00231062 |       22.13205071 
MoL             | Initialise the step size control        |          0.00005400 |       0.00004800 |   0.00005343 |        0.00000668 |        0.00001036 |        0.00000401 |        0.00001609 
PunctureTracker | Calculate initial location of punctures |          0.00007100 |       0.00006900 |   0.00007040 |        0.00000880 |        0.00005738 |        0.00000109 |        0.00006247 
QuasiLocalMeasur| Initialise quasi-local calculations     |          0.00020100 |       0.00019800 |   0.00020008 |        0.00002501 |        0.00017831 |        0.00000102 |        0.00019181 
Boundary        | Apply all requested local physical bound|          0.00065100 |       0.00059000 |   0.00065001 |        0.00008125 |        0.00005388 |        0.00005841 |        0.00011179 
CartGrid3D      | Apply symmetry boundary conditions      |          0.00018400 |       0.00018400 |   0.00018364 |        0.00002295 |        0.00001092 |        0.00001986 |        0.00003280 
ReflectionSymmet| Apply reflection symmetries             |          0.00029500 |       0.00029300 |   0.00029380 |        0.00003673 |        0.00005993 |        0.00002586 |        0.00009262 
Boundary        | Unselect all grid variables for boundary|          0.00004000 |       0.00004400 |   0.00004206 |        0.00000526 |        0.00000305 |        0.00000402 |        0.00000734 
--------------------------------------------------------------------------------------------------------------------------------------------------------------------------------------------------
                | Total time for CCTK_INITIAL             |       1295.33694000 |    1287.68031900 | 1295.27386435 |      161.90923304 |     1177.19874521 |        2.98285132 |     1263.06478661 
==================================================================================================================================================================================================
CarpetIOHDF5    | Close all filereader input files        |          0.00008900 |       0.00008900 |   0.00009114 |        0.00001139 |        0.00007599 |        0.00000109 |        0.00008247 
LeanBSSNMoL     | Remove trace of A                       |          0.02479900 |       0.02460000 |   0.02479536 |        0.00309942 |        0.01952761 |        0.00032888 |        0.02135765 
EMGEvolve       | MoL boundary enforcement for EMG variabl|         10.86703800 |      10.79181000 |  10.86650652 |        1.35831331 |        7.17809039 |        0.00525053 |        7.77476350 
Boundary        | Apply all requested local physical bound|          0.00817800 |       0.00809800 |   0.00817921 |        0.00020448 |        0.00304770 |        0.00003714 |        0.00310958 
CartGrid3D      | Apply symmetry boundary conditions      |          0.00097600 |       0.00096800 |   0.00096862 |        0.00002422 |        0.00008979 |        0.00001588 |        0.00008689 
ReflectionSymmet| Apply reflection symmetries             |          0.00102000 |       0.00100700 |   0.00101413 |        0.00002535 |        0.00003718 |        0.00001672 |        0.00004301 
Boundary        | Unselect all grid variables for boundary|          0.00022300 |       0.00022200 |   0.00022296 |        0.00000557 |        0.00000959 |        0.00000316 |        0.00000969 
LeanBSSNMoL     | Make sure conformal factor does not drop|          0.00166000 |       0.00164800 |   0.00165873 |        0.00020734 |        0.00107788 |        0.00004378 |        0.00121368 
LeanBSSNMoL     | MoL boundary enforcement                |         13.52784700 |      13.41762300 |  13.52718413 |        1.69089802 |       11.25937499 |        0.01233916 |       12.20560550 
LeanBSSNMoL     | Convert variables back to the ADM ones  |          0.03520900 |       0.03290800 |   0.03520797 |        0.00440100 |        0.02689969 |        0.00044613 |        0.02953679 
TmunuBase       | Initialise the stress-energy tensor to z|          0.02070100 |       0.00842800 |   0.02070125 |        0.00258766 |        0.01291574 |        0.00057244 |        0.01462636 
EMGEvolve       | Compute the energy-momentum tensor      |          0.08667000 |       0.08514300 |   0.08667584 |        0.01083448 |        0.07390226 |        0.00054010 |        0.07994896 
NPScalars       | calculate Psi4 as grid function         |          1.99761400 |       1.97959100 |   1.99751677 |        0.12484480 |        1.21077367 |        0.00586051 |        0.92564175 
NPScalars       | Symmetry boundary conditions            |         32.34069900 |      32.09043200 |  32.33911673 |        2.02119480 |       31.11036353 |        0.00151353 |       32.14342412 
NPScalars_EMG   | calculate grid functions                |          0.99666500 |       0.95623000 |   0.99661440 |        0.12457680 |        0.85126249 |        0.00638391 |        0.92067646 
NPScalars_EMG   | Symmetry boundary conditions            |          0.23196400 |       0.23043700 |   0.23195139 |        0.02899392 |        0.13449917 |        0.00572636 |        0.15146296 
--------------------------------------------------------------------------------------------------------------------------------------------------------------------------------------------------
                | Total time for CCTK_POSTINITIAL         |         60.14135200 |      59.62923400 |  60.13840513 |        5.37022256 |       51.88194766 |        0.03907930 |       54.27158936 
==================================================================================================================================================================================================
LeanBSSNMoL     | Remove trace of A                       |          0.02872100 |       0.02840400 |   0.02871857 |        0.00358982 |        0.02016856 |        0.00052040 |        0.02237355 
EMGEvolve       | MoL boundary enforcement for EMG variabl|          0.40765600 |       0.40494300 |   0.40763613 |        0.05095452 |        0.28626345 |        0.00207231 |        0.31762167 
Boundary        | Apply all requested local physical bound|          0.00766500 |       0.00750400 |   0.00766517 |        0.00023954 |        0.00336532 |        0.00007490 |        0.00352723 
CartGrid3D      | Apply symmetry boundary conditions      |          0.00076000 |       0.00073600 |   0.00075488 |        0.00002359 |        0.00009639 |        0.00001755 |        0.00011259 
ReflectionSymmet| Apply reflection symmetries             |          0.00083300 |       0.00079700 |   0.00083138 |        0.00002598 |        0.00002555 |        0.00001991 |        0.00003957 
Boundary        | Unselect all grid variables for boundary|          0.00018300 |       0.00017600 |   0.00018067 |        0.00000565 |        0.00000698 |        0.00000437 |        0.00000972 
LeanBSSNMoL     | Make sure conformal factor does not drop|          0.00210600 |       0.00209200 |   0.00210651 |        0.00026331 |        0.00146428 |        0.00005196 |        0.00163172 
LeanBSSNMoL     | MoL boundary enforcement                |          1.03183400 |       1.02194800 |   1.03178376 |        0.12897297 |        0.61549364 |        0.01442685 |        0.69422548 
LeanBSSNMoL     | Convert variables back to the ADM ones  |          0.04784900 |       0.04619100 |   0.04784805 |        0.00598101 |        0.03755134 |        0.00047156 |        0.04103064 
TmunuBase       | Initialise the stress-energy tensor to z|          0.02363500 |       0.02200000 |   0.02363233 |        0.00295404 |        0.01786966 |        0.00022497 |        0.01963345 
EMGEvolve       | Compute the energy-momentum tensor      |          0.09265200 |       0.09174100 |   0.09264958 |        0.01158120 |        0.07964915 |        0.00052404 |        0.08607219 
NPScalars       | Symmetry boundary conditions            |          0.20852000 |       0.20740400 |   0.20850835 |        0.02606354 |        0.12659517 |        0.00181543 |        0.14338595 
NPScalars_EMG   | Symmetry boundary conditions            |          0.21551500 |       0.21327700 |   0.21550421 |        0.02693803 |        0.09028651 |        0.00711866 |        0.10381067 
--------------------------------------------------------------------------------------------------------------------------------------------------------------------------------------------------
                | Total time for CCTK_POSTRESTRICTINITIAL |          2.06792900 |       2.04721300 |   2.06781958 |        0.25759319 |        1.27883599 |        0.02734288 |        1.43347442 
==================================================================================================================================================================================================
CarpetIOHDF5    | Initial data checkpoint routine         |          0.00036000 |       0.00035500 |   0.00035486 |        0.00004436 |        0.00028656 |        0.00000407 |        0.00031223 
--------------------------------------------------------------------------------------------------------------------------------------------------------------------------------------------------
                | Total time for CCTK_CPINITIAL           |          0.00036000 |       0.00035500 |   0.00035486 |        0.00004436 |        0.00028656 |        0.00000407 |        0.00031223 
==================================================================================================================================================================================================
AHFinderDirect  | import the excision mask                |          0.00841600 |       0.00240300 |   0.00841494 |        0.00105187 |        0.00786127 |        0.00000118 |        0.00840541 
AHFinderDirect  | find apparent horizon(s) after this time|          3.33539100 |       2.56908900 |   3.33522710 |        0.41690339 |        3.11981082 |        0.00000099 |        3.33521919 
AHFinderDirect  | store apparent horizon(s) into spherical|          0.00464600 |       0.00360900 |   0.00462731 |        0.00057841 |        0.00431802 |        0.00000116 |        0.00461756 
AHFinderDirect  | save apparent horizon(s) into Cactus var|          0.00115100 |       0.00014400 |   0.00114792 |        0.00014349 |        0.00106320 |        0.00000115 |        0.00113802 
AHFinderDirect  | set mask(s) based on apparent horizon po|          0.02826500 |       0.00598400 |   0.02826328 |        0.00353291 |        0.02310738 |        0.00015438 |        0.02512166 
SphericalSurface| Set surface radii                       |          0.00005800 |       0.00005800 |   0.00005622 |        0.00000703 |        0.00004214 |        0.00000111 |        0.00004643 
SphericalSurface| Test the state of the spherical surfaces|          0.00002100 |       0.00001800 |   0.00001979 |        0.00000247 |        0.00000938 |        0.00000101 |        0.00001123 
NaNChecker      | Prepare data structures to check for NaN|          0.00015100 |       0.00014500 |   0.00015054 |        0.00001882 |        0.00011227 |        0.00000327 |        0.00012382 
NaNChecker      | Check for NaNs                          |          0.01038900 |       0.00985500 |   0.01038851 |        0.00129856 |        0.00806677 |        0.00016385 |        0.00884099 
NaNChecker      | Count NaNs in NaNChecker::NaNsFound     |          0.02868000 |       0.02817300 |   0.02867705 |        0.00358463 |        0.01382736 |        0.00001392 |        0.01231107 
NaNChecker      | Output NaNChecker::NaNmask and take acti|          0.00008400 |       0.00008200 |   0.00008264 |        0.00001033 |        0.00006636 |        0.00000108 |        0.00007240 
PunctureTracker | Copy puncture positions to spherical sur|          0.00026000 |       0.00026000 |   0.00025971 |        0.00003246 |        0.00023258 |        0.00000111 |        0.00025002 
SpaceMask       | Ensure that all mask values are legal   |          0.00442100 |       0.00439800 |   0.00441969 |        0.00055246 |        0.00347122 |        0.00006025 |        0.00379812 
Dissipation     | Setup spatially varying dissipation     |          0.02179800 |       0.00483800 |   0.02179679 |        0.00272460 |        0.01531088 |        0.00016675 |        0.01693075 
CarpetReduce    | Allocate the weight function            |          0.00110000 |       0.00009900 |   0.00109965 |        0.00013746 |        0.00101944 |        0.00000106 |        0.00109105 
CarpetReduce    | Initialise the weight function          |          0.00459900 |       0.00258100 |   0.00459927 |        0.00057491 |        0.00429423 |        0.00000096 |        0.00459179 
CarpetReduce    | Set up the outer boundaries of the weigh|          0.00203100 |       0.00200700 |   0.00203112 |        0.00025389 |        0.00189261 |        0.00000094 |        0.00202426 
CarpetReduce    | Set up the weight function for the restr|          0.00152400 |       0.00151700 |   0.00152429 |        0.00019054 |        0.00141593 |        0.00000095 |        0.00151501 
CarpetMask      | Set up the weight function for the exclu|          0.00022600 |       0.00021300 |   0.00022811 |        0.00002851 |        0.00020455 |        0.00000100 |        0.00021985 
CarpetMask      | Set up the weight function for the exclu|          0.12036700 |       0.11334600 |   0.12036312 |        0.01504539 |        0.11258065 |        0.00000102 |        0.12035495 
CarpetReduce    | Set the weight function                 |          0.01719700 |       0.01437800 |   0.01719545 |        0.00214943 |        0.01607625 |        0.00000100 |        0.01718739 
CarpetReduce    | Test the weight function                |          0.00585000 |       0.00550700 |   0.00584975 |        0.00073122 |        0.00546475 |        0.00000093 |        0.00584303 
--------------------------------------------------------------------------------------------------------------------------------------------------------------------------------------------------
                | Total time for CCTK_POSTSTEP            |          3.59662500 |       2.76870400 |   3.59642225 |        0.44955278 |        3.34024806 |        0.00057910 |        3.56971401 
==================================================================================================================================================================================================
CarpetLib       | Print timing statistics if desired      |          0.00005800 |       0.00005900 |   0.00005772 |        0.00000722 |        0.00003238 |        0.00000169 |        0.00003673 
CarpetLib       | Print memory statistics if desired      |          0.00002900 |       0.00002800 |   0.00002954 |        0.00000369 |        0.00001841 |        0.00000114 |        0.00002091 
EMGEvolve       | Compute constraints                     |          0.40991500 |       0.27633400 |   0.40989882 |        0.05123735 |        0.35161032 |        0.00264207 |        0.38011021 
EMGEvolve       | Enforce symmetry BCs in constraint compu|          0.00911600 |       0.00902900 |   0.00911543 |        0.00113943 |        0.00193515 |        0.00053250 |        0.00260842 
Boundary        | Apply all requested local physical bound|          0.00878200 |       0.00843100 |   0.00878147 |        0.00036589 |        0.00328281 |        0.00009445 |        0.00285002 
CartGrid3D      | Apply symmetry boundary conditions      |          0.00072700 |       0.00067900 |   0.00072470 |        0.00003020 |        0.00009918 |        0.00001942 |        0.00008926 
ReflectionSymmet| Apply reflection symmetries             |          0.00063400 |       0.00056400 |   0.00063205 |        0.00002634 |        0.00002838 |        0.00002046 |        0.00004504 
Boundary        | Unselect all grid variables for boundary|          0.00014600 |       0.00013400 |   0.00014339 |        0.00000597 |        0.00000576 |        0.00000479 |        0.00000979 
LeanBSSNMoL     | Compute constraints                     |          1.11192000 |       0.86671200 |   1.11186812 |        0.13898351 |        0.95228874 |        0.00654414 |        1.02964581 
LeanBSSNMoL     | Enforce symmetry BCs in constraint compu|          0.03775900 |       0.03743700 |   0.03775866 |        0.00471983 |        0.00815313 |        0.00120920 |        0.00937320 
LoopControl     | Output LoopControl statistics           |          0.00098200 |       0.00096300 |   0.00097950 |        0.00012244 |        0.00090648 |        0.00000115 |        0.00097037 
Multipole       | Calculate Multipoles                    |          2.01372200 |       1.90526700 |   2.01362232 |        0.25170279 |        1.88356182 |        0.00000119 |        2.01361354 
NPScalars_EMG   | calculate grid functions                |          0.98698200 |       0.97325000 |   0.98693430 |        0.12336679 |        0.83867785 |        0.00639079 |        0.90767228 
NPScalars_EMG   | Symmetry boundary conditions            |          0.22070600 |       0.21859800 |   0.22069440 |        0.02758680 |        0.11356025 |        0.00290312 |        0.13121588 
QuasiLocalMeasur| Calculate quasi-local quantities        |          1.90995500 |       1.84104100 |   1.90986191 |        1.90986191 |        0.00000000 |        1.90986191 |        1.90986191 
SystemStatistics| Collect system statistics               |          0.00028800 |       0.00028400 |   0.00028313 |        0.00003539 |        0.00025027 |        0.00000179 |        0.00026950 
TerminationTrigg| Check elapsed job walltime              |          0.00024400 |       0.00022500 |   0.00024392 |        0.00003049 |        0.00007064 |        0.00001819 |        0.00009577 
TerminationTrigg| Check if we received a termination signa|          0.00016500 |       0.00014600 |   0.00016661 |        0.00002083 |        0.00000720 |        0.00001838 |        0.00002670 
TerminationTrigg| Check termination file                  |          0.00184000 |       0.00064100 |   0.00183976 |        0.00022997 |        0.00049410 |        0.00006129 |        0.00067885 
TimerReport     | Print the timer report                  |          0.00004600 |       0.00002500 |   0.00004480 |        0.00000560 |        0.00003262 |        0.00000117 |        0.00003611 
--------------------------------------------------------------------------------------------------------------------------------------------------------------------------------------------------
                | Total time for CCTK_ANALYSIS            |          6.71401600 |       6.13984700 |   6.71368055 |        2.50948244 |        4.15501551 |        1.93032884 |        6.38923030 
==================================================================================================================================================================================================
CarpetIOHDF5    | Termination checkpoint routine          |          0.00046500 |       0.00045200 |   0.00046259 |        0.00005782 |        0.00039560 |        0.00000236 |        0.00042760 
LoopControl     | Output LoopControl statistics           |          0.00043800 |       0.00043700 |   0.00043609 |        0.00005451 |        0.00039437 |        0.00000164 |        0.00042341 
MoL             | Free the MoL bookkeeping index arrays   |          0.00093800 |       0.00089400 |   0.00093854 |        0.00011732 |        0.00005004 |        0.00008629 |        0.00014594 
TimerReport     | Print the timer report                  |          2.43832900 |       2.37305900 |   2.43821026 |        0.30477628 |        2.28072459 |        0.00000154 |        2.43819879 
--------------------------------------------------------------------------------------------------------------------------------------------------------------------------------------------------
                | Total time for CCTK_TERMINATE           |          2.44017000 |       2.37484200 |   2.44004747 |        0.30500593 |        2.28156460 |        0.00009182 |        2.43919574 
==================================================================================================================================================================================================
Timers          | Prepare hierarchical timers             |          0.00042600 |       0.00042300 |   0.00042557 |        0.00042557 |        0.00000000 |        0.00042557 |        0.00042557 
--------------------------------------------------------------------------------------------------------------------------------------------------------------------------------------------------
                | Total time for CCTK_SHUTDOWN            |          0.00042600 |       0.00042300 |   0.00042557 |        0.00042557 |        0.00000000 |        0.00042557 |        0.00042557 
==================================================================================================================================================================================================
--------------------------------------------------------------------------------------------------------------------------------------------------------------------------------------------------
                | Total time for simulation               |       1399.05819400 |    1386.67281300 | 1398.99005621 |     1398.99005621 |        0.00000000 |     1398.99005621 |     1398.99005621 
==================================================================================================================================================================================================
--------------------------------------------------------------------------------
Done.
