unload BOOST/1.88.0 (PATH, LD_LIBRARY_PATH, LIBRARY_PATH, PKG_CONFIG_PATH,
C_INCLUDE_PATH, CPLUS_INCLUDE_PATH, BOOST_ROOT, BOOST_DIR) 
remove cmake/3.25.1 (LD_LIBRARY_PATH)
unload SCALAPACK/2.2.0 (LD_LIBRARY_PATH, LIBRARY_PATH, PKG_CONFIG_PATH,
C_INCLUDE_PATH, CPLUS_INCLUDE_PATH) 
unload HDF5/1.14.1-2 (PATH, LD_LIBRARY_PATH, LIBRARY_PATH, C_INCLUDE_PATH,
CPLUS_INCLUDE_PATH, HDF5_DIR, HDF5_ROOT, CFLAGS, CPPFLAGS, LDFLAGS) 
unload OPENBLAS/0.3.27-openmp (LD_LIBRARY_PATH, LIBRARY_PATH, PKG_CONFIG_PATH,
CMAKE_PREFIX_PATH) 
unload FFTW/3.3.10 (LD_LIBRARY_PATH, LIBRARY_PATH, CPATH, C_INCLUDE_PATH,
CPLUS_INCLUDE_PATH, PKG_CONFIG_PATH, FFTW_ROOT, FFTW_HOME) 
unload ZLIB/1.3.1 (LD_LIBRARY_PATH, PKG_CONFIG_PATH, C_INCLUDE_PATH,
CPLUS_INCLUDE_PATH, MANPATH, CFLAGS, CXXFLAGS, LDFLAGS) 
unload HWLOC/2.10.0 (PATH, MANPATH, LD_LIBRARY_PATH, LIBRARY_PATH,
C_INCLUDE_PATH, PKG_CONFIG_PATH, HWLOC_DIR, HWLOC_ROOT) 
unload LAPACK/3.11 (LD_LIBRARY_PATH, LIBRARY_PATH, PKG_CONFIG_PATH,
C_INCLUDE_PATH, CPLUS_INCLUDE_PATH) 
remove mkl/2024.2 (LD_LIBRARY_PATH)
remove openmpi/4.1.5-gcc (LD_LIBRARY_PATH)
load openmpi/4.1.5-gcc (LD_LIBRARY_PATH)
load mkl/2024.2 (LD_LIBRARY_PATH)
load LAPACK/3.11 (LD_LIBRARY_PATH, LIBRARY_PATH, PKG_CONFIG_PATH,
C_INCLUDE_PATH, CPLUS_INCLUDE_PATH) 
load HWLOC/2.10.0 (PATH, MANPATH, LD_LIBRARY_PATH, LIBRARY_PATH,
C_INCLUDE_PATH, PKG_CONFIG_PATH, HWLOC_DIR, HWLOC_ROOT) 
load ZLIB/1.3.1 (LD_LIBRARY_PATH, PKG_CONFIG_PATH, C_INCLUDE_PATH,
CPLUS_INCLUDE_PATH, MANPATH, CFLAGS, CXXFLAGS, LDFLAGS) 
load FFTW/3.3.10 (LD_LIBRARY_PATH, LIBRARY_PATH, CPATH, C_INCLUDE_PATH,
CPLUS_INCLUDE_PATH, PKG_CONFIG_PATH, FFTW_ROOT, FFTW_HOME) 
load OPENBLAS/0.3.27-openmp (LD_LIBRARY_PATH, LIBRARY_PATH, PKG_CONFIG_PATH,
CMAKE_PREFIX_PATH) 
load HDF5/1.14.1-2 (PATH, LD_LIBRARY_PATH, LIBRARY_PATH, C_INCLUDE_PATH,
CPLUS_INCLUDE_PATH, HDF5_DIR, HDF5_ROOT, CFLAGS, CPPFLAGS, LDFLAGS) 
load SCALAPACK/2.2.0 (LD_LIBRARY_PATH, LIBRARY_PATH, PKG_CONFIG_PATH,
C_INCLUDE_PATH, CPLUS_INCLUDE_PATH) 
load cmake/3.25.1 (LD_LIBRARY_PATH)
load BOOST/1.88.0 (PATH, LD_LIBRARY_PATH, LIBRARY_PATH, PKG_CONFIG_PATH,
C_INCLUDE_PATH, CPLUS_INCLUDE_PATH, BOOST_ROOT, BOOST_DIR) 
--------------------------------------------------------------------------
WARNING: Could not generate an xpmem segment id for this process'
address space.

The vader shared memory BTL will fall back on another single-copy
mechanism if one is available. This may result in lower performance.

  Local host: gs19r2b38
  Error code: 2 (No such file or directory)
--------------------------------------------------------------------------
--------------------------------------------------------------------------
WARNING: Could not generate an xpmem segment id for this process'
address space.

The vader shared memory BTL will fall back on another single-copy
mechanism if one is available. This may result in lower performance.

  Local host: gs19r2b38
  Error code: 2 (No such file or directory)
--------------------------------------------------------------------------
--------------------------------------------------------------------------
WARNING: Could not generate an xpmem segment id for this process'
address space.

The vader shared memory BTL will fall back on another single-copy
mechanism if one is available. This may result in lower performance.

  Local host: gs19r2b38
  Error code: 2 (No such file or directory)
--------------------------------------------------------------------------
--------------------------------------------------------------------------
WARNING: Could not generate an xpmem segment id for this process'
address space.

The vader shared memory BTL will fall back on another single-copy
mechanism if one is available. This may result in lower performance.

  Local host: gs19r2b38
  Error code: 2 (No such file or directory)
--------------------------------------------------------------------------
--------------------------------------------------------------------------
WARNING: Could not generate an xpmem segment id for this process'
address space.

The vader shared memory BTL will fall back on another single-copy
mechanism if one is available. This may result in lower performance.

  Local host: gs19r2b38
  Error code: 2 (No such file or directory)
--------------------------------------------------------------------------
--------------------------------------------------------------------------
WARNING: Could not generate an xpmem segment id for this process'
address space.

The vader shared memory BTL will fall back on another single-copy
mechanism if one is available. This may result in lower performance.

  Local host: gs19r2b38
  Error code: 2 (No such file or directory)
--------------------------------------------------------------------------
--------------------------------------------------------------------------
WARNING: Could not generate an xpmem segment id for this process'
address space.

The vader shared memory BTL will fall back on another single-copy
mechanism if one is available. This may result in lower performance.

  Local host: gs19r2b38
  Error code: 2 (No such file or directory)
--------------------------------------------------------------------------
--------------------------------------------------------------------------
WARNING: Could not generate an xpmem segment id for this process'
address space.

The vader shared memory BTL will fall back on another single-copy
mechanism if one is available. This may result in lower performance.

  Local host: gs19r2b38
  Error code: 2 (No such file or directory)
--------------------------------------------------------------------------
--------------------------------------------------------------------------
WARNING: Could not generate an xpmem segment id for this process'
address space.

The vader shared memory BTL will fall back on another single-copy
mechanism if one is available. This may result in lower performance.

  Local host: gs19r2b38
  Error code: 2 (No such file or directory)
--------------------------------------------------------------------------
--------------------------------------------------------------------------
WARNING: Could not generate an xpmem segment id for this process'
address space.

The vader shared memory BTL will fall back on another single-copy
mechanism if one is available. This may result in lower performance.

  Local host: gs19r2b38
  Error code: 2 (No such file or directory)
--------------------------------------------------------------------------
--------------------------------------------------------------------------
WARNING: Could not generate an xpmem segment id for this process'
address space.

The vader shared memory BTL will fall back on another single-copy
mechanism if one is available. This may result in lower performance.

  Local host: gs19r2b38
  Error code: 2 (No such file or directory)
--------------------------------------------------------------------------
--------------------------------------------------------------------------
WARNING: Could not generate an xpmem segment id for this process'
address space.

The vader shared memory BTL will fall back on another single-copy
mechanism if one is available. This may result in lower performance.

  Local host: gs19r2b38
  Error code: 2 (No such file or directory)
--------------------------------------------------------------------------
--------------------------------------------------------------------------
WARNING: Could not generate an xpmem segment id for this process'
address space.

The vader shared memory BTL will fall back on another single-copy
mechanism if one is available. This may result in lower performance.

  Local host: gs19r2b38
  Error code: 2 (No such file or directory)
--------------------------------------------------------------------------
--------------------------------------------------------------------------
WARNING: Could not generate an xpmem segment id for this process'
address space.

The vader shared memory BTL will fall back on another single-copy
mechanism if one is available. This may result in lower performance.

  Local host: gs19r2b38
  Error code: 2 (No such file or directory)
--------------------------------------------------------------------------
--------------------------------------------------------------------------
WARNING: Could not generate an xpmem segment id for this process'
address space.

The vader shared memory BTL will fall back on another single-copy
mechanism if one is available. This may result in lower performance.

  Local host: gs19r2b38
  Error code: 2 (No such file or directory)
--------------------------------------------------------------------------
--------------------------------------------------------------------------
WARNING: Could not generate an xpmem segment id for this process'
address space.

The vader shared memory BTL will fall back on another single-copy
mechanism if one is available. This may result in lower performance.

  Local host: gs19r2b38
  Error code: 2 (No such file or directory)
--------------------------------------------------------------------------
--------------------------------------------------------------------------
WARNING: Could not generate an xpmem segment id for this process'
address space.

The vader shared memory BTL will fall back on another single-copy
mechanism if one is available. This may result in lower performance.

  Local host: gs19r2b38
  Error code: 2 (No such file or directory)
--------------------------------------------------------------------------
--------------------------------------------------------------------------
WARNING: Could not generate an xpmem segment id for this process'
address space.

The vader shared memory BTL will fall back on another single-copy
mechanism if one is available. This may result in lower performance.

  Local host: gs19r2b38
  Error code: 2 (No such file or directory)
--------------------------------------------------------------------------
--------------------------------------------------------------------------
WARNING: Could not generate an xpmem segment id for this process'
address space.

The vader shared memory BTL will fall back on another single-copy
mechanism if one is available. This may result in lower performance.

  Local host: gs19r2b38
  Error code: 2 (No such file or directory)
--------------------------------------------------------------------------
--------------------------------------------------------------------------
WARNING: Could not generate an xpmem segment id for this process'
address space.

The vader shared memory BTL will fall back on another single-copy
mechanism if one is available. This may result in lower performance.

  Local host: gs19r2b38
  Error code: 2 (No such file or directory)
--------------------------------------------------------------------------
--------------------------------------------------------------------------
WARNING: Could not generate an xpmem segment id for this process'
address space.

The vader shared memory BTL will fall back on another single-copy
mechanism if one is available. This may result in lower performance.

  Local host: gs19r2b38
  Error code: 2 (No such file or directory)
--------------------------------------------------------------------------
--------------------------------------------------------------------------
WARNING: Could not generate an xpmem segment id for this process'
address space.

The vader shared memory BTL will fall back on another single-copy
mechanism if one is available. This may result in lower performance.

  Local host: gs19r2b38
  Error code: 2 (No such file or directory)
--------------------------------------------------------------------------
--------------------------------------------------------------------------
WARNING: Could not generate an xpmem segment id for this process'
address space.

The vader shared memory BTL will fall back on another single-copy
mechanism if one is available. This may result in lower performance.

  Local host: gs19r2b38
  Error code: 2 (No such file or directory)
--------------------------------------------------------------------------
--------------------------------------------------------------------------
WARNING: Could not generate an xpmem segment id for this process'
address space.

The vader shared memory BTL will fall back on another single-copy
mechanism if one is available. This may result in lower performance.

  Local host: gs19r2b38
  Error code: 2 (No such file or directory)
--------------------------------------------------------------------------
--------------------------------------------------------------------------
WARNING: Could not generate an xpmem segment id for this process'
address space.

The vader shared memory BTL will fall back on another single-copy
mechanism if one is available. This may result in lower performance.

  Local host: gs19r2b38
  Error code: 2 (No such file or directory)
--------------------------------------------------------------------------
--------------------------------------------------------------------------
WARNING: Could not generate an xpmem segment id for this process'
address space.

The vader shared memory BTL will fall back on another single-copy
mechanism if one is available. This may result in lower performance.

  Local host: gs19r2b38
  Error code: 2 (No such file or directory)
--------------------------------------------------------------------------
--------------------------------------------------------------------------
WARNING: Could not generate an xpmem segment id for this process'
address space.

The vader shared memory BTL will fall back on another single-copy
mechanism if one is available. This may result in lower performance.

  Local host: gs19r2b38
  Error code: 2 (No such file or directory)
--------------------------------------------------------------------------
--------------------------------------------------------------------------
WARNING: Could not generate an xpmem segment id for this process'
address space.

The vader shared memory BTL will fall back on another single-copy
mechanism if one is available. This may result in lower performance.

  Local host: gs19r2b38
  Error code: 2 (No such file or directory)
--------------------------------------------------------------------------
--------------------------------------------------------------------------
WARNING: Could not generate an xpmem segment id for this process'
address space.

The vader shared memory BTL will fall back on another single-copy
mechanism if one is available. This may result in lower performance.

  Local host: gs19r2b38
  Error code: 2 (No such file or directory)
--------------------------------------------------------------------------
--------------------------------------------------------------------------
WARNING: Could not generate an xpmem segment id for this process'
address space.

The vader shared memory BTL will fall back on another single-copy
mechanism if one is available. This may result in lower performance.

  Local host: gs19r2b38
  Error code: 2 (No such file or directory)
--------------------------------------------------------------------------
--------------------------------------------------------------------------
WARNING: Could not generate an xpmem segment id for this process'
address space.

The vader shared memory BTL will fall back on another single-copy
mechanism if one is available. This may result in lower performance.

  Local host: gs19r2b38
  Error code: 2 (No such file or directory)
--------------------------------------------------------------------------
--------------------------------------------------------------------------
WARNING: Could not generate an xpmem segment id for this process'
address space.

The vader shared memory BTL will fall back on another single-copy
mechanism if one is available. This may result in lower performance.

  Local host: gs19r2b38
  Error code: 2 (No such file or directory)
--------------------------------------------------------------------------
--------------------------------------------------------------------------
WARNING: Could not generate an xpmem segment id for this process'
address space.

The vader shared memory BTL will fall back on another single-copy
mechanism if one is available. This may result in lower performance.

  Local host: gs19r2b38
  Error code: 2 (No such file or directory)
--------------------------------------------------------------------------
--------------------------------------------------------------------------
WARNING: Could not generate an xpmem segment id for this process'
address space.

The vader shared memory BTL will fall back on another single-copy
mechanism if one is available. This may result in lower performance.

  Local host: gs19r2b38
  Error code: 2 (No such file or directory)
--------------------------------------------------------------------------
--------------------------------------------------------------------------
WARNING: Could not generate an xpmem segment id for this process'
address space.

The vader shared memory BTL will fall back on another single-copy
mechanism if one is available. This may result in lower performance.

  Local host: gs19r2b38
  Error code: 2 (No such file or directory)
--------------------------------------------------------------------------
--------------------------------------------------------------------------
WARNING: Could not generate an xpmem segment id for this process'
address space.

The vader shared memory BTL will fall back on another single-copy
mechanism if one is available. This may result in lower performance.

  Local host: gs19r2b38
  Error code: 2 (No such file or directory)
--------------------------------------------------------------------------
--------------------------------------------------------------------------
WARNING: Could not generate an xpmem segment id for this process'
address space.

The vader shared memory BTL will fall back on another single-copy
mechanism if one is available. This may result in lower performance.

  Local host: gs19r2b38
  Error code: 2 (No such file or directory)
--------------------------------------------------------------------------
--------------------------------------------------------------------------
WARNING: Could not generate an xpmem segment id for this process'
address space.

The vader shared memory BTL will fall back on another single-copy
mechanism if one is available. This may result in lower performance.

  Local host: gs19r2b38
  Error code: 2 (No such file or directory)
--------------------------------------------------------------------------
--------------------------------------------------------------------------
WARNING: Could not generate an xpmem segment id for this process'
address space.

The vader shared memory BTL will fall back on another single-copy
mechanism if one is available. This may result in lower performance.

  Local host: gs19r2b38
  Error code: 2 (No such file or directory)
--------------------------------------------------------------------------
--------------------------------------------------------------------------
WARNING: Could not generate an xpmem segment id for this process'
address space.

The vader shared memory BTL will fall back on another single-copy
mechanism if one is available. This may result in lower performance.

  Local host: gs19r2b38
  Error code: 2 (No such file or directory)
--------------------------------------------------------------------------
--------------------------------------------------------------------------
WARNING: Could not generate an xpmem segment id for this process'
address space.

The vader shared memory BTL will fall back on another single-copy
mechanism if one is available. This may result in lower performance.

  Local host: gs19r2b38
  Error code: 2 (No such file or directory)
--------------------------------------------------------------------------
--------------------------------------------------------------------------
WARNING: Could not generate an xpmem segment id for this process'
address space.

The vader shared memory BTL will fall back on another single-copy
mechanism if one is available. This may result in lower performance.

  Local host: gs19r2b38
  Error code: 2 (No such file or directory)
--------------------------------------------------------------------------
--------------------------------------------------------------------------
WARNING: Could not generate an xpmem segment id for this process'
address space.

The vader shared memory BTL will fall back on another single-copy
mechanism if one is available. This may result in lower performance.

  Local host: gs19r2b38
  Error code: 2 (No such file or directory)
--------------------------------------------------------------------------
--------------------------------------------------------------------------
WARNING: Could not generate an xpmem segment id for this process'
address space.

The vader shared memory BTL will fall back on another single-copy
mechanism if one is available. This may result in lower performance.

  Local host: gs19r2b38
  Error code: 2 (No such file or directory)
--------------------------------------------------------------------------
--------------------------------------------------------------------------
WARNING: Could not generate an xpmem segment id for this process'
address space.

The vader shared memory BTL will fall back on another single-copy
mechanism if one is available. This may result in lower performance.

  Local host: gs19r2b38
  Error code: 2 (No such file or directory)
--------------------------------------------------------------------------
--------------------------------------------------------------------------
WARNING: Could not generate an xpmem segment id for this process'
address space.

The vader shared memory BTL will fall back on another single-copy
mechanism if one is available. This may result in lower performance.

  Local host: gs19r2b38
  Error code: 2 (No such file or directory)
--------------------------------------------------------------------------
--------------------------------------------------------------------------
WARNING: Could not generate an xpmem segment id for this process'
address space.

The vader shared memory BTL will fall back on another single-copy
mechanism if one is available. This may result in lower performance.

  Local host: gs19r2b38
  Error code: 2 (No such file or directory)
--------------------------------------------------------------------------
--------------------------------------------------------------------------
WARNING: Could not generate an xpmem segment id for this process'
address space.

The vader shared memory BTL will fall back on another single-copy
mechanism if one is available. This may result in lower performance.

  Local host: gs19r2b38
  Error code: 2 (No such file or directory)
--------------------------------------------------------------------------
--------------------------------------------------------------------------
WARNING: Could not generate an xpmem segment id for this process'
address space.

The vader shared memory BTL will fall back on another single-copy
mechanism if one is available. This may result in lower performance.

  Local host: gs19r2b38
  Error code: 2 (No such file or directory)
--------------------------------------------------------------------------
--------------------------------------------------------------------------
WARNING: Could not generate an xpmem segment id for this process'
address space.

The vader shared memory BTL will fall back on another single-copy
mechanism if one is available. This may result in lower performance.

  Local host: gs19r2b38
  Error code: 2 (No such file or directory)
--------------------------------------------------------------------------
--------------------------------------------------------------------------
WARNING: Could not generate an xpmem segment id for this process'
address space.

The vader shared memory BTL will fall back on another single-copy
mechanism if one is available. This may result in lower performance.

  Local host: gs19r2b38
  Error code: 2 (No such file or directory)
--------------------------------------------------------------------------
--------------------------------------------------------------------------
WARNING: Could not generate an xpmem segment id for this process'
address space.

The vader shared memory BTL will fall back on another single-copy
mechanism if one is available. This may result in lower performance.

  Local host: gs19r2b38
  Error code: 2 (No such file or directory)
--------------------------------------------------------------------------
--------------------------------------------------------------------------
WARNING: Could not generate an xpmem segment id for this process'
address space.

The vader shared memory BTL will fall back on another single-copy
mechanism if one is available. This may result in lower performance.

  Local host: gs19r2b38
  Error code: 2 (No such file or directory)
--------------------------------------------------------------------------
--------------------------------------------------------------------------
WARNING: Could not generate an xpmem segment id for this process'
address space.

The vader shared memory BTL will fall back on another single-copy
mechanism if one is available. This may result in lower performance.

  Local host: gs19r2b38
  Error code: 2 (No such file or directory)
--------------------------------------------------------------------------
--------------------------------------------------------------------------
WARNING: Could not generate an xpmem segment id for this process'
address space.

The vader shared memory BTL will fall back on another single-copy
mechanism if one is available. This may result in lower performance.

  Local host: gs19r2b38
  Error code: 2 (No such file or directory)
--------------------------------------------------------------------------
--------------------------------------------------------------------------
WARNING: Could not generate an xpmem segment id for this process'
address space.

The vader shared memory BTL will fall back on another single-copy
mechanism if one is available. This may result in lower performance.

  Local host: gs19r2b38
  Error code: 2 (No such file or directory)
--------------------------------------------------------------------------
--------------------------------------------------------------------------
WARNING: Could not generate an xpmem segment id for this process'
address space.

The vader shared memory BTL will fall back on another single-copy
mechanism if one is available. This may result in lower performance.

  Local host: gs19r2b38
  Error code: 2 (No such file or directory)
--------------------------------------------------------------------------
--------------------------------------------------------------------------
WARNING: Could not generate an xpmem segment id for this process'
address space.

The vader shared memory BTL will fall back on another single-copy
mechanism if one is available. This may result in lower performance.

  Local host: gs19r2b38
  Error code: 2 (No such file or directory)
--------------------------------------------------------------------------
--------------------------------------------------------------------------
WARNING: Could not generate an xpmem segment id for this process'
address space.

The vader shared memory BTL will fall back on another single-copy
mechanism if one is available. This may result in lower performance.

  Local host: gs19r2b38
  Error code: 2 (No such file or directory)
--------------------------------------------------------------------------
--------------------------------------------------------------------------
WARNING: Could not generate an xpmem segment id for this process'
address space.

The vader shared memory BTL will fall back on another single-copy
mechanism if one is available. This may result in lower performance.

  Local host: gs19r2b38
  Error code: 2 (No such file or directory)
--------------------------------------------------------------------------
--------------------------------------------------------------------------
WARNING: Could not generate an xpmem segment id for this process'
address space.

The vader shared memory BTL will fall back on another single-copy
mechanism if one is available. This may result in lower performance.

  Local host: gs19r2b38
  Error code: 2 (No such file or directory)
--------------------------------------------------------------------------
--------------------------------------------------------------------------
WARNING: Could not generate an xpmem segment id for this process'
address space.

The vader shared memory BTL will fall back on another single-copy
mechanism if one is available. This may result in lower performance.

  Local host: gs19r2b38
  Error code: 2 (No such file or directory)
--------------------------------------------------------------------------
--------------------------------------------------------------------------
WARNING: Could not generate an xpmem segment id for this process'
address space.

The vader shared memory BTL will fall back on another single-copy
mechanism if one is available. This may result in lower performance.

  Local host: gs19r2b38
  Error code: 2 (No such file or directory)
--------------------------------------------------------------------------
--------------------------------------------------------------------------
WARNING: Could not generate an xpmem segment id for this process'
address space.

The vader shared memory BTL will fall back on another single-copy
mechanism if one is available. This may result in lower performance.

  Local host: gs19r2b38
  Error code: 2 (No such file or directory)
--------------------------------------------------------------------------
--------------------------------------------------------------------------
WARNING: Could not generate an xpmem segment id for this process'
address space.

The vader shared memory BTL will fall back on another single-copy
mechanism if one is available. This may result in lower performance.

  Local host: gs19r2b38
  Error code: 2 (No such file or directory)
--------------------------------------------------------------------------
--------------------------------------------------------------------------
WARNING: Could not generate an xpmem segment id for this process'
address space.

The vader shared memory BTL will fall back on another single-copy
mechanism if one is available. This may result in lower performance.

  Local host: gs19r2b38
  Error code: 2 (No such file or directory)
--------------------------------------------------------------------------
--------------------------------------------------------------------------
WARNING: Could not generate an xpmem segment id for this process'
address space.

The vader shared memory BTL will fall back on another single-copy
mechanism if one is available. This may result in lower performance.

  Local host: gs19r2b38
  Error code: 2 (No such file or directory)
--------------------------------------------------------------------------
--------------------------------------------------------------------------
WARNING: Could not generate an xpmem segment id for this process'
address space.

The vader shared memory BTL will fall back on another single-copy
mechanism if one is available. This may result in lower performance.

  Local host: gs19r2b38
  Error code: 2 (No such file or directory)
--------------------------------------------------------------------------
--------------------------------------------------------------------------
WARNING: Could not generate an xpmem segment id for this process'
address space.

The vader shared memory BTL will fall back on another single-copy
mechanism if one is available. This may result in lower performance.

  Local host: gs19r2b38
  Error code: 2 (No such file or directory)
--------------------------------------------------------------------------
--------------------------------------------------------------------------
WARNING: Could not generate an xpmem segment id for this process'
address space.

The vader shared memory BTL will fall back on another single-copy
mechanism if one is available. This may result in lower performance.

  Local host: gs19r2b38
  Error code: 2 (No such file or directory)
--------------------------------------------------------------------------
--------------------------------------------------------------------------
WARNING: Could not generate an xpmem segment id for this process'
address space.

The vader shared memory BTL will fall back on another single-copy
mechanism if one is available. This may result in lower performance.

  Local host: gs19r2b38
  Error code: 2 (No such file or directory)
--------------------------------------------------------------------------
--------------------------------------------------------------------------
WARNING: Could not generate an xpmem segment id for this process'
address space.

The vader shared memory BTL will fall back on another single-copy
mechanism if one is available. This may result in lower performance.

  Local host: gs19r2b38
  Error code: 2 (No such file or directory)
--------------------------------------------------------------------------
--------------------------------------------------------------------------
WARNING: Could not generate an xpmem segment id for this process'
address space.

The vader shared memory BTL will fall back on another single-copy
mechanism if one is available. This may result in lower performance.

  Local host: gs19r2b38
  Error code: 2 (No such file or directory)
--------------------------------------------------------------------------
--------------------------------------------------------------------------
WARNING: Could not generate an xpmem segment id for this process'
address space.

The vader shared memory BTL will fall back on another single-copy
mechanism if one is available. This may result in lower performance.

  Local host: gs19r2b38
  Error code: 2 (No such file or directory)
--------------------------------------------------------------------------
--------------------------------------------------------------------------
WARNING: Could not generate an xpmem segment id for this process'
address space.

The vader shared memory BTL will fall back on another single-copy
mechanism if one is available. This may result in lower performance.

  Local host: gs19r2b38
  Error code: 2 (No such file or directory)
--------------------------------------------------------------------------
--------------------------------------------------------------------------
WARNING: Could not generate an xpmem segment id for this process'
address space.

The vader shared memory BTL will fall back on another single-copy
mechanism if one is available. This may result in lower performance.

  Local host: gs19r2b38
  Error code: 2 (No such file or directory)
--------------------------------------------------------------------------
--------------------------------------------------------------------------
WARNING: Could not generate an xpmem segment id for this process'
address space.

The vader shared memory BTL will fall back on another single-copy
mechanism if one is available. This may result in lower performance.

  Local host: gs19r2b38
  Error code: 2 (No such file or directory)
--------------------------------------------------------------------------
--------------------------------------------------------------------------
WARNING: Could not generate an xpmem segment id for this process'
address space.

The vader shared memory BTL will fall back on another single-copy
mechanism if one is available. This may result in lower performance.

  Local host: gs19r2b38
  Error code: 2 (No such file or directory)
--------------------------------------------------------------------------
--------------------------------------------------------------------------
WARNING: Could not generate an xpmem segment id for this process'
address space.

The vader shared memory BTL will fall back on another single-copy
mechanism if one is available. This may result in lower performance.

  Local host: gs19r2b38
  Error code: 2 (No such file or directory)
--------------------------------------------------------------------------
--------------------------------------------------------------------------
WARNING: Could not generate an xpmem segment id for this process'
address space.

The vader shared memory BTL will fall back on another single-copy
mechanism if one is available. This may result in lower performance.

  Local host: gs19r2b38
  Error code: 2 (No such file or directory)
--------------------------------------------------------------------------
--------------------------------------------------------------------------
WARNING: Could not generate an xpmem segment id for this process'
address space.

The vader shared memory BTL will fall back on another single-copy
mechanism if one is available. This may result in lower performance.

  Local host: gs19r2b38
  Error code: 2 (No such file or directory)
--------------------------------------------------------------------------
--------------------------------------------------------------------------
WARNING: Could not generate an xpmem segment id for this process'
address space.

The vader shared memory BTL will fall back on another single-copy
mechanism if one is available. This may result in lower performance.

  Local host: gs19r2b38
  Error code: 2 (No such file or directory)
--------------------------------------------------------------------------
--------------------------------------------------------------------------
WARNING: Could not generate an xpmem segment id for this process'
address space.

The vader shared memory BTL will fall back on another single-copy
mechanism if one is available. This may result in lower performance.

  Local host: gs19r2b38
  Error code: 2 (No such file or directory)
--------------------------------------------------------------------------
--------------------------------------------------------------------------
WARNING: Could not generate an xpmem segment id for this process'
address space.

The vader shared memory BTL will fall back on another single-copy
mechanism if one is available. This may result in lower performance.

  Local host: gs19r2b38
  Error code: 2 (No such file or directory)
--------------------------------------------------------------------------
--------------------------------------------------------------------------
WARNING: Could not generate an xpmem segment id for this process'
address space.

The vader shared memory BTL will fall back on another single-copy
mechanism if one is available. This may result in lower performance.

  Local host: gs19r2b38
  Error code: 2 (No such file or directory)
--------------------------------------------------------------------------
--------------------------------------------------------------------------
WARNING: Could not generate an xpmem segment id for this process'
address space.

The vader shared memory BTL will fall back on another single-copy
mechanism if one is available. This may result in lower performance.

  Local host: gs19r2b38
  Error code: 2 (No such file or directory)
--------------------------------------------------------------------------
--------------------------------------------------------------------------
WARNING: Could not generate an xpmem segment id for this process'
address space.

The vader shared memory BTL will fall back on another single-copy
mechanism if one is available. This may result in lower performance.

  Local host: gs19r2b38
  Error code: 2 (No such file or directory)
--------------------------------------------------------------------------
--------------------------------------------------------------------------
WARNING: Could not generate an xpmem segment id for this process'
address space.

The vader shared memory BTL will fall back on another single-copy
mechanism if one is available. This may result in lower performance.

  Local host: gs19r2b38
  Error code: 2 (No such file or directory)
--------------------------------------------------------------------------
--------------------------------------------------------------------------
WARNING: Could not generate an xpmem segment id for this process'
address space.

The vader shared memory BTL will fall back on another single-copy
mechanism if one is available. This may result in lower performance.

  Local host: gs19r2b38
  Error code: 2 (No such file or directory)
--------------------------------------------------------------------------
--------------------------------------------------------------------------
WARNING: Could not generate an xpmem segment id for this process'
address space.

The vader shared memory BTL will fall back on another single-copy
mechanism if one is available. This may result in lower performance.

  Local host: gs19r2b38
  Error code: 2 (No such file or directory)
--------------------------------------------------------------------------
--------------------------------------------------------------------------
WARNING: Could not generate an xpmem segment id for this process'
address space.

The vader shared memory BTL will fall back on another single-copy
mechanism if one is available. This may result in lower performance.

  Local host: gs19r2b38
  Error code: 2 (No such file or directory)
--------------------------------------------------------------------------
--------------------------------------------------------------------------
WARNING: Could not generate an xpmem segment id for this process'
address space.

The vader shared memory BTL will fall back on another single-copy
mechanism if one is available. This may result in lower performance.

  Local host: gs19r2b38
  Error code: 2 (No such file or directory)
--------------------------------------------------------------------------
--------------------------------------------------------------------------
WARNING: Could not generate an xpmem segment id for this process'
address space.

The vader shared memory BTL will fall back on another single-copy
mechanism if one is available. This may result in lower performance.

  Local host: gs19r2b38
  Error code: 2 (No such file or directory)
--------------------------------------------------------------------------
--------------------------------------------------------------------------
WARNING: Could not generate an xpmem segment id for this process'
address space.

The vader shared memory BTL will fall back on another single-copy
mechanism if one is available. This may result in lower performance.

  Local host: gs19r2b38
  Error code: 2 (No such file or directory)
--------------------------------------------------------------------------
--------------------------------------------------------------------------
WARNING: Could not generate an xpmem segment id for this process'
address space.

The vader shared memory BTL will fall back on another single-copy
mechanism if one is available. This may result in lower performance.

  Local host: gs19r2b38
  Error code: 2 (No such file or directory)
--------------------------------------------------------------------------
--------------------------------------------------------------------------
WARNING: Could not generate an xpmem segment id for this process'
address space.

The vader shared memory BTL will fall back on another single-copy
mechanism if one is available. This may result in lower performance.

  Local host: gs19r2b38
  Error code: 2 (No such file or directory)
--------------------------------------------------------------------------
--------------------------------------------------------------------------
WARNING: Could not generate an xpmem segment id for this process'
address space.

The vader shared memory BTL will fall back on another single-copy
mechanism if one is available. This may result in lower performance.

  Local host: gs19r2b38
  Error code: 2 (No such file or directory)
--------------------------------------------------------------------------
--------------------------------------------------------------------------
WARNING: Could not generate an xpmem segment id for this process'
address space.

The vader shared memory BTL will fall back on another single-copy
mechanism if one is available. This may result in lower performance.

  Local host: gs19r2b38
  Error code: 2 (No such file or directory)
--------------------------------------------------------------------------
--------------------------------------------------------------------------
WARNING: Could not generate an xpmem segment id for this process'
address space.

The vader shared memory BTL will fall back on another single-copy
mechanism if one is available. This may result in lower performance.

  Local host: gs19r2b38
  Error code: 2 (No such file or directory)
--------------------------------------------------------------------------
--------------------------------------------------------------------------
WARNING: Could not generate an xpmem segment id for this process'
address space.

The vader shared memory BTL will fall back on another single-copy
mechanism if one is available. This may result in lower performance.

  Local host: gs19r2b38
  Error code: 2 (No such file or directory)
--------------------------------------------------------------------------
--------------------------------------------------------------------------
WARNING: Could not generate an xpmem segment id for this process'
address space.

The vader shared memory BTL will fall back on another single-copy
mechanism if one is available. This may result in lower performance.

  Local host: gs19r2b38
  Error code: 2 (No such file or directory)
--------------------------------------------------------------------------
--------------------------------------------------------------------------
WARNING: Could not generate an xpmem segment id for this process'
address space.

The vader shared memory BTL will fall back on another single-copy
mechanism if one is available. This may result in lower performance.

  Local host: gs19r2b38
  Error code: 2 (No such file or directory)
--------------------------------------------------------------------------
--------------------------------------------------------------------------
WARNING: Could not generate an xpmem segment id for this process'
address space.

The vader shared memory BTL will fall back on another single-copy
mechanism if one is available. This may result in lower performance.

  Local host: gs19r2b38
  Error code: 2 (No such file or directory)
--------------------------------------------------------------------------
--------------------------------------------------------------------------
WARNING: Could not generate an xpmem segment id for this process'
address space.

The vader shared memory BTL will fall back on another single-copy
mechanism if one is available. This may result in lower performance.

  Local host: gs19r2b38
  Error code: 2 (No such file or directory)
--------------------------------------------------------------------------
--------------------------------------------------------------------------
WARNING: Could not generate an xpmem segment id for this process'
address space.

The vader shared memory BTL will fall back on another single-copy
mechanism if one is available. This may result in lower performance.

  Local host: gs19r2b38
  Error code: 2 (No such file or directory)
--------------------------------------------------------------------------
--------------------------------------------------------------------------
WARNING: Could not generate an xpmem segment id for this process'
address space.

The vader shared memory BTL will fall back on another single-copy
mechanism if one is available. This may result in lower performance.

  Local host: gs19r2b38
  Error code: 2 (No such file or directory)
--------------------------------------------------------------------------
--------------------------------------------------------------------------
WARNING: Could not generate an xpmem segment id for this process'
address space.

The vader shared memory BTL will fall back on another single-copy
mechanism if one is available. This may result in lower performance.

  Local host: gs19r2b38
  Error code: 2 (No such file or directory)
--------------------------------------------------------------------------
--------------------------------------------------------------------------
WARNING: Could not generate an xpmem segment id for this process'
address space.

The vader shared memory BTL will fall back on another single-copy
mechanism if one is available. This may result in lower performance.

  Local host: gs19r2b38
  Error code: 2 (No such file or directory)
--------------------------------------------------------------------------
--------------------------------------------------------------------------
WARNING: Could not generate an xpmem segment id for this process'
address space.

The vader shared memory BTL will fall back on another single-copy
mechanism if one is available. This may result in lower performance.

  Local host: gs19r2b38
  Error code: 2 (No such file or directory)
--------------------------------------------------------------------------
--------------------------------------------------------------------------
WARNING: Could not generate an xpmem segment id for this process'
address space.

The vader shared memory BTL will fall back on another single-copy
mechanism if one is available. This may result in lower performance.

  Local host: gs19r2b38
  Error code: 2 (No such file or directory)
--------------------------------------------------------------------------
--------------------------------------------------------------------------
WARNING: Could not generate an xpmem segment id for this process'
address space.

The vader shared memory BTL will fall back on another single-copy
mechanism if one is available. This may result in lower performance.

  Local host: gs19r2b38
  Error code: 2 (No such file or directory)
--------------------------------------------------------------------------
--------------------------------------------------------------------------
WARNING: Could not generate an xpmem segment id for this process'
address space.

The vader shared memory BTL will fall back on another single-copy
mechanism if one is available. This may result in lower performance.

  Local host: gs19r2b38
  Error code: 2 (No such file or directory)
--------------------------------------------------------------------------
--------------------------------------------------------------------------------

       10                                  
  1   0101       ************************  
  01  1010 10      The Cactus Code V4.16.0    
 1010 1101 011      www.cactuscode.org     
  1001 100101    ************************  
    00010101                               
     100011     (c) Copyright The Authors  
      0100      GNU Licensed. No Warranty  
      0101                                 
--------------------------------------------------------------------------------

Cactus version:    4.16.0
Compile date:      Aug 24 2026 (12:43:48)
Run date:          Aug 24 2026 (13:09:45+0200)
Run host:          gs19r2b38 (pid=742981)
Working directory: /gpfs/projects/epor63/uapt015213/dyonic-collision/simulations/IC_L=512_M=0.5,0.5-Q=0.05,0-G=0,0.05-x0=8_h=4/output-0000
Executable:        /gpfs/projects/epor63/uapt015213/cactus/exe/cactus_base
Parameter file:    BSSN.par
--------------------------------------------------------------------------------

Activating thorn Cactus...Success -> active implementation Cactus
Activation requested for 
--->ADMBase ADMCoupling ADMMacros AEILocalInterp AHFinderDirect Boundary Carpet CarpetInterp CarpetLib CarpetMask CarpetReduce CarpetRegrid2 CarpetSlab CarpetTracker CartGrid3D CoordBase CoordGauge Dissipation GenericFD InitBase LocalInterp LoopControl MoL Multipole NaNChecker NewRad PunctureTracker ReflectionSymmetry Slab SpaceMask SphericalSurface StaticConformal SymBase Time TmunuBase Fortran GSL HDF5 LeanBSSNMoL EMGBase EMGEvolve TwoChargedPunctures NPScalars NPScalars_EMG QuasiLocalMeasures SystemStatistics TerminationTrigger TimerReport CarpetIOASCII CarpetIOBasic CarpetIOHDF5 CarpetIOScalar IOUtil<---
Thorn Carpet requests automatic activation of MPI
Thorn Carpet requests automatic activation of Timers
Thorn CarpetLib requests automatic activation of Vectors
Thorn CarpetLib requests automatic activation of Boost
Thorn CarpetLib requests automatic activation of CycleClock
Thorn HDF5 requests automatic activation of zlib
Thorn LoopControl requests automatic activation of hwloc
Thorn QuasiLocalMeasures requests automatic activation of LAPACK
Thorn QuasiLocalMeasures requests automatic activation of TGRtensor
Thorn LAPACK requests automatic activation of BLAS
Activating thorn ADMBase...Success -> active implementation ADMBase
Activating thorn ADMCoupling...Success -> active implementation ADMCoupling
Activating thorn ADMMacros...Success -> active implementation ADMMacros
Activating thorn AEILocalInterp...Success -> active implementation AEILocalInterp
Activating thorn AHFinderDirect...Success -> active implementation AHFinderDirect
Activating thorn BLAS...Success -> active implementation BLAS
Activating thorn Boost...Success -> active implementation Boost
Activating thorn Boundary...Success -> active implementation boundary
Activating thorn Carpet...Success -> active implementation Driver
Activating thorn CarpetInterp...Success -> active implementation interp
Activating thorn CarpetIOASCII...Success -> active implementation IOASCII
Activating thorn CarpetIOBasic...Success -> active implementation IOBasic
Activating thorn CarpetIOHDF5...Success -> active implementation IOHDF5
Activating thorn CarpetIOScalar...Success -> active implementation IOScalar
Activating thorn CarpetLib...Success -> active implementation CarpetLib
Activating thorn CarpetMask...Success -> active implementation CarpetMask
Activating thorn CarpetReduce...Success -> active implementation reduce
Activating thorn CarpetRegrid2...Success -> active implementation CarpetRegrid2
Activating thorn CarpetSlab...Success -> active implementation Hyperslab
Activating thorn CarpetTracker...Success -> active implementation CarpetTracker
Activating thorn CartGrid3D...Success -> active implementation grid
Activating thorn CoordBase...Success -> active implementation CoordBase
Activating thorn CoordGauge...Success -> active implementation CoordGauge
Activating thorn CycleClock...Success -> active implementation CycleClock
Activating thorn Dissipation...Success -> active implementation Dissipation
Activating thorn EMGBase...Success -> active implementation EMGBase
Activating thorn EMGEvolve...Success -> active implementation EMGEvolve
Activating thorn Fortran...Success -> active implementation Fortran
Activating thorn GenericFD...Success -> active implementation GenericFD
Activating thorn GSL...Success -> active implementation GSL
Activating thorn HDF5...Success -> active implementation HDF5
Activating thorn hwloc...Success -> active implementation hwloc
Activating thorn InitBase...Success -> active implementation InitBase
Activating thorn IOUtil...Success -> active implementation IO
Activating thorn LAPACK...Success -> active implementation LAPACK
Activating thorn LeanBSSNMoL...Success -> active implementation LeanBSSNMoL
Activating thorn LocalInterp...Success -> active implementation LocalInterp
Activating thorn LoopControl...Success -> active implementation LoopControl
Activating thorn MoL...Success -> active implementation MethodOfLines
Activating thorn MPI...Success -> active implementation MPI
Activating thorn Multipole...Success -> active implementation multipole
Activating thorn NaNChecker...Success -> active implementation NaNChecker
Activating thorn NewRad...Success -> active implementation NewRad
Activating thorn NPScalars...Success -> active implementation NPScalars
Activating thorn NPScalars_EMG...Success -> active implementation NPScalars_EMG
Activating thorn PunctureTracker...Success -> active implementation PunctureTracker
Activating thorn QuasiLocalMeasures...Success -> active implementation QuasiLocalMeasures
Activating thorn ReflectionSymmetry...Success -> active implementation ReflectionSymmetry
Activating thorn Slab...Success -> active implementation Slab
Activating thorn SpaceMask...Success -> active implementation SpaceMask
Activating thorn SphericalSurface...Success -> active implementation SphericalSurface
Activating thorn StaticConformal...Success -> active implementation StaticConformal
Activating thorn SymBase...Success -> active implementation SymBase
Activating thorn SystemStatistics...Success -> active implementation SystemStatistics
Activating thorn TerminationTrigger...Success -> active implementation TerminationTrigger
Activating thorn TGRtensor...Success -> active implementation TGRtensor
Activating thorn Time...Success -> active implementation time
Activating thorn TimerReport...Success -> active implementation timerreport
Activating thorn Timers...Success -> active implementation Timers
Activating thorn TmunuBase...Success -> active implementation TmunuBase
Activating thorn TwoChargedPunctures...Success -> active implementation TwoChargedPunctures
Activating thorn Vectors...Success -> active implementation Vectors
Activating thorn zlib...Success -> active implementation zlib
--------------------------------------------------------------------------------
  if (recover initial data)
    Recover parameters
  endif

  Startup routines
    [CCTK_STARTUP]
      Carpet::MultiModel_Startup: Multi-model Startup routine
      CycleClock::CycleClock_Setup: Set up CycleClock
      LoopControl::LC_setup: Set up LoopControl
      Timers::Timer_Startup: Prepare hierarchical timers
      Carpet::Driver_Startup: Startup routine
      IOUtil::IOUtil_Startup: Startup routine
      CarpetIOScalar::CarpetIOScalarStartup: [global] Startup routine
      CarpetInterp::CarpetInterpStartup: Startup routine
      CarpetReduce::CarpetReduceStartup: Startup routine
      CartGrid3D::SymmetryStartup: Register GH Extension for GridSymmetry
      CoordBase::CoordBase_Startup: Register a GH extension to store the coordinate system handles
      AEILocalInterp::AEILocalInterp_U_Startup: register CCTK_InterpLocalUniform() interpolation operators
      EMGEvolve::EMG_RegisterMask: Register the masks for excision
      CarpetIOASCII::CarpetIOASCIIStartup: [global] Startup routine
      LeanBSSNMoL::LeanBSSN_RegisterSlicing: [meta] Register slicing
      LocalInterp::LocalInterp_Startup: register LocalInterp's interpolation operators
      CarpetIOBasic::CarpetIOBasicStartup: [global] Startup routine
      MoL::MoL_Startup: Startup banner
      Slab::Slab_InitMPIDatatypes: Create MPI datatypes for complex variables in C
      SymBase::SymBase_Startup: Register GH Extension for SymBase
      TerminationTrigger::TerminationTrigger_StartSignalHandler: Start signal handler
      CarpetIOHDF5::CarpetIOHDF5_Startup: Startup routine
      Vectors::Vectors_Startup: Print startup message
      GROUP hwloc_startup: hwloc startup group
        hwloc::hwloc_version: Output hwloc version

  Startup routines which need an existing grid hierarchy
    [CCTK_WRAGH]
      ADMBase::Einstein_InitSymBound: [global] Set up GF symmetries
      Boundary::Boundary_RegisterBCs: [global] Register boundary conditions that this thorn provides
      CarpetRegrid2::CarpetRegrid2_Initialise: [global] Initialise locations of refined regions
      CartGrid3D::RegisterCartGrid3DCoords: [meta] Register coordinates for the Cartesian grid
      CoordGauge::Einstein_ActivateSlicing: Initialize slicing, setup priorities for mixed slicings
      CoordGauge::Einstein_SetNextSlicing: Identify the slicing for the next iteration
      MoL::MoL_SetupIndexArrays: Set up the MoL bookkeeping index arrays
      MoL::MoL_SetScheduleStatus: [global] Set the flag so it is ok to register with MoL
      TmunuBase::TmunuBase_SetStressEnergyState: [global] Set the stress_energy_state variable
      GROUP MoL_Register: The group where physics thorns register variables with MoL
        EMGEvolve::EMG_RegisterVars: [meta] Register variables for MoL
        LeanBSSNMoL::LeanBSSN_RegisterVars: [meta] Register variables for MoL
      Slab::Slab_InitTimers: Initialise timers
      SpaceMask::MaskSym: [global] Set grid symmetries for mask
      SpaceMask::MaskSym_emask: [global] Set grid symmetries for emask (compatibility mode)
      GROUP SymBase_Wrapper: Wrapper group for SymBase
        GROUP SymmetryRegister: Register your symmetries here
          CartGrid3D::CartGrid3D_RegisterSymmetryBoundaries: [meta] Register symmetry boundaries
          ReflectionSymmetry::ReflectionSymmetry_Register: Register reflection symmetry boundaries
        SymBase::SymBase_Statistics: Print symmetry boundary face descriptions
      MoL::MoL_ReportNumberVariables: [meta] Report how many of each type of variable there are
  Parameter checking routines
    [CCTK_PARAMCHECK]
      ADMBase::ADMBase_ParamCheck: [global] Check consistency of parameters
      Boundary::Boundary_Check: Check dimension of grid variables
      Carpet::CarpetParamCheck: Parameter checking routine
      CarpetLib::CarpetLib_test_prolongate_3d_rf2: [global] Test prolongation operators
      CarpetMask::CarpetSurfaceParamCheck: [global] Check parameters
      CarpetRegrid2::CarpetRegrid2_ParamCheck: Check parameters
      CartGrid3D::ParamCheck_CartGrid3D: Check coordinates for CartGrid3D
      Dissipation::dissipation_paramcheck: Check dissipation parameters for consistency
      Fortran::CheckFortranParameters: Test whether Fortran parameters work correctly
      LeanBSSNMoL::Lean_ParamCheck: Check Lean parameters for consistency
      MoL::MoL_ParamCheck: Basic parameter checking
      Multipole::Multipole_ParamCheck: [global] Check Multipole parameters
      NPScalars::NPScalars_ParamCheck: Check NPScalars parameters for consistency
      QuasiLocalMeasures::qlm_paramcheck: [global] Check quasi-local parameter settings
      SphericalSurface::SphericalSurface_ParamCheck: [global] Check that all surface names are unique
      TerminationTrigger::TerminationTrigger_ParamCheck: Check consitency of parameters
      TmunuBase::TmunuBase_ParamCheck: [global] Check that no deprecated parameters are used.
      TwoChargedPunctures::TwoChargedPunctures_ParamCheck: Check parameters and thorn needs
      Vectors::Vectors_Test: Run correctness tests.

  Initialisation
    if (NOT (recover initial data AND recovery_mode is 'strict'))
      [CCTK_PREREGRIDINITIAL]
      Set up grid hierarchy
      [CCTK_POSTREGRIDINITIAL]
        SpaceMask::MaskZero: Initialise mask to zero
        CartGrid3D::SpatialCoordinates: Set Coordinates after regridding
        GROUP MaskBase_SetupMask: Set up the weight function
          GROUP MaskBase_SetupMaskAll: Set up the weight function
            CarpetReduce::MaskBase_AllocateMask: [global] Allocate the weight function
            CarpetReduce::MaskBase_InitMask: [global] [loop-local] Initialise the weight function
            GROUP SetupIMaskInternal: Set up the integer weight function (schedule other routines in here)
              CarpetReduce::CoordBase_SetupMask: [global] [loop-local] Set up the outer boundaries of the weight function
              CarpetReduce::CarpetMaskSetup: [global] [loop-singlemap] Set up the weight function for the restriction regions
            GROUP SetupIMask: Set up the integer weight function (schedule other routines in here)
              CarpetMask::CarpetExcludedSetup: [global] [loop-local] Set up the weight function for the excluded regions
              CarpetMask::CarpetSurfaceSetup: [global] [loop-local] Set up the weight function for the excluded spherical surfaces
            CarpetReduce::MaskBase_SetMask: [global] [loop-local] Set the weight function
            GROUP SetupMask: Set up the real weight function (schedule other routines in here)
            CarpetReduce::MaskBase_TestMask: [global] Test the weight function
        Dissipation::setup_epsdis: Setup spatially varying dissipation
        GROUP MoL_PseudoEvolutionBoundaries: Apply boundary conditions to pseudo-evolved quantities
        GROUP CalcNPScalars_BC: Boundary conditions
          NPScalars::NPboundaries: [level] Symmetry boundary conditions
          GROUP ApplyBCs_NP: Apply boundary conditions
            GROUP BoundaryConditions: Execute all boundary conditions
              Boundary::Boundary_ApplyPhysicalBCs: Apply all requested local physical boundary conditions
              CartGrid3D::CartGrid3D_ApplyBC: Apply symmetry boundary conditions
              ReflectionSymmetry::ReflectionSymmetry_Apply: Apply reflection symmetries
            Boundary::Boundary_ClearSelection: [level] Unselect all grid variables for boundary conditions
        GROUP CalcNPEMGScalars_BC: Boundary conditions
          NPScalars_EMG::NPEMG_Boundaries: [level] Symmetry boundary conditions
          GROUP ApplyBCs_NPEMG: Apply boundary conditions
            GROUP BoundaryConditions: Execute all boundary conditions
              Boundary::Boundary_ApplyPhysicalBCs: Apply all requested local physical boundary conditions
              CartGrid3D::CartGrid3D_ApplyBC: Apply symmetry boundary conditions
              ReflectionSymmetry::ReflectionSymmetry_Apply: Apply reflection symmetries
            Boundary::Boundary_ClearSelection: [level] Unselect all grid variables for boundary conditions
        SpaceMask::MaskOne: Set mask to one
        AHFinderDirect::AHFinderDirect_maybe_do_masks: set mask(s) based on apparent horizon position(s)
      [CCTK_BASEGRID]
        ADMBase::ADMBase_SetShiftStateOn: Set the shift_state variable to 1
        ADMBase::ADMBase_SetDtLapseStateOn: Set the dtlapse_state variable to 1
        ADMBase::ADMBase_SetDtShiftStateOn: Set the dtshift_state variable to 1
        ADMMacros::ADMMacros_SetLocalSpatialOrder: Initialize the local_spatial_order
        CartGrid3D::SpatialSpacings: Set up ranges for spatial 3D Cartesian coordinates (on all grids)
        CartGrid3D::SpatialCoordinates: Set up spatial 3D Cartesian coordinates on the GH
        SphericalSurface::SphericalSurface_SetupRes: [global] [loop-local] Set surface resolution automatically
        AHFinderDirect::AHFinderDirect_setup: [global] setup data structures
        Dissipation::dissipation_basegrid: Ensure that there are enough ghost zones
        EMGBase::emg_symmetries: [global] Register symmetries of the grid functions
        EMGEvolve::EMG_InitSymBound: [meta] Schedule symmetries
        EMGEvolve::EMG_zero_rhs: set all rhs functions to zero to prevent spurious nans
        LeanBSSNMoL::LeanBSSN_symmetries: [global] Register symmetries of the BSSN grid functions
        LeanBSSNMoL::LeanBSSN_zero_rhs: Set all rhs functions to zero to prevent spurious nans
        NPScalars::NP_symmetries: [meta] Set symmetries for grid functions
        NPScalars_EMG::NPEMG_symmetries: [meta] Set symmetries for grid functions
        NaNChecker::NaNChecker_ResetCounter: [global] Reset the NaNChecker::NaNsFound counter
        SpaceMask::MaskZero: Initialise mask to zero
        SpaceMask::MaskOne: Set old style mask to one
        SphericalSurface::SphericalSurface_Setup: [global] Calculate surface coordinate descriptors
        GROUP MaskBase_SetupMask: Set up the weight function
          GROUP MaskBase_SetupMaskAll: Set up the weight function
            CarpetReduce::MaskBase_AllocateMask: [global] Allocate the weight function
            CarpetReduce::MaskBase_InitMask: [global] [loop-local] Initialise the weight function
            GROUP SetupIMaskInternal: Set up the integer weight function (schedule other routines in here)
              CarpetReduce::CoordBase_SetupMask: [global] [loop-local] Set up the outer boundaries of the weight function
              CarpetReduce::CarpetMaskSetup: [global] [loop-singlemap] Set up the weight function for the restriction regions
            GROUP SetupIMask: Set up the integer weight function (schedule other routines in here)
              CarpetMask::CarpetExcludedSetup: [global] [loop-local] Set up the weight function for the excluded regions
              CarpetMask::CarpetSurfaceSetup: [global] [loop-local] Set up the weight function for the excluded spherical surfaces
            CarpetReduce::MaskBase_SetMask: [global] [loop-local] Set the weight function
            GROUP SetupMask: Set up the real weight function (schedule other routines in here)
            CarpetReduce::MaskBase_TestMask: [global] Test the weight function
        SphericalSurface::SphericalSurface_Set: [global] Set surface radii to be used for initial setup in other thorns
        GROUP SphericalSurface_HasBeenSet: Set the spherical surfaces before this group, and use it afterwards
          SphericalSurface::SphericalSurface_CheckState: [global] Test the state of the spherical surfaces
        SymBase::SymBase_Check: Check whether the driver set up the grid consistently
        TerminationTrigger::TerminationTrigger_ResetTrigger: Clear trigger state
        TerminationTrigger::TerminationTrigger_StartTimer: Start timer
        TerminationTrigger::TerminationTrigger_CreateFile: Create termination file
        Time::Time_Initialise: [global] Initialise Time variables
        Time::TemporalSpacings: [singlemap] Set timestep based on Courant condition (courant_static)
      [CCTK_INITIAL]
        StaticConformal::StaticConformal_InitialiseState: Set the conformal_state variable to 0
        GROUP ADMBase_InitialData: Schedule group for calculating ADM initial data
          GROUP TwoChargedPunctures_Group: TwoChargedPunctures initial data group
            TwoChargedPunctures::TwoChargedPunctures: Create puncture black hole initial data
        GROUP ADMBase_InitialGauge: Schedule group for the ADM initial gauge condition
          ADMBase::ADMBase_ShiftZero: Set the shift to 0 at all points
          ADMBase::ADMBase_DtLapseZero: Set the dtlapse to 0 at all points
          ADMBase::ADMBase_DtShiftZero: Set the dtshift to 0 at all points
        CarpetIOASCII::CarpetIOASCIIInit: [global] Initialisation routine
        CarpetIOBasic::CarpetIOBasicInit: [global] Initialisation routine
        CarpetIOHDF5::CarpetIOHDF5_Init: [global] Initialisation routine
        CarpetIOScalar::CarpetIOScalarInit: [global] Initialisation routine
        GROUP ADMBase_PostInitial: Schedule group for modifying the ADM initial data, such as e.g. adding noise
        LeanBSSNMoL::LeanBSSN_adm2bssn: [local] Convert initial data into BSSN variables
        LeanBSSNMoL::LeanBSSN_Boundaries: [level] Boundary enforcement
        MoL::MoL_StartLoop: [level] Initialise the step size control
        PunctureTracker::PunctureTracker_Init: [global] Calculate initial location of punctures
        QuasiLocalMeasures::qlm_init: [global] Initialise quasi-local calculations
        GROUP LeanBSSN_ApplyBCs: Apply boundary conditions
          GROUP BoundaryConditions: Execute all boundary conditions
            Boundary::Boundary_ApplyPhysicalBCs: Apply all requested local physical boundary conditions
            CartGrid3D::CartGrid3D_ApplyBC: Apply symmetry boundary conditions
            ReflectionSymmetry::ReflectionSymmetry_Apply: Apply reflection symmetries
          Boundary::Boundary_ClearSelection: [level] Unselect all grid variables for boundary conditions
      [CCTK_POSTINITIAL]
        CarpetIOHDF5::CarpetIOHDF5_CloseFiles: [global] Close all filereader input files
        GROUP MoL_PostStepModify: The group for physics thorns to schedule enforcing constraints
        GROUP MoL_PostStep: Ensure that everything is correct after the initial data have been set up
          LeanBSSNMoL::LeanBSSN_remove_trA: Remove trace of A
          EMGEvolve::EMG_Boundaries: [level] MoL boundary enforcement for EMG variables
          GROUP EMG_ApplyBCs: Apply boundary conditions
            GROUP BoundaryConditions: Execute all boundary conditions
              Boundary::Boundary_ApplyPhysicalBCs: Apply all requested local physical boundary conditions
              CartGrid3D::CartGrid3D_ApplyBC: Apply symmetry boundary conditions
              ReflectionSymmetry::ReflectionSymmetry_Apply: Apply reflection symmetries
            Boundary::Boundary_ClearSelection: [level] Unselect all grid variables for boundary conditions
          LeanBSSNMoL::LeanBSSN_impose_conf_fac_floor: Make sure conformal factor does not drop below specified value
          LeanBSSNMoL::LeanBSSN_Boundaries: [level] MoL boundary enforcement
          GROUP LeanBSSN_ApplyBCs: Apply boundary conditions
            GROUP BoundaryConditions: Execute all boundary conditions
              Boundary::Boundary_ApplyPhysicalBCs: Apply all requested local physical boundary conditions
              CartGrid3D::CartGrid3D_ApplyBC: Apply symmetry boundary conditions
              ReflectionSymmetry::ReflectionSymmetry_Apply: Apply reflection symmetries
            Boundary::Boundary_ClearSelection: [level] Unselect all grid variables for boundary conditions
          LeanBSSNMoL::LeanBSSN_bssn2adm: [local] Convert variables back to the ADM ones
          GROUP ADMBase_SetADMVars: Set the ADM variables before this group, and use them afterwards
          GROUP SetTmunu: Group for calculating the stress-energy tensor
            TmunuBase::TmunuBase_ZeroTmunu: Initialise the stress-energy tensor to zero
            GROUP AddToTmunu: Add to the stress-energy tensor here
              EMGEvolve::EMG_AddToTmunu: Compute the energy-momentum tensor
        GROUP MoL_PseudoEvolution: Calculate pseudo-evolved quantities
          GROUP ADMBase_SetADMVars: Set the ADM variables before this group, and use them afterwards
          GROUP CalcNPScalars: Calculate NPScalars
            NPScalars::NP_calcPsiGF: [local] calculate Psi4 as grid function
            GROUP CalcNPScalars_BC: Boundary conditions
              NPScalars::NPboundaries: [level] Symmetry boundary conditions
              GROUP ApplyBCs_NP: Apply boundary conditions
                GROUP BoundaryConditions: Execute all boundary conditions
                  Boundary::Boundary_ApplyPhysicalBCs: Apply all requested local physical boundary conditions
                  CartGrid3D::CartGrid3D_ApplyBC: Apply symmetry boundary conditions
                  ReflectionSymmetry::ReflectionSymmetry_Apply: Apply reflection symmetries
                Boundary::Boundary_ClearSelection: [level] Unselect all grid variables for boundary conditions
        GROUP CalcNPScalars: Calculate NPScalars
          NPScalars::NP_calcPsiGF: [local] calculate Psi4 as grid function
          GROUP CalcNPScalars_BC: Boundary conditions
            NPScalars::NPboundaries: [level] Symmetry boundary conditions
            GROUP ApplyBCs_NP: Apply boundary conditions
              GROUP BoundaryConditions: Execute all boundary conditions
                Boundary::Boundary_ApplyPhysicalBCs: Apply all requested local physical boundary conditions
                CartGrid3D::CartGrid3D_ApplyBC: Apply symmetry boundary conditions
                ReflectionSymmetry::ReflectionSymmetry_Apply: Apply reflection symmetries
              Boundary::Boundary_ClearSelection: [level] Unselect all grid variables for boundary conditions
        GROUP CalcNPEMGScalars: Calculate NPScalars
          NPScalars_EMG::NPEMG_calcPsiGF: [local] calculate grid functions
          GROUP CalcNPEMGScalars_BC: Boundary conditions
            NPScalars_EMG::NPEMG_Boundaries: [level] Symmetry boundary conditions
            GROUP ApplyBCs_NPEMG: Apply boundary conditions
              GROUP BoundaryConditions: Execute all boundary conditions
                Boundary::Boundary_ApplyPhysicalBCs: Apply all requested local physical boundary conditions
                CartGrid3D::CartGrid3D_ApplyBC: Apply symmetry boundary conditions
                ReflectionSymmetry::ReflectionSymmetry_Apply: Apply reflection symmetries
              Boundary::Boundary_ClearSelection: [level] Unselect all grid variables for boundary conditions
      Initialise finer grids recursively
      Restrict from finer grids
      [CCTK_POSTRESTRICTINITIAL]
        GROUP MoL_PostStep: Ensure that everything is correct after restriction
          LeanBSSNMoL::LeanBSSN_remove_trA: Remove trace of A
          EMGEvolve::EMG_Boundaries: [level] MoL boundary enforcement for EMG variables
          GROUP EMG_ApplyBCs: Apply boundary conditions
            GROUP BoundaryConditions: Execute all boundary conditions
              Boundary::Boundary_ApplyPhysicalBCs: Apply all requested local physical boundary conditions
              CartGrid3D::CartGrid3D_ApplyBC: Apply symmetry boundary conditions
              ReflectionSymmetry::ReflectionSymmetry_Apply: Apply reflection symmetries
            Boundary::Boundary_ClearSelection: [level] Unselect all grid variables for boundary conditions
          LeanBSSNMoL::LeanBSSN_impose_conf_fac_floor: Make sure conformal factor does not drop below specified value
          LeanBSSNMoL::LeanBSSN_Boundaries: [level] MoL boundary enforcement
          GROUP LeanBSSN_ApplyBCs: Apply boundary conditions
            GROUP BoundaryConditions: Execute all boundary conditions
              Boundary::Boundary_ApplyPhysicalBCs: Apply all requested local physical boundary conditions
              CartGrid3D::CartGrid3D_ApplyBC: Apply symmetry boundary conditions
              ReflectionSymmetry::ReflectionSymmetry_Apply: Apply reflection symmetries
            Boundary::Boundary_ClearSelection: [level] Unselect all grid variables for boundary conditions
          LeanBSSNMoL::LeanBSSN_bssn2adm: [local] Convert variables back to the ADM ones
          GROUP ADMBase_SetADMVars: Set the ADM variables before this group, and use them afterwards
          GROUP SetTmunu: Group for calculating the stress-energy tensor
            TmunuBase::TmunuBase_ZeroTmunu: Initialise the stress-energy tensor to zero
            GROUP AddToTmunu: Add to the stress-energy tensor here
              EMGEvolve::EMG_AddToTmunu: Compute the energy-momentum tensor
        GROUP MoL_PseudoEvolutionBoundaries: Apply boundary conditions to pseudo-evolved quantities
        GROUP CalcNPScalars_BC: Boundary conditions
          NPScalars::NPboundaries: [level] Symmetry boundary conditions
          GROUP ApplyBCs_NP: Apply boundary conditions
            GROUP BoundaryConditions: Execute all boundary conditions
              Boundary::Boundary_ApplyPhysicalBCs: Apply all requested local physical boundary conditions
              CartGrid3D::CartGrid3D_ApplyBC: Apply symmetry boundary conditions
              ReflectionSymmetry::ReflectionSymmetry_Apply: Apply reflection symmetries
            Boundary::Boundary_ClearSelection: [level] Unselect all grid variables for boundary conditions
        GROUP CalcNPEMGScalars_BC: Boundary conditions
          NPScalars_EMG::NPEMG_Boundaries: [level] Symmetry boundary conditions
          GROUP ApplyBCs_NPEMG: Apply boundary conditions
            GROUP BoundaryConditions: Execute all boundary conditions
              Boundary::Boundary_ApplyPhysicalBCs: Apply all requested local physical boundary conditions
              CartGrid3D::CartGrid3D_ApplyBC: Apply symmetry boundary conditions
              ReflectionSymmetry::ReflectionSymmetry_Apply: Apply reflection symmetries
            Boundary::Boundary_ClearSelection: [level] Unselect all grid variables for boundary conditions
      [CCTK_POSTPOSTINITIAL]
      [CCTK_POSTSTEP]
        AHFinderDirect::AHFinderDirect_import_mask: [global] [loop-local] import the excision mask
        AHFinderDirect::AHFinderDirect_find_horizons: [global] find apparent horizon(s) after this time step
        AHFinderDirect::AHFinderDirect_store: [global] store apparent horizon(s) into spherical surface(s)
        AHFinderDirect::AHFinderDirect_save: [global] save apparent horizon(s) into Cactus variables
        AHFinderDirect::AHFinderDirect_maybe_do_masks: set mask(s) based on apparent horizon position(s)
        SphericalSurface::SphericalSurface_Set: [global] Set surface radii
        GROUP SphericalSurface_HasBeenSet: Set the spherical surfaces before this group, and use it afterwards
          SphericalSurface::SphericalSurface_CheckState: [global] Test the state of the spherical surfaces
        GROUP zzz_NaNChecker_NaNCheck: Check for NaNs and count them in NaNChecker::NaNsFound
          NaNChecker::NaNChecker_NaNCheck_Prepare: [level] Prepare data structures to check for NaNs
          NaNChecker::NaNChecker_NaNCheck_Check: [local] Check for NaNs
          NaNChecker::NaNChecker_NaNCheck_Finish: [level] Count NaNs in NaNChecker::NaNsFound
        NaNChecker::NaNChecker_TakeAction: [global] [loop-level] Output NaNChecker::NaNmask and take action according to NaNChecker::action_if_found
        PunctureTracker::PunctureTracker_SetPositions: [global] Copy puncture positions to spherical surfaces
        SpaceMask::CheckMask: Ensure that all mask values are legal
        Dissipation::setup_epsdis: Setup spatially varying dissipation
        GROUP MaskBase_SetupMask: Set up the weight function
          GROUP MaskBase_SetupMaskAll: Set up the weight function
            CarpetReduce::MaskBase_AllocateMask: [global] Allocate the weight function
            CarpetReduce::MaskBase_InitMask: [global] [loop-local] Initialise the weight function
            GROUP SetupIMaskInternal: Set up the integer weight function (schedule other routines in here)
              CarpetReduce::CoordBase_SetupMask: [global] [loop-local] Set up the outer boundaries of the weight function
              CarpetReduce::CarpetMaskSetup: [global] [loop-singlemap] Set up the weight function for the restriction regions
            GROUP SetupIMask: Set up the integer weight function (schedule other routines in here)
              CarpetMask::CarpetExcludedSetup: [global] [loop-local] Set up the weight function for the excluded regions
              CarpetMask::CarpetSurfaceSetup: [global] [loop-local] Set up the weight function for the excluded spherical surfaces
            CarpetReduce::MaskBase_SetMask: [global] [loop-local] Set the weight function
            GROUP SetupMask: Set up the real weight function (schedule other routines in here)
            CarpetReduce::MaskBase_TestMask: [global] Test the weight function
    endif
    if (recover initial data)
      [CCTK_BASEGRID]
        ADMBase::ADMBase_SetShiftStateOn: Set the shift_state variable to 1
        ADMBase::ADMBase_SetDtLapseStateOn: Set the dtlapse_state variable to 1
        ADMBase::ADMBase_SetDtShiftStateOn: Set the dtshift_state variable to 1
        ADMMacros::ADMMacros_SetLocalSpatialOrder: Initialize the local_spatial_order
        CartGrid3D::SpatialSpacings: Set up ranges for spatial 3D Cartesian coordinates (on all grids)
        CartGrid3D::SpatialCoordinates: Set up spatial 3D Cartesian coordinates on the GH
        SphericalSurface::SphericalSurface_SetupRes: [global] [loop-local] Set surface resolution automatically
        AHFinderDirect::AHFinderDirect_setup: [global] setup data structures
        Dissipation::dissipation_basegrid: Ensure that there are enough ghost zones
        EMGBase::emg_symmetries: [global] Register symmetries of the grid functions
        EMGEvolve::EMG_InitSymBound: [meta] Schedule symmetries
        EMGEvolve::EMG_zero_rhs: set all rhs functions to zero to prevent spurious nans
        LeanBSSNMoL::LeanBSSN_symmetries: [global] Register symmetries of the BSSN grid functions
        LeanBSSNMoL::LeanBSSN_zero_rhs: Set all rhs functions to zero to prevent spurious nans
        NPScalars::NP_symmetries: [meta] Set symmetries for grid functions
        NPScalars_EMG::NPEMG_symmetries: [meta] Set symmetries for grid functions
        NaNChecker::NaNChecker_ResetCounter: [global] Reset the NaNChecker::NaNsFound counter
        SpaceMask::MaskZero: Initialise mask to zero
        SpaceMask::MaskOne: Set old style mask to one
        SphericalSurface::SphericalSurface_Setup: [global] Calculate surface coordinate descriptors
        GROUP MaskBase_SetupMask: Set up the weight function
          GROUP MaskBase_SetupMaskAll: Set up the weight function
            CarpetReduce::MaskBase_AllocateMask: [global] Allocate the weight function
            CarpetReduce::MaskBase_InitMask: [global] [loop-local] Initialise the weight function
            GROUP SetupIMaskInternal: Set up the integer weight function (schedule other routines in here)
              CarpetReduce::CoordBase_SetupMask: [global] [loop-local] Set up the outer boundaries of the weight function
              CarpetReduce::CarpetMaskSetup: [global] [loop-singlemap] Set up the weight function for the restriction regions
            GROUP SetupIMask: Set up the integer weight function (schedule other routines in here)
              CarpetMask::CarpetExcludedSetup: [global] [loop-local] Set up the weight function for the excluded regions
              CarpetMask::CarpetSurfaceSetup: [global] [loop-local] Set up the weight function for the excluded spherical surfaces
            CarpetReduce::MaskBase_SetMask: [global] [loop-local] Set the weight function
            GROUP SetupMask: Set up the real weight function (schedule other routines in here)
            CarpetReduce::MaskBase_TestMask: [global] Test the weight function
        SphericalSurface::SphericalSurface_Set: [global] Set surface radii to be used for initial setup in other thorns
        GROUP SphericalSurface_HasBeenSet: Set the spherical surfaces before this group, and use it afterwards
          SphericalSurface::SphericalSurface_CheckState: [global] Test the state of the spherical surfaces
        SymBase::SymBase_Check: Check whether the driver set up the grid consistently
        TerminationTrigger::TerminationTrigger_ResetTrigger: Clear trigger state
        TerminationTrigger::TerminationTrigger_StartTimer: Start timer
        TerminationTrigger::TerminationTrigger_CreateFile: Create termination file
        Time::Time_Initialise: [global] Initialise Time variables
        Time::TemporalSpacings: [singlemap] Set timestep based on Courant condition (courant_static)
      [CCTK_RECOVER_VARIABLES]
        IOUtil::IOUtil_RecoverGH: [level] Checkpoint recovery routine
      [CCTK_POST_RECOVER_VARIABLES]
        AHFinderDirect::AHFinderDirect_recover: [global] import horizon data from Cactus variables
        CarpetIOHDF5::CarpetIOHDF5_InitCheckpointingIntervals: [global] Initialisation of checkpointing intervals after recovery
        CarpetIOHDF5::CarpetIOHDF5_CloseFiles: [meta] Close all initial data checkpoint files after recovery
        GROUP MaskBase_SetupMask: Set up the weight function
          GROUP MaskBase_SetupMaskAll: Set up the weight function
            CarpetReduce::MaskBase_AllocateMask: [global] Allocate the weight function
            CarpetReduce::MaskBase_InitMask: [global] [loop-local] Initialise the weight function
            GROUP SetupIMaskInternal: Set up the integer weight function (schedule other routines in here)
              CarpetReduce::CoordBase_SetupMask: [global] [loop-local] Set up the outer boundaries of the weight function
              CarpetReduce::CarpetMaskSetup: [global] [loop-singlemap] Set up the weight function for the restriction regions
            GROUP SetupIMask: Set up the integer weight function (schedule other routines in here)
              CarpetMask::CarpetExcludedSetup: [global] [loop-local] Set up the weight function for the excluded regions
              CarpetMask::CarpetSurfaceSetup: [global] [loop-local] Set up the weight function for the excluded spherical surfaces
            CarpetReduce::MaskBase_SetMask: [global] [loop-local] Set the weight function
            GROUP SetupMask: Set up the real weight function (schedule other routines in here)
            CarpetReduce::MaskBase_TestMask: [global] Test the weight function
        GROUP MoL_PostStep: Ensure that everything is correct after recovery
          LeanBSSNMoL::LeanBSSN_remove_trA: Remove trace of A
          EMGEvolve::EMG_Boundaries: [level] MoL boundary enforcement for EMG variables
          GROUP EMG_ApplyBCs: Apply boundary conditions
            GROUP BoundaryConditions: Execute all boundary conditions
              Boundary::Boundary_ApplyPhysicalBCs: Apply all requested local physical boundary conditions
              CartGrid3D::CartGrid3D_ApplyBC: Apply symmetry boundary conditions
              ReflectionSymmetry::ReflectionSymmetry_Apply: Apply reflection symmetries
            Boundary::Boundary_ClearSelection: [level] Unselect all grid variables for boundary conditions
          LeanBSSNMoL::LeanBSSN_impose_conf_fac_floor: Make sure conformal factor does not drop below specified value
          LeanBSSNMoL::LeanBSSN_Boundaries: [level] MoL boundary enforcement
          GROUP LeanBSSN_ApplyBCs: Apply boundary conditions
            GROUP BoundaryConditions: Execute all boundary conditions
              Boundary::Boundary_ApplyPhysicalBCs: Apply all requested local physical boundary conditions
              CartGrid3D::CartGrid3D_ApplyBC: Apply symmetry boundary conditions
              ReflectionSymmetry::ReflectionSymmetry_Apply: Apply reflection symmetries
            Boundary::Boundary_ClearSelection: [level] Unselect all grid variables for boundary conditions
          LeanBSSNMoL::LeanBSSN_bssn2adm: [local] Convert variables back to the ADM ones
          GROUP ADMBase_SetADMVars: Set the ADM variables before this group, and use them afterwards
          GROUP SetTmunu: Group for calculating the stress-energy tensor
            TmunuBase::TmunuBase_ZeroTmunu: Initialise the stress-energy tensor to zero
            GROUP AddToTmunu: Add to the stress-energy tensor here
              EMGEvolve::EMG_AddToTmunu: Compute the energy-momentum tensor
        GROUP zzz_NaNChecker_NaNCheck: Check for NaNs and count them in NaNChecker::NaNsFound
          NaNChecker::NaNChecker_NaNCheck_Prepare: [level] Prepare data structures to check for NaNs
          NaNChecker::NaNChecker_NaNCheck_Check: [local] Check for NaNs
          NaNChecker::NaNChecker_NaNCheck_Finish: [level] Count NaNs in NaNChecker::NaNsFound
        NaNChecker::NaNChecker_TakeAction: [global] [loop-level] Output NaNChecker::NaNmask and take action according to NaNChecker::action_if_found
        TerminationTrigger::TerminationTrigger_ResetMinutes: [global] Reset Watchtime
    endif
    if (checkpoint initial data)
      [CCTK_CPINITIAL]
        CarpetIOHDF5::CarpetIOHDF5_InitialDataCheckpoint: [meta] Initial data checkpoint routine
    endif
    if (analysis)
      [CCTK_ANALYSIS]
        CarpetLib::CarpetLib_printtimestats: [global] Print timing statistics if desired
        CarpetLib::CarpetLib_printmemstats: [global] Print memory statistics if desired
        GROUP EMG_constraints: Group to compute constraints
          EMGEvolve::EMG_constraints: Compute constraints
          EMGEvolve::EMG_constraints_boundaries: [level] Enforce symmetry BCs in constraint computation
          GROUP EMG_constraints_ApplyBCs: Apply boundary conditions
            GROUP BoundaryConditions: Execute all boundary conditions
              Boundary::Boundary_ApplyPhysicalBCs: Apply all requested local physical boundary conditions
              CartGrid3D::CartGrid3D_ApplyBC: Apply symmetry boundary conditions
              ReflectionSymmetry::ReflectionSymmetry_Apply: Apply reflection symmetries
            Boundary::Boundary_ClearSelection: [level] Unselect all grid variables for boundary conditions
        GROUP LeanBSSN_constraints: Compute constraints
          LeanBSSNMoL::LeanBSSN_bssn_constraints: Compute constraints
          LeanBSSNMoL::LeanBSSN_Constraints_Boundaries: [level] Enforce symmetry BCs in constraint computation
          GROUP LeanBSSN_Constraints_ApplyBCs: Apply boundary conditions
            GROUP BoundaryConditions: Execute all boundary conditions
              Boundary::Boundary_ApplyPhysicalBCs: Apply all requested local physical boundary conditions
              CartGrid3D::CartGrid3D_ApplyBC: Apply symmetry boundary conditions
              ReflectionSymmetry::ReflectionSymmetry_Apply: Apply reflection symmetries
            Boundary::Boundary_ClearSelection: [level] Unselect all grid variables for boundary conditions
        LoopControl::LC_statistics_analysis: [meta] Output LoopControl statistics
        Multipole::Multipole_Calc: [global] Calculate Multipoles
        GROUP CalcNPEMGScalars: Calculate NPScalars
          NPScalars_EMG::NPEMG_calcPsiGF: [local] calculate grid functions
          GROUP CalcNPEMGScalars_BC: Boundary conditions
            NPScalars_EMG::NPEMG_Boundaries: [level] Symmetry boundary conditions
            GROUP ApplyBCs_NPEMG: Apply boundary conditions
              GROUP BoundaryConditions: Execute all boundary conditions
                Boundary::Boundary_ApplyPhysicalBCs: Apply all requested local physical boundary conditions
                CartGrid3D::CartGrid3D_ApplyBC: Apply symmetry boundary conditions
                ReflectionSymmetry::ReflectionSymmetry_Apply: Apply reflection symmetries
              Boundary::Boundary_ClearSelection: [level] Unselect all grid variables for boundary conditions
        QuasiLocalMeasures::qlm_calculate: [global] Calculate quasi-local quantities
        SystemStatistics::SystemStatistics_Collect: [global] Collect system statistics
        TerminationTrigger::TerminationTrigger_CheckWalltime: Check elapsed job walltime
        TerminationTrigger::TerminationTrigger_CheckSignal: Check if we received a termination signal
        TerminationTrigger::TerminationTrigger_CheckFile: Check termination file
        TimerReport::zzz_TimerReport_Output: [global] Print the timer report
  endif
  Output grid variables

  do loop over timesteps
    [CCTK_PREREGRID]
      CarpetTracker::CarpetTracker_SetPositions: [global] Set positions of refined regions
    Change grid hierarchy
    [CCTK_POSTREGRID]
      SpaceMask::MaskZero: Initialise mask to zero
      CartGrid3D::SpatialCoordinates: Set Coordinates after regridding
      GROUP MaskBase_SetupMask: Set up the weight function
        GROUP MaskBase_SetupMaskAll: Set up the weight function
          CarpetReduce::MaskBase_AllocateMask: [global] Allocate the weight function
          CarpetReduce::MaskBase_InitMask: [global] [loop-local] Initialise the weight function
          GROUP SetupIMaskInternal: Set up the integer weight function (schedule other routines in here)
            CarpetReduce::CoordBase_SetupMask: [global] [loop-local] Set up the outer boundaries of the weight function
            CarpetReduce::CarpetMaskSetup: [global] [loop-singlemap] Set up the weight function for the restriction regions
          GROUP SetupIMask: Set up the integer weight function (schedule other routines in here)
            CarpetMask::CarpetExcludedSetup: [global] [loop-local] Set up the weight function for the excluded regions
            CarpetMask::CarpetSurfaceSetup: [global] [loop-local] Set up the weight function for the excluded spherical surfaces
          CarpetReduce::MaskBase_SetMask: [global] [loop-local] Set the weight function
          GROUP SetupMask: Set up the real weight function (schedule other routines in here)
          CarpetReduce::MaskBase_TestMask: [global] Test the weight function
      Dissipation::setup_epsdis: Setup spatially varying dissipation
      GROUP MoL_PostStep: Ensure that everything is correct after regridding
        LeanBSSNMoL::LeanBSSN_remove_trA: Remove trace of A
        EMGEvolve::EMG_Boundaries: [level] MoL boundary enforcement for EMG variables
        GROUP EMG_ApplyBCs: Apply boundary conditions
          GROUP BoundaryConditions: Execute all boundary conditions
            Boundary::Boundary_ApplyPhysicalBCs: Apply all requested local physical boundary conditions
            CartGrid3D::CartGrid3D_ApplyBC: Apply symmetry boundary conditions
            ReflectionSymmetry::ReflectionSymmetry_Apply: Apply reflection symmetries
          Boundary::Boundary_ClearSelection: [level] Unselect all grid variables for boundary conditions
        LeanBSSNMoL::LeanBSSN_impose_conf_fac_floor: Make sure conformal factor does not drop below specified value
        LeanBSSNMoL::LeanBSSN_Boundaries: [level] MoL boundary enforcement
        GROUP LeanBSSN_ApplyBCs: Apply boundary conditions
          GROUP BoundaryConditions: Execute all boundary conditions
            Boundary::Boundary_ApplyPhysicalBCs: Apply all requested local physical boundary conditions
            CartGrid3D::CartGrid3D_ApplyBC: Apply symmetry boundary conditions
            ReflectionSymmetry::ReflectionSymmetry_Apply: Apply reflection symmetries
          Boundary::Boundary_ClearSelection: [level] Unselect all grid variables for boundary conditions
        LeanBSSNMoL::LeanBSSN_bssn2adm: [local] Convert variables back to the ADM ones
        GROUP ADMBase_SetADMVars: Set the ADM variables before this group, and use them afterwards
        GROUP SetTmunu: Group for calculating the stress-energy tensor
          TmunuBase::TmunuBase_ZeroTmunu: Initialise the stress-energy tensor to zero
          GROUP AddToTmunu: Add to the stress-energy tensor here
            EMGEvolve::EMG_AddToTmunu: Compute the energy-momentum tensor
      GROUP MoL_PseudoEvolutionBoundaries: Apply boundary conditions to pseudo-evolved quantities
      GROUP CalcNPScalars_BC: Boundary conditions
        NPScalars::NPboundaries: [level] Symmetry boundary conditions
        GROUP ApplyBCs_NP: Apply boundary conditions
          GROUP BoundaryConditions: Execute all boundary conditions
            Boundary::Boundary_ApplyPhysicalBCs: Apply all requested local physical boundary conditions
            CartGrid3D::CartGrid3D_ApplyBC: Apply symmetry boundary conditions
            ReflectionSymmetry::ReflectionSymmetry_Apply: Apply reflection symmetries
          Boundary::Boundary_ClearSelection: [level] Unselect all grid variables for boundary conditions
      GROUP CalcNPEMGScalars_BC: Boundary conditions
        NPScalars_EMG::NPEMG_Boundaries: [level] Symmetry boundary conditions
        GROUP ApplyBCs_NPEMG: Apply boundary conditions
          GROUP BoundaryConditions: Execute all boundary conditions
            Boundary::Boundary_ApplyPhysicalBCs: Apply all requested local physical boundary conditions
            CartGrid3D::CartGrid3D_ApplyBC: Apply symmetry boundary conditions
            ReflectionSymmetry::ReflectionSymmetry_Apply: Apply reflection symmetries
          Boundary::Boundary_ClearSelection: [level] Unselect all grid variables for boundary conditions
      SpaceMask::MaskOne: Set mask to one
      AHFinderDirect::AHFinderDirect_maybe_do_masks: set mask(s) based on apparent horizon position(s)
    Rotate timelevels
    iteration = iteration+1
    t = t+dt
    [CCTK_PRESTEP]
      CoordGauge::Einstein_SetNextSlicing: Identify the slicing for the next iteration
      LoopControl::LC_steer: [meta] Update LoopControl algorithm preferences
      NaNChecker::NaNChecker_ResetCounter: [global] Reset the NaNChecker::NaNsFound counter
    [CCTK_EVOL]
      MoL::MoL_StartLoop: [level] Initialise the step size control
      while (MoL::MoL_Stepsize_Bad)
        GROUP MoL_Evolution: A single Cactus evolution step using MoL
          GROUP MoL_StartStep: MoL internal setup for the evolution step
            MoL::MoL_SetCounter: [level] Set the counter for the ODE method to loop over
            MoL::MoL_SetTime: [level] Ensure the correct time and timestep are used
            MoL::MoL_AllocateScratchSpace: [level] Allocate storage for scratch levels
          GROUP MoL_PreStep: Physics thorns can schedule preloop setup routines in here
          MoL::MoL_AllocateScratch: Allocate sufficient space for array scratch variables
          MoL::MoL_InitialCopy: Ensure the data is in the correct timelevel
          while (MoL::MoL_Intermediate_Step)
            GROUP MoL_Step: The loop over the intermediate steps for the ODE integrator
              MoL::MoL_InitRHS: Initialise the RHS functions
              GROUP MoL_CalcRHS: Physics thorns schedule the calculation of the discrete spatial operator in here
                EMGEvolve::EMG_CalcRHS: MoL RHS calculation for EMG variables
                EMGEvolve::EMG_CalcRHS_Bdry: MoL boundary RHS calculation for EMG variables
                LeanBSSNMoL::LeanBSSN_CalcRHS: MoL RHS calculation
                LeanBSSNMoL::LeanBSSN_CalcRHS_Bdry: MoL boundary RHS calculation
              GROUP MoL_PostRHS: Modify RHS functions
                Dissipation::dissipation_add: Add Kreiss-Oliger dissipation to the right hand sides
              GROUP MoL_RHSBoundaries: Any 'final' modifications to the RHS functions (boundaries etc.)
              MoL::MoL_Add: Updates calculated with the efficient Runge-Kutta 4 method
              MoL::MoL_DecrementCounter: [level] Alter the counter number
              MoL::MoL_ResetTime: [level] If necessary, change the time
              GROUP MoL_PostStepModify: The group for physics thorns to schedule enforcing constraints
              GROUP MoL_PostStep: The group for physics thorns to schedule boundary calls etc.
                LeanBSSNMoL::LeanBSSN_remove_trA: Remove trace of A
                EMGEvolve::EMG_Boundaries: [level] MoL boundary enforcement for EMG variables
                GROUP EMG_ApplyBCs: Apply boundary conditions
                  GROUP BoundaryConditions: Execute all boundary conditions
                    Boundary::Boundary_ApplyPhysicalBCs: Apply all requested local physical boundary conditions
                    CartGrid3D::CartGrid3D_ApplyBC: Apply symmetry boundary conditions
                    ReflectionSymmetry::ReflectionSymmetry_Apply: Apply reflection symmetries
                  Boundary::Boundary_ClearSelection: [level] Unselect all grid variables for boundary conditions
                LeanBSSNMoL::LeanBSSN_impose_conf_fac_floor: Make sure conformal factor does not drop below specified value
                LeanBSSNMoL::LeanBSSN_Boundaries: [level] MoL boundary enforcement
                GROUP LeanBSSN_ApplyBCs: Apply boundary conditions
                  GROUP BoundaryConditions: Execute all boundary conditions
                    Boundary::Boundary_ApplyPhysicalBCs: Apply all requested local physical boundary conditions
                    CartGrid3D::CartGrid3D_ApplyBC: Apply symmetry boundary conditions
                    ReflectionSymmetry::ReflectionSymmetry_Apply: Apply reflection symmetries
                  Boundary::Boundary_ClearSelection: [level] Unselect all grid variables for boundary conditions
                LeanBSSNMoL::LeanBSSN_bssn2adm: [local] Convert variables back to the ADM ones
                GROUP ADMBase_SetADMVars: Set the ADM variables before this group, and use them afterwards
                GROUP SetTmunu: Group for calculating the stress-energy tensor
                  TmunuBase::TmunuBase_ZeroTmunu: Initialise the stress-energy tensor to zero
                  GROUP AddToTmunu: Add to the stress-energy tensor here
                    EMGEvolve::EMG_AddToTmunu: Compute the energy-momentum tensor
              MoL::MoL_ResetDeltaTime: [level] If necessary, change the timestep
          end while
          MoL::MoL_FinishLoop: [level] Control the step size
          MoL::MoL_RestoreSandR: Restoring the Save and Restore variables to the original state
          MoL::MoL_FreeScratchSpace: [level] Free storage for scratch levels
      end while
      GROUP MoL_PseudoEvolution: Calculate pseudo-evolved quantities
        GROUP ADMBase_SetADMVars: Set the ADM variables before this group, and use them afterwards
        GROUP CalcNPScalars: Calculate NPScalars
          NPScalars::NP_calcPsiGF: [local] calculate Psi4 as grid function
          GROUP CalcNPScalars_BC: Boundary conditions
            NPScalars::NPboundaries: [level] Symmetry boundary conditions
            GROUP ApplyBCs_NP: Apply boundary conditions
              GROUP BoundaryConditions: Execute all boundary conditions
                Boundary::Boundary_ApplyPhysicalBCs: Apply all requested local physical boundary conditions
                CartGrid3D::CartGrid3D_ApplyBC: Apply symmetry boundary conditions
                ReflectionSymmetry::ReflectionSymmetry_Apply: Apply reflection symmetries
              Boundary::Boundary_ClearSelection: [level] Unselect all grid variables for boundary conditions
      PunctureTracker::PunctureTracker_Track: [global] Calculate new location of punctures
    Evolve finer grids recursively
    Restrict from finer grids
    [CCTK_POSTRESTRICT]
      GROUP MoL_PostStep: Ensure that everything is correct after restriction
        LeanBSSNMoL::LeanBSSN_remove_trA: Remove trace of A
        EMGEvolve::EMG_Boundaries: [level] MoL boundary enforcement for EMG variables
        GROUP EMG_ApplyBCs: Apply boundary conditions
          GROUP BoundaryConditions: Execute all boundary conditions
            Boundary::Boundary_ApplyPhysicalBCs: Apply all requested local physical boundary conditions
            CartGrid3D::CartGrid3D_ApplyBC: Apply symmetry boundary conditions
            ReflectionSymmetry::ReflectionSymmetry_Apply: Apply reflection symmetries
          Boundary::Boundary_ClearSelection: [level] Unselect all grid variables for boundary conditions
        LeanBSSNMoL::LeanBSSN_impose_conf_fac_floor: Make sure conformal factor does not drop below specified value
        LeanBSSNMoL::LeanBSSN_Boundaries: [level] MoL boundary enforcement
        GROUP LeanBSSN_ApplyBCs: Apply boundary conditions
          GROUP BoundaryConditions: Execute all boundary conditions
            Boundary::Boundary_ApplyPhysicalBCs: Apply all requested local physical boundary conditions
            CartGrid3D::CartGrid3D_ApplyBC: Apply symmetry boundary conditions
            ReflectionSymmetry::ReflectionSymmetry_Apply: Apply reflection symmetries
          Boundary::Boundary_ClearSelection: [level] Unselect all grid variables for boundary conditions
        LeanBSSNMoL::LeanBSSN_bssn2adm: [local] Convert variables back to the ADM ones
        GROUP ADMBase_SetADMVars: Set the ADM variables before this group, and use them afterwards
        GROUP SetTmunu: Group for calculating the stress-energy tensor
          TmunuBase::TmunuBase_ZeroTmunu: Initialise the stress-energy tensor to zero
          GROUP AddToTmunu: Add to the stress-energy tensor here
            EMGEvolve::EMG_AddToTmunu: Compute the energy-momentum tensor
      GROUP MoL_PseudoEvolutionBoundaries: Apply boundary conditions to pseudo-evolved quantities
      GROUP CalcNPScalars_BC: Boundary conditions
        NPScalars::NPboundaries: [level] Symmetry boundary conditions
        GROUP ApplyBCs_NP: Apply boundary conditions
          GROUP BoundaryConditions: Execute all boundary conditions
            Boundary::Boundary_ApplyPhysicalBCs: Apply all requested local physical boundary conditions
            CartGrid3D::CartGrid3D_ApplyBC: Apply symmetry boundary conditions
            ReflectionSymmetry::ReflectionSymmetry_Apply: Apply reflection symmetries
          Boundary::Boundary_ClearSelection: [level] Unselect all grid variables for boundary conditions
      GROUP CalcNPEMGScalars_BC: Boundary conditions
        NPScalars_EMG::NPEMG_Boundaries: [level] Symmetry boundary conditions
        GROUP ApplyBCs_NPEMG: Apply boundary conditions
          GROUP BoundaryConditions: Execute all boundary conditions
            Boundary::Boundary_ApplyPhysicalBCs: Apply all requested local physical boundary conditions
            CartGrid3D::CartGrid3D_ApplyBC: Apply symmetry boundary conditions
            ReflectionSymmetry::ReflectionSymmetry_Apply: Apply reflection symmetries
          Boundary::Boundary_ClearSelection: [level] Unselect all grid variables for boundary conditions
    [CCTK_POSTSTEP]
      AHFinderDirect::AHFinderDirect_import_mask: [global] [loop-local] import the excision mask
      AHFinderDirect::AHFinderDirect_find_horizons: [global] find apparent horizon(s) after this time step
      AHFinderDirect::AHFinderDirect_store: [global] store apparent horizon(s) into spherical surface(s)
      AHFinderDirect::AHFinderDirect_save: [global] save apparent horizon(s) into Cactus variables
      AHFinderDirect::AHFinderDirect_maybe_do_masks: set mask(s) based on apparent horizon position(s)
      SphericalSurface::SphericalSurface_Set: [global] Set surface radii
      GROUP SphericalSurface_HasBeenSet: Set the spherical surfaces before this group, and use it afterwards
        SphericalSurface::SphericalSurface_CheckState: [global] Test the state of the spherical surfaces
      GROUP zzz_NaNChecker_NaNCheck: Check for NaNs and count them in NaNChecker::NaNsFound
        NaNChecker::NaNChecker_NaNCheck_Prepare: [level] Prepare data structures to check for NaNs
        NaNChecker::NaNChecker_NaNCheck_Check: [local] Check for NaNs
        NaNChecker::NaNChecker_NaNCheck_Finish: [level] Count NaNs in NaNChecker::NaNsFound
      NaNChecker::NaNChecker_TakeAction: [global] [loop-level] Output NaNChecker::NaNmask and take action according to NaNChecker::action_if_found
      PunctureTracker::PunctureTracker_SetPositions: [global] Copy puncture positions to spherical surfaces
      SpaceMask::CheckMask: Ensure that all mask values are legal
      Dissipation::setup_epsdis: Setup spatially varying dissipation
      GROUP MaskBase_SetupMask: Set up the weight function
        GROUP MaskBase_SetupMaskAll: Set up the weight function
          CarpetReduce::MaskBase_AllocateMask: [global] Allocate the weight function
          CarpetReduce::MaskBase_InitMask: [global] [loop-local] Initialise the weight function
          GROUP SetupIMaskInternal: Set up the integer weight function (schedule other routines in here)
            CarpetReduce::CoordBase_SetupMask: [global] [loop-local] Set up the outer boundaries of the weight function
            CarpetReduce::CarpetMaskSetup: [global] [loop-singlemap] Set up the weight function for the restriction regions
          GROUP SetupIMask: Set up the integer weight function (schedule other routines in here)
            CarpetMask::CarpetExcludedSetup: [global] [loop-local] Set up the weight function for the excluded regions
            CarpetMask::CarpetSurfaceSetup: [global] [loop-local] Set up the weight function for the excluded spherical surfaces
          CarpetReduce::MaskBase_SetMask: [global] [loop-local] Set the weight function
          GROUP SetupMask: Set up the real weight function (schedule other routines in here)
          CarpetReduce::MaskBase_TestMask: [global] Test the weight function
    if (checkpoint)
      [CCTK_CHECKPOINT]
      CarpetIOHDF5::CarpetIOHDF5_EvolutionCheckpoint: [meta] Evolution checkpoint routine
      TimerReport::zzz_TimerReport_Checkpoint: [global] Print the timer report
    endif
    if (analysis)
      [CCTK_ANALYSIS]
      CarpetLib::CarpetLib_printtimestats: [global] Print timing statistics if desired
      CarpetLib::CarpetLib_printmemstats: [global] Print memory statistics if desired
      GROUP EMG_constraints: Group to compute constraints
        EMGEvolve::EMG_constraints: Compute constraints
        EMGEvolve::EMG_constraints_boundaries: [level] Enforce symmetry BCs in constraint computation
        GROUP EMG_constraints_ApplyBCs: Apply boundary conditions
          GROUP BoundaryConditions: Execute all boundary conditions
            Boundary::Boundary_ApplyPhysicalBCs: Apply all requested local physical boundary conditions
            CartGrid3D::CartGrid3D_ApplyBC: Apply symmetry boundary conditions
            ReflectionSymmetry::ReflectionSymmetry_Apply: Apply reflection symmetries
          Boundary::Boundary_ClearSelection: [level] Unselect all grid variables for boundary conditions
      GROUP LeanBSSN_constraints: Compute constraints
        LeanBSSNMoL::LeanBSSN_bssn_constraints: Compute constraints
        LeanBSSNMoL::LeanBSSN_Constraints_Boundaries: [level] Enforce symmetry BCs in constraint computation
        GROUP LeanBSSN_Constraints_ApplyBCs: Apply boundary conditions
          GROUP BoundaryConditions: Execute all boundary conditions
            Boundary::Boundary_ApplyPhysicalBCs: Apply all requested local physical boundary conditions
            CartGrid3D::CartGrid3D_ApplyBC: Apply symmetry boundary conditions
            ReflectionSymmetry::ReflectionSymmetry_Apply: Apply reflection symmetries
          Boundary::Boundary_ClearSelection: [level] Unselect all grid variables for boundary conditions
      LoopControl::LC_statistics_analysis: [meta] Output LoopControl statistics
      Multipole::Multipole_Calc: [global] Calculate Multipoles
      GROUP CalcNPEMGScalars: Calculate NPScalars
        NPScalars_EMG::NPEMG_calcPsiGF: [local] calculate grid functions
        GROUP CalcNPEMGScalars_BC: Boundary conditions
          NPScalars_EMG::NPEMG_Boundaries: [level] Symmetry boundary conditions
          GROUP ApplyBCs_NPEMG: Apply boundary conditions
            GROUP BoundaryConditions: Execute all boundary conditions
              Boundary::Boundary_ApplyPhysicalBCs: Apply all requested local physical boundary conditions
              CartGrid3D::CartGrid3D_ApplyBC: Apply symmetry boundary conditions
              ReflectionSymmetry::ReflectionSymmetry_Apply: Apply reflection symmetries
            Boundary::Boundary_ClearSelection: [level] Unselect all grid variables for boundary conditions
      QuasiLocalMeasures::qlm_calculate: [global] Calculate quasi-local quantities
      SystemStatistics::SystemStatistics_Collect: [global] Collect system statistics
      TerminationTrigger::TerminationTrigger_CheckWalltime: Check elapsed job walltime
      TerminationTrigger::TerminationTrigger_CheckSignal: Check if we received a termination signal
      TerminationTrigger::TerminationTrigger_CheckFile: Check termination file
      TimerReport::zzz_TimerReport_Output: [global] Print the timer report
    endif
    Output grid variables
    enddo

  Termination routines
    [CCTK_TERMINATE]
      CarpetIOHDF5::CarpetIOHDF5_TerminationCheckpoint: [meta] Termination checkpoint routine
      LoopControl::LC_statistics_terminate: [meta] Output LoopControl statistics
      MoL::MoL_FreeIndexArrays: Free the MoL bookkeeping index arrays
      TimerReport::zzz_TimerReport_Output: [global] Print the timer report

  Shutdown routines
    [CCTK_SHUTDOWN]
      Timers::Timer_Shutdown: Prepare hierarchical timers

  Routines run after changing the grid hierarchy:
    [CCTK_POSTREGRID]
      SpaceMask::MaskZero: Initialise mask to zero
      CartGrid3D::SpatialCoordinates: Set Coordinates after regridding
      GROUP MaskBase_SetupMask: Set up the weight function
        GROUP MaskBase_SetupMaskAll: Set up the weight function
          CarpetReduce::MaskBase_AllocateMask: [global] Allocate the weight function
          CarpetReduce::MaskBase_InitMask: [global] [loop-local] Initialise the weight function
          GROUP SetupIMaskInternal: Set up the integer weight function (schedule other routines in here)
            CarpetReduce::CoordBase_SetupMask: [global] [loop-local] Set up the outer boundaries of the weight function
            CarpetReduce::CarpetMaskSetup: [global] [loop-singlemap] Set up the weight function for the restriction regions
          GROUP SetupIMask: Set up the integer weight function (schedule other routines in here)
            CarpetMask::CarpetExcludedSetup: [global] [loop-local] Set up the weight function for the excluded regions
            CarpetMask::CarpetSurfaceSetup: [global] [loop-local] Set up the weight function for the excluded spherical surfaces
          CarpetReduce::MaskBase_SetMask: [global] [loop-local] Set the weight function
          GROUP SetupMask: Set up the real weight function (schedule other routines in here)
          CarpetReduce::MaskBase_TestMask: [global] Test the weight function
      Dissipation::setup_epsdis: Setup spatially varying dissipation
      GROUP MoL_PostStep: Ensure that everything is correct after regridding
        LeanBSSNMoL::LeanBSSN_remove_trA: Remove trace of A
        EMGEvolve::EMG_Boundaries: [level] MoL boundary enforcement for EMG variables
        GROUP EMG_ApplyBCs: Apply boundary conditions
          GROUP BoundaryConditions: Execute all boundary conditions
            Boundary::Boundary_ApplyPhysicalBCs: Apply all requested local physical boundary conditions
            CartGrid3D::CartGrid3D_ApplyBC: Apply symmetry boundary conditions
            ReflectionSymmetry::ReflectionSymmetry_Apply: Apply reflection symmetries
          Boundary::Boundary_ClearSelection: [level] Unselect all grid variables for boundary conditions
        LeanBSSNMoL::LeanBSSN_impose_conf_fac_floor: Make sure conformal factor does not drop below specified value
        LeanBSSNMoL::LeanBSSN_Boundaries: [level] MoL boundary enforcement
        GROUP LeanBSSN_ApplyBCs: Apply boundary conditions
          GROUP BoundaryConditions: Execute all boundary conditions
            Boundary::Boundary_ApplyPhysicalBCs: Apply all requested local physical boundary conditions
            CartGrid3D::CartGrid3D_ApplyBC: Apply symmetry boundary conditions
            ReflectionSymmetry::ReflectionSymmetry_Apply: Apply reflection symmetries
          Boundary::Boundary_ClearSelection: [level] Unselect all grid variables for boundary conditions
        LeanBSSNMoL::LeanBSSN_bssn2adm: [local] Convert variables back to the ADM ones
        GROUP ADMBase_SetADMVars: Set the ADM variables before this group, and use them afterwards
        GROUP SetTmunu: Group for calculating the stress-energy tensor
          TmunuBase::TmunuBase_ZeroTmunu: Initialise the stress-energy tensor to zero
          GROUP AddToTmunu: Add to the stress-energy tensor here
            EMGEvolve::EMG_AddToTmunu: Compute the energy-momentum tensor
      GROUP MoL_PseudoEvolutionBoundaries: Apply boundary conditions to pseudo-evolved quantities
      GROUP CalcNPScalars_BC: Boundary conditions
        NPScalars::NPboundaries: [level] Symmetry boundary conditions
        GROUP ApplyBCs_NP: Apply boundary conditions
          GROUP BoundaryConditions: Execute all boundary conditions
            Boundary::Boundary_ApplyPhysicalBCs: Apply all requested local physical boundary conditions
            CartGrid3D::CartGrid3D_ApplyBC: Apply symmetry boundary conditions
            ReflectionSymmetry::ReflectionSymmetry_Apply: Apply reflection symmetries
          Boundary::Boundary_ClearSelection: [level] Unselect all grid variables for boundary conditions
      GROUP CalcNPEMGScalars_BC: Boundary conditions
        NPScalars_EMG::NPEMG_Boundaries: [level] Symmetry boundary conditions
        GROUP ApplyBCs_NPEMG: Apply boundary conditions
          GROUP BoundaryConditions: Execute all boundary conditions
            Boundary::Boundary_ApplyPhysicalBCs: Apply all requested local physical boundary conditions
            CartGrid3D::CartGrid3D_ApplyBC: Apply symmetry boundary conditions
            ReflectionSymmetry::ReflectionSymmetry_Apply: Apply reflection symmetries
          Boundary::Boundary_ClearSelection: [level] Unselect all grid variables for boundary conditions
      SpaceMask::MaskOne: Set mask to one
      AHFinderDirect::AHFinderDirect_maybe_do_masks: set mask(s) based on apparent horizon position(s)
--------------------------------------------------------------------------------
INFO (Carpet): Multi-Model listing:
   model 0: "world"
INFO (Carpet): Multi-Model process distribution:
   processes 0-111: model 0 "world"
INFO (Carpet): Multi-Model: This is process 0, model 0 "world"
INFO (CarpetLib): Process startup time was 20.3 seconds
Current core file size limit: hard=[unlimited], soft=0 MB
Current addres space size limit: hard=[unlimited], soft=[unlimited]
Current data segment size limit: hard=[unlimited], soft=[unlimited]
Current resident set size limit: hard=224000 MB, soft=224000 MB
INFO (CycleClock): Measuring CycleClock tick via OpenMP...
INFO (CycleClock): Calibrated CycleClock: 0.499988 ns per clock tick (2.00005 GHz)
INFO (Vectors): Using vector size 1 for architecture scalar (no vectorisation, 64-bit precision)
INFO (hwloc): library version 2.10.0rc3-git, API version 0x20800
--------------------------------------------------------------------------------
AMR driver provided by Carpet
--------------------------------------------------------------------------------
AMR scalar I/O provided by CarpetIOScalar
--------------------------------------------------------------------------------
AMR 0D ASCII I/O provided by CarpetIOASCII
--------------------------------------------------------------------------------
AMR 1D ASCII I/O provided by CarpetIOASCII
--------------------------------------------------------------------------------
AMR 2D ASCII I/O provided by CarpetIOASCII
--------------------------------------------------------------------------------
AMR 3D ASCII I/O provided by CarpetIOASCII
--------------------------------------------------------------------------------
AMR info I/O provided by CarpetIOBasic
--------------------------------------------------------------------------------
MoL: Generalized time integration.
--------------------------------------------------------------------------------
AMR HDF5 I/O provided by CarpetIOHDF5
--------------------------------------------------------------------------------
AMR 0D HDF5 I/O provided by CarpetIOHDF5
--------------------------------------------------------------------------------
AMR 1D HDF5 I/O provided by CarpetIOHDF5
--------------------------------------------------------------------------------
AMR 2D HDF5 I/O provided by CarpetIOHDF5
--------------------------------------------------------------------------------
AMR 3D HDF5 I/O provided by CarpetIOHDF5
--------------------------------------------------------------------------------

INFO (Carpet): MPI is enabled
INFO (Carpet): Carpet is running on 112 processes
INFO (Carpet): This is process 0
INFO (Carpet): OpenMP is enabled
INFO (Carpet): This process contains 1 threads, this is thread 0
INFO (Carpet): There are 112 threads in total
INFO (Carpet): There are 1 threads per process
INFO (Carpet): This process runs on host gs19r2b38, pid=742981
INFO (Carpet): This process runs on 224 cores: 0-223
INFO (Carpet): Thread 0 runs on 224 cores: 0-223
INFO (Carpet): This simulation is running in 3 dimensions
INFO (Carpet): Boundary specification for map 0:
   nboundaryzones: [[3,3,3],[3,3,3]]
   is_internal   : [[0,0,0],[0,0,0]]
   is_staggered  : [[0,0,0],[0,0,0]]
   shiftout      : [[0,0,0],[0,0,0]]
INFO (Carpet): CoordBase domain specification for map 0:
   physical extent: [-512,-512,-512] : [512,512,512]   ([1024,1024,1024])
   interior extent: [-508,-508,-508] : [508,508,508]   ([1016,1016,1016])
   exterior extent: [-520,-520,-520] : [520,520,520]   ([1040,1040,1040])
   base_spacing   : [4,4,4]
INFO (Carpet): Adapted domain specification for map 0:
   convergence factor: 2
   convergence level : 0
   physical extent   : [-512,-512,-512] : [512,512,512]   ([1024,1024,1024])
   interior extent   : [-508,-508,-508] : [508,508,508]   ([1016,1016,1016])
   exterior extent   : [-520,-520,-520] : [520,520,520]   ([1040,1040,1040])
   spacing           : [4,4,4]
INFO (Carpet): Base grid specification for map 0:
   number of grid points             : [261,261,261]
   number of coarse grid ghost points: [[3,3,3],[3,3,3]]
INFO (Carpet): Buffer zone counts (excluding ghosts):
   [0]: [[0,0,0],[0,0,0]]
   [1]: [[9,9,9],[9,9,9]]
   [2]: [[9,9,9],[9,9,9]]
   [3]: [[9,9,9],[9,9,9]]
   [4]: [[9,9,9],[9,9,9]]
   [5]: [[9,9,9],[9,9,9]]
   [6]: [[9,9,9],[9,9,9]]
   [7]: [[9,9,9],[9,9,9]]
   [8]: [[9,9,9],[9,9,9]]
INFO (Carpet): Overlap zone counts:
   [0]: [[0,0,0],[0,0,0]]
   [1]: [[0,0,0],[0,0,0]]
   [2]: [[0,0,0],[0,0,0]]
   [3]: [[0,0,0],[0,0,0]]
   [4]: [[0,0,0],[0,0,0]]
   [5]: [[0,0,0],[0,0,0]]
   [6]: [[0,0,0],[0,0,0]]
   [7]: [[0,0,0],[0,0,0]]
   [8]: [[0,0,0],[0,0,0]]
INFO (Carpet): Group and variable statistics:
INFO (Carpet):    There are 716 grid functions in 69 groups
INFO (Carpet):    There are 1158 grid scalars in 73 groups
INFO (Carpet):    There are 111 1-dimensional grid arrays in 10 groups
INFO (Carpet):    There are 416 2-dimensional grid arrays in 18 groups
INFO (Carpet):    There are 6 3-dimensional grid arrays in 1 groups
INFO (Carpet):    (The number of variables counts all time levels)
INFO (CarpetIOScalar): Periodic scalar output requested for:
   EMGEVOLVE::Ec
   EMGEVOLVE::Bc
   LEANBSSNMOL::hc
   LEANBSSNMOL::mcx
   LEANBSSNMOL::mcy
   LEANBSSNMOL::mcz
INFO (CarpetIOASCII): I/O Method 'IOASCII_0D' registered: 0D AMR output of grid variables to ASCII files
INFO (CarpetIOASCII): Periodic 0D AMR output requested for:
   CARPET::physical_time_per_hour
   CARPET::current_physical_time_per_hour
   CARPET::time_total
   CARPET::time_evolution
   CARPET::time_computing
   CARPET::time_communicating
   CARPET::time_io
   CARPET::evolution_steps_count
   CARPET::local_grid_points_per_second
   CARPET::total_grid_points_per_second
   CARPET::local_grid_point_updates_count
   CARPET::total_grid_point_updates_count
   CARPET::local_interior_points_per_second
   CARPET::total_interior_points_per_second
   CARPET::local_interior_point_updates_count
   CARPET::total_interior_point_updates_count
   CARPET::io_per_second
   CARPET::io_bytes_per_second
   CARPET::io_bytes_ascii_per_second
   CARPET::io_bytes_binary_per_second
   CARPET::io_count
   CARPET::io_bytes_count
   CARPET::io_bytes_ascii_count
   CARPET::io_bytes_binary_count
   CARPET::comm_per_second
   CARPET::comm_bytes_per_second
   CARPET::comm_count
   CARPET::comm_bytes_count
   CARPET::time_levels
   CARPET::current_walltime
   CARPET::syncs_count
   PUNCTURETRACKER::pt_loc_t[0]
   PUNCTURETRACKER::pt_loc_t[1]
   PUNCTURETRACKER::pt_loc_t[2]
   PUNCTURETRACKER::pt_loc_t[3]
   PUNCTURETRACKER::pt_loc_t[4]
   PUNCTURETRACKER::pt_loc_t[5]
   PUNCTURETRACKER::pt_loc_t[6]
   PUNCTURETRACKER::pt_loc_t[7]
   PUNCTURETRACKER::pt_loc_t[8]
   PUNCTURETRACKER::pt_loc_t[9]
   PUNCTURETRACKER::pt_loc_x[0]
   PUNCTURETRACKER::pt_loc_x[1]
   PUNCTURETRACKER::pt_loc_x[2]
   PUNCTURETRACKER::pt_loc_x[3]
   PUNCTURETRACKER::pt_loc_x[4]
   PUNCTURETRACKER::pt_loc_x[5]
   PUNCTURETRACKER::pt_loc_x[6]
   PUNCTURETRACKER::pt_loc_x[7]
   PUNCTURETRACKER::pt_loc_x[8]
   PUNCTURETRACKER::pt_loc_x[9]
   PUNCTURETRACKER::pt_loc_y[0]
   PUNCTURETRACKER::pt_loc_y[1]
   PUNCTURETRACKER::pt_loc_y[2]
   PUNCTURETRACKER::pt_loc_y[3]
   PUNCTURETRACKER::pt_loc_y[4]
   PUNCTURETRACKER::pt_loc_y[5]
   PUNCTURETRACKER::pt_loc_y[6]
   PUNCTURETRACKER::pt_loc_y[7]
   PUNCTURETRACKER::pt_loc_y[8]
   PUNCTURETRACKER::pt_loc_y[9]
   PUNCTURETRACKER::pt_loc_z[0]
   PUNCTURETRACKER::pt_loc_z[1]
   PUNCTURETRACKER::pt_loc_z[2]
   PUNCTURETRACKER::pt_loc_z[3]
   PUNCTURETRACKER::pt_loc_z[4]
   PUNCTURETRACKER::pt_loc_z[5]
   PUNCTURETRACKER::pt_loc_z[6]
   PUNCTURETRACKER::pt_loc_z[7]
   PUNCTURETRACKER::pt_loc_z[8]
   PUNCTURETRACKER::pt_loc_z[9]
   QUASILOCALMEASURES::qlm_time[0]
   QUASILOCALMEASURES::qlm_time[1]
   QUASILOCALMEASURES::qlm_time[2]
   QUASILOCALMEASURES::qlm_time[3]
   QUASILOCALMEASURES::qlm_time[4]
   QUASILOCALMEASURES::qlm_time[5]
   QUASILOCALMEASURES::qlm_equatorial_circumference[0]
   QUASILOCALMEASURES::qlm_equatorial_circumference[1]
   QUASILOCALMEASURES::qlm_equatorial_circumference[2]
   QUASILOCALMEASURES::qlm_equatorial_circumference[3]
   QUASILOCALMEASURES::qlm_equatorial_circumference[4]
   QUASILOCALMEASURES::qlm_equatorial_circumference[5]
   QUASILOCALMEASURES::qlm_polar_circumference_0[0]
   QUASILOCALMEASURES::qlm_polar_circumference_0[1]
   QUASILOCALMEASURES::qlm_polar_circumference_0[2]
   QUASILOCALMEASURES::qlm_polar_circumference_0[3]
   QUASILOCALMEASURES::qlm_polar_circumference_0[4]
   QUASILOCALMEASURES::qlm_polar_circumference_0[5]
   QUASILOCALMEASURES::qlm_polar_circumference_pi_2[0]
   QUASILOCALMEASURES::qlm_polar_circumference_pi_2[1]
   QUASILOCALMEASURES::qlm_polar_circumference_pi_2[2]
   QUASILOCALMEASURES::qlm_polar_circumference_pi_2[3]
   QUASILOCALMEASURES::qlm_polar_circumference_pi_2[4]
   QUASILOCALMEASURES::qlm_polar_circumference_pi_2[5]
   QUASILOCALMEASURES::qlm_area[0]
   QUASILOCALMEASURES::qlm_area[1]
   QUASILOCALMEASURES::qlm_area[2]
   QUASILOCALMEASURES::qlm_area[3]
   QUASILOCALMEASURES::qlm_area[4]
   QUASILOCALMEASURES::qlm_area[5]
   QUASILOCALMEASURES::qlm_irreducible_mass[0]
   QUASILOCALMEASURES::qlm_irreducible_mass[1]
   QUASILOCALMEASURES::qlm_irreducible_mass[2]
   QUASILOCALMEASURES::qlm_irreducible_mass[3]
   QUASILOCALMEASURES::qlm_irreducible_mass[4]
   QUASILOCALMEASURES::qlm_irreducible_mass[5]
   QUASILOCALMEASURES::qlm_radius[0]
   QUASILOCALMEASURES::qlm_radius[1]
   QUASILOCALMEASURES::qlm_radius[2]
   QUASILOCALMEASURES::qlm_radius[3]
   QUASILOCALMEASURES::qlm_radius[4]
   QUASILOCALMEASURES::qlm_radius[5]
   QUASILOCALMEASURES::qlm_spin_guess[0]
   QUASILOCALMEASURES::qlm_spin_guess[1]
   QUASILOCALMEASURES::qlm_spin_guess[2]
   QUASILOCALMEASURES::qlm_spin_guess[3]
   QUASILOCALMEASURES::qlm_spin_guess[4]
   QUASILOCALMEASURES::qlm_spin_guess[5]
   QUASILOCALMEASURES::qlm_mass_guess[0]
   QUASILOCALMEASURES::qlm_mass_guess[1]
   QUASILOCALMEASURES::qlm_mass_guess[2]
   QUASILOCALMEASURES::qlm_mass_guess[3]
   QUASILOCALMEASURES::qlm_mass_guess[4]
   QUASILOCALMEASURES::qlm_mass_guess[5]
   QUASILOCALMEASURES::qlm_killing_eigenvalue_re[0]
   QUASILOCALMEASURES::qlm_killing_eigenvalue_re[1]
   QUASILOCALMEASURES::qlm_killing_eigenvalue_re[2]
   QUASILOCALMEASURES::qlm_killing_eigenvalue_re[3]
   QUASILOCALMEASURES::qlm_killing_eigenvalue_re[4]
   QUASILOCALMEASURES::qlm_killing_eigenvalue_re[5]
   QUASILOCALMEASURES::qlm_killing_eigenvalue_im[0]
   QUASILOCALMEASURES::qlm_killing_eigenvalue_im[1]
   QUASILOCALMEASURES::qlm_killing_eigenvalue_im[2]
   QUASILOCALMEASURES::qlm_killing_eigenvalue_im[3]
   QUASILOCALMEASURES::qlm_killing_eigenvalue_im[4]
   QUASILOCALMEASURES::qlm_killing_eigenvalue_im[5]
   QUASILOCALMEASURES::qlm_spin[0]
   QUASILOCALMEASURES::qlm_spin[1]
   QUASILOCALMEASURES::qlm_spin[2]
   QUASILOCALMEASURES::qlm_spin[3]
   QUASILOCALMEASURES::qlm_spin[4]
   QUASILOCALMEASURES::qlm_spin[5]
   QUASILOCALMEASURES::qlm_npspin[0]
   QUASILOCALMEASURES::qlm_npspin[1]
   QUASILOCALMEASURES::qlm_npspin[2]
   QUASILOCALMEASURES::qlm_npspin[3]
   QUASILOCALMEASURES::qlm_npspin[4]
   QUASILOCALMEASURES::qlm_npspin[5]
   QUASILOCALMEASURES::qlm_wsspin[0]
   QUASILOCALMEASURES::qlm_wsspin[1]
   QUASILOCALMEASURES::qlm_wsspin[2]
   QUASILOCALMEASURES::qlm_wsspin[3]
   QUASILOCALMEASURES::qlm_wsspin[4]
   QUASILOCALMEASURES::qlm_wsspin[5]
   QUASILOCALMEASURES::qlm_cvspin[0]
   QUASILOCALMEASURES::qlm_cvspin[1]
   QUASILOCALMEASURES::qlm_cvspin[2]
   QUASILOCALMEASURES::qlm_cvspin[3]
   QUASILOCALMEASURES::qlm_cvspin[4]
   QUASILOCALMEASURES::qlm_cvspin[5]
   QUASILOCALMEASURES::qlm_coordspinx[0]
   QUASILOCALMEASURES::qlm_coordspinx[1]
   QUASILOCALMEASURES::qlm_coordspinx[2]
   QUASILOCALMEASURES::qlm_coordspinx[3]
   QUASILOCALMEASURES::qlm_coordspinx[4]
   QUASILOCALMEASURES::qlm_coordspinx[5]
   QUASILOCALMEASURES::qlm_coordspiny[0]
   QUASILOCALMEASURES::qlm_coordspiny[1]
   QUASILOCALMEASURES::qlm_coordspiny[2]
   QUASILOCALMEASURES::qlm_coordspiny[3]
   QUASILOCALMEASURES::qlm_coordspiny[4]
   QUASILOCALMEASURES::qlm_coordspiny[5]
   QUASILOCALMEASURES::qlm_coordspinz[0]
   QUASILOCALMEASURES::qlm_coordspinz[1]
   QUASILOCALMEASURES::qlm_coordspinz[2]
   QUASILOCALMEASURES::qlm_coordspinz[3]
   QUASILOCALMEASURES::qlm_coordspinz[4]
   QUASILOCALMEASURES::qlm_coordspinz[5]
   QUASILOCALMEASURES::qlm_mass[0]
   QUASILOCALMEASURES::qlm_mass[1]
   QUASILOCALMEASURES::qlm_mass[2]
   QUASILOCALMEASURES::qlm_mass[3]
   QUASILOCALMEASURES::qlm_mass[4]
   QUASILOCALMEASURES::qlm_mass[5]
   QUASILOCALMEASURES::qlm_adm_energy[0]
   QUASILOCALMEASURES::qlm_adm_energy[1]
   QUASILOCALMEASURES::qlm_adm_energy[2]
   QUASILOCALMEASURES::qlm_adm_energy[3]
   QUASILOCALMEASURES::qlm_adm_energy[4]
   QUASILOCALMEASURES::qlm_adm_energy[5]
   QUASILOCALMEASURES::qlm_adm_momentum_x[0]
   QUASILOCALMEASURES::qlm_adm_momentum_x[1]
   QUASILOCALMEASURES::qlm_adm_momentum_x[2]
   QUASILOCALMEASURES::qlm_adm_momentum_x[3]
   QUASILOCALMEASURES::qlm_adm_momentum_x[4]
   QUASILOCALMEASURES::qlm_adm_momentum_x[5]
   QUASILOCALMEASURES::qlm_adm_momentum_y[0]
   QUASILOCALMEASURES::qlm_adm_momentum_y[1]
   QUASILOCALMEASURES::qlm_adm_momentum_y[2]
   QUASILOCALMEASURES::qlm_adm_momentum_y[3]
   QUASILOCALMEASURES::qlm_adm_momentum_y[4]
   QUASILOCALMEASURES::qlm_adm_momentum_y[5]
   QUASILOCALMEASURES::qlm_adm_momentum_z[0]
   QUASILOCALMEASURES::qlm_adm_momentum_z[1]
   QUASILOCALMEASURES::qlm_adm_momentum_z[2]
   QUASILOCALMEASURES::qlm_adm_momentum_z[3]
   QUASILOCALMEASURES::qlm_adm_momentum_z[4]
   QUASILOCALMEASURES::qlm_adm_momentum_z[5]
   QUASILOCALMEASURES::qlm_adm_angular_momentum_x[0]
   QUASILOCALMEASURES::qlm_adm_angular_momentum_x[1]
   QUASILOCALMEASURES::qlm_adm_angular_momentum_x[2]
   QUASILOCALMEASURES::qlm_adm_angular_momentum_x[3]
   QUASILOCALMEASURES::qlm_adm_angular_momentum_x[4]
   QUASILOCALMEASURES::qlm_adm_angular_momentum_x[5]
   QUASILOCALMEASURES::qlm_adm_angular_momentum_y[0]
   QUASILOCALMEASURES::qlm_adm_angular_momentum_y[1]
   QUASILOCALMEASURES::qlm_adm_angular_momentum_y[2]
   QUASILOCALMEASURES::qlm_adm_angular_momentum_y[3]
   QUASILOCALMEASURES::qlm_adm_angular_momentum_y[4]
   QUASILOCALMEASURES::qlm_adm_angular_momentum_y[5]
   QUASILOCALMEASURES::qlm_adm_angular_momentum_z[0]
   QUASILOCALMEASURES::qlm_adm_angular_momentum_z[1]
   QUASILOCALMEASURES::qlm_adm_angular_momentum_z[2]
   QUASILOCALMEASURES::qlm_adm_angular_momentum_z[3]
   QUASILOCALMEASURES::qlm_adm_angular_momentum_z[4]
   QUASILOCALMEASURES::qlm_adm_angular_momentum_z[5]
   QUASILOCALMEASURES::qlm_w_energy[0]
   QUASILOCALMEASURES::qlm_w_energy[1]
   QUASILOCALMEASURES::qlm_w_energy[2]
   QUASILOCALMEASURES::qlm_w_energy[3]
   QUASILOCALMEASURES::qlm_w_energy[4]
   QUASILOCALMEASURES::qlm_w_energy[5]
   QUASILOCALMEASURES::qlm_w_momentum_x[0]
   QUASILOCALMEASURES::qlm_w_momentum_x[1]
   QUASILOCALMEASURES::qlm_w_momentum_x[2]
   QUASILOCALMEASURES::qlm_w_momentum_x[3]
   QUASILOCALMEASURES::qlm_w_momentum_x[4]
   QUASILOCALMEASURES::qlm_w_momentum_x[5]
   QUASILOCALMEASURES::qlm_w_momentum_y[0]
   QUASILOCALMEASURES::qlm_w_momentum_y[1]
   QUASILOCALMEASURES::qlm_w_momentum_y[2]
   QUASILOCALMEASURES::qlm_w_momentum_y[3]
   QUASILOCALMEASURES::qlm_w_momentum_y[4]
   QUASILOCALMEASURES::qlm_w_momentum_y[5]
   QUASILOCALMEASURES::qlm_w_momentum_z[0]
   QUASILOCALMEASURES::qlm_w_momentum_z[1]
   QUASILOCALMEASURES::qlm_w_momentum_z[2]
   QUASILOCALMEASURES::qlm_w_momentum_z[3]
   QUASILOCALMEASURES::qlm_w_momentum_z[4]
   QUASILOCALMEASURES::qlm_w_momentum_z[5]
   QUASILOCALMEASURES::qlm_w_angular_momentum_x[0]
   QUASILOCALMEASURES::qlm_w_angular_momentum_x[1]
   QUASILOCALMEASURES::qlm_w_angular_momentum_x[2]
   QUASILOCALMEASURES::qlm_w_angular_momentum_x[3]
   QUASILOCALMEASURES::qlm_w_angular_momentum_x[4]
   QUASILOCALMEASURES::qlm_w_angular_momentum_x[5]
   QUASILOCALMEASURES::qlm_w_angular_momentum_y[0]
   QUASILOCALMEASURES::qlm_w_angular_momentum_y[1]
   QUASILOCALMEASURES::qlm_w_angular_momentum_y[2]
   QUASILOCALMEASURES::qlm_w_angular_momentum_y[3]
   QUASILOCALMEASURES::qlm_w_angular_momentum_y[4]
   QUASILOCALMEASURES::qlm_w_angular_momentum_y[5]
   QUASILOCALMEASURES::qlm_w_angular_momentum_z[0]
   QUASILOCALMEASURES::qlm_w_angular_momentum_z[1]
   QUASILOCALMEASURES::qlm_w_angular_momentum_z[2]
   QUASILOCALMEASURES::qlm_w_angular_momentum_z[3]
   QUASILOCALMEASURES::qlm_w_angular_momentum_z[4]
   QUASILOCALMEASURES::qlm_w_angular_momentum_z[5]
   SPHERICALSURFACE::sf_area[0]
   SPHERICALSURFACE::sf_area[1]
   SPHERICALSURFACE::sf_area[2]
   SPHERICALSURFACE::sf_area[3]
   SPHERICALSURFACE::sf_area[4]
   SPHERICALSURFACE::sf_area[5]
   SPHERICALSURFACE::sf_mean_radius[0]
   SPHERICALSURFACE::sf_mean_radius[1]
   SPHERICALSURFACE::sf_mean_radius[2]
   SPHERICALSURFACE::sf_mean_radius[3]
   SPHERICALSURFACE::sf_mean_radius[4]
WARNING[L1,P0] (Cactus): Attempt to create a directory with an empty or NULL string
   SPHERICALSURFACE::sf_mean_radius[5]
   SPHERICALSURFACE::sf_centroid_x[0]
   SPHERICALSURFACE::sf_centroid_x[1]
   SPHERICALSURFACE::sf_centroid_x[2]
   SPHERICALSURFACE::sf_centroid_x[3]
   SPHERICALSURFACE::sf_centroid_x[4]
   SPHERICALSURFACE::sf_centroid_x[5]
   SPHERICALSURFACE::sf_centroid_y[0]
   SPHERICALSURFACE::sf_centroid_y[1]
   SPHERICALSURFACE::sf_centroid_y[2]
   SPHERICALSURFACE::sf_centroid_y[3]
   SPHERICALSURFACE::sf_centroid_y[4]
   SPHERICALSURFACE::sf_centroid_y[5]
   SPHERICALSURFACE::sf_centroid_z[0]
   SPHERICALSURFACE::sf_centroid_z[1]
   SPHERICALSURFACE::sf_centroid_z[2]
   SPHERICALSURFACE::sf_centroid_z[3]
   SPHERICALSURFACE::sf_centroid_z[4]
   SPHERICALSURFACE::sf_centroid_z[5]
   SPHERICALSURFACE::sf_quadrupole_xx[0]
   SPHERICALSURFACE::sf_quadrupole_xx[1]
   SPHERICALSURFACE::sf_quadrupole_xx[2]
   SPHERICALSURFACE::sf_quadrupole_xx[3]
   SPHERICALSURFACE::sf_quadrupole_xx[4]
   SPHERICALSURFACE::sf_quadrupole_xx[5]
   SPHERICALSURFACE::sf_quadrupole_xy[0]
   SPHERICALSURFACE::sf_quadrupole_xy[1]
   SPHERICALSURFACE::sf_quadrupole_xy[2]
   SPHERICALSURFACE::sf_quadrupole_xy[3]
   SPHERICALSURFACE::sf_quadrupole_xy[4]
   SPHERICALSURFACE::sf_quadrupole_xy[5]
   SPHERICALSURFACE::sf_quadrupole_xz[0]
   SPHERICALSURFACE::sf_quadrupole_xz[1]
   SPHERICALSURFACE::sf_quadrupole_xz[2]
   SPHERICALSURFACE::sf_quadrupole_xz[3]
   SPHERICALSURFACE::sf_quadrupole_xz[4]
   SPHERICALSURFACE::sf_quadrupole_xz[5]
   SPHERICALSURFACE::sf_quadrupole_yy[0]
   SPHERICALSURFACE::sf_quadrupole_yy[1]
   SPHERICALSURFACE::sf_quadrupole_yy[2]
   SPHERICALSURFACE::sf_quadrupole_yy[3]
   SPHERICALSURFACE::sf_quadrupole_yy[4]
   SPHERICALSURFACE::sf_quadrupole_yy[5]
   SPHERICALSURFACE::sf_quadrupole_yz[0]
   SPHERICALSURFACE::sf_quadrupole_yz[1]
   SPHERICALSURFACE::sf_quadrupole_yz[2]
   SPHERICALSURFACE::sf_quadrupole_yz[3]
   SPHERICALSURFACE::sf_quadrupole_yz[4]
   SPHERICALSURFACE::sf_quadrupole_yz[5]
   SPHERICALSURFACE::sf_quadrupole_zz[0]
   SPHERICALSURFACE::sf_quadrupole_zz[1]
   SPHERICALSURFACE::sf_quadrupole_zz[2]
   SPHERICALSURFACE::sf_quadrupole_zz[3]
   SPHERICALSURFACE::sf_quadrupole_zz[4]
   SPHERICALSURFACE::sf_quadrupole_zz[5]
   SPHERICALSURFACE::sf_min_radius[0]
   SPHERICALSURFACE::sf_min_radius[1]
   SPHERICALSURFACE::sf_min_radius[2]
   SPHERICALSURFACE::sf_min_radius[3]
   SPHERICALSURFACE::sf_min_radius[4]
   SPHERICALSURFACE::sf_min_radius[5]
   SPHERICALSURFACE::sf_max_radius[0]
   SPHERICALSURFACE::sf_max_radius[1]
   SPHERICALSURFACE::sf_max_radius[2]
   SPHERICALSURFACE::sf_max_radius[3]
   SPHERICALSURFACE::sf_max_radius[4]
   SPHERICALSURFACE::sf_max_radius[5]
   SPHERICALSURFACE::sf_min_x[0]
   SPHERICALSURFACE::sf_min_x[1]
   SPHERICALSURFACE::sf_min_x[2]
   SPHERICALSURFACE::sf_min_x[3]
   SPHERICALSURFACE::sf_min_x[4]
   SPHERICALSURFACE::sf_min_x[5]
   SPHERICALSURFACE::sf_min_y[0]
   SPHERICALSURFACE::sf_min_y[1]
   SPHERICALSURFACE::sf_min_y[2]
   SPHERICALSURFACE::sf_min_y[3]
   SPHERICALSURFACE::sf_min_y[4]
   SPHERICALSURFACE::sf_min_y[5]
   SPHERICALSURFACE::sf_min_z[0]
   SPHERICALSURFACE::sf_min_z[1]
   SPHERICALSURFACE::sf_min_z[2]
   SPHERICALSURFACE::sf_min_z[3]
   SPHERICALSURFACE::sf_min_z[4]
   SPHERICALSURFACE::sf_min_z[5]
   SPHERICALSURFACE::sf_max_x[0]
   SPHERICALSURFACE::sf_max_x[1]
   SPHERICALSURFACE::sf_max_x[2]
   SPHERICALSURFACE::sf_max_x[3]
   SPHERICALSURFACE::sf_max_x[4]
   SPHERICALSURFACE::sf_max_x[5]
   SPHERICALSURFACE::sf_max_y[0]
   SPHERICALSURFACE::sf_max_y[1]
   SPHERICALSURFACE::sf_max_y[2]
   SPHERICALSURFACE::sf_max_y[3]
   SPHERICALSURFACE::sf_max_y[4]
   SPHERICALSURFACE::sf_max_y[5]
   SPHERICALSURFACE::sf_max_z[0]
   SPHERICALSURFACE::sf_max_z[1]
   SPHERICALSURFACE::sf_max_z[2]
   SPHERICALSURFACE::sf_max_z[3]
   SPHERICALSURFACE::sf_max_z[4]
   SPHERICALSURFACE::sf_max_z[5]
INFO (CarpetIOASCII): I/O Method 'IOASCII_1D' registered: 1D AMR output of grid variables to ASCII files
INFO (CarpetIOASCII): Periodic 1D AMR output requested for:
   EMGBASE::Ex
   EMGBASE::Ey
   EMGBASE::Ez
   EMGBASE::Bx
   EMGBASE::By
   EMGBASE::Bz
   EMGEVOLVE::Ec
   EMGEVOLVE::Bc
   LEANBSSNMOL::hc
   LEANBSSNMOL::mcx
WARNING[L1,P0] (Cactus): Attempt to create a directory with an empty or NULL string
WARNING[L1,P0] (CarpetIOHDF5): Problem creating HDF5 output directory ''
WARNING[L1,P11] (Cactus): Attempt to create a directory with an empty or NULL string
WARNING[L1,P11] (CarpetIOHDF5): Problem creating HDF5 output directory ''
WARNING[L1,P26] (Cactus): Attempt to create a directory with an empty or NULL string
WARNING[L1,P26] (CarpetIOHDF5): Problem creating HDF5 output directory ''
WARNING[L1,P40] (Cactus): Attempt to create a directory with an empty or NULL string
WARNING[L1,P40] (CarpetIOHDF5): Problem creating HDF5 output directory ''
WARNING[L1,P43] (Cactus): Attempt to create a directory with an empty or NULL string
WARNING[L1,P43] (CarpetIOHDF5): Problem creating HDF5 output directory ''
WARNING[L1,P44] (Cactus): Attempt to create a directory with an empty or NULL string
WARNING[L1,P44] (CarpetIOHDF5): Problem creating HDF5 output directory ''
WARNING[L1,P45] (Cactus): Attempt to create a directory with an empty or NULL string
WARNING[L1,P45] (CarpetIOHDF5): Problem creating HDF5 output directory ''
WARNING[L1,P47] (Cactus): Attempt to create a directory with an empty or NULL string
WARNING[L1,P47] (CarpetIOHDF5): Problem creating HDF5 output directory ''
WARNING[L1,P48] (Cactus): Attempt to create a directory with an empty or NULL string
WARNING[L1,P48] (CarpetIOHDF5): Problem creating HDF5 output directory ''
WARNING[L1,P49] (Cactus): Attempt to create a directory with an empty or NULL string
WARNING[L1,P49] (CarpetIOHDF5): Problem creating HDF5 output directory ''
WARNING[L1,P50] (Cactus): Attempt to create a directory with an empty or NULL string
WARNING[L1,P50] (CarpetIOHDF5): Problem creating HDF5 output directory ''
WARNING[L1,P53] (Cactus): Attempt to create a directory with an empty or NULL string
WARNING[L1,P53] (CarpetIOHDF5): Problem creating HDF5 output directory ''
WARNING[L1,P54] (Cactus): Attempt to create a directory with an empty or NULL string
WARNING[L1,P54] (CarpetIOHDF5): Problem creating HDF5 output directory ''
WARNING[L1,P55] (Cactus): Attempt to create a directory with an empty or NULL string
WARNING[L1,P55] (CarpetIOHDF5): Problem creating HDF5 output directory ''
WARNING[L1,P56] (Cactus): Attempt to create a directory with an empty or NULL string
WARNING[L1,P56] (CarpetIOHDF5): Problem creating HDF5 output directory ''
WARNING[L1,P57] (Cactus): Attempt to create a directory with an empty or NULL string
WARNING[L1,P57] (CarpetIOHDF5): Problem creating HDF5 output directory ''
WARNING[L1,P58] (Cactus): Attempt to create a directory with an empty or NULL string
WARNING[L1,P58] (CarpetIOHDF5): Problem creating HDF5 output directory ''
WARNING[L1,P59] (Cactus): Attempt to create a directory with an empty or NULL string
WARNING[L1,P59] (CarpetIOHDF5): Problem creating HDF5 output directory ''
WARNING[L1,P60] (Cactus): Attempt to create a directory with an empty or NULL string
WARNING[L1,P60] (CarpetIOHDF5): Problem creating HDF5 output directory ''
WARNING[L1,P61] (Cactus): Attempt to create a directory with an empty or NULL string
WARNING[L1,P61] (CarpetIOHDF5): Problem creating HDF5 output directory ''
WARNING[L1,P62] (Cactus): Attempt to create a directory with an empty or NULL string
WARNING[L1,P62] (CarpetIOHDF5): Problem creating HDF5 output directory ''
WARNING[L1,P63] (Cactus): Attempt to create a directory with an empty or NULL string
WARNING[L1,P63] (CarpetIOHDF5): Problem creating HDF5 output directory ''
WARNING[L1,P64] (Cactus): Attempt to create a directory with an empty or NULL string
WARNING[L1,P64] (CarpetIOHDF5): Problem creating HDF5 output directory ''
WARNING[L1,P65] (Cactus): Attempt to create a directory with an empty or NULL string
WARNING[L1,P65] (CarpetIOHDF5): Problem creating HDF5 output directory ''
WARNING[L1,P66] (Cactus): Attempt to create a directory with an empty or NULL string
WARNING[L1,P66] (CarpetIOHDF5): Problem creating HDF5 output directory ''
WARNING[L1,P67] (Cactus): Attempt to create a directory with an empty or NULL string
WARNING[L1,P67] (CarpetIOHDF5): Problem creating HDF5 output directory ''
WARNING[L1,P68] (Cactus): Attempt to create a directory with an empty or NULL string
WARNING[L1,P68] (CarpetIOHDF5): Problem creating HDF5 output directory ''
WARNING[L1,P69] (Cactus): Attempt to create a directory with an empty or NULL string
WARNING[L1,P69] (CarpetIOHDF5): Problem creating HDF5 output directory ''
WARNING[L1,P70] (Cactus): Attempt to create a directory with an empty or NULL string
WARNING[L1,P70] (CarpetIOHDF5): Problem creating HDF5 output directory ''
WARNING[L1,P71] (Cactus): Attempt to create a directory with an empty or NULL string
WARNING[L1,P71] (CarpetIOHDF5): Problem creating HDF5 output directory ''
WARNING[L1,P72] (Cactus): Attempt to create a directory with an empty or NULL string
WARNING[L1,P72] (CarpetIOHDF5): Problem creating HDF5 output directory ''
WARNING[L1,P73] (Cactus): Attempt to create a directory with an empty or NULL string
WARNING[L1,P73] (CarpetIOHDF5): Problem creating HDF5 output directory ''
WARNING[L1,P74] (Cactus): Attempt to create a directory with an empty or NULL string
WARNING[L1,P74] (CarpetIOHDF5): Problem creating HDF5 output directory ''
WARNING[L1,P75] (Cactus): Attempt to create a directory with an empty or NULL string
WARNING[L1,P75] (CarpetIOHDF5): Problem creating HDF5 output directory ''
WARNING[L1,P76] (Cactus): Attempt to create a directory with an empty or NULL string
WARNING[L1,P76] (CarpetIOHDF5): Problem creating HDF5 output directory ''
WARNING[L1,P77] (Cactus): Attempt to create a directory with an empty or NULL string
WARNING[L1,P77] (CarpetIOHDF5): Problem creating HDF5 output directory ''
WARNING[L1,P78] (Cactus): Attempt to create a directory with an empty or NULL string
WARNING[L1,P78] (CarpetIOHDF5): Problem creating HDF5 output directory ''
WARNING[L1,P79] (Cactus): Attempt to create a directory with an empty or NULL string
WARNING[L1,P79] (CarpetIOHDF5): Problem creating HDF5 output directory ''
WARNING[L1,P80] (Cactus): Attempt to create a directory with an empty or NULL string
WARNING[L1,P80] (CarpetIOHDF5): Problem creating HDF5 output directory ''
WARNING[L1,P81] (Cactus): Attempt to create a directory with an empty or NULL string
WARNING[L1,P81] (CarpetIOHDF5): Problem creating HDF5 output directory ''
WARNING[L1,P82] (Cactus): Attempt to create a directory with an empty or NULL string
WARNING[L1,P82] (CarpetIOHDF5): Problem creating HDF5 output directory ''
WARNING[L1,P83] (Cactus): Attempt to create a directory with an empty or NULL string
WARNING[L1,P83] (CarpetIOHDF5): Problem creating HDF5 output directory ''
WARNING[L1,P84] (Cactus): Attempt to create a directory with an empty or NULL string
WARNING[L1,P84] (CarpetIOHDF5): Problem creating HDF5 output directory ''
WARNING[L1,P85] (Cactus): Attempt to create a directory with an empty or NULL string
WARNING[L1,P85] (CarpetIOHDF5): Problem creating HDF5 output directory ''
WARNING[L1,P86] (Cactus): Attempt to create a directory with an empty or NULL string
WARNING[L1,P86] (CarpetIOHDF5): Problem creating HDF5 output directory ''
WARNING[L1,P88] (Cactus): Attempt to create a directory with an empty or NULL string
WARNING[L1,P88] (CarpetIOHDF5): Problem creating HDF5 output directory ''
WARNING[L1,P89] (Cactus): Attempt to create a directory with an empty or NULL string
WARNING[L1,P89] (CarpetIOHDF5): Problem creating HDF5 output directory ''
WARNING[L1,P90] (Cactus): Attempt to create a directory with an empty or NULL string
WARNING[L1,P90] (CarpetIOHDF5): Problem creating HDF5 output directory ''
WARNING[L1,P91] (Cactus): Attempt to create a directory with an empty or NULL string
WARNING[L1,P91] (CarpetIOHDF5): Problem creating HDF5 output directory ''
WARNING[L1,P92] (Cactus): Attempt to create a directory with an empty or NULL string
WARNING[L1,P92] (CarpetIOHDF5): Problem creating HDF5 output directory ''
WARNING[L1,P93] (Cactus): Attempt to create a directory with an empty or NULL string
WARNING[L1,P93] (CarpetIOHDF5): Problem creating HDF5 output directory ''
WARNING[L1,P94] (Cactus): Attempt to create a directory with an empty or NULL string
WARNING[L1,P94] (CarpetIOHDF5): Problem creating HDF5 output directory ''
WARNING[L1,P95] (Cactus): Attempt to create a directory with an empty or NULL string
WARNING[L1,P95] (CarpetIOHDF5): Problem creating HDF5 output directory ''
WARNING[L1,P96] (Cactus): Attempt to create a directory with an empty or NULL string
WARNING[L1,P96] (CarpetIOHDF5): Problem creating HDF5 output directory ''
WARNING[L1,P97] (Cactus): Attempt to create a directory with an empty or NULL string
WARNING[L1,P97] (CarpetIOHDF5): Problem creating HDF5 output directory ''
WARNING[L1,P98] (Cactus): Attempt to create a directory with an empty or NULL string
WARNING[L1,P98] (CarpetIOHDF5): Problem creating HDF5 output directory ''
WARNING[L1,P99] (Cactus): Attempt to create a directory with an empty or NULL string
WARNING[L1,P99] (CarpetIOHDF5): Problem creating HDF5 output directory ''
WARNING[L1,P100] (Cactus): Attempt to create a directory with an empty or NULL string
WARNING[L1,P100] (CarpetIOHDF5): Problem creating HDF5 output directory ''
WARNING[L1,P101] (Cactus): Attempt to create a directory with an empty or NULL string
WARNING[L1,P101] (CarpetIOHDF5): Problem creating HDF5 output directory ''
WARNING[L1,P102] (Cactus): Attempt to create a directory with an empty or NULL string
WARNING[L1,P102] (CarpetIOHDF5): Problem creating HDF5 output directory ''
WARNING[L1,P103] (Cactus): Attempt to create a directory with an empty or NULL string
WARNING[L1,P103] (CarpetIOHDF5): Problem creating HDF5 output directory ''
WARNING[L1,P104] (Cactus): Attempt to create a directory with an empty or NULL string
WARNING[L1,P104] (CarpetIOHDF5): Problem creating HDF5 output directory ''
WARNING[L1,P105] (Cactus): Attempt to create a directory with an empty or NULL string
WARNING[L1,P105] (CarpetIOHDF5): Problem creating HDF5 output directory ''
WARNING[L1,P106] (Cactus): Attempt to create a directory with an empty or NULL string
WARNING[L1,P106] (CarpetIOHDF5): Problem creating HDF5 output directory ''
WARNING[L1,P107] (Cactus): Attempt to create a directory with an empty or NULL string
WARNING[L1,P107] (CarpetIOHDF5): Problem creating HDF5 output directory ''
WARNING[L1,P108] (Cactus): Attempt to create a directory with an empty or NULL string
WARNING[L1,P108] (CarpetIOHDF5): Problem creating HDF5 output directory ''
WARNING[L1,P109] (Cactus): Attempt to create a directory with an empty or NULL string
WARNING[L1,P109] (CarpetIOHDF5): Problem creating HDF5 output directory ''
WARNING[L1,P111] (Cactus): Attempt to create a directory with an empty or NULL string
WARNING[L1,P111] (CarpetIOHDF5): Problem creating HDF5 output directory ''
WARNING[L1,P1] (Cactus): Attempt to create a directory with an empty or NULL string
WARNING[L1,P1] (CarpetIOHDF5): Problem creating HDF5 output directory ''
WARNING[L1,P2] (Cactus): Attempt to create a directory with an empty or NULL string
WARNING[L1,P2] (CarpetIOHDF5): Problem creating HDF5 output directory ''
WARNING[L1,P3] (Cactus): Attempt to create a directory with an empty or NULL string
WARNING[L1,P3] (CarpetIOHDF5): Problem creating HDF5 output directory ''
WARNING[L1,P4] (Cactus): Attempt to create a directory with an empty or NULL string
WARNING[L1,P4] (CarpetIOHDF5): Problem creating HDF5 output directory ''
WARNING[L1,P5] (Cactus): Attempt to create a directory with an empty or NULL string
WARNING[L1,P5] (CarpetIOHDF5): Problem creating HDF5 output directory ''
WARNING[L1,P6] (Cactus): Attempt to create a directory with an empty or NULL string
WARNING[L1,P6] (CarpetIOHDF5): Problem creating HDF5 output directory ''
WARNING[L1,P7] (Cactus): Attempt to create a directory with an empty or NULL string
WARNING[L1,P7] (CarpetIOHDF5): Problem creating HDF5 output directory ''
WARNING[L1,P8] (Cactus): Attempt to create a directory with an empty or NULL string
WARNING[L1,P8] (CarpetIOHDF5): Problem creating HDF5 output directory ''
WARNING[L1,P9] (Cactus): Attempt to create a directory with an empty or NULL string
WARNING[L1,P9] (CarpetIOHDF5): Problem creating HDF5 output directory ''
WARNING[L1,P10] (Cactus): Attempt to create a directory with an empty or NULL string
WARNING[L1,P10] (CarpetIOHDF5): Problem creating HDF5 output directory ''
WARNING[L1,P12] (Cactus): Attempt to create a directory with an empty or NULL string
WARNING[L1,P12] (CarpetIOHDF5): Problem creating HDF5 output directory ''
WARNING[L1,P13] (Cactus): Attempt to create a directory with an empty or NULL string
WARNING[L1,P13] (CarpetIOHDF5): Problem creating HDF5 output directory ''
WARNING[L1,P14] (Cactus): Attempt to create a directory with an empty or NULL string
WARNING[L1,P14] (CarpetIOHDF5): Problem creating HDF5 output directory ''
WARNING[L1,P15] (Cactus): Attempt to create a directory with an empty or NULL string
WARNING[L1,P15] (CarpetIOHDF5): Problem creating HDF5 output directory ''
WARNING[L1,P16] (Cactus): Attempt to create a directory with an empty or NULL string
WARNING[L1,P16] (CarpetIOHDF5): Problem creating HDF5 output directory ''
WARNING[L1,P17] (Cactus): Attempt to create a directory with an empty or NULL string
WARNING[L1,P17] (CarpetIOHDF5): Problem creating HDF5 output directory ''
WARNING[L1,P18] (Cactus): Attempt to create a directory with an empty or NULL string
WARNING[L1,P18] (CarpetIOHDF5): Problem creating HDF5 output directory ''
WARNING[L1,P19] (Cactus): Attempt to create a directory with an empty or NULL string
WARNING[L1,P19] (CarpetIOHDF5): Problem creating HDF5 output directory ''
WARNING[L1,P20] (Cactus): Attempt to create a directory with an empty or NULL string
WARNING[L1,P20] (CarpetIOHDF5): Problem creating HDF5 output directory ''
WARNING[L1,P21] (Cactus): Attempt to create a directory with an empty or NULL string
WARNING[L1,P21] (CarpetIOHDF5): Problem creating HDF5 output directory ''
WARNING[L1,P22] (Cactus): Attempt to create a directory with an empty or NULL string
WARNING[L1,P22] (CarpetIOHDF5): Problem creating HDF5 output directory ''
WARNING[L1,P23] (Cactus): Attempt to create a directory with an empty or NULL string
WARNING[L1,P23] (CarpetIOHDF5): Problem creating HDF5 output directory ''
WARNING[L1,P24] (Cactus): Attempt to create a directory with an empty or NULL string
WARNING[L1,P24] (CarpetIOHDF5): Problem creating HDF5 output directory ''
WARNING[L1,P25] (Cactus): Attempt to create a directory with an empty or NULL string
WARNING[L1,P25] (CarpetIOHDF5): Problem creating HDF5 output directory ''
WARNING[L1,P27] (Cactus): Attempt to create a directory with an empty or NULL string
WARNING[L1,P27] (CarpetIOHDF5): Problem creating HDF5 output directory ''
WARNING[L1,P28] (Cactus): Attempt to create a directory with an empty or NULL string
WARNING[L1,P28] (CarpetIOHDF5): Problem creating HDF5 output directory ''
WARNING[L1,P29] (Cactus): Attempt to create a directory with an empty or NULL string
WARNING[L1,P29] (CarpetIOHDF5): Problem creating HDF5 output directory ''
WARNING[L1,P30] (Cactus): Attempt to create a directory with an empty or NULL string
WARNING[L1,P30] (CarpetIOHDF5): Problem creating HDF5 output directory ''
WARNING[L1,P31] (Cactus): Attempt to create a directory with an empty or NULL string
WARNING[L1,P31] (CarpetIOHDF5): Problem creating HDF5 output directory ''
WARNING[L1,P32] (Cactus): Attempt to create a directory with an empty or NULL string
WARNING[L1,P32] (CarpetIOHDF5): Problem creating HDF5 output directory ''
WARNING[L1,P33] (Cactus): Attempt to create a directory with an empty or NULL string
WARNING[L1,P33] (CarpetIOHDF5): Problem creating HDF5 output directory ''
WARNING[L1,P34] (Cactus): Attempt to create a directory with an empty or NULL string
WARNING[L1,P34] (CarpetIOHDF5): Problem creating HDF5 output directory ''
WARNING[L1,P35] (Cactus): Attempt to create a directory with an empty or NULL string
WARNING[L1,P35] (CarpetIOHDF5): Problem creating HDF5 output directory ''
WARNING[L1,P36] (Cactus): Attempt to create a directory with an empty or NULL string
WARNING[L1,P36] (CarpetIOHDF5): Problem creating HDF5 output directory ''
WARNING[L1,P37] (Cactus): Attempt to create a directory with an empty or NULL string
WARNING[L1,P37] (CarpetIOHDF5): Problem creating HDF5 output directory ''
WARNING[L1,P38] (Cactus): Attempt to create a directory with an empty or NULL string
WARNING[L1,P38] (CarpetIOHDF5): Problem creating HDF5 output directory ''
WARNING[L1,P39] (Cactus): Attempt to create a directory with an empty or NULL string
WARNING[L1,P39] (CarpetIOHDF5): Problem creating HDF5 output directory ''
WARNING[L1,P41] (Cactus): Attempt to create a directory with an empty or NULL string
WARNING[L1,P41] (CarpetIOHDF5): Problem creating HDF5 output directory ''
WARNING[L1,P42] (Cactus): Attempt to create a directory with an empty or NULL string
WARNING[L1,P42] (CarpetIOHDF5): Problem creating HDF5 output directory ''
WARNING[L1,P46] (Cactus): Attempt to create a directory with an empty or NULL string
WARNING[L1,P46] (CarpetIOHDF5): Problem creating HDF5 output directory ''
WARNING[L1,P51] (Cactus): Attempt to create a directory with an empty or NULL string
WARNING[L1,P51] (CarpetIOHDF5): Problem creating HDF5 output directory ''
WARNING[L1,P52] (Cactus): Attempt to create a directory with an empty or NULL string
WARNING[L1,P52] (CarpetIOHDF5): Problem creating HDF5 output directory ''
WARNING[L1,P87] (Cactus): Attempt to create a directory with an empty or NULL string
WARNING[L1,P87] (CarpetIOHDF5): Problem creating HDF5 output directory ''
WARNING[L1,P110] (Cactus): Attempt to create a directory with an empty or NULL string
WARNING[L1,P110] (CarpetIOHDF5): Problem creating HDF5 output directory ''
   LEANBSSNMOL::mcy
   LEANBSSNMOL::mcz
INFO (CarpetIOASCII): I/O Method 'IOASCII_2D' registered: 2D AMR output of grid variables to ASCII files
INFO (CarpetIOASCII): I/O Method 'IOASCII_3D' registered: 3D AMR output of grid variables to ASCII files
INFO (CarpetIOHDF5): I/O Method 'IOHDF5' registered: AMR output of grid variables to HDF5 files
INFO (CarpetIOHDF5): I/O Method 'IOHDF5_0D' registered: 0D AMR output of grid variables to HDF5 files
INFO (CarpetIOHDF5): I/O Method 'IOHDF5_1D' registered: 1D AMR output of grid variables to HDF5 files
INFO (CarpetIOHDF5): I/O Method 'IOHDF5_2D' registered: 2D AMR output of grid variables to HDF5 files
INFO (CarpetIOHDF5): I/O Method 'IOHDF5_3D' registered: 3D AMR output of grid variables to HDF5 files
INFO (CarpetRegrid2): Initialising position of centre 0 to [8,0,0]
INFO (CarpetRegrid2): Initialising position of centre 1 to [-8,0,0]
INFO (MoL): Using Runge-Kutta 4 as the time integrator.
INFO (MoL): The maximum number of evolved variables is 1861. 29 are registered.
INFO (MoL): The maximum number of slow evolved variables is 1861. 0 are registered.
INFO (MoL): The maximum number of constrained variables is 1861. 12 are registered.
INFO (MoL): The maximum number of SandR variables is 1861. 0 are registered.
INFO (MoL): The maximum number of evolved array variables is 1861. 0 are registered.
INFO (MoL): The maximum number of constrained array variables is 1861. 0 are registered.
INFO (MoL): The maximum number of SandR array variables is 1861. 0 are registered.
INFO (MoL): The maximum size of any array variables is 0.
INFO (Vectors): Testing vectorisation... [errors may result in segfaults]
INFO (Vectors): 101/101 tests passed 
INFO (CarpetRegrid2): Centre 1 is at position [8,0,0] with 9 levels
INFO (CarpetRegrid2): Centre 2 is at position [-8,0,0] with 9 levels
INFO (CarpetRegrid2): Regridding level 0 map 0 at iteration 0 time 0
INFO (CarpetRegrid2): Regridding levels 1 and up
INFO (CarpetRegrid2): Enforcing grid structure properties, iteration 0
INFO (CarpetRegrid2): Enforcing grid structure properties, iteration 0
INFO (CarpetRegrid2): Enforcing grid structure properties, iteration 0
INFO (CarpetRegrid2): Enforcing grid structure properties, iteration 0
INFO (CarpetRegrid2): Enforcing grid structure properties, iteration 0
INFO (CarpetRegrid2): Enforcing grid structure properties, iteration 0
INFO (CarpetRegrid2): Enforcing grid structure properties, iteration 0
INFO (CarpetRegrid2): Enforcing grid structure properties, iteration 0
INFO (Carpet): Grid structure (superregions, grid points):
   [0][0][0]   exterior: [0,0,0] : [260,260,260]   ([261,261,261] + PADDING) 17779581
   [1][0][0]   exterior: [183,187,187] : [337,333,333]   ([155,147,147] + PADDING) 3349395
   [2][0][0]   exterior: [439,447,447] : [601,593,593]   ([163,147,147] + PADDING) 3522267
   [3][0][0]   exterior: [983,999,999] : [1097,1081,1081]   ([115,83,83] + PADDING) 792235
   [4][0][0]   exterior: [2007,2039,2039] : [2153,2121,2121]   ([147,83,83] + PADDING) 1012683
   [5][0][0]   exterior: [4055,4119,4119] : [4137,4201,4201]   ([83,83,83] + PADDING) 571787
   [5][0][1]   exterior: [4183,4119,4119] : [4265,4201,4201]   ([83,83,83] + PADDING) 571787
   [6][0][0]   exterior: [8151,8279,8279] : [8233,8361,8361]   ([83,83,83] + PADDING) 571787
   [6][0][1]   exterior: [8407,8279,8279] : [8489,8361,8361]   ([83,83,83] + PADDING) 571787
   [7][0][0]   exterior: [16343,16599,16599] : [16425,16681,16681]   ([83,83,83] + PADDING) 571787
   [7][0][1]   exterior: [16855,16599,16599] : [16937,16681,16681]   ([83,83,83] + PADDING) 571787
   [8][0][0]   exterior: [32727,33239,33239] : [32809,33321,33321]   ([83,83,83] + PADDING) 571787
   [8][0][1]   exterior: [33751,33239,33239] : [33833,33321,33321]   ([83,83,83] + PADDING) 571787
INFO (Carpet): Grid structure (superregions, coordinates):
   [0][0][0]   exterior: [-520,-520,-520] : [520,520,520] : [4,4,4]
   [1][0][0]   exterior: [-154,-146,-146] : [154,146,146] : [2,2,2]
   [2][0][0]   exterior: [-81,-73,-73] : [81,73,73] : [1,1,1]
   [3][0][0]   exterior: [-28.5,-20.5,-20.5] : [28.5,20.5,20.5] : [0.5,0.5,0.5]
   [4][0][0]   exterior: [-18.25,-10.25,-10.25] : [18.25,10.25,10.25] : [0.25,0.25,0.25]
   [5][0][0]   exterior: [-13.125,-5.125,-5.125] : [-2.875,5.125,5.125] : [0.125,0.125,0.125]
   [5][0][1]   exterior: [2.875,-5.125,-5.125] : [13.125,5.125,5.125] : [0.125,0.125,0.125]
   [6][0][0]   exterior: [-10.5625,-2.5625,-2.5625] : [-5.4375,2.5625,2.5625] : [0.0625,0.0625,0.0625]
   [6][0][1]   exterior: [5.4375,-2.5625,-2.5625] : [10.5625,2.5625,2.5625] : [0.0625,0.0625,0.0625]
   [7][0][0]   exterior: [-9.28125,-1.28125,-1.28125] : [-6.71875,1.28125,1.28125] : [0.03125,0.03125,0.03125]
   [7][0][1]   exterior: [6.71875,-1.28125,-1.28125] : [9.28125,1.28125,1.28125] : [0.03125,0.03125,0.03125]
   [8][0][0]   exterior: [-8.640625,-0.640625,-0.640625] : [-7.359375,0.640625,0.640625] : [0.015625,0.015625,0.015625]
   [8][0][1]   exterior: [7.359375,-0.640625,-0.640625] : [8.640625,0.640625,0.640625] : [0.015625,0.015625,0.015625]
INFO (Carpet): Global grid structure statistics:
INFO (Carpet): GF: rhs: 631k active, 1221k owned (+94%), 2495k total (+104%), 256 steps/time
INFO (Carpet): GF: vars: 247, pts: 6033M active, 7369M owned (+22%), 11890M total (+61%), 1.0 comp/proc
INFO (Carpet): GA: vars: 1664, pts: 381M active, 381M total (+0%)
INFO (Carpet): Total required memory: 98.886 GByte (for GAs and currently active GFs)
INFO (Carpet): Load balance:  min     avg     max     sdv     max/avg-1
INFO (Carpet): Level  0:      32M     37M     41M      2M owned     11%
INFO (Carpet): Level  1:       7M      7M      8M      0M owned      6%
INFO (Carpet): Level  2:       7M      8M      8M      0M owned      2%
INFO (Carpet): Level  3:       2M      2M      2M      0M owned      7%
INFO (Carpet): Level  4:       2M      2M      2M      0M owned      6%
INFO (Carpet): Level  5:       2M      3M      3M      0M owned      4%
INFO (Carpet): Level  6:       2M      3M      3M      0M owned      4%
INFO (Carpet): Level  7:       2M      3M      3M      0M owned      4%
INFO (Carpet): Level  8:       2M      3M      3M      0M owned      4%
INFO (CartGrid3D): Grid Spacings:
INFO (CartGrid3D): dx=>4.0000000e+00  dy=>4.0000000e+00  dz=>4.0000000e+00
INFO (CartGrid3D): Computational Coordinates:
INFO (CartGrid3D): x=>[-520.000,520.000]  y=>[-520.000,520.000]  z=>[-520.000,520.000]
INFO (CartGrid3D): Indices of Physical Coordinates:
INFO (CartGrid3D): x=>[0,260]  y=>[0,260]  z=>[0,260]
INFO (AHFinderDirect): setting up AHFinderDirect data structures
INFO (AHFinderDirect):            to search for 6 horizons on 112 processors
INFO (AHFinderDirect):       constructing full sphere patch system
INFO (AHFinderDirect):                    at origin (8.001,0,0)
INFO (AHFinderDirect):                    with 18 angular zones per right angle
INFO (AHFinderDirect):       ==> 2166 nominal, 3174 ghosted angular grid points
INFO (AHFinderDirect):       constructing full sphere patch system
INFO (AHFinderDirect):                    at origin (-8.001,0,0)
INFO (AHFinderDirect):                    with 18 angular zones per right angle
INFO (AHFinderDirect):       ==> 2166 nominal, 3174 ghosted angular grid points
INFO (AHFinderDirect):       constructing full sphere patch system
INFO (AHFinderDirect):                    at origin (0,0,0)
INFO (AHFinderDirect):                    with 18 angular zones per right angle
INFO (AHFinderDirect):       ==> 2166 nominal, 3174 ghosted angular grid points
INFO (AHFinderDirect):       constructing full sphere patch system
INFO (AHFinderDirect):                    at origin (0,0,0)
INFO (AHFinderDirect):                    with 18 angular zones per right angle
INFO (AHFinderDirect):       ==> 2166 nominal, 3174 ghosted angular grid points
INFO (AHFinderDirect):       constructing full sphere patch system
INFO (AHFinderDirect):                    at origin (0,0,0)
INFO (AHFinderDirect):                    with 18 angular zones per right angle
INFO (AHFinderDirect):       ==> 2166 nominal, 3174 ghosted angular grid points
INFO (AHFinderDirect):       constructing full sphere patch system
INFO (AHFinderDirect):                    at origin (0,0,0)
INFO (AHFinderDirect):                    with 18 angular zones per right angle
INFO (AHFinderDirect):       ==> 2166 nominal, 3174 ghosted angular grid points
INFO (TerminationTrigger): Reminding you every 0 minutes about remaining walltime
INFO (Time): Timestep set to 1 (courant_static)
INFO (TwoChargedPunctures): Solving puncture equation for BH-BH system
INFO (TwoChargedPunctures): b = 8.001
TCP_Newton: it=0 	 |F|=2.753736e-07
bare mass: mp=0.5 	 mm=0.5
bicgstab:  itmax 100, tol 2.753736e-10
bicgstab:     0   2.321e-05
bicgstab:     1   9.417e-03   1.093e+00   0.000e+00  -2.836e-02
bicgstab:     2   6.697e-01  -3.970e-01   7.610e-01   5.245e-01
bicgstab:     3   9.205e-01   1.774e+00  -7.794e-01   1.461e+00
bicgstab:     4   3.252e+00  -1.329e+01   3.779e+00   6.286e-01
bicgstab:     5   1.914e+00   1.859e+00  -2.723e+01   1.240e+00
bicgstab:     6   3.363e+00  -4.301e-02  -1.832e+01  -6.764e-02
bicgstab:     7   1.898e-01   5.462e-01   1.436e-01   8.457e-01
bicgstab:     8   8.440e-03   5.956e-01   9.082e-02   4.378e-01
bicgstab:     9   3.493e-03   1.073e+00  -8.585e-02   4.694e-01
bicgstab:    10   1.998e-03   4.418e-01  -4.207e-01  -4.178e-01
bicgstab:    11   2.218e-03  -8.455e-02   4.051e-01  -3.625e-01
bicgstab:    12   2.698e-04   2.382e+00   3.091e-01   1.441e-01
bicgstab:    13   1.182e-04   8.843e-01   1.061e+00  -3.039e-01
bicgstab:    14   1.824e-04   5.644e-01   3.244e-02  -1.294e+00
bicgstab:    15   2.007e-04  -2.360e+00  -2.239e-01   5.412e-01
bicgstab:    16   5.016e-04  -4.596e+00  -6.800e+00   7.913e-01
bicgstab:    17   1.801e-04   4.371e-01   3.816e+00   6.053e-01
bicgstab:    18   1.618e-04  -2.060e-01   3.679e-02   4.338e-01
bicgstab:    19   1.246e-04   3.652e-02   1.606e+00   4.609e+00
bicgstab:    20   4.690e-05   3.189e+00  -3.332e-01   7.486e-01
bicgstab:    21   3.545e-04   2.188e+01   1.569e+00  -2.113e-01
bicgstab:    22   6.640e-06  -2.696e-02   7.648e+02   4.845e-01
bicgstab:    23   4.429e-06   5.586e-01  -7.121e-04   9.461e-01
bicgstab:    24   4.022e-06  -2.561e-01  -5.650e-01   2.373e-01
bicgstab:    25   5.793e-06   4.469e+00  -4.680e-01   4.298e-01
bicgstab:    26   7.446e-06   1.002e+00   1.596e+00   6.232e-01
bicgstab:    27   5.943e-06   6.707e-01  -5.577e-01   1.045e+00
bicgstab:    28   3.146e-06  -9.878e-02   4.988e+00   1.635e+01
bicgstab:    29   6.599e-06  -1.960e+00   5.171e-03   2.784e-01
bicgstab:    30   1.179e-05  -2.103e+00  -6.657e+00   2.630e+00
bicgstab:    31   1.639e-05   3.180e+00  -1.111e+00   5.604e-02
bicgstab:    32   1.476e-05  -1.849e-01   2.287e+00   1.345e-01
bicgstab:    33   3.473e-06   1.417e+00  -7.488e-01   7.056e-01
bicgstab:    34   1.094e-06   5.764e-01   6.818e-01   4.012e-01
bicgstab:    35   4.434e-07   3.738e-01   3.950e-01   4.746e+00
bicgstab:    36   2.575e-07   4.104e-02  -9.345e-02   1.414e+00
bicgstab:    37   2.673e-07   4.679e-01  -2.229e-01   1.968e-01
bicgstab:    38   1.512e-08   9.988e+00  -5.201e-01   4.208e-01
bicgstab:    39   3.601e-08   8.938e-02  -2.637e+01   4.323e+00
bicgstab:    40   8.735e-09   8.451e-01  -6.052e-02   5.412e-01
bicgstab:    41   9.227e-09   3.108e-01  -1.597e-01   3.343e+00
bicgstab:    42   7.980e-09  -8.462e-01  -3.176e-02   5.480e-01
bicgstab:    43   7.725e-09   1.026e+00  -2.780e+00   1.938e+00
bicgstab:    44   5.275e-09  -5.890e-01   9.820e-01   4.653e-01
bicgstab:    45   5.633e-10   4.665e+00  -1.736e+00   4.639e-01
bicgstab:    46   1.078e-10   3.151e-01   1.935e+00   4.639e-01
TCP_Newton: it=1 	 |F|=6.254561e-11 
INFO (TwoChargedPunctures): Wrote coefficient file v.dat
INFO (TwoChargedPunctures): The two puncture masses are mp=0.5 and mm=0.5
INFO (TwoChargedPunctures): Puncture 1 ADM mass is 0.50781
INFO (TwoChargedPunctures): Puncture 2 ADM mass is 0.50781
INFO (TwoChargedPunctures): The total ADM mass is 0.999851
INFO (TwoChargedPunctures): Setting initial lapse to psi^-2.000000 profile.
INFO (TwoChargedPunctures): Interpolating result
INFO (QuasiLocalMeasures): Initialising Quasi-Local Measure calculations
INFO (TerminationTrigger): Reminding you every 0 minutes about remaining walltime
INFO (Time): Timestep set to 1 (courant_static)
INFO (TwoChargedPunctures): Setting initial lapse to psi^-2.000000 profile.
INFO (TwoChargedPunctures): Interpolating result
INFO (TerminationTrigger): Reminding you every 0 minutes about remaining walltime
INFO (Time): Timestep set to 0.5 (courant_static)
INFO (TwoChargedPunctures): Setting initial lapse to psi^-2.000000 profile.
INFO (TwoChargedPunctures): Interpolating result
INFO (TerminationTrigger): Reminding you every 0 minutes about remaining walltime
INFO (Time): Timestep set to 0.25 (courant_static)
INFO (TwoChargedPunctures): Setting initial lapse to psi^-2.000000 profile.
INFO (TwoChargedPunctures): Interpolating result
INFO (TerminationTrigger): Reminding you every 0 minutes about remaining walltime
INFO (Time): Timestep set to 0.125 (courant_static)
INFO (TwoChargedPunctures): Setting initial lapse to psi^-2.000000 profile.
INFO (TwoChargedPunctures): Interpolating result
INFO (TerminationTrigger): Reminding you every 0 minutes about remaining walltime
INFO (Time): Timestep set to 0.0625 (courant_static)
INFO (TwoChargedPunctures): Setting initial lapse to psi^-2.000000 profile.
INFO (TwoChargedPunctures): Interpolating result
INFO (TerminationTrigger): Reminding you every 0 minutes about remaining walltime
INFO (Time): Timestep set to 0.03125 (courant_static)
INFO (TwoChargedPunctures): Setting initial lapse to psi^-2.000000 profile.
INFO (TwoChargedPunctures): Interpolating result
INFO (TerminationTrigger): Reminding you every 0 minutes about remaining walltime
INFO (Time): Timestep set to 0.015625 (courant_static)
INFO (TwoChargedPunctures): Setting initial lapse to psi^-2.000000 profile.
INFO (TwoChargedPunctures): Interpolating result
INFO (TerminationTrigger): Reminding you every 0 minutes about remaining walltime
INFO (Time): Timestep set to 0.0078125 (courant_static)
INFO (TwoChargedPunctures): Setting initial lapse to psi^-2.000000 profile.
INFO (TwoChargedPunctures): Interpolating result
INFO (AHFinderDirect): proc 0: searching for horizon 1/6
INFO (AHFinderDirect): AH 6/6: r=239.003 at (0.000005,0.000018,-0.000040)
INFO (AHFinderDirect): AH 6/6: area=723845.2459 m_irreducible=120.0018484
INFO (AHFinderDirect): AH 3/6: r=78.9972 at (-0.000000,-0.000000,-0.000000)
INFO (AHFinderDirect): AH 3/6: area=80425.06427 m_irreducible=40.0000727
INFO (AHFinderDirect): AH 4/6: r=98.9978 at (-0.000000,0.000000,0.000000)
INFO (AHFinderDirect): AH 4/6: area=125663.9353 m_irreducible=50.00004559
INFO (AHFinderDirect): AH 5/6: r=178.999 at (0.000000,0.000000,0.000000)
INFO (AHFinderDirect): AH 5/6: area=407150.5253 m_irreducible=90.00001298
INFO (AHFinderDirect): AH 1/6: r=0.244905 at (8.000981,-0.000000,-0.000000)
INFO (AHFinderDirect): AH 1/6: area=12.89512067 m_irreducible=0.5064980499
INFO (AHFinderDirect): AH 2/6: r=0.244905 at (-8.000981,-0.000000,0.000000)
INFO (AHFinderDirect): AH 2/6: area=12.89512067 m_irreducible=0.5064980499
INFO (QuasiLocalMeasures): Calculating quasi-local quantities for surface    0
INFO (QuasiLocalMeasures): Importing from spherical surface    0
INFO (QuasiLocalMeasures): Geometric quantities for surface    0:
INFO (QuasiLocalMeasures):    Area A:                            12.8951
INFO (QuasiLocalMeasures):    Irreducible mass M = R/2:         0.506498
INFO (QuasiLocalMeasures):    Areal radius R = sqrt(A/4pi):      1.01300
INFO (QuasiLocalMeasures): Coordinate-dependent quantities for surface    0:
INFO (QuasiLocalMeasures):    Equatorial circumference:             6.36484
INFO (QuasiLocalMeasures):    Polar circumference at phi=0:         6.36388
INFO (QuasiLocalMeasures):    Polar circumference at phi=pi/2:      6.36474
INFO (QuasiLocalMeasures):    Spin guess J from distortion:        0.680693E-03
INFO (QuasiLocalMeasures):    Mass guess M from distortion:        0.506498
INFO (QuasiLocalMeasures): Isolated Horizon quantities for surface    0:
INFO (QuasiLocalMeasures):    Killing vector field eigenvalue norm:      1.00000
INFO (QuasiLocalMeasures):    Spin J:                                  -0.304852E-19
INFO (QuasiLocalMeasures):    Kerr spin parameter a = J/M:             -0.601883E-19
INFO (QuasiLocalMeasures):    Dimensionless spin parameter a = J/M^2:  -0.118832E-18
INFO (QuasiLocalMeasures):    Spin J from NP:                           0.116494E-18
INFO (QuasiLocalMeasures):    Spin J from phi-coordinate-vector:         0.00000
INFO (QuasiLocalMeasures):    Mass M:                                   0.506498
INFO (QuasiLocalMeasures): Global quantities for surface    0:
INFO (QuasiLocalMeasures):    ADM energy:                 -8.57930
INFO (QuasiLocalMeasures):    ADM momentum x:            -0.339850E-23
INFO (QuasiLocalMeasures):    ADM momentum y:            -0.186997E-21
INFO (QuasiLocalMeasures):    ADM momentum z:             0.247895E-21
INFO (QuasiLocalMeasures):    ADM angular momentum x:    -0.114141E-07
INFO (QuasiLocalMeasures):    ADM angular momentum y:    -0.169164E-20
INFO (QuasiLocalMeasures):    ADM angular momentum z:    -0.148497E-20
INFO (QuasiLocalMeasures):    Weinberg energy:                  17.3311
INFO (QuasiLocalMeasures):    Weinberg momentum x:             0.154938E-22
INFO (QuasiLocalMeasures):    Weinberg momentum y:            -0.167920E-20
INFO (QuasiLocalMeasures):    Weinberg momentum z:             0.166771E-20
INFO (QuasiLocalMeasures):    Weinberg angular momentum x:    -0.195193E-06
INFO (QuasiLocalMeasures):    Weinberg angular momentum y:    -0.155401E-19
INFO (QuasiLocalMeasures):    Weinberg angular momentum z:    -0.133133E-19
------------------------------------------------------------------------------------
Iteration      Time | *me_per_hour |     LEANBSSNMOL::conf_fac | *TISTICS::maxrss_mb
                    |              |      minimum      maximum |   minimum   maximum
------------------------------------------------------------------------------------
        0     0.000 |    0.0000000 |    0.0001000    0.9988735 |      1060      1292
INFO (Carpet): Terminating due to cctk_final_time at t = 0.000000
INFO (TimerReport): Timer Report before terminating at iteration 0 time 0
INFO (TimerReport): Top timers at iteration 0 time 0
======================================================================
    %    Time/s   Min/s   Max/s   Timer (gettimeofday)
======================================================================
100.0   882.505 882.497 882.516   main/Initialise
100.0   882.450 882.438 882.461   meta mode/meta mode/global mode
 98.0   864.760 862.004 867.515   main/Initialise/CallInitial
 95.6   843.568 823.486 860.852   main/Initialise/CallInitial/CCTK_INITIAL
 95.6   843.567 823.485 860.851   main/Initialise/CallInitial/CCTK_INITIAL/CallFunction
 92.9   819.742 799.882 856.314   main/Initialise/CallInitial/CCTK_INITIAL/CallFunction/thorns
 92.9   819.610 799.758 856.163   [0098] TwoChargedPunctures: TwoChargedPunctures in CCTK_INITIAL
 92.9   819.609 799.757 856.162   main/Initialise/CallInitial/CCTK_INITIAL/CallFunction/thorns/TwoChargedPunctures
 88.8   783.721 783.545 783.837   meta mode/meta mode/global mode/level(0)
  2.8    24.615  22.523  28.072   meta mode/meta mode/global mode/level(2)
  2.7    23.820   1.138  46.725   [0107] LeanBSSNMoL: LeanBSSN_Boundaries in CCTK_INITIAL
  2.7    23.820   1.137  46.725   main/Initialise/CallInitial/CCTK_INITIAL/CallFunction/syncs
  2.4    21.025  20.919  21.158   meta mode/meta mode/global mode/level(1)
  2.3    20.271   0.164  41.698   main/Initialise/CallInitial/CCTK_INITIAL/CallFunction/syncs/Sync
  2.3    20.265   0.159  41.693   main/Initialise/CallInitial/CCTK_INITIAL/CallFunction/syncs/Sync/comm_state[6].state_do_some_work.step
  1.9    16.589   2.062  33.964   main/Initialise/CallInitial/CCTK_POSTINITIAL
  1.9    16.588   2.061  33.963   main/Initialise/CallInitial/CCTK_POSTINITIAL/CallFunction
  1.7    15.129   0.515  32.566   main/Initialise/CallInitial/CCTK_POSTINITIAL/CallFunction/syncs
  1.4    12.432   0.083  28.479   [0117] EMGEvolve: EMG_Boundaries in CCTK_POSTINITIAL
  1.3    11.607  11.599  11.619   main/Initialise/CallAnalysis
  1.2    10.578   0.224  24.751   main/Initialise/CallInitial/CCTK_POSTINITIAL/CallFunction/syncs/Sync
  1.2    10.481   0.122  24.665   main/Initialise/CallInitial/CCTK_POSTINITIAL/CallFunction/syncs/Sync/comm_state[6].state_do_some_work.step
  1.0     8.437   8.353   8.548   main/Initialise/CallAnalysis/OutputGH
  1.0     8.437   8.353   8.548   main/Initialise/CallAnalysis/OutputGH/OutputGH
  1.0     8.405   7.759   9.034   meta mode/meta mode/global mode/level(8)
  1.0     8.404   8.317   8.513   main/Initialise/CallAnalysis/OutputGH/OutputGH/IOASCII::IOASCII_1D [2]
  1.0     8.404   8.317   8.512   main/Initialise/CallAnalysis/OutputGH/OutputGH/IOASCII::IOASCII_1D [2]/OutputGH<1>
  0.9     8.344   8.331   8.352   meta mode/meta mode/global mode/level(4)
  0.9     8.217   7.495   8.942   meta mode/meta mode/global mode/level(7)
  0.9     8.201   7.485   8.915   meta mode/meta mode/global mode/level(5)
  0.9     8.195   7.481   8.906   meta mode/meta mode/global mode/level(6)
  0.9     7.642   6.928  12.489   meta mode/meta mode/global mode/level(3)
  0.6     5.015   5.014   5.016   main/CarpetStartup
  0.6     5.000   4.997   5.005   main/CarpetStartup/CarpetLib::gh::regrid
  0.6     4.999   4.995   5.005   main/CarpetStartup/CarpetLib::gh::regrid/CarpetLib::dh::regrid
  0.5     4.552   0.158  13.887   main/Initialise/CallInitial/CCTK_POSTINITIAL/CallFunction/syncs/Prolongate
  0.5     4.413   0.034  13.761   main/Initialise/CallInitial/CCTK_POSTINITIAL/CallFunction/syncs/Prolongate/comm_state[6].state_do_some_work.step
  0.5     4.131   4.124   4.143   main/Initialise/CallInitial/CallRegridInitialMeta
  0.5     4.113   4.111   4.115   main/Initialise/CallInitial/CallRegridInitialMeta/Regrid
  0.4     3.919   3.916   4.001   main/Initialise/CallInitial/CallRegridInitialMeta/Regrid/RegridMap
======================================================================
==================================================================================================================================================================================================
Thorn           | Scheduled routine in time bin           | gettimeofday [secs] | getrusage [secs] | cycle [secs] | cycle[avg] [secs] | cycle[sdv] [secs] | cycle[min] [secs] | cycle[max] [secs] 
==================================================================================================================================================================================================
Carpet          | Multi-model Startup routine             |          0.00701900 |       0.00493400 |   0.00000000 |        0.00000000 |        0.00000000 |        0.00000000 |        0.00000000 
CycleClock      | Set up CycleClock                       |          0.10015700 |       0.09948200 |   0.00000170 |        0.00000170 |        0.00000000 |        0.00000170 |        0.00000170 
LoopControl     | Set up LoopControl                      |          0.00005900 |       0.00006000 |   0.00005949 |        0.00005949 |        0.00000000 |        0.00005949 |        0.00005949 
Timers          | Prepare hierarchical timers             |          0.00057800 |       0.00010700 |   0.00057852 |        0.00057852 |        0.00000000 |        0.00057852 |        0.00057852 
Carpet          | Startup routine                         |          0.00000400 |       0.00000100 |   0.00000506 |        0.00000506 |        0.00000000 |        0.00000506 |        0.00000506 
IOUtil          | Startup routine                         |          0.00007400 |       0.00000900 |   0.00007387 |        0.00007387 |        0.00000000 |        0.00007387 |        0.00007387 
CarpetIOScalar  | Startup routine                         |          0.00001300 |       0.00000200 |   0.00001213 |        0.00001213 |        0.00000000 |        0.00001213 |        0.00001213 
CarpetInterp    | Startup routine                         |          0.00000400 |       0.00000100 |   0.00000446 |        0.00000446 |        0.00000000 |        0.00000446 |        0.00000446 
CarpetReduce    | Startup routine                         |          0.00011600 |       0.00001400 |   0.00011615 |        0.00011615 |        0.00000000 |        0.00011615 |        0.00011615 
CartGrid3D      | Register GH Extension for GridSymmetry  |          0.00000300 |       0.00000100 |   0.00000324 |        0.00000324 |        0.00000000 |        0.00000324 |        0.00000324 
CoordBase       | Register a GH extension to store the coo|          0.00000000 |       0.00000000 |   0.00000079 |        0.00000079 |        0.00000000 |        0.00000079 |        0.00000079 
AEILocalInterp  | register CCTK_InterpLocalUniform() inter|          0.00000200 |       0.00000000 |   0.00000227 |        0.00000227 |        0.00000000 |        0.00000227 |        0.00000227 
EMGEvolve       | Register the masks for excision         |          0.00002600 |       0.00000000 |   0.00002552 |        0.00002552 |        0.00000000 |        0.00002552 |        0.00002552 
CarpetIOASCII   | Startup routine                         |          0.00011700 |       0.00000000 |   0.00011742 |        0.00011742 |        0.00000000 |        0.00011742 |        0.00011742 
LeanBSSNMoL     | Register slicing                        |          0.00000900 |       0.00000000 |   0.00000899 |        0.00000899 |        0.00000000 |        0.00000899 |        0.00000899 
LocalInterp     | register LocalInterp's interpolation ope|          0.00000200 |       0.00000000 |   0.00000110 |        0.00000110 |        0.00000000 |        0.00000110 |        0.00000110 
CarpetIOBasic   | Startup routine                         |          0.00000300 |       0.00000000 |   0.00000349 |        0.00000349 |        0.00000000 |        0.00000349 |        0.00000349 
MoL             | Startup banner                          |          0.00000100 |       0.00000000 |   0.00000091 |        0.00000091 |        0.00000000 |        0.00000091 |        0.00000091 
Slab            | Create MPI datatypes for complex variabl|          0.00000300 |       0.00000000 |   0.00000285 |        0.00000285 |        0.00000000 |        0.00000285 |        0.00000285 
SymBase         | Register GH Extension for SymBase       |          0.00000300 |       0.00000000 |   0.00000342 |        0.00000342 |        0.00000000 |        0.00000342 |        0.00000342 
TerminationTrigg| Start signal handler                    |          0.00002200 |       0.00000000 |   0.00002277 |        0.00002277 |        0.00000000 |        0.00002277 |        0.00002277 
CarpetIOHDF5    | Startup routine                         |          0.00008900 |       0.00000000 |   0.00008882 |        0.00008882 |        0.00000000 |        0.00008882 |        0.00008882 
Vectors         | Print startup message                   |          0.00000100 |       0.00000000 |   0.00000156 |        0.00000156 |        0.00000000 |        0.00000156 |        0.00000156 
hwloc           | Output hwloc version                    |          0.00000200 |       0.00000000 |   0.00000254 |        0.00000254 |        0.00000000 |        0.00000254 |        0.00000254 
--------------------------------------------------------------------------------------------------------------------------------------------------------------------------------------------------
                | Total time for CCTK_STARTUP             |          0.10830700 |       0.10461100 |   0.00113707 |        0.00113707 |        0.00000000 |        0.00113707 |        0.00113707 
==================================================================================================================================================================================================
ADMBase         | Set up GF symmetries                    |          0.00005200 |       0.00002900 |   0.00005201 |        0.00005201 |        0.00000000 |        0.00005201 |        0.00005201 
Boundary        | Register boundary conditions that this t|          0.00001800 |       0.00001000 |   0.00001731 |        0.00001731 |        0.00000000 |        0.00001731 |        0.00001731 
CarpetRegrid2   | Initialise locations of refined regions |          0.00002900 |       0.00001600 |   0.00002879 |        0.00002879 |        0.00000000 |        0.00002879 |        0.00002879 
CartGrid3D      | Register coordinates for the Cartesian g|          0.00017500 |       0.00009800 |   0.00017495 |        0.00017495 |        0.00000000 |        0.00017495 |        0.00017495 
CoordGauge      | Initialize slicing, setup priorities for|          0.00001100 |       0.00000600 |   0.00001100 |        0.00001100 |        0.00000000 |        0.00001100 |        0.00001100 
CoordGauge      | Identify the slicing for the next iterat|          0.00000900 |       0.00000500 |   0.00000907 |        0.00000907 |        0.00000000 |        0.00000907 |        0.00000907 
MoL             | Set up the MoL bookkeeping index arrays |          0.00004000 |       0.00002200 |   0.00003945 |        0.00003945 |        0.00000000 |        0.00003945 |        0.00003945 
MoL             | Set the flag so it is ok to register wit|          0.00001000 |       0.00000500 |   0.00000960 |        0.00000960 |        0.00000000 |        0.00000960 |        0.00000960 
TmunuBase       | Set the stress_energy_state variable    |          0.00010900 |       0.00009900 |   0.00010896 |        0.00010896 |        0.00000000 |        0.00010896 |        0.00010896 
EMGEvolve       | Register variables for MoL              |          0.00012600 |       0.00012700 |   0.00012633 |        0.00012633 |        0.00000000 |        0.00012633 |        0.00012633 
LeanBSSNMoL     | Register variables for MoL              |          0.00015100 |       0.00015100 |   0.00015090 |        0.00015090 |        0.00000000 |        0.00015090 |        0.00015090 
Slab            | Initialise timers                       |          0.00002400 |       0.00002500 |   0.00002461 |        0.00002461 |        0.00000000 |        0.00002461 |        0.00002461 
SpaceMask       | Set grid symmetries for mask            |          0.00001700 |       0.00001600 |   0.00001625 |        0.00001625 |        0.00000000 |        0.00001625 |        0.00001625 
SpaceMask       | Set grid symmetries for emask (compatibi|          0.00000900 |       0.00000900 |   0.00000885 |        0.00000885 |        0.00000000 |        0.00000885 |        0.00000885 
CartGrid3D      | Register symmetry boundaries            |          0.00009700 |       0.00009700 |   0.00009654 |        0.00009654 |        0.00000000 |        0.00009654 |        0.00009654 
ReflectionSymmet| Register reflection symmetry boundaries |          0.00001200 |       0.00001200 |   0.00001236 |        0.00001236 |        0.00000000 |        0.00001236 |        0.00001236 
SymBase         | Print symmetry boundary face description|          0.00000900 |       0.00000900 |   0.00000924 |        0.00000924 |        0.00000000 |        0.00000924 |        0.00000924 
MoL             | Report how many of each type of variable|          0.00010000 |       0.00010100 |   0.00010026 |        0.00010026 |        0.00000000 |        0.00010026 |        0.00010026 
--------------------------------------------------------------------------------------------------------------------------------------------------------------------------------------------------
                | Total time for CCTK_WRAGH               |          0.00099800 |       0.00083700 |   0.00099647 |        0.00099647 |        0.00000000 |        0.00099647 |        0.00099647 
==================================================================================================================================================================================================
ADMBase         | Check consistency of parameters         |          0.00001700 |       0.00001700 |   0.00001722 |        0.00001722 |        0.00000000 |        0.00001722 |        0.00001722 
Boundary        | Check dimension of grid variables       |          0.00000600 |       0.00000700 |   0.00000665 |        0.00000665 |        0.00000000 |        0.00000665 |        0.00000665 
Carpet          | Parameter checking routine              |          0.00001800 |       0.00001900 |   0.00001874 |        0.00001874 |        0.00000000 |        0.00001874 |        0.00001874 
CarpetLib       | Test prolongation operators             |          0.00003300 |       0.00003300 |   0.00003313 |        0.00003313 |        0.00000000 |        0.00003313 |        0.00003313 
CarpetMask      | Check parameters                        |          0.00000800 |       0.00000700 |   0.00000766 |        0.00000766 |        0.00000000 |        0.00000766 |        0.00000766 
CarpetRegrid2   | Check parameters                        |          0.00002300 |       0.00002300 |   0.00002288 |        0.00002288 |        0.00000000 |        0.00002288 |        0.00002288 
CartGrid3D      | Check coordinates for CartGrid3D        |          0.00001100 |       0.00001100 |   0.00001057 |        0.00001057 |        0.00000000 |        0.00001057 |        0.00001057 
Dissipation     | Check dissipation parameters for consist|          0.00001200 |       0.00001200 |   0.00001218 |        0.00001218 |        0.00000000 |        0.00001218 |        0.00001218 
Fortran         | Test whether Fortran parameters work cor|          0.00000900 |       0.00000800 |   0.00000874 |        0.00000874 |        0.00000000 |        0.00000874 |        0.00000874 
LeanBSSNMoL     | Check Lean parameters for consistency   |          0.00000800 |       0.00000800 |   0.00000783 |        0.00000783 |        0.00000000 |        0.00000783 |        0.00000783 
MoL             | Basic parameter checking                |          0.00001000 |       0.00000900 |   0.00000974 |        0.00000974 |        0.00000000 |        0.00000974 |        0.00000974 
Multipole       | Check Multipole parameters              |          0.00001000 |       0.00001100 |   0.00001034 |        0.00001034 |        0.00000000 |        0.00001034 |        0.00001034 
NPScalars       | Check NPScalars parameters for consisten|          0.00000700 |       0.00000700 |   0.00000694 |        0.00000694 |        0.00000000 |        0.00000694 |        0.00000694 
QuasiLocalMeasur| Check quasi-local parameter settings    |          0.00143000 |       0.00141900 |   0.00143036 |        0.00143036 |        0.00000000 |        0.00143036 |        0.00143036 
SphericalSurface| Check that all surface names are unique |          0.00000700 |       0.00000800 |   0.00000720 |        0.00000720 |        0.00000000 |        0.00000720 |        0.00000720 
TerminationTrigg| Check consitency of parameters          |          0.00000700 |       0.00000700 |   0.00000740 |        0.00000740 |        0.00000000 |        0.00000740 |        0.00000740 
TmunuBase       | Check that no deprecated parameters are |          0.00000700 |       0.00000600 |   0.00000672 |        0.00000672 |        0.00000000 |        0.00000672 |        0.00000672 
TwoChargedPunctu| Check parameters and thorn needs        |          0.00000900 |       0.00001000 |   0.00000953 |        0.00000953 |        0.00000000 |        0.00000953 |        0.00000953 
Vectors         | Run correctness tests.                  |          0.00004700 |       0.00004600 |   0.00004650 |        0.00004650 |        0.00000000 |        0.00004650 |        0.00004650 
--------------------------------------------------------------------------------------------------------------------------------------------------------------------------------------------------
                | Total time for CCTK_PARAMCHECK          |          0.00167900 |       0.00166800 |   0.00168035 |        0.00168035 |        0.00000000 |        0.00168035 |        0.00168035 
==================================================================================================================================================================================================
ADMBase         | Set the shift_state variable to 1       |          0.00201700 |       0.00163000 |   0.00201224 |        0.00022358 |        0.00028447 |        0.00012350 |        0.00039394 
ADMBase         | Set the dtlapse_state variable to 1     |          0.00016500 |       0.00015500 |   0.00016711 |        0.00001857 |        0.00001392 |        0.00001563 |        0.00003151 
ADMBase         | Set the dtshift_state variable to 1     |          0.00017000 |       0.00014900 |   0.00016710 |        0.00001857 |        0.00001532 |        0.00001509 |        0.00003000 
ADMMacros       | Initialize the local_spatial_order      |          0.00017300 |       0.00015600 |   0.00017090 |        0.00001899 |        0.00001856 |        0.00001550 |        0.00003637 
CartGrid3D      | Set up ranges for spatial 3D Cartesian c|          0.00025400 |       0.00025700 |   0.00025706 |        0.00002856 |        0.00008452 |        0.00001706 |        0.00010816 
CartGrid3D      | Set up spatial 3D Cartesian coordinates |          0.01471700 |       0.00627900 |   0.01471345 |        0.00163483 |        0.00682203 |        0.00053810 |        0.00797554 
SphericalSurface| Set surface resolution automatically    |          0.00116400 |       0.00090000 |   0.00116508 |        0.00012945 |        0.00108698 |        0.00000115 |        0.00115427 
AHFinderDirect  | setup data structures                   |          0.00358100 |       0.00158300 |   0.00358111 |        0.00039790 |        0.00336612 |        0.00000096 |        0.00357151 
Dissipation     | Ensure that there are enough ghost zones|          0.00292500 |       0.00150600 |   0.00291752 |        0.00032417 |        0.00141818 |        0.00009559 |        0.00164298 
EMGBase         | Register symmetries of the grid function|          0.00008900 |       0.00006000 |   0.00008819 |        0.00000980 |        0.00007287 |        0.00000106 |        0.00007850 
EMGEvolve       | Schedule symmetries                     |          0.00108600 |       0.00098700 |   0.00108648 |        0.00012072 |        0.00101240 |        0.00000115 |        0.00107522 
EMGEvolve       | set all rhs functions to zero to prevent|          0.02213100 |       0.00095200 |   0.02213015 |        0.00245891 |        0.01121260 |        0.00062178 |        0.01290411 
LeanBSSNMoL     | Register symmetries of the BSSN grid fun|          0.00028200 |       0.00005600 |   0.00028028 |        0.00003114 |        0.00025188 |        0.00000111 |        0.00026862 
LeanBSSNMoL     | Set all rhs functions to zero to prevent|          0.05342700 |       0.00523900 |   0.05342620 |        0.00593624 |        0.02410366 |        0.00156918 |        0.02812192 
NPScalars       | Set symmetries for grid functions       |          0.00105100 |       0.00043100 |   0.00105248 |        0.00011694 |        0.00097530 |        0.00000158 |        0.00103646 
NPScalars_EMG   | Set symmetries for grid functions       |          0.00057800 |       0.00039300 |   0.00057681 |        0.00006409 |        0.00053329 |        0.00000105 |        0.00056688 
NaNChecker      | Reset the NaNChecker::NaNsFound counter |          0.00004100 |       0.00002700 |   0.00004119 |        0.00000458 |        0.00002706 |        0.00000115 |        0.00003008 
SpaceMask       | Initialise mask to zero                 |          0.00288400 |       0.00165500 |   0.00288388 |        0.00032043 |        0.00075497 |        0.00012942 |        0.00095149 
SpaceMask       | Set old style mask to one               |          0.00261000 |       0.00081500 |   0.00261129 |        0.00029014 |        0.00114742 |        0.00008244 |        0.00134805 
SphericalSurface| Calculate surface coordinate descriptors|          0.00007100 |       0.00000600 |   0.00007069 |        0.00000785 |        0.00005633 |        0.00000109 |        0.00006096 
CarpetReduce    | Allocate the weight function            |          0.00024900 |       0.00000500 |   0.00024676 |        0.00002742 |        0.00022346 |        0.00000096 |        0.00023810 
CarpetReduce    | Initialise the weight function          |          0.00344500 |       0.00191600 |   0.00344592 |        0.00038288 |        0.00323827 |        0.00000094 |        0.00343595 
CarpetReduce    | Set up the outer boundaries of the weigh|          0.00192900 |       0.00189900 |   0.00192737 |        0.00021415 |        0.00180703 |        0.00000104 |        0.00191783 
CarpetReduce    | Set up the weight function for the restr|          0.00237200 |       0.00234600 |   0.00236852 |        0.00026317 |        0.00222122 |        0.00000108 |        0.00235735 
CarpetMask      | Set up the weight function for the exclu|          0.00043400 |       0.00042900 |   0.00043247 |        0.00004805 |        0.00039589 |        0.00000115 |        0.00042130 
CarpetMask      | Set up the weight function for the exclu|          0.00033600 |       0.00032900 |   0.00033453 |        0.00003717 |        0.00030321 |        0.00000122 |        0.00032304 
CarpetReduce    | Set the weight function                 |          0.00651500 |       0.00364600 |   0.00651575 |        0.00072397 |        0.00613205 |        0.00000114 |        0.00650533 
CarpetReduce    | Test the weight function                |          0.00743900 |       0.00722700 |   0.00743788 |        0.00082643 |        0.00700042 |        0.00000126 |        0.00742649 
SphericalSurface| Set surface radii to be used for initial|          0.00005000 |       0.00004200 |   0.00005055 |        0.00000562 |        0.00003516 |        0.00000115 |        0.00003874 
SphericalSurface| Test the state of the spherical surfaces|          0.00004000 |       0.00002600 |   0.00003782 |        0.00000420 |        0.00002566 |        0.00000105 |        0.00002839 
SymBase         | Check whether the driver set up the grid|          0.00029400 |       0.00023100 |   0.00029320 |        0.00003258 |        0.00009970 |        0.00001908 |        0.00012652 
TerminationTrigg| Clear trigger state                     |          0.00017200 |       0.00012200 |   0.00017178 |        0.00001909 |        0.00001499 |        0.00001627 |        0.00003305 
TerminationTrigg| Start timer                             |          0.00023100 |       0.00015700 |   0.00023204 |        0.00002578 |        0.00001262 |        0.00002075 |        0.00003388 
TerminationTrigg| Create termination file                 |          0.00490700 |       0.00113300 |   0.00490554 |        0.00054506 |        0.00097286 |        0.00025953 |        0.00128019 
Time            | Initialise Time variables               |          0.00003800 |       0.00003400 |   0.00003922 |        0.00000436 |        0.00002559 |        0.00000116 |        0.00002848 
Time            | Set timestep based on Courant condition |          0.00010100 |       0.00005600 |   0.00010000 |        0.00001111 |        0.00001028 |        0.00000827 |        0.00001833 
--------------------------------------------------------------------------------------------------------------------------------------------------------------------------------------------------
                | Total time for CCTK_BASEGRID            |          0.13796800 |       0.04283400 |   0.13793856 |        0.01532651 |        0.07577628 |        0.00356965 |        0.08559953 
==================================================================================================================================================================================================
StaticConformal | Set the conformal_state variable to 0   |          0.00024100 |       0.00015500 |   0.00023868 |        0.00002652 |        0.00005267 |        0.00001836 |        0.00007587 
TwoChargedPunctu| Create puncture black hole initial data |        809.97843700 |     805.50104000 | 809.94254029 |       89.99361559 |      689.26806287 |        4.97830380 |      739.74109328 
ADMBase         | Set the shift to 0 at all points        |          0.01267000 |       0.00479800 |   0.01266937 |        0.00140771 |        0.00442721 |        0.00054759 |        0.00542185 
ADMBase         | Set the dtlapse to 0 at all points      |          0.00434300 |       0.00153900 |   0.00434170 |        0.00048241 |        0.00137857 |        0.00019032 |        0.00171500 
ADMBase         | Set the dtshift to 0 at all points      |          0.01166700 |       0.00159500 |   0.01166739 |        0.00129638 |        0.00408736 |        0.00047294 |        0.00497105 
CarpetIOASCII   | Initialisation routine                  |          0.00007700 |       0.00002000 |   0.00007644 |        0.00000849 |        0.00006193 |        0.00000110 |        0.00006688 
CarpetIOBasic   | Initialisation routine                  |          0.00002300 |       0.00001900 |   0.00002358 |        0.00000262 |        0.00001241 |        0.00000112 |        0.00001432 
CarpetIOHDF5    | Initialisation routine                  |          0.00003100 |       0.00002500 |   0.00002997 |        0.00000333 |        0.00001887 |        0.00000101 |        0.00002112 
CarpetIOScalar  | Initialisation routine                  |          0.00002000 |       0.00001300 |   0.00001915 |        0.00000213 |        0.00000884 |        0.00000098 |        0.00001046 
LeanBSSNMoL     | Convert initial data into BSSN variables|          0.09785400 |       0.07231100 |   0.09785078 |        0.01087231 |        0.04011860 |        0.00333736 |        0.04748210 
LeanBSSNMoL     | Boundary enforcement                    |         16.99205000 |      16.92115200 |  16.99128948 |        1.88792105 |       14.59364938 |        0.02575817 |       15.64114754 
MoL             | Initialise the step size control        |          0.00007000 |       0.00007100 |   0.00007085 |        0.00000787 |        0.00002284 |        0.00000379 |        0.00002842 
PunctureTracker | Calculate initial location of punctures |          0.00009900 |       0.00009600 |   0.00009735 |        0.00001082 |        0.00008178 |        0.00000107 |        0.00008792 
QuasiLocalMeasur| Initialise quasi-local calculations     |          0.00028300 |       0.00028300 |   0.00028223 |        0.00003136 |        0.00025654 |        0.00000104 |        0.00027323 
Boundary        | Apply all requested local physical bound|          0.00093200 |       0.00092300 |   0.00093051 |        0.00010339 |        0.00011215 |        0.00006704 |        0.00018351 
CartGrid3D      | Apply symmetry boundary conditions      |          0.00020700 |       0.00020700 |   0.00020659 |        0.00002295 |        0.00001046 |        0.00001957 |        0.00003145 
ReflectionSymmet| Apply reflection symmetries             |          0.00035700 |       0.00035700 |   0.00035803 |        0.00003978 |        0.00010308 |        0.00002460 |        0.00013670 
Boundary        | Unselect all grid variables for boundary|          0.00004900 |       0.00004800 |   0.00004787 |        0.00000532 |        0.00000715 |        0.00000396 |        0.00001193 
--------------------------------------------------------------------------------------------------------------------------------------------------------------------------------------------------
                | Total time for CCTK_INITIAL             |        827.09941000 |     822.50465200 | 827.06274027 |       91.89586003 |      703.91247271 |        5.00875381 |      755.44277263 
==================================================================================================================================================================================================
CarpetIOHDF5    | Close all filereader input files        |          0.00013100 |       0.00012600 |   0.00012944 |        0.00001438 |        0.00010627 |        0.00000168 |        0.00011458 
LeanBSSNMoL     | Remove trace of A                       |          0.01402500 |       0.01392600 |   0.01402412 |        0.00155824 |        0.00536845 |        0.00054190 |        0.00645785 
EMGEvolve       | MoL boundary enforcement for EMG variabl|         22.54717600 |      22.39626400 |  22.54616850 |        2.50512983 |       11.54102182 |        0.00510127 |       12.71772353 
Boundary        | Apply all requested local physical bound|          0.00733100 |       0.00686500 |   0.00732925 |        0.00016287 |        0.00132615 |        0.00004182 |        0.00139175 
CartGrid3D      | Apply symmetry boundary conditions      |          0.00098900 |       0.00088600 |   0.00098650 |        0.00002192 |        0.00007327 |        0.00001598 |        0.00009036 
ReflectionSymmet| Apply reflection symmetries             |          0.00114800 |       0.00104500 |   0.00114700 |        0.00002549 |        0.00006539 |        0.00001683 |        0.00008193 
Boundary        | Unselect all grid variables for boundary|          0.00023200 |       0.00020400 |   0.00022650 |        0.00000503 |        0.00000876 |        0.00000313 |        0.00000933 
LeanBSSNMoL     | Make sure conformal factor does not drop|          0.00149000 |       0.00134300 |   0.00148848 |        0.00016539 |        0.00059284 |        0.00005668 |        0.00071113 
LeanBSSNMoL     | MoL boundary enforcement                |          2.45676400 |       2.42347200 |   2.45665523 |        0.27296169 |        1.59051981 |        0.01338852 |        1.66819997 
LeanBSSNMoL     | Convert variables back to the ADM ones  |          0.02742700 |       0.02323600 |   0.02742470 |        0.00304719 |        0.01065002 |        0.00072900 |        0.01200303 
TmunuBase       | Initialise the stress-energy tensor to z|          0.01851000 |       0.00765500 |   0.01850741 |        0.00205638 |        0.00526106 |        0.00072603 |        0.00621784 
EMGEvolve       | Compute the energy-momentum tensor      |          0.03788300 |       0.03735500 |   0.03788148 |        0.00420905 |        0.01684220 |        0.00109209 |        0.01959441 
NPScalars       | calculate Psi4 as grid function         |          0.85423900 |       0.84669700 |   0.85420371 |        0.04745576 |        0.28289339 |        0.01130853 |        0.23415607 
NPScalars       | Symmetry boundary conditions            |          3.73992400 |       3.71488200 |   3.73975743 |        0.20776430 |        3.52075351 |        0.00169156 |        3.62912673 
NPScalars_EMG   | calculate grid functions                |          0.43456500 |       0.41358200 |   0.43454614 |        0.04828290 |        0.19775464 |        0.01263884 |        0.22954982 
NPScalars_EMG   | Symmetry boundary conditions            |          0.14690200 |       0.14132300 |   0.14688636 |        0.01632071 |        0.05209959 |        0.00616839 |        0.06374546 
--------------------------------------------------------------------------------------------------------------------------------------------------------------------------------------------------
                | Total time for CCTK_POSTINITIAL         |         30.28873600 |      30.02886100 |  30.28736226 |        3.10918114 |       17.22533718 |        0.05352223 |       18.58917377 
==================================================================================================================================================================================================
LeanBSSNMoL     | Remove trace of A                       |          0.01586600 |       0.01577800 |   0.01586302 |        0.00176256 |        0.00482178 |        0.00081266 |        0.00610354 
EMGEvolve       | MoL boundary enforcement for EMG variabl|          0.22791800 |       0.22481000 |   0.22790875 |        0.02532319 |        0.06514586 |        0.00938347 |        0.08169413 
Boundary        | Apply all requested local physical bound|          0.00711300 |       0.00675600 |   0.00711245 |        0.00019757 |        0.00178581 |        0.00009203 |        0.00193686 
CartGrid3D      | Apply symmetry boundary conditions      |          0.00081700 |       0.00075900 |   0.00081384 |        0.00002261 |        0.00008754 |        0.00001706 |        0.00010703 
ReflectionSymmet| Apply reflection symmetries             |          0.00093800 |       0.00087500 |   0.00093913 |        0.00002609 |        0.00003738 |        0.00001863 |        0.00004923 
Boundary        | Unselect all grid variables for boundary|          0.00018300 |       0.00017000 |   0.00017981 |        0.00000499 |        0.00000686 |        0.00000366 |        0.00000832 
LeanBSSNMoL     | Make sure conformal factor does not drop|          0.00103200 |       0.00102400 |   0.00103109 |        0.00011457 |        0.00028426 |        0.00005585 |        0.00036964 
LeanBSSNMoL     | MoL boundary enforcement                |          0.22523700 |       0.21510800 |   0.22522862 |        0.02502540 |        0.03210087 |        0.01548704 |        0.04781598 
LeanBSSNMoL     | Convert variables back to the ADM ones  |          0.02913200 |       0.02292700 |   0.02913509 |        0.00323723 |        0.01142663 |        0.00087948 |        0.01324321 
TmunuBase       | Initialise the stress-energy tensor to z|          0.01082800 |       0.01009000 |   0.01082869 |        0.00120319 |        0.00215889 |        0.00053005 |        0.00236538 
EMGEvolve       | Compute the energy-momentum tensor      |          0.03893200 |       0.03847500 |   0.03893038 |        0.00432560 |        0.01745799 |        0.00109839 |        0.02036785 
NPScalars       | Symmetry boundary conditions            |          0.09429400 |       0.09099000 |   0.09428789 |        0.01047643 |        0.04886545 |        0.00298228 |        0.05641150 
NPScalars_EMG   | Symmetry boundary conditions            |          0.10632600 |       0.09778400 |   0.10632170 |        0.01181352 |        0.01342256 |        0.00765943 |        0.01909287 
--------------------------------------------------------------------------------------------------------------------------------------------------------------------------------------------------
                | Total time for CCTK_POSTRESTRICTINITIAL |          0.75861600 |       0.72554600 |   0.75858047 |        0.08353295 |        0.19760186 |        0.03902003 |        0.24956553 
==================================================================================================================================================================================================
CarpetIOHDF5    | Initial data checkpoint routine         |          0.00027800 |       0.00027900 |   0.00027746 |        0.00003083 |        0.00022782 |        0.00000265 |        0.00024559 
--------------------------------------------------------------------------------------------------------------------------------------------------------------------------------------------------
                | Total time for CCTK_CPINITIAL           |          0.00027800 |       0.00027900 |   0.00027746 |        0.00003083 |        0.00022782 |        0.00000265 |        0.00024559 
==================================================================================================================================================================================================
AHFinderDirect  | import the excision mask                |          0.00480300 |       0.00178700 |   0.00480136 |        0.00053348 |        0.00451538 |        0.00000117 |        0.00479063 
AHFinderDirect  | find apparent horizon(s) after this time|          2.16327500 |       2.11574500 |   2.16317805 |        0.24035312 |        2.03945435 |        0.00000102 |        2.16316912 
AHFinderDirect  | store apparent horizon(s) into spherical|          0.00433200 |       0.00429200 |   0.00433385 |        0.00048154 |        0.00407583 |        0.00000109 |        0.00432426 
AHFinderDirect  | save apparent horizon(s) into Cactus var|          0.00024600 |       0.00002200 |   0.00024769 |        0.00002752 |        0.00022363 |        0.00000111 |        0.00023836 
AHFinderDirect  | set mask(s) based on apparent horizon po|          0.00260400 |       0.00134900 |   0.00260515 |        0.00028946 |        0.00101545 |        0.00011355 |        0.00123441 
SphericalSurface| Set surface radii                       |          0.00004700 |       0.00004500 |   0.00004629 |        0.00000514 |        0.00003183 |        0.00000112 |        0.00003515 
SphericalSurface| Test the state of the spherical surfaces|          0.00002000 |       0.00002200 |   0.00002089 |        0.00000232 |        0.00000957 |        0.00000107 |        0.00001134 
NaNChecker      | Prepare data structures to check for NaN|          0.00005700 |       0.00003100 |   0.00005578 |        0.00000620 |        0.00001968 |        0.00000322 |        0.00002457 
NaNChecker      | Check for NaNs                          |          0.00566100 |       0.00514700 |   0.00565981 |        0.00062887 |        0.00210923 |        0.00022964 |        0.00255757 
NaNChecker      | Count NaNs in NaNChecker::NaNsFound     |          0.02465800 |       0.02447000 |   0.02465526 |        0.00273947 |        0.01318938 |        0.00036247 |        0.01486240 
NaNChecker      | Output NaNChecker::NaNmask and take acti|          0.00007700 |       0.00007800 |   0.00007817 |        0.00000869 |        0.00006424 |        0.00000102 |        0.00006925 
PunctureTracker | Copy puncture positions to spherical sur|          0.00002700 |       0.00002500 |   0.00002506 |        0.00000278 |        0.00001424 |        0.00000099 |        0.00001621 
SpaceMask       | Ensure that all mask values are legal   |          0.00168600 |       0.00166700 |   0.00168550 |        0.00018728 |        0.00061537 |        0.00007424 |        0.00075194 
Dissipation     | Setup spatially varying dissipation     |          0.00593400 |       0.00391300 |   0.00593110 |        0.00065901 |        0.00276527 |        0.00023062 |        0.00323670 
CarpetReduce    | Allocate the weight function            |          0.00008600 |       0.00008500 |   0.00008487 |        0.00000943 |        0.00007011 |        0.00000099 |        0.00007552 
CarpetReduce    | Initialise the weight function          |          0.00202900 |       0.00201200 |   0.00202870 |        0.00022541 |        0.00190375 |        0.00000099 |        0.00202028 
CarpetReduce    | Set up the outer boundaries of the weigh|          0.00131200 |       0.00128000 |   0.00131147 |        0.00014572 |        0.00122815 |        0.00000093 |        0.00130363 
CarpetReduce    | Set up the weight function for the restr|          0.00153100 |       0.00152100 |   0.00153012 |        0.00017001 |        0.00143391 |        0.00000098 |        0.00152192 
CarpetMask      | Set up the weight function for the exclu|          0.00026700 |       0.00026700 |   0.00026714 |        0.00002968 |        0.00024307 |        0.00000098 |        0.00025885 
CarpetMask      | Set up the weight function for the exclu|          0.03791900 |       0.03456000 |   0.03791832 |        0.00421315 |        0.03574071 |        0.00000098 |        0.03790981 
CarpetReduce    | Set the weight function                 |          0.00780500 |       0.00376300 |   0.00780459 |        0.00086718 |        0.00734934 |        0.00000093 |        0.00779620 
CarpetReduce    | Test the weight function                |          0.01252500 |       0.01144000 |   0.01252579 |        0.00139175 |        0.01180043 |        0.00000101 |        0.01251731 
--------------------------------------------------------------------------------------------------------------------------------------------------------------------------------------------------
                | Total time for CCTK_POSTSTEP            |          2.27690100 |       2.21352100 |   2.27679495 |        0.25297722 |        2.12787291 |        0.00103014 |        2.25872542 
==================================================================================================================================================================================================
CarpetLib       | Print timing statistics if desired      |          0.00005400 |       0.00006500 |   0.00006615 |        0.00000735 |        0.00002900 |        0.00000161 |        0.00002564 
CarpetLib       | Print memory statistics if desired      |          0.00002800 |       0.00002400 |   0.00002539 |        0.00000282 |        0.00001261 |        0.00000115 |        0.00001471 
EMGEvolve       | Compute constraints                     |          0.09328100 |       0.07655400 |   0.09327695 |        0.01036411 |        0.03915816 |        0.00314433 |        0.04629377 
EMGEvolve       | Enforce symmetry BCs in constraint compu|          0.01134300 |       0.00840700 |   0.01134277 |        0.00126031 |        0.00152238 |        0.00078583 |        0.00240033 
Boundary        | Apply all requested local physical bound|          0.00641300 |       0.00578300 |   0.00641051 |        0.00023743 |        0.00134803 |        0.00012345 |        0.00129607 
CartGrid3D      | Apply symmetry boundary conditions      |          0.00073600 |       0.00063800 |   0.00073026 |        0.00002705 |        0.00008626 |        0.00001920 |        0.00008409 
ReflectionSymmet| Apply reflection symmetries             |          0.00065500 |       0.00057400 |   0.00065441 |        0.00002424 |        0.00002009 |        0.00002009 |        0.00003295 
Boundary        | Unselect all grid variables for boundary|          0.00014100 |       0.00012700 |   0.00014341 |        0.00000531 |        0.00000426 |        0.00000406 |        0.00000758 
LeanBSSNMoL     | Compute constraints                     |          0.33426600 |       0.32356800 |   0.33425424 |        0.03713936 |        0.15420564 |        0.00931793 |        0.17883553 
LeanBSSNMoL     | Enforce symmetry BCs in constraint compu|          0.05925100 |       0.05484100 |   0.05925104 |        0.00658345 |        0.02366394 |        0.00253681 |        0.02844757 
LoopControl     | Output LoopControl statistics           |          0.00074600 |       0.00071600 |   0.00074453 |        0.00008273 |        0.00069040 |        0.00000118 |        0.00073364 
Multipole       | Calculate Multipoles                    |          1.65146100 |       1.54260900 |   1.65138599 |        0.18348733 |        1.55693026 |        0.00000127 |        1.65137526 
NPScalars_EMG   | calculate grid functions                |          0.42904000 |       0.42538400 |   0.42902282 |        0.04766920 |        0.20002420 |        0.01147563 |        0.23169669 
NPScalars_EMG   | Symmetry boundary conditions            |          0.13210900 |       0.12450000 |   0.13210280 |        0.01467809 |        0.03898300 |        0.00434698 |        0.04926370 
QuasiLocalMeasur| Calculate quasi-local quantities        |          0.26032200 |       0.20104000 |   0.26030986 |        0.26030986 |        0.00000000 |        0.26030986 |        0.26030986 
SystemStatistics| Collect system statistics               |          0.00028300 |       0.00027500 |   0.00027706 |        0.00003078 |        0.00024678 |        0.00000161 |        0.00026345 
TerminationTrigg| Check elapsed job walltime              |          0.00026100 |       0.00023900 |   0.00026029 |        0.00002892 |        0.00007168 |        0.00001829 |        0.00009585 
TerminationTrigg| Check if we received a termination signa|          0.00021000 |       0.00018800 |   0.00020765 |        0.00002307 |        0.00003065 |        0.00001863 |        0.00005194 
TerminationTrigg| Check termination file                  |          0.00219300 |       0.00110000 |   0.00219043 |        0.00024338 |        0.00050783 |        0.00005607 |        0.00070196 
TimerReport     | Print the timer report                  |          0.00003600 |       0.00003000 |   0.00003272 |        0.00000364 |        0.00001899 |        0.00000120 |        0.00002153 
--------------------------------------------------------------------------------------------------------------------------------------------------------------------------------------------------
                | Total time for CCTK_ANALYSIS            |          2.98282900 |       2.76666200 |   2.98268929 |        0.56220842 |        2.01755415 |        0.29218517 |        2.45195215 
==================================================================================================================================================================================================
CarpetIOHDF5    | Termination checkpoint routine          |          0.00014000 |       0.00013600 |   0.00013735 |        0.00001526 |        0.00011168 |        0.00000125 |        0.00012044 
LoopControl     | Output LoopControl statistics           |          0.00012500 |       0.00011100 |   0.00012570 |        0.00001397 |        0.00010868 |        0.00000111 |        0.00011643 
MoL             | Free the MoL bookkeeping index arrays   |          0.00065200 |       0.00064900 |   0.00065263 |        0.00007251 |        0.00007128 |        0.00004967 |        0.00013426 
TimerReport     | Print the timer report                  |          1.15411000 |       1.12998600 |   1.15405913 |        0.12822879 |        1.08804715 |        0.00000108 |        1.15404948 
--------------------------------------------------------------------------------------------------------------------------------------------------------------------------------------------------
                | Total time for CCTK_TERMINATE           |          1.15502700 |       1.13088200 |   1.15497481 |        0.12833053 |        1.08833879 |        0.00005312 |        1.15442062 
==================================================================================================================================================================================================
Timers          | Prepare hierarchical timers             |          0.00037900 |       0.00037400 |   0.00037894 |        0.00037894 |        0.00000000 |        0.00037894 |        0.00037894 
--------------------------------------------------------------------------------------------------------------------------------------------------------------------------------------------------
                | Total time for CCTK_SHUTDOWN            |          0.00037900 |       0.00037400 |   0.00037894 |        0.00037894 |        0.00000000 |        0.00037894 |        0.00037894 
==================================================================================================================================================================================================
--------------------------------------------------------------------------------------------------------------------------------------------------------------------------------------------------
                | Total time for simulation               |        883.66859000 |     872.53449300 | 883.62940796 |      883.62940796 |        0.00000000 |      883.62940796 |      883.62940796 
==================================================================================================================================================================================================
--------------------------------------------------------------------------------
Done.
