unload bsc/1.0 (PATH, MANPATH)
unload UCX/1.15.0 (PATH, LD_LIBRARY_PATH, LIBRARY_PATH, C_INCLUDE_PATH,
CPLUS_INCLUDE_PATH) 
remove mkl/2023.2.0 (LD_LIBRARY_PATH)
remove impi/2021.10.0 (PATH, MANPATH, LD_LIBRARY_PATH)
load openmpi/4.1.5-gcc (LD_LIBRARY_PATH)
load mkl/2024.2 (LD_LIBRARY_PATH)
load LAPACK/3.11 (LD_LIBRARY_PATH, LIBRARY_PATH, PKG_CONFIG_PATH,
C_INCLUDE_PATH, CPLUS_INCLUDE_PATH) 
load HWLOC/2.10.0 (PATH, MANPATH, LD_LIBRARY_PATH, LIBRARY_PATH,
C_INCLUDE_PATH, PKG_CONFIG_PATH, HWLOC_DIR, HWLOC_ROOT) 
load ZLIB/1.3.1 (LD_LIBRARY_PATH, PKG_CONFIG_PATH, C_INCLUDE_PATH,
CPLUS_INCLUDE_PATH, MANPATH, CFLAGS, CXXFLAGS, LDFLAGS) 
load FFTW/3.3.10 (LD_LIBRARY_PATH, LIBRARY_PATH, CPATH, C_INCLUDE_PATH,
CPLUS_INCLUDE_PATH, PKG_CONFIG_PATH, FFTW_ROOT, FFTW_HOME) 
load OPENBLAS/0.3.27-openmp (LD_LIBRARY_PATH, LIBRARY_PATH, PKG_CONFIG_PATH,
CMAKE_PREFIX_PATH) 
load HDF5/1.14.1-2 (PATH, LD_LIBRARY_PATH, LIBRARY_PATH, C_INCLUDE_PATH,
CPLUS_INCLUDE_PATH, HDF5_DIR, HDF5_ROOT, CFLAGS, CPPFLAGS, LDFLAGS) 
load SCALAPACK/2.2.0 (LD_LIBRARY_PATH, LIBRARY_PATH, PKG_CONFIG_PATH,
C_INCLUDE_PATH, CPLUS_INCLUDE_PATH) 
load cmake/3.25.1 (LD_LIBRARY_PATH)
load BOOST/1.88.0 (PATH, LD_LIBRARY_PATH, LIBRARY_PATH, PKG_CONFIG_PATH,
C_INCLUDE_PATH, CPLUS_INCLUDE_PATH, BOOST_ROOT, BOOST_DIR) 
--------------------------------------------------------------------------------

       10                                  
  1   0101       ************************  
  01  1010 10      The Cactus Code V4.16.0    
 1010 1101 011      www.cactuscode.org     
  1001 100101    ************************  
    00010101                               
     100011     (c) Copyright The Authors  
      0100      GNU Licensed. No Warranty  
      0101                                 
--------------------------------------------------------------------------------

Cactus version:    4.16.0
Compile date:      Apr 15 2026 (18:05:06)
Run date:          May 02 2026 (16:53:19+0200)
Run host:          gs13r1b53 (pid=1322922)
Working directory: /gpfs/projects/epor63/uapt015213/dyonic-collision/simulations/Merger_CCZ4_M=0.5,0.5-T=0.05,0.05-alpha=0,0.5pi-x0=8_h=5/output-0000
Executable:        /gpfs/projects/epor63/uapt015213/cactus/exe/cactus_base
Parameter file:    merger_CCZ4.par
--------------------------------------------------------------------------------

Activating thorn Cactus...Success -> active implementation Cactus
Activation requested for 
--->ADMBase ADMCoupling ADMMacros AEILocalInterp AHFinderDirect Boundary Carpet CarpetInterp CarpetLib CarpetMask CarpetReduce CarpetRegrid2 CarpetSlab CarpetTracker CartGrid3D CoordBase CoordGauge Dissipation GenericFD InitBase LocalInterp LoopControl MoL Multipole NaNChecker NewRad PunctureTracker ReflectionSymmetry Slab SpaceMask SphericalSurface StaticConformal SymBase Time TmunuBase Fortran GSL HDF5 ML_CCZ4 ML_CCZ4_Helper EMGBase EMGEvolve TwoChargedPunctures NPScalars NPScalars_EMG QuasiLocalMeasures SystemStatistics TerminationTrigger TimerReport CarpetIOASCII CarpetIOBasic CarpetIOHDF5 CarpetIOScalar IOUtil<---
Thorn Carpet requests automatic activation of MPI
Thorn Carpet requests automatic activation of Timers
Thorn CarpetLib requests automatic activation of Vectors
Thorn CarpetLib requests automatic activation of Boost
Thorn CarpetLib requests automatic activation of CycleClock
Thorn HDF5 requests automatic activation of zlib
Thorn LoopControl requests automatic activation of hwloc
Thorn QuasiLocalMeasures requests automatic activation of LAPACK
Thorn QuasiLocalMeasures requests automatic activation of TGRtensor
Thorn LAPACK requests automatic activation of BLAS
Activating thorn ADMBase...Success -> active implementation ADMBase
Activating thorn ADMCoupling...Success -> active implementation ADMCoupling
Activating thorn ADMMacros...Success -> active implementation ADMMacros
Activating thorn AEILocalInterp...Success -> active implementation AEILocalInterp
Activating thorn AHFinderDirect...Success -> active implementation AHFinderDirect
Activating thorn BLAS...Success -> active implementation BLAS
Activating thorn Boost...Success -> active implementation Boost
Activating thorn Boundary...Success -> active implementation boundary
Activating thorn Carpet...Success -> active implementation Driver
Activating thorn CarpetInterp...Success -> active implementation interp
Activating thorn CarpetIOASCII...Success -> active implementation IOASCII
Activating thorn CarpetIOBasic...Success -> active implementation IOBasic
Activating thorn CarpetIOHDF5...Success -> active implementation IOHDF5
Activating thorn CarpetIOScalar...Success -> active implementation IOScalar
Activating thorn CarpetLib...Success -> active implementation CarpetLib
Activating thorn CarpetMask...Success -> active implementation CarpetMask
Activating thorn CarpetReduce...Success -> active implementation reduce
Activating thorn CarpetRegrid2...Success -> active implementation CarpetRegrid2
Activating thorn CarpetSlab...Success -> active implementation Hyperslab
Activating thorn CarpetTracker...Success -> active implementation CarpetTracker
Activating thorn CartGrid3D...Success -> active implementation grid
Activating thorn CoordBase...Success -> active implementation CoordBase
Activating thorn CoordGauge...Success -> active implementation CoordGauge
Activating thorn CycleClock...Success -> active implementation CycleClock
Activating thorn Dissipation...Success -> active implementation Dissipation
Activating thorn EMGBase...Success -> active implementation EMGBase
Activating thorn EMGEvolve...Success -> active implementation EMGEvolve
Activating thorn Fortran...Success -> active implementation Fortran
Activating thorn GenericFD...Success -> active implementation GenericFD
Activating thorn GSL...Success -> active implementation GSL
Activating thorn HDF5...Success -> active implementation HDF5
Activating thorn hwloc...Success -> active implementation hwloc
Activating thorn InitBase...Success -> active implementation InitBase
Activating thorn IOUtil...Success -> active implementation IO
Activating thorn LAPACK...Success -> active implementation LAPACK
Activating thorn LocalInterp...Success -> active implementation LocalInterp
Activating thorn LoopControl...Success -> active implementation LoopControl
Activating thorn ML_CCZ4...Success -> active implementation ML_CCZ4
Activating thorn ML_CCZ4_Helper...Success -> active implementation ML_CCZ4_Helper
Activating thorn MoL...Success -> active implementation MethodOfLines
Activating thorn MPI...Success -> active implementation MPI
Activating thorn Multipole...Success -> active implementation multipole
Activating thorn NaNChecker...Success -> active implementation NaNChecker
Activating thorn NewRad...Success -> active implementation NewRad
Activating thorn NPScalars...Success -> active implementation NPScalars
Activating thorn NPScalars_EMG...Success -> active implementation NPScalars_EMG
Activating thorn PunctureTracker...Success -> active implementation PunctureTracker
Activating thorn QuasiLocalMeasures...Success -> active implementation QuasiLocalMeasures
Activating thorn ReflectionSymmetry...Success -> active implementation ReflectionSymmetry
Activating thorn Slab...Success -> active implementation Slab
Activating thorn SpaceMask...Success -> active implementation SpaceMask
Activating thorn SphericalSurface...Success -> active implementation SphericalSurface
Activating thorn StaticConformal...Success -> active implementation StaticConformal
Activating thorn SymBase...Success -> active implementation SymBase
Activating thorn SystemStatistics...Success -> active implementation SystemStatistics
Activating thorn TerminationTrigger...Success -> active implementation TerminationTrigger
Activating thorn TGRtensor...Success -> active implementation TGRtensor
Activating thorn Time...Success -> active implementation time
Activating thorn TimerReport...Success -> active implementation timerreport
Activating thorn Timers...Success -> active implementation Timers
Activating thorn TmunuBase...Success -> active implementation TmunuBase
Activating thorn TwoChargedPunctures...Success -> active implementation TwoChargedPunctures
Activating thorn Vectors...Success -> active implementation Vectors
Activating thorn zlib...Success -> active implementation zlib
--------------------------------------------------------------------------------
  if (recover initial data)
    Recover parameters
  endif

  Startup routines
    [CCTK_STARTUP]
      Carpet::MultiModel_Startup: Multi-model Startup routine
      CycleClock::CycleClock_Setup: Set up CycleClock
      LoopControl::LC_setup: Set up LoopControl
      ML_CCZ4_Helper::ML_CCZ4_SetGroupTags: [meta] Set checkpointing and prolongation group tags
      Timers::Timer_Startup: Prepare hierarchical timers
      Carpet::Driver_Startup: Startup routine
      IOUtil::IOUtil_Startup: Startup routine
      CarpetInterp::CarpetInterpStartup: Startup routine
      CarpetReduce::CarpetReduceStartup: Startup routine
      CartGrid3D::SymmetryStartup: Register GH Extension for GridSymmetry
      CoordBase::CoordBase_Startup: Register a GH extension to store the coordinate system handles
      AEILocalInterp::AEILocalInterp_U_Startup: register CCTK_InterpLocalUniform() interpolation operators
      EMGEvolve::EMG_RegisterMask: Register the masks for excision
      CarpetIOASCII::CarpetIOASCIIStartup: [global] Startup routine
      LocalInterp::LocalInterp_Startup: register LocalInterp's interpolation operators
      CarpetIOBasic::CarpetIOBasicStartup: [global] Startup routine
      ML_CCZ4::ML_CCZ4_Startup: [meta] create banner
      ML_CCZ4_Helper::ML_CCZ4_RegisterSlicing: [meta] Register slicing
      CarpetIOHDF5::CarpetIOHDF5_Startup: Startup routine
      MoL::MoL_Startup: Startup banner
      Slab::Slab_InitMPIDatatypes: Create MPI datatypes for complex variables in C
      SymBase::SymBase_Startup: Register GH Extension for SymBase
      TerminationTrigger::TerminationTrigger_StartSignalHandler: Start signal handler
      CarpetIOScalar::CarpetIOScalarStartup: [global] Startup routine
      Vectors::Vectors_Startup: Print startup message
      GROUP hwloc_startup: hwloc startup group
        hwloc::hwloc_version: Output hwloc version

  Startup routines which need an existing grid hierarchy
    [CCTK_WRAGH]
      ADMBase::Einstein_InitSymBound: [global] Set up GF symmetries
      Boundary::Boundary_RegisterBCs: [global] Register boundary conditions that this thorn provides
      CarpetRegrid2::CarpetRegrid2_Initialise: [global] Initialise locations of refined regions
      CartGrid3D::RegisterCartGrid3DCoords: [meta] Register coordinates for the Cartesian grid
      CoordGauge::Einstein_ActivateSlicing: Initialize slicing, setup priorities for mixed slicings
      CoordGauge::Einstein_SetNextSlicing: Identify the slicing for the next iteration
      ML_CCZ4_Helper::ML_CCZ4_ParamCompat: [meta] Handle parameter backward compatibility
      MoL::MoL_SetupIndexArrays: Set up the MoL bookkeeping index arrays
      MoL::MoL_SetScheduleStatus: [global] Set the flag so it is ok to register with MoL
      TmunuBase::TmunuBase_SetStressEnergyState: [global] Set the stress_energy_state variable
      GROUP MoL_Register: The group where physics thorns register variables with MoL
        EMGEvolve::EMG_RegisterVars: [meta] Register variables for MoL
        ML_CCZ4::ML_CCZ4_RegisterVars: [meta] Register Variables for MoL
        ML_CCZ4_Helper::ML_CCZ4_RegisterConstrained: [meta] Register ADMBase variables as constrained
      Slab::Slab_InitTimers: Initialise timers
      SpaceMask::MaskSym: [global] Set grid symmetries for mask
      SpaceMask::MaskSym_emask: [global] Set grid symmetries for emask (compatibility mode)
      GROUP SymBase_Wrapper: Wrapper group for SymBase
        GROUP SymmetryRegister: Register your symmetries here
          CartGrid3D::CartGrid3D_RegisterSymmetryBoundaries: [meta] Register symmetry boundaries
          ML_CCZ4::ML_CCZ4_RegisterSymmetries: [meta] register symmetries
          ReflectionSymmetry::ReflectionSymmetry_Register: Register reflection symmetry boundaries
        SymBase::SymBase_Statistics: Print symmetry boundary face descriptions
      MoL::MoL_ReportNumberVariables: [meta] Report how many of each type of variable there are
  Parameter checking routines
    [CCTK_PARAMCHECK]
      ADMBase::ADMBase_ParamCheck: [global] Check consistency of parameters
      Boundary::Boundary_Check: Check dimension of grid variables
      Carpet::CarpetParamCheck: Parameter checking routine
      CarpetLib::CarpetLib_test_prolongate_3d_rf2: [global] Test prolongation operators
      CarpetMask::CarpetSurfaceParamCheck: [global] Check parameters
      CarpetRegrid2::CarpetRegrid2_ParamCheck: Check parameters
      CartGrid3D::ParamCheck_CartGrid3D: Check coordinates for CartGrid3D
      Dissipation::dissipation_paramcheck: Check dissipation parameters for consistency
      Fortran::CheckFortranParameters: Test whether Fortran parameters work correctly
      ML_CCZ4_Helper::ML_CCZ4_ParamCheck: [meta] Check parameters
      MoL::MoL_ParamCheck: Basic parameter checking
      Multipole::Multipole_ParamCheck: [global] Check Multipole parameters
      NPScalars::NPScalars_ParamCheck: Check NPScalars parameters for consistency
      QuasiLocalMeasures::qlm_paramcheck: [global] Check quasi-local parameter settings
      SphericalSurface::SphericalSurface_ParamCheck: [global] Check that all surface names are unique
      TerminationTrigger::TerminationTrigger_ParamCheck: Check consitency of parameters
      TmunuBase::TmunuBase_ParamCheck: [global] Check that no deprecated parameters are used.
      TwoChargedPunctures::TwoChargedPunctures_ParamCheck: Check parameters and thorn needs
      Vectors::Vectors_Test: Run correctness tests.

  Initialisation
    if (NOT (recover initial data AND recovery_mode is 'strict'))
      [CCTK_PREREGRIDINITIAL]
      Set up grid hierarchy
      [CCTK_POSTREGRIDINITIAL]
        SpaceMask::MaskZero: Initialise mask to zero
        CartGrid3D::SpatialCoordinates: Set Coordinates after regridding
        GROUP MaskBase_SetupMask: Set up the weight function
          GROUP MaskBase_SetupMaskAll: Set up the weight function
            CarpetReduce::MaskBase_AllocateMask: [global] Allocate the weight function
            CarpetReduce::MaskBase_InitMask: [global] [loop-local] Initialise the weight function
            GROUP SetupIMaskInternal: Set up the integer weight function (schedule other routines in here)
              CarpetReduce::CoordBase_SetupMask: [global] [loop-local] Set up the outer boundaries of the weight function
              CarpetReduce::CarpetMaskSetup: [global] [loop-singlemap] Set up the weight function for the restriction regions
            GROUP SetupIMask: Set up the integer weight function (schedule other routines in here)
              CarpetMask::CarpetExcludedSetup: [global] [loop-local] Set up the weight function for the excluded regions
              CarpetMask::CarpetSurfaceSetup: [global] [loop-local] Set up the weight function for the excluded spherical surfaces
            CarpetReduce::MaskBase_SetMask: [global] [loop-local] Set the weight function
            GROUP SetupMask: Set up the real weight function (schedule other routines in here)
            CarpetReduce::MaskBase_TestMask: [global] Test the weight function
        Dissipation::setup_epsdis: Setup spatially varying dissipation
        GROUP MoL_PseudoEvolutionBoundaries: Apply boundary conditions to pseudo-evolved quantities
          GROUP ML_CCZ4_ConstraintsEverywhere_bc_group: ML_CCZ4_ConstraintsEverywhere
            ML_CCZ4::ML_CCZ4_ConstraintsEverywhere_SelectBCs: [level] ML_CCZ4_ConstraintsEverywhere_SelectBCs
            GROUP ML_CCZ4_ConstraintsEverywhere_ApplyBCs: Apply BCs for groups set in ML_CCZ4_ConstraintsEverywhere
              GROUP BoundaryConditions: Execute all boundary conditions
                Boundary::Boundary_ApplyPhysicalBCs: Apply all requested local physical boundary conditions
                CartGrid3D::CartGrid3D_ApplyBC: Apply symmetry boundary conditions
                ReflectionSymmetry::ReflectionSymmetry_Apply: Apply reflection symmetries
              Boundary::Boundary_ClearSelection: [level] Unselect all grid variables for boundary conditions
          GROUP ML_CCZ4_ConstraintsInterior_bc_group: ML_CCZ4_ConstraintsInterior
            ML_CCZ4::ML_CCZ4_ConstraintsInterior_SelectBCs: [level] ML_CCZ4_ConstraintsInterior_SelectBCs
            GROUP ML_CCZ4_ConstraintsInterior_ApplyBCs: Apply BCs for groups set in ML_CCZ4_ConstraintsInterior
              GROUP BoundaryConditions: Execute all boundary conditions
                Boundary::Boundary_ApplyPhysicalBCs: Apply all requested local physical boundary conditions
                CartGrid3D::CartGrid3D_ApplyBC: Apply symmetry boundary conditions
                ReflectionSymmetry::ReflectionSymmetry_Apply: Apply reflection symmetries
              Boundary::Boundary_ClearSelection: [level] Unselect all grid variables for boundary conditions
        GROUP CalcNPScalars_BC: Boundary conditions
          NPScalars::NPboundaries: [level] Symmetry boundary conditions
          GROUP ApplyBCs_NP: Apply boundary conditions
            GROUP BoundaryConditions: Execute all boundary conditions
              Boundary::Boundary_ApplyPhysicalBCs: Apply all requested local physical boundary conditions
              CartGrid3D::CartGrid3D_ApplyBC: Apply symmetry boundary conditions
              ReflectionSymmetry::ReflectionSymmetry_Apply: Apply reflection symmetries
            Boundary::Boundary_ClearSelection: [level] Unselect all grid variables for boundary conditions
        GROUP CalcNPEMGScalars_BC: Boundary conditions
          NPScalars_EMG::NPEMG_Boundaries: [level] Symmetry boundary conditions
          GROUP ApplyBCs_NPEMG: Apply boundary conditions
            GROUP BoundaryConditions: Execute all boundary conditions
              Boundary::Boundary_ApplyPhysicalBCs: Apply all requested local physical boundary conditions
              CartGrid3D::CartGrid3D_ApplyBC: Apply symmetry boundary conditions
              ReflectionSymmetry::ReflectionSymmetry_Apply: Apply reflection symmetries
            Boundary::Boundary_ClearSelection: [level] Unselect all grid variables for boundary conditions
        SpaceMask::MaskOne: Set mask to one
        AHFinderDirect::AHFinderDirect_maybe_do_masks: set mask(s) based on apparent horizon position(s)
      [CCTK_BASEGRID]
        ADMBase::ADMBase_SetShiftStateOn: Set the shift_state variable to 1
        ADMBase::ADMBase_SetDtLapseStateOn: Set the dtlapse_state variable to 1
        ADMBase::ADMBase_SetDtShiftStateOn: Set the dtshift_state variable to 1
        ADMMacros::ADMMacros_SetLocalSpatialOrder: Initialize the local_spatial_order
        CartGrid3D::SpatialSpacings: Set up ranges for spatial 3D Cartesian coordinates (on all grids)
        CartGrid3D::SpatialCoordinates: Set up spatial 3D Cartesian coordinates on the GH
        SphericalSurface::SphericalSurface_SetupRes: [global] [loop-local] Set surface resolution automatically
        AHFinderDirect::AHFinderDirect_setup: [global] setup data structures
        Dissipation::dissipation_basegrid: Ensure that there are enough ghost zones
        EMGBase::emg_symmetries: [global] Register symmetries of the grid functions
        EMGEvolve::EMG_InitSymBound: [meta] Schedule symmetries
        EMGEvolve::EMG_zero_rhs: set all rhs functions to zero to prevent spurious nans
        ML_CCZ4::ML_CCZ4_CheckBoundaries: [meta] check boundaries treatment
        NPScalars::NP_symmetries: [meta] Set symmetries for grid functions
        NPScalars_EMG::NPEMG_symmetries: [meta] Set symmetries for grid functions
        NaNChecker::NaNChecker_ResetCounter: [global] Reset the NaNChecker::NaNsFound counter
        SpaceMask::MaskZero: Initialise mask to zero
        SpaceMask::MaskOne: Set old style mask to one
        SphericalSurface::SphericalSurface_Setup: [global] Calculate surface coordinate descriptors
        GROUP MaskBase_SetupMask: Set up the weight function
          GROUP MaskBase_SetupMaskAll: Set up the weight function
            CarpetReduce::MaskBase_AllocateMask: [global] Allocate the weight function
            CarpetReduce::MaskBase_InitMask: [global] [loop-local] Initialise the weight function
            GROUP SetupIMaskInternal: Set up the integer weight function (schedule other routines in here)
              CarpetReduce::CoordBase_SetupMask: [global] [loop-local] Set up the outer boundaries of the weight function
              CarpetReduce::CarpetMaskSetup: [global] [loop-singlemap] Set up the weight function for the restriction regions
            GROUP SetupIMask: Set up the integer weight function (schedule other routines in here)
              CarpetMask::CarpetExcludedSetup: [global] [loop-local] Set up the weight function for the excluded regions
              CarpetMask::CarpetSurfaceSetup: [global] [loop-local] Set up the weight function for the excluded spherical surfaces
            CarpetReduce::MaskBase_SetMask: [global] [loop-local] Set the weight function
            GROUP SetupMask: Set up the real weight function (schedule other routines in here)
            CarpetReduce::MaskBase_TestMask: [global] Test the weight function
        SphericalSurface::SphericalSurface_Set: [global] Set surface radii to be used for initial setup in other thorns
        GROUP SphericalSurface_HasBeenSet: Set the spherical surfaces before this group, and use it afterwards
          SphericalSurface::SphericalSurface_CheckState: [global] Test the state of the spherical surfaces
        SymBase::SymBase_Check: Check whether the driver set up the grid consistently
        TerminationTrigger::TerminationTrigger_ResetTrigger: Clear trigger state
        TerminationTrigger::TerminationTrigger_StartTimer: Start timer
        TerminationTrigger::TerminationTrigger_CreateFile: Create termination file
        Time::Time_Initialise: [global] Initialise Time variables
        Time::TemporalSpacings: [singlemap] Set timestep based on Courant condition (courant_static)
      [CCTK_INITIAL]
        StaticConformal::StaticConformal_InitialiseState: Set the conformal_state variable to 0
        GROUP ADMBase_InitialData: Schedule group for calculating ADM initial data
          GROUP TwoChargedPunctures_Group: TwoChargedPunctures initial data group
            TwoChargedPunctures::TwoChargedPunctures: Create puncture black hole initial data
        GROUP ADMBase_InitialGauge: Schedule group for the ADM initial gauge condition
          ADMBase::ADMBase_ShiftZero: Set the shift to 0 at all points
          ADMBase::ADMBase_DtLapseZero: Set the dtlapse to 0 at all points
          ADMBase::ADMBase_DtShiftZero: Set the dtshift to 0 at all points
        CarpetIOASCII::CarpetIOASCIIInit: [global] Initialisation routine
        CarpetIOBasic::CarpetIOBasicInit: [global] Initialisation routine
        CarpetIOHDF5::CarpetIOHDF5_Init: [global] Initialisation routine
        CarpetIOScalar::CarpetIOScalarInit: [global] Initialisation routine
        GROUP ADMBase_PostInitial: Schedule group for modifying the ADM initial data, such as e.g. adding noise
        ML_CCZ4::ML_CCZ4_InitialADMBase1Everywhere: ML_CCZ4_InitialADMBase1Everywhere
        ML_CCZ4::ML_CCZ4_InitialADMBase2Interior: ML_CCZ4_InitialADMBase2Interior
        MoL::MoL_StartLoop: [level] Initialise the step size control
        PunctureTracker::PunctureTracker_Init: [global] Calculate initial location of punctures
        QuasiLocalMeasures::qlm_init: [global] Initialise quasi-local calculations
        ML_CCZ4_Helper::ML_CCZ4_ExtrapolateGammas: Extrapolate Gammas and time derivatives of lapse and shift
      [CCTK_POSTINITIAL]
        CarpetIOHDF5::CarpetIOHDF5_CloseFiles: [global] Close all filereader input files
        GROUP MoL_PostStepModify: The group for physics thorns to schedule enforcing constraints
          ML_CCZ4::ML_CCZ4_EnforceEverywhere: ML_CCZ4_EnforceEverywhere
        GROUP MoL_PostStep: Ensure that everything is correct after the initial data have been set up
          ML_CCZ4::ML_CCZ4_SelectBoundConds: [level] select boundary conditions
          EMGEvolve::EMG_Boundaries: [level] MoL boundary enforcement for EMG variables
          GROUP EMG_ApplyBCs: Apply boundary conditions
            GROUP BoundaryConditions: Execute all boundary conditions
              Boundary::Boundary_ApplyPhysicalBCs: Apply all requested local physical boundary conditions
              CartGrid3D::CartGrid3D_ApplyBC: Apply symmetry boundary conditions
              ReflectionSymmetry::ReflectionSymmetry_Apply: Apply reflection symmetries
            Boundary::Boundary_ClearSelection: [level] Unselect all grid variables for boundary conditions
          GROUP ML_CCZ4_ApplyBCs: Apply boundary conditions controlled by thorn Boundary
            GROUP BoundaryConditions: Execute all boundary conditions
              Boundary::Boundary_ApplyPhysicalBCs: Apply all requested local physical boundary conditions
              CartGrid3D::CartGrid3D_ApplyBC: Apply symmetry boundary conditions
              ReflectionSymmetry::ReflectionSymmetry_Apply: Apply reflection symmetries
            Boundary::Boundary_ClearSelection: [level] Unselect all grid variables for boundary conditions
          ML_CCZ4::ML_CCZ4_ADMBaseInterior: ML_CCZ4_ADMBaseInterior
          ML_CCZ4::ML_CCZ4_ADMBaseBoundaryScalar: ML_CCZ4_ADMBaseBoundaryScalar
          ML_CCZ4::ML_CCZ4_ADMBaseEverywhere: ML_CCZ4_ADMBaseEverywhere
          ML_CCZ4_Helper::ML_CCZ4_ADMBase_SelectBCs: [level] Select boundary conditions for ADMBase variables
          GROUP ML_CCZ4_ADMBase_ApplyBCs: Apply boundary conditions to ADMBase variables
            GROUP BoundaryConditions: Execute all boundary conditions
              Boundary::Boundary_ApplyPhysicalBCs: Apply all requested local physical boundary conditions
              CartGrid3D::CartGrid3D_ApplyBC: Apply symmetry boundary conditions
              ReflectionSymmetry::ReflectionSymmetry_Apply: Apply reflection symmetries
            Boundary::Boundary_ClearSelection: [level] Unselect all grid variables for boundary conditions
          GROUP ADMBase_SetADMVars: Set the ADM variables before this group, and use them afterwards
          GROUP SetTmunu: Group for calculating the stress-energy tensor
            TmunuBase::TmunuBase_ZeroTmunu: Initialise the stress-energy tensor to zero
            GROUP AddToTmunu: Add to the stress-energy tensor here
              EMGEvolve::EMG_AddToTmunu: Compute the energy-momentum tensor
        GROUP MoL_PseudoEvolution: Calculate pseudo-evolved quantities
          GROUP ADMBase_SetADMVars: Set the ADM variables before this group, and use them afterwards
          GROUP ML_CCZ4_ConstraintsEverywhere_group: ML_CCZ4_ConstraintsEverywhere
            ML_CCZ4::ML_CCZ4_ConstraintsEverywhere: ML_CCZ4_ConstraintsEverywhere
            GROUP ML_CCZ4_ConstraintsEverywhere_bc_group: ML_CCZ4_ConstraintsEverywhere
              ML_CCZ4::ML_CCZ4_ConstraintsEverywhere_SelectBCs: [level] ML_CCZ4_ConstraintsEverywhere_SelectBCs
              GROUP ML_CCZ4_ConstraintsEverywhere_ApplyBCs: Apply BCs for groups set in ML_CCZ4_ConstraintsEverywhere
                GROUP BoundaryConditions: Execute all boundary conditions
                  Boundary::Boundary_ApplyPhysicalBCs: Apply all requested local physical boundary conditions
                  CartGrid3D::CartGrid3D_ApplyBC: Apply symmetry boundary conditions
                  ReflectionSymmetry::ReflectionSymmetry_Apply: Apply reflection symmetries
                Boundary::Boundary_ClearSelection: [level] Unselect all grid variables for boundary conditions
          GROUP ML_CCZ4_ConstraintsInterior_group: ML_CCZ4_ConstraintsInterior
            ML_CCZ4::ML_CCZ4_ConstraintsInterior: ML_CCZ4_ConstraintsInterior
            GROUP ML_CCZ4_ConstraintsInterior_bc_group: ML_CCZ4_ConstraintsInterior
              ML_CCZ4::ML_CCZ4_ConstraintsInterior_SelectBCs: [level] ML_CCZ4_ConstraintsInterior_SelectBCs
              GROUP ML_CCZ4_ConstraintsInterior_ApplyBCs: Apply BCs for groups set in ML_CCZ4_ConstraintsInterior
                GROUP BoundaryConditions: Execute all boundary conditions
                  Boundary::Boundary_ApplyPhysicalBCs: Apply all requested local physical boundary conditions
                  CartGrid3D::CartGrid3D_ApplyBC: Apply symmetry boundary conditions
                  ReflectionSymmetry::ReflectionSymmetry_Apply: Apply reflection symmetries
                Boundary::Boundary_ClearSelection: [level] Unselect all grid variables for boundary conditions
          GROUP CalcNPScalars: Calculate NPScalars
            NPScalars::NP_calcPsiGF: [local] calculate Psi4 as grid function
            GROUP CalcNPScalars_BC: Boundary conditions
              NPScalars::NPboundaries: [level] Symmetry boundary conditions
              GROUP ApplyBCs_NP: Apply boundary conditions
                GROUP BoundaryConditions: Execute all boundary conditions
                  Boundary::Boundary_ApplyPhysicalBCs: Apply all requested local physical boundary conditions
                  CartGrid3D::CartGrid3D_ApplyBC: Apply symmetry boundary conditions
                  ReflectionSymmetry::ReflectionSymmetry_Apply: Apply reflection symmetries
                Boundary::Boundary_ClearSelection: [level] Unselect all grid variables for boundary conditions
        GROUP CalcNPScalars: Calculate NPScalars
          NPScalars::NP_calcPsiGF: [local] calculate Psi4 as grid function
          GROUP CalcNPScalars_BC: Boundary conditions
            NPScalars::NPboundaries: [level] Symmetry boundary conditions
            GROUP ApplyBCs_NP: Apply boundary conditions
              GROUP BoundaryConditions: Execute all boundary conditions
                Boundary::Boundary_ApplyPhysicalBCs: Apply all requested local physical boundary conditions
                CartGrid3D::CartGrid3D_ApplyBC: Apply symmetry boundary conditions
                ReflectionSymmetry::ReflectionSymmetry_Apply: Apply reflection symmetries
              Boundary::Boundary_ClearSelection: [level] Unselect all grid variables for boundary conditions
        GROUP CalcNPEMGScalars: Calculate NPScalars
          NPScalars_EMG::NPEMG_calcPsiGF: [local] calculate grid functions
          GROUP CalcNPEMGScalars_BC: Boundary conditions
            NPScalars_EMG::NPEMG_Boundaries: [level] Symmetry boundary conditions
            GROUP ApplyBCs_NPEMG: Apply boundary conditions
              GROUP BoundaryConditions: Execute all boundary conditions
                Boundary::Boundary_ApplyPhysicalBCs: Apply all requested local physical boundary conditions
                CartGrid3D::CartGrid3D_ApplyBC: Apply symmetry boundary conditions
                ReflectionSymmetry::ReflectionSymmetry_Apply: Apply reflection symmetries
              Boundary::Boundary_ClearSelection: [level] Unselect all grid variables for boundary conditions
      Initialise finer grids recursively
      Restrict from finer grids
      [CCTK_POSTRESTRICTINITIAL]
        GROUP MoL_PostStep: Ensure that everything is correct after restriction
          ML_CCZ4::ML_CCZ4_SelectBoundConds: [level] select boundary conditions
          EMGEvolve::EMG_Boundaries: [level] MoL boundary enforcement for EMG variables
          GROUP EMG_ApplyBCs: Apply boundary conditions
            GROUP BoundaryConditions: Execute all boundary conditions
              Boundary::Boundary_ApplyPhysicalBCs: Apply all requested local physical boundary conditions
              CartGrid3D::CartGrid3D_ApplyBC: Apply symmetry boundary conditions
              ReflectionSymmetry::ReflectionSymmetry_Apply: Apply reflection symmetries
            Boundary::Boundary_ClearSelection: [level] Unselect all grid variables for boundary conditions
          GROUP ML_CCZ4_ApplyBCs: Apply boundary conditions controlled by thorn Boundary
            GROUP BoundaryConditions: Execute all boundary conditions
              Boundary::Boundary_ApplyPhysicalBCs: Apply all requested local physical boundary conditions
              CartGrid3D::CartGrid3D_ApplyBC: Apply symmetry boundary conditions
              ReflectionSymmetry::ReflectionSymmetry_Apply: Apply reflection symmetries
            Boundary::Boundary_ClearSelection: [level] Unselect all grid variables for boundary conditions
          ML_CCZ4::ML_CCZ4_ADMBaseInterior: ML_CCZ4_ADMBaseInterior
          ML_CCZ4::ML_CCZ4_ADMBaseBoundaryScalar: ML_CCZ4_ADMBaseBoundaryScalar
          ML_CCZ4::ML_CCZ4_ADMBaseEverywhere: ML_CCZ4_ADMBaseEverywhere
          ML_CCZ4_Helper::ML_CCZ4_ADMBase_SelectBCs: [level] Select boundary conditions for ADMBase variables
          GROUP ML_CCZ4_ADMBase_ApplyBCs: Apply boundary conditions to ADMBase variables
            GROUP BoundaryConditions: Execute all boundary conditions
              Boundary::Boundary_ApplyPhysicalBCs: Apply all requested local physical boundary conditions
              CartGrid3D::CartGrid3D_ApplyBC: Apply symmetry boundary conditions
              ReflectionSymmetry::ReflectionSymmetry_Apply: Apply reflection symmetries
            Boundary::Boundary_ClearSelection: [level] Unselect all grid variables for boundary conditions
          GROUP ADMBase_SetADMVars: Set the ADM variables before this group, and use them afterwards
          GROUP SetTmunu: Group for calculating the stress-energy tensor
            TmunuBase::TmunuBase_ZeroTmunu: Initialise the stress-energy tensor to zero
            GROUP AddToTmunu: Add to the stress-energy tensor here
              EMGEvolve::EMG_AddToTmunu: Compute the energy-momentum tensor
        GROUP MoL_PseudoEvolutionBoundaries: Apply boundary conditions to pseudo-evolved quantities
          GROUP ML_CCZ4_ConstraintsEverywhere_bc_group: ML_CCZ4_ConstraintsEverywhere
            ML_CCZ4::ML_CCZ4_ConstraintsEverywhere_SelectBCs: [level] ML_CCZ4_ConstraintsEverywhere_SelectBCs
            GROUP ML_CCZ4_ConstraintsEverywhere_ApplyBCs: Apply BCs for groups set in ML_CCZ4_ConstraintsEverywhere
              GROUP BoundaryConditions: Execute all boundary conditions
                Boundary::Boundary_ApplyPhysicalBCs: Apply all requested local physical boundary conditions
                CartGrid3D::CartGrid3D_ApplyBC: Apply symmetry boundary conditions
                ReflectionSymmetry::ReflectionSymmetry_Apply: Apply reflection symmetries
              Boundary::Boundary_ClearSelection: [level] Unselect all grid variables for boundary conditions
          GROUP ML_CCZ4_ConstraintsInterior_bc_group: ML_CCZ4_ConstraintsInterior
            ML_CCZ4::ML_CCZ4_ConstraintsInterior_SelectBCs: [level] ML_CCZ4_ConstraintsInterior_SelectBCs
            GROUP ML_CCZ4_ConstraintsInterior_ApplyBCs: Apply BCs for groups set in ML_CCZ4_ConstraintsInterior
              GROUP BoundaryConditions: Execute all boundary conditions
                Boundary::Boundary_ApplyPhysicalBCs: Apply all requested local physical boundary conditions
                CartGrid3D::CartGrid3D_ApplyBC: Apply symmetry boundary conditions
                ReflectionSymmetry::ReflectionSymmetry_Apply: Apply reflection symmetries
              Boundary::Boundary_ClearSelection: [level] Unselect all grid variables for boundary conditions
        GROUP CalcNPScalars_BC: Boundary conditions
          NPScalars::NPboundaries: [level] Symmetry boundary conditions
          GROUP ApplyBCs_NP: Apply boundary conditions
            GROUP BoundaryConditions: Execute all boundary conditions
              Boundary::Boundary_ApplyPhysicalBCs: Apply all requested local physical boundary conditions
              CartGrid3D::CartGrid3D_ApplyBC: Apply symmetry boundary conditions
              ReflectionSymmetry::ReflectionSymmetry_Apply: Apply reflection symmetries
            Boundary::Boundary_ClearSelection: [level] Unselect all grid variables for boundary conditions
        GROUP CalcNPEMGScalars_BC: Boundary conditions
          NPScalars_EMG::NPEMG_Boundaries: [level] Symmetry boundary conditions
          GROUP ApplyBCs_NPEMG: Apply boundary conditions
            GROUP BoundaryConditions: Execute all boundary conditions
              Boundary::Boundary_ApplyPhysicalBCs: Apply all requested local physical boundary conditions
              CartGrid3D::CartGrid3D_ApplyBC: Apply symmetry boundary conditions
              ReflectionSymmetry::ReflectionSymmetry_Apply: Apply reflection symmetries
            Boundary::Boundary_ClearSelection: [level] Unselect all grid variables for boundary conditions
      [CCTK_POSTPOSTINITIAL]
      [CCTK_POSTSTEP]
        AHFinderDirect::AHFinderDirect_import_mask: [global] [loop-local] import the excision mask
        AHFinderDirect::AHFinderDirect_find_horizons: [global] find apparent horizon(s) after this time step
        AHFinderDirect::AHFinderDirect_store: [global] store apparent horizon(s) into spherical surface(s)
        AHFinderDirect::AHFinderDirect_save: [global] save apparent horizon(s) into Cactus variables
        AHFinderDirect::AHFinderDirect_maybe_do_masks: set mask(s) based on apparent horizon position(s)
        SphericalSurface::SphericalSurface_Set: [global] Set surface radii
        GROUP SphericalSurface_HasBeenSet: Set the spherical surfaces before this group, and use it afterwards
          SphericalSurface::SphericalSurface_CheckState: [global] Test the state of the spherical surfaces
        GROUP zzz_NaNChecker_NaNCheck: Check for NaNs and count them in NaNChecker::NaNsFound
          NaNChecker::NaNChecker_NaNCheck_Prepare: [level] Prepare data structures to check for NaNs
          NaNChecker::NaNChecker_NaNCheck_Check: [local] Check for NaNs
          NaNChecker::NaNChecker_NaNCheck_Finish: [level] Count NaNs in NaNChecker::NaNsFound
        NaNChecker::NaNChecker_TakeAction: [global] [loop-level] Output NaNChecker::NaNmask and take action according to NaNChecker::action_if_found
        PunctureTracker::PunctureTracker_SetPositions: [global] Copy puncture positions to spherical surfaces
        SpaceMask::CheckMask: Ensure that all mask values are legal
        Dissipation::setup_epsdis: Setup spatially varying dissipation
        GROUP MaskBase_SetupMask: Set up the weight function
          GROUP MaskBase_SetupMaskAll: Set up the weight function
            CarpetReduce::MaskBase_AllocateMask: [global] Allocate the weight function
            CarpetReduce::MaskBase_InitMask: [global] [loop-local] Initialise the weight function
            GROUP SetupIMaskInternal: Set up the integer weight function (schedule other routines in here)
              CarpetReduce::CoordBase_SetupMask: [global] [loop-local] Set up the outer boundaries of the weight function
              CarpetReduce::CarpetMaskSetup: [global] [loop-singlemap] Set up the weight function for the restriction regions
            GROUP SetupIMask: Set up the integer weight function (schedule other routines in here)
              CarpetMask::CarpetExcludedSetup: [global] [loop-local] Set up the weight function for the excluded regions
              CarpetMask::CarpetSurfaceSetup: [global] [loop-local] Set up the weight function for the excluded spherical surfaces
            CarpetReduce::MaskBase_SetMask: [global] [loop-local] Set the weight function
            GROUP SetupMask: Set up the real weight function (schedule other routines in here)
            CarpetReduce::MaskBase_TestMask: [global] Test the weight function
    endif
    if (recover initial data)
      [CCTK_BASEGRID]
        ADMBase::ADMBase_SetShiftStateOn: Set the shift_state variable to 1
        ADMBase::ADMBase_SetDtLapseStateOn: Set the dtlapse_state variable to 1
        ADMBase::ADMBase_SetDtShiftStateOn: Set the dtshift_state variable to 1
        ADMMacros::ADMMacros_SetLocalSpatialOrder: Initialize the local_spatial_order
        CartGrid3D::SpatialSpacings: Set up ranges for spatial 3D Cartesian coordinates (on all grids)
        CartGrid3D::SpatialCoordinates: Set up spatial 3D Cartesian coordinates on the GH
        SphericalSurface::SphericalSurface_SetupRes: [global] [loop-local] Set surface resolution automatically
        AHFinderDirect::AHFinderDirect_setup: [global] setup data structures
        Dissipation::dissipation_basegrid: Ensure that there are enough ghost zones
        EMGBase::emg_symmetries: [global] Register symmetries of the grid functions
        EMGEvolve::EMG_InitSymBound: [meta] Schedule symmetries
        EMGEvolve::EMG_zero_rhs: set all rhs functions to zero to prevent spurious nans
        ML_CCZ4::ML_CCZ4_CheckBoundaries: [meta] check boundaries treatment
        NPScalars::NP_symmetries: [meta] Set symmetries for grid functions
        NPScalars_EMG::NPEMG_symmetries: [meta] Set symmetries for grid functions
        NaNChecker::NaNChecker_ResetCounter: [global] Reset the NaNChecker::NaNsFound counter
        SpaceMask::MaskZero: Initialise mask to zero
        SpaceMask::MaskOne: Set old style mask to one
        SphericalSurface::SphericalSurface_Setup: [global] Calculate surface coordinate descriptors
        GROUP MaskBase_SetupMask: Set up the weight function
          GROUP MaskBase_SetupMaskAll: Set up the weight function
            CarpetReduce::MaskBase_AllocateMask: [global] Allocate the weight function
            CarpetReduce::MaskBase_InitMask: [global] [loop-local] Initialise the weight function
            GROUP SetupIMaskInternal: Set up the integer weight function (schedule other routines in here)
              CarpetReduce::CoordBase_SetupMask: [global] [loop-local] Set up the outer boundaries of the weight function
              CarpetReduce::CarpetMaskSetup: [global] [loop-singlemap] Set up the weight function for the restriction regions
            GROUP SetupIMask: Set up the integer weight function (schedule other routines in here)
              CarpetMask::CarpetExcludedSetup: [global] [loop-local] Set up the weight function for the excluded regions
              CarpetMask::CarpetSurfaceSetup: [global] [loop-local] Set up the weight function for the excluded spherical surfaces
            CarpetReduce::MaskBase_SetMask: [global] [loop-local] Set the weight function
            GROUP SetupMask: Set up the real weight function (schedule other routines in here)
            CarpetReduce::MaskBase_TestMask: [global] Test the weight function
        SphericalSurface::SphericalSurface_Set: [global] Set surface radii to be used for initial setup in other thorns
        GROUP SphericalSurface_HasBeenSet: Set the spherical surfaces before this group, and use it afterwards
          SphericalSurface::SphericalSurface_CheckState: [global] Test the state of the spherical surfaces
        SymBase::SymBase_Check: Check whether the driver set up the grid consistently
        TerminationTrigger::TerminationTrigger_ResetTrigger: Clear trigger state
        TerminationTrigger::TerminationTrigger_StartTimer: Start timer
        TerminationTrigger::TerminationTrigger_CreateFile: Create termination file
        Time::Time_Initialise: [global] Initialise Time variables
        Time::TemporalSpacings: [singlemap] Set timestep based on Courant condition (courant_static)
      [CCTK_RECOVER_VARIABLES]
        IOUtil::IOUtil_RecoverGH: [level] Checkpoint recovery routine
      [CCTK_POST_RECOVER_VARIABLES]
        AHFinderDirect::AHFinderDirect_recover: [global] import horizon data from Cactus variables
        CarpetIOHDF5::CarpetIOHDF5_InitCheckpointingIntervals: [global] Initialisation of checkpointing intervals after recovery
        CarpetIOHDF5::CarpetIOHDF5_CloseFiles: [meta] Close all initial data checkpoint files after recovery
        GROUP MaskBase_SetupMask: Set up the weight function
          GROUP MaskBase_SetupMaskAll: Set up the weight function
            CarpetReduce::MaskBase_AllocateMask: [global] Allocate the weight function
            CarpetReduce::MaskBase_InitMask: [global] [loop-local] Initialise the weight function
            GROUP SetupIMaskInternal: Set up the integer weight function (schedule other routines in here)
              CarpetReduce::CoordBase_SetupMask: [global] [loop-local] Set up the outer boundaries of the weight function
              CarpetReduce::CarpetMaskSetup: [global] [loop-singlemap] Set up the weight function for the restriction regions
            GROUP SetupIMask: Set up the integer weight function (schedule other routines in here)
              CarpetMask::CarpetExcludedSetup: [global] [loop-local] Set up the weight function for the excluded regions
              CarpetMask::CarpetSurfaceSetup: [global] [loop-local] Set up the weight function for the excluded spherical surfaces
            CarpetReduce::MaskBase_SetMask: [global] [loop-local] Set the weight function
            GROUP SetupMask: Set up the real weight function (schedule other routines in here)
            CarpetReduce::MaskBase_TestMask: [global] Test the weight function
        GROUP MoL_PostStep: Ensure that everything is correct after recovery
          ML_CCZ4::ML_CCZ4_SelectBoundConds: [level] select boundary conditions
          EMGEvolve::EMG_Boundaries: [level] MoL boundary enforcement for EMG variables
          GROUP EMG_ApplyBCs: Apply boundary conditions
            GROUP BoundaryConditions: Execute all boundary conditions
              Boundary::Boundary_ApplyPhysicalBCs: Apply all requested local physical boundary conditions
              CartGrid3D::CartGrid3D_ApplyBC: Apply symmetry boundary conditions
              ReflectionSymmetry::ReflectionSymmetry_Apply: Apply reflection symmetries
            Boundary::Boundary_ClearSelection: [level] Unselect all grid variables for boundary conditions
          GROUP ML_CCZ4_ApplyBCs: Apply boundary conditions controlled by thorn Boundary
            GROUP BoundaryConditions: Execute all boundary conditions
              Boundary::Boundary_ApplyPhysicalBCs: Apply all requested local physical boundary conditions
              CartGrid3D::CartGrid3D_ApplyBC: Apply symmetry boundary conditions
              ReflectionSymmetry::ReflectionSymmetry_Apply: Apply reflection symmetries
            Boundary::Boundary_ClearSelection: [level] Unselect all grid variables for boundary conditions
          ML_CCZ4::ML_CCZ4_ADMBaseInterior: ML_CCZ4_ADMBaseInterior
          ML_CCZ4::ML_CCZ4_ADMBaseBoundaryScalar: ML_CCZ4_ADMBaseBoundaryScalar
          ML_CCZ4::ML_CCZ4_ADMBaseEverywhere: ML_CCZ4_ADMBaseEverywhere
          ML_CCZ4_Helper::ML_CCZ4_ADMBase_SelectBCs: [level] Select boundary conditions for ADMBase variables
          GROUP ML_CCZ4_ADMBase_ApplyBCs: Apply boundary conditions to ADMBase variables
            GROUP BoundaryConditions: Execute all boundary conditions
              Boundary::Boundary_ApplyPhysicalBCs: Apply all requested local physical boundary conditions
              CartGrid3D::CartGrid3D_ApplyBC: Apply symmetry boundary conditions
              ReflectionSymmetry::ReflectionSymmetry_Apply: Apply reflection symmetries
            Boundary::Boundary_ClearSelection: [level] Unselect all grid variables for boundary conditions
          GROUP ADMBase_SetADMVars: Set the ADM variables before this group, and use them afterwards
          GROUP SetTmunu: Group for calculating the stress-energy tensor
            TmunuBase::TmunuBase_ZeroTmunu: Initialise the stress-energy tensor to zero
            GROUP AddToTmunu: Add to the stress-energy tensor here
              EMGEvolve::EMG_AddToTmunu: Compute the energy-momentum tensor
        GROUP zzz_NaNChecker_NaNCheck: Check for NaNs and count them in NaNChecker::NaNsFound
          NaNChecker::NaNChecker_NaNCheck_Prepare: [level] Prepare data structures to check for NaNs
          NaNChecker::NaNChecker_NaNCheck_Check: [local] Check for NaNs
          NaNChecker::NaNChecker_NaNCheck_Finish: [level] Count NaNs in NaNChecker::NaNsFound
        NaNChecker::NaNChecker_TakeAction: [global] [loop-level] Output NaNChecker::NaNmask and take action according to NaNChecker::action_if_found
        TerminationTrigger::TerminationTrigger_ResetMinutes: [global] Reset Watchtime
    endif
    if (checkpoint initial data)
      [CCTK_CPINITIAL]
        CarpetIOHDF5::CarpetIOHDF5_InitialDataCheckpoint: [meta] Initial data checkpoint routine
    endif
    if (analysis)
      [CCTK_ANALYSIS]
        CarpetLib::CarpetLib_printtimestats: [global] Print timing statistics if desired
        CarpetLib::CarpetLib_printmemstats: [global] Print memory statistics if desired
        GROUP EMG_constraints: Group to compute constraints
          EMGEvolve::EMG_constraints: Compute constraints
          EMGEvolve::EMG_constraints_boundaries: [level] Enforce symmetry BCs in constraint computation
          GROUP EMG_constraints_ApplyBCs: Apply boundary conditions
            GROUP BoundaryConditions: Execute all boundary conditions
              Boundary::Boundary_ApplyPhysicalBCs: Apply all requested local physical boundary conditions
              CartGrid3D::CartGrid3D_ApplyBC: Apply symmetry boundary conditions
              ReflectionSymmetry::ReflectionSymmetry_Apply: Apply reflection symmetries
            Boundary::Boundary_ClearSelection: [level] Unselect all grid variables for boundary conditions
        LoopControl::LC_statistics_analysis: [meta] Output LoopControl statistics
        GROUP ML_CCZ4_EvolutionAnalysis: Calculate RHS at analysis
          ML_CCZ4::ML_CCZ4_EvolutionAnalysisInit: ML_CCZ4_EvolutionAnalysisInit
          ML_CCZ4::ML_CCZ4_EvolutionAnalysisInterior: ML_CCZ4_EvolutionAnalysisInterior
          ML_CCZ4_Helper::ML_CCZ4_NewRad: Apply NewRad boundary conditions to RHS
        Multipole::Multipole_Calc: [global] Calculate Multipoles
        GROUP CalcNPEMGScalars: Calculate NPScalars
          NPScalars_EMG::NPEMG_calcPsiGF: [local] calculate grid functions
          GROUP CalcNPEMGScalars_BC: Boundary conditions
            NPScalars_EMG::NPEMG_Boundaries: [level] Symmetry boundary conditions
            GROUP ApplyBCs_NPEMG: Apply boundary conditions
              GROUP BoundaryConditions: Execute all boundary conditions
                Boundary::Boundary_ApplyPhysicalBCs: Apply all requested local physical boundary conditions
                CartGrid3D::CartGrid3D_ApplyBC: Apply symmetry boundary conditions
                ReflectionSymmetry::ReflectionSymmetry_Apply: Apply reflection symmetries
              Boundary::Boundary_ClearSelection: [level] Unselect all grid variables for boundary conditions
        QuasiLocalMeasures::qlm_calculate: [global] Calculate quasi-local quantities
        SystemStatistics::SystemStatistics_Collect: [global] Collect system statistics
        TerminationTrigger::TerminationTrigger_CheckWalltime: Check elapsed job walltime
        TerminationTrigger::TerminationTrigger_CheckSignal: Check if we received a termination signal
        TerminationTrigger::TerminationTrigger_CheckFile: Check termination file
        TimerReport::zzz_TimerReport_Output: [global] Print the timer report
  endif
  Output grid variables

  do loop over timesteps
    [CCTK_PREREGRID]
      CarpetTracker::CarpetTracker_SetPositions: [global] Set positions of refined regions
    Change grid hierarchy
    [CCTK_POSTREGRID]
      SpaceMask::MaskZero: Initialise mask to zero
      CartGrid3D::SpatialCoordinates: Set Coordinates after regridding
      GROUP MaskBase_SetupMask: Set up the weight function
        GROUP MaskBase_SetupMaskAll: Set up the weight function
          CarpetReduce::MaskBase_AllocateMask: [global] Allocate the weight function
          CarpetReduce::MaskBase_InitMask: [global] [loop-local] Initialise the weight function
          GROUP SetupIMaskInternal: Set up the integer weight function (schedule other routines in here)
            CarpetReduce::CoordBase_SetupMask: [global] [loop-local] Set up the outer boundaries of the weight function
            CarpetReduce::CarpetMaskSetup: [global] [loop-singlemap] Set up the weight function for the restriction regions
          GROUP SetupIMask: Set up the integer weight function (schedule other routines in here)
            CarpetMask::CarpetExcludedSetup: [global] [loop-local] Set up the weight function for the excluded regions
            CarpetMask::CarpetSurfaceSetup: [global] [loop-local] Set up the weight function for the excluded spherical surfaces
          CarpetReduce::MaskBase_SetMask: [global] [loop-local] Set the weight function
          GROUP SetupMask: Set up the real weight function (schedule other routines in here)
          CarpetReduce::MaskBase_TestMask: [global] Test the weight function
      Dissipation::setup_epsdis: Setup spatially varying dissipation
      GROUP MoL_PostStep: Ensure that everything is correct after regridding
        ML_CCZ4::ML_CCZ4_SelectBoundConds: [level] select boundary conditions
        EMGEvolve::EMG_Boundaries: [level] MoL boundary enforcement for EMG variables
        GROUP EMG_ApplyBCs: Apply boundary conditions
          GROUP BoundaryConditions: Execute all boundary conditions
            Boundary::Boundary_ApplyPhysicalBCs: Apply all requested local physical boundary conditions
            CartGrid3D::CartGrid3D_ApplyBC: Apply symmetry boundary conditions
            ReflectionSymmetry::ReflectionSymmetry_Apply: Apply reflection symmetries
          Boundary::Boundary_ClearSelection: [level] Unselect all grid variables for boundary conditions
        GROUP ML_CCZ4_ApplyBCs: Apply boundary conditions controlled by thorn Boundary
          GROUP BoundaryConditions: Execute all boundary conditions
            Boundary::Boundary_ApplyPhysicalBCs: Apply all requested local physical boundary conditions
            CartGrid3D::CartGrid3D_ApplyBC: Apply symmetry boundary conditions
            ReflectionSymmetry::ReflectionSymmetry_Apply: Apply reflection symmetries
          Boundary::Boundary_ClearSelection: [level] Unselect all grid variables for boundary conditions
        ML_CCZ4::ML_CCZ4_ADMBaseInterior: ML_CCZ4_ADMBaseInterior
        ML_CCZ4::ML_CCZ4_ADMBaseBoundaryScalar: ML_CCZ4_ADMBaseBoundaryScalar
        ML_CCZ4::ML_CCZ4_ADMBaseEverywhere: ML_CCZ4_ADMBaseEverywhere
        ML_CCZ4_Helper::ML_CCZ4_ADMBase_SelectBCs: [level] Select boundary conditions for ADMBase variables
        GROUP ML_CCZ4_ADMBase_ApplyBCs: Apply boundary conditions to ADMBase variables
          GROUP BoundaryConditions: Execute all boundary conditions
            Boundary::Boundary_ApplyPhysicalBCs: Apply all requested local physical boundary conditions
            CartGrid3D::CartGrid3D_ApplyBC: Apply symmetry boundary conditions
            ReflectionSymmetry::ReflectionSymmetry_Apply: Apply reflection symmetries
          Boundary::Boundary_ClearSelection: [level] Unselect all grid variables for boundary conditions
        GROUP ADMBase_SetADMVars: Set the ADM variables before this group, and use them afterwards
        GROUP SetTmunu: Group for calculating the stress-energy tensor
          TmunuBase::TmunuBase_ZeroTmunu: Initialise the stress-energy tensor to zero
          GROUP AddToTmunu: Add to the stress-energy tensor here
            EMGEvolve::EMG_AddToTmunu: Compute the energy-momentum tensor
      GROUP MoL_PseudoEvolutionBoundaries: Apply boundary conditions to pseudo-evolved quantities
        GROUP ML_CCZ4_ConstraintsEverywhere_bc_group: ML_CCZ4_ConstraintsEverywhere
          ML_CCZ4::ML_CCZ4_ConstraintsEverywhere_SelectBCs: [level] ML_CCZ4_ConstraintsEverywhere_SelectBCs
          GROUP ML_CCZ4_ConstraintsEverywhere_ApplyBCs: Apply BCs for groups set in ML_CCZ4_ConstraintsEverywhere
            GROUP BoundaryConditions: Execute all boundary conditions
              Boundary::Boundary_ApplyPhysicalBCs: Apply all requested local physical boundary conditions
              CartGrid3D::CartGrid3D_ApplyBC: Apply symmetry boundary conditions
              ReflectionSymmetry::ReflectionSymmetry_Apply: Apply reflection symmetries
            Boundary::Boundary_ClearSelection: [level] Unselect all grid variables for boundary conditions
        GROUP ML_CCZ4_ConstraintsInterior_bc_group: ML_CCZ4_ConstraintsInterior
          ML_CCZ4::ML_CCZ4_ConstraintsInterior_SelectBCs: [level] ML_CCZ4_ConstraintsInterior_SelectBCs
          GROUP ML_CCZ4_ConstraintsInterior_ApplyBCs: Apply BCs for groups set in ML_CCZ4_ConstraintsInterior
            GROUP BoundaryConditions: Execute all boundary conditions
              Boundary::Boundary_ApplyPhysicalBCs: Apply all requested local physical boundary conditions
              CartGrid3D::CartGrid3D_ApplyBC: Apply symmetry boundary conditions
              ReflectionSymmetry::ReflectionSymmetry_Apply: Apply reflection symmetries
            Boundary::Boundary_ClearSelection: [level] Unselect all grid variables for boundary conditions
      GROUP CalcNPScalars_BC: Boundary conditions
        NPScalars::NPboundaries: [level] Symmetry boundary conditions
        GROUP ApplyBCs_NP: Apply boundary conditions
          GROUP BoundaryConditions: Execute all boundary conditions
            Boundary::Boundary_ApplyPhysicalBCs: Apply all requested local physical boundary conditions
            CartGrid3D::CartGrid3D_ApplyBC: Apply symmetry boundary conditions
            ReflectionSymmetry::ReflectionSymmetry_Apply: Apply reflection symmetries
          Boundary::Boundary_ClearSelection: [level] Unselect all grid variables for boundary conditions
      GROUP CalcNPEMGScalars_BC: Boundary conditions
        NPScalars_EMG::NPEMG_Boundaries: [level] Symmetry boundary conditions
        GROUP ApplyBCs_NPEMG: Apply boundary conditions
          GROUP BoundaryConditions: Execute all boundary conditions
            Boundary::Boundary_ApplyPhysicalBCs: Apply all requested local physical boundary conditions
            CartGrid3D::CartGrid3D_ApplyBC: Apply symmetry boundary conditions
            ReflectionSymmetry::ReflectionSymmetry_Apply: Apply reflection symmetries
          Boundary::Boundary_ClearSelection: [level] Unselect all grid variables for boundary conditions
      SpaceMask::MaskOne: Set mask to one
      AHFinderDirect::AHFinderDirect_maybe_do_masks: set mask(s) based on apparent horizon position(s)
    Rotate timelevels
    iteration = iteration+1
    t = t+dt
    [CCTK_PRESTEP]
      CoordGauge::Einstein_SetNextSlicing: Identify the slicing for the next iteration
      LoopControl::LC_steer: [meta] Update LoopControl algorithm preferences
      NaNChecker::NaNChecker_ResetCounter: [global] Reset the NaNChecker::NaNsFound counter
    [CCTK_EVOL]
      MoL::MoL_StartLoop: [level] Initialise the step size control
      while (MoL::MoL_Stepsize_Bad)
        GROUP MoL_Evolution: A single Cactus evolution step using MoL
          GROUP MoL_StartStep: MoL internal setup for the evolution step
            MoL::MoL_SetCounter: [level] Set the counter for the ODE method to loop over
            MoL::MoL_SetTime: [level] Ensure the correct time and timestep are used
            MoL::MoL_AllocateScratchSpace: [level] Allocate storage for scratch levels
          GROUP MoL_PreStep: Physics thorns can schedule preloop setup routines in here
          MoL::MoL_AllocateScratch: Allocate sufficient space for array scratch variables
          MoL::MoL_InitialCopy: Ensure the data is in the correct timelevel
          while (MoL::MoL_Intermediate_Step)
            GROUP MoL_Step: The loop over the intermediate steps for the ODE integrator
              MoL::MoL_InitRHS: Initialise the RHS functions
              GROUP MoL_CalcRHS: Physics thorns schedule the calculation of the discrete spatial operator in here
                EMGEvolve::EMG_CalcRHS: MoL RHS calculation for EMG variables
                EMGEvolve::EMG_CalcRHS_Bdry: MoL boundary RHS calculation for EMG variables
                GROUP ML_CCZ4_EvolutionInteriorSplitBy: 
                  ML_CCZ4::ML_CCZ4_EvolutionInteriorSplitBy1: ML_CCZ4_EvolutionInteriorSplitBy1
                  ML_CCZ4::ML_CCZ4_EvolutionInteriorSplitBy2: ML_CCZ4_EvolutionInteriorSplitBy2
                  ML_CCZ4::ML_CCZ4_EvolutionInteriorSplitBy3: ML_CCZ4_EvolutionInteriorSplitBy3
                ML_CCZ4_Helper::ML_CCZ4_NewRad: Apply NewRad boundary conditions to RHS
              GROUP MoL_PostRHS: Modify RHS functions
                Dissipation::dissipation_add: Add Kreiss-Oliger dissipation to the right hand sides
              GROUP MoL_RHSBoundaries: Any 'final' modifications to the RHS functions (boundaries etc.)
              MoL::MoL_Add: Updates calculated with the efficient Runge-Kutta 4 method
              MoL::MoL_DecrementCounter: [level] Alter the counter number
              MoL::MoL_ResetTime: [level] If necessary, change the time
              GROUP MoL_PostStepModify: The group for physics thorns to schedule enforcing constraints
                ML_CCZ4::ML_CCZ4_EnforceEverywhere: ML_CCZ4_EnforceEverywhere
              GROUP MoL_PostStep: The group for physics thorns to schedule boundary calls etc.
                ML_CCZ4::ML_CCZ4_SelectBoundConds: [level] select boundary conditions
                EMGEvolve::EMG_Boundaries: [level] MoL boundary enforcement for EMG variables
                GROUP EMG_ApplyBCs: Apply boundary conditions
                  GROUP BoundaryConditions: Execute all boundary conditions
                    Boundary::Boundary_ApplyPhysicalBCs: Apply all requested local physical boundary conditions
                    CartGrid3D::CartGrid3D_ApplyBC: Apply symmetry boundary conditions
                    ReflectionSymmetry::ReflectionSymmetry_Apply: Apply reflection symmetries
                  Boundary::Boundary_ClearSelection: [level] Unselect all grid variables for boundary conditions
                GROUP ML_CCZ4_ApplyBCs: Apply boundary conditions controlled by thorn Boundary
                  GROUP BoundaryConditions: Execute all boundary conditions
                    Boundary::Boundary_ApplyPhysicalBCs: Apply all requested local physical boundary conditions
                    CartGrid3D::CartGrid3D_ApplyBC: Apply symmetry boundary conditions
                    ReflectionSymmetry::ReflectionSymmetry_Apply: Apply reflection symmetries
                  Boundary::Boundary_ClearSelection: [level] Unselect all grid variables for boundary conditions
                ML_CCZ4::ML_CCZ4_ADMBaseInterior: ML_CCZ4_ADMBaseInterior
                ML_CCZ4::ML_CCZ4_ADMBaseBoundaryScalar: ML_CCZ4_ADMBaseBoundaryScalar
                ML_CCZ4::ML_CCZ4_ADMBaseEverywhere: ML_CCZ4_ADMBaseEverywhere
                ML_CCZ4_Helper::ML_CCZ4_ADMBase_SelectBCs: [level] Select boundary conditions for ADMBase variables
                GROUP ML_CCZ4_ADMBase_ApplyBCs: Apply boundary conditions to ADMBase variables
                  GROUP BoundaryConditions: Execute all boundary conditions
                    Boundary::Boundary_ApplyPhysicalBCs: Apply all requested local physical boundary conditions
                    CartGrid3D::CartGrid3D_ApplyBC: Apply symmetry boundary conditions
                    ReflectionSymmetry::ReflectionSymmetry_Apply: Apply reflection symmetries
                  Boundary::Boundary_ClearSelection: [level] Unselect all grid variables for boundary conditions
                GROUP ADMBase_SetADMVars: Set the ADM variables before this group, and use them afterwards
                GROUP SetTmunu: Group for calculating the stress-energy tensor
                  TmunuBase::TmunuBase_ZeroTmunu: Initialise the stress-energy tensor to zero
                  GROUP AddToTmunu: Add to the stress-energy tensor here
                    EMGEvolve::EMG_AddToTmunu: Compute the energy-momentum tensor
              MoL::MoL_ResetDeltaTime: [level] If necessary, change the timestep
          end while
          MoL::MoL_FinishLoop: [level] Control the step size
          MoL::MoL_RestoreSandR: Restoring the Save and Restore variables to the original state
          MoL::MoL_FreeScratchSpace: [level] Free storage for scratch levels
      end while
      GROUP MoL_PseudoEvolution: Calculate pseudo-evolved quantities
        GROUP ADMBase_SetADMVars: Set the ADM variables before this group, and use them afterwards
        GROUP ML_CCZ4_ConstraintsEverywhere_group: ML_CCZ4_ConstraintsEverywhere
          ML_CCZ4::ML_CCZ4_ConstraintsEverywhere: ML_CCZ4_ConstraintsEverywhere
          GROUP ML_CCZ4_ConstraintsEverywhere_bc_group: ML_CCZ4_ConstraintsEverywhere
            ML_CCZ4::ML_CCZ4_ConstraintsEverywhere_SelectBCs: [level] ML_CCZ4_ConstraintsEverywhere_SelectBCs
            GROUP ML_CCZ4_ConstraintsEverywhere_ApplyBCs: Apply BCs for groups set in ML_CCZ4_ConstraintsEverywhere
              GROUP BoundaryConditions: Execute all boundary conditions
                Boundary::Boundary_ApplyPhysicalBCs: Apply all requested local physical boundary conditions
                CartGrid3D::CartGrid3D_ApplyBC: Apply symmetry boundary conditions
                ReflectionSymmetry::ReflectionSymmetry_Apply: Apply reflection symmetries
              Boundary::Boundary_ClearSelection: [level] Unselect all grid variables for boundary conditions
        GROUP ML_CCZ4_ConstraintsInterior_group: ML_CCZ4_ConstraintsInterior
          ML_CCZ4::ML_CCZ4_ConstraintsInterior: ML_CCZ4_ConstraintsInterior
          GROUP ML_CCZ4_ConstraintsInterior_bc_group: ML_CCZ4_ConstraintsInterior
            ML_CCZ4::ML_CCZ4_ConstraintsInterior_SelectBCs: [level] ML_CCZ4_ConstraintsInterior_SelectBCs
            GROUP ML_CCZ4_ConstraintsInterior_ApplyBCs: Apply BCs for groups set in ML_CCZ4_ConstraintsInterior
              GROUP BoundaryConditions: Execute all boundary conditions
                Boundary::Boundary_ApplyPhysicalBCs: Apply all requested local physical boundary conditions
                CartGrid3D::CartGrid3D_ApplyBC: Apply symmetry boundary conditions
                ReflectionSymmetry::ReflectionSymmetry_Apply: Apply reflection symmetries
              Boundary::Boundary_ClearSelection: [level] Unselect all grid variables for boundary conditions
        GROUP CalcNPScalars: Calculate NPScalars
          NPScalars::NP_calcPsiGF: [local] calculate Psi4 as grid function
          GROUP CalcNPScalars_BC: Boundary conditions
            NPScalars::NPboundaries: [level] Symmetry boundary conditions
            GROUP ApplyBCs_NP: Apply boundary conditions
              GROUP BoundaryConditions: Execute all boundary conditions
                Boundary::Boundary_ApplyPhysicalBCs: Apply all requested local physical boundary conditions
                CartGrid3D::CartGrid3D_ApplyBC: Apply symmetry boundary conditions
                ReflectionSymmetry::ReflectionSymmetry_Apply: Apply reflection symmetries
              Boundary::Boundary_ClearSelection: [level] Unselect all grid variables for boundary conditions
      PunctureTracker::PunctureTracker_Track: [global] Calculate new location of punctures
    Evolve finer grids recursively
    Restrict from finer grids
    [CCTK_POSTRESTRICT]
      GROUP MoL_PostStep: Ensure that everything is correct after restriction
        ML_CCZ4::ML_CCZ4_SelectBoundConds: [level] select boundary conditions
        EMGEvolve::EMG_Boundaries: [level] MoL boundary enforcement for EMG variables
        GROUP EMG_ApplyBCs: Apply boundary conditions
          GROUP BoundaryConditions: Execute all boundary conditions
            Boundary::Boundary_ApplyPhysicalBCs: Apply all requested local physical boundary conditions
            CartGrid3D::CartGrid3D_ApplyBC: Apply symmetry boundary conditions
            ReflectionSymmetry::ReflectionSymmetry_Apply: Apply reflection symmetries
          Boundary::Boundary_ClearSelection: [level] Unselect all grid variables for boundary conditions
        GROUP ML_CCZ4_ApplyBCs: Apply boundary conditions controlled by thorn Boundary
          GROUP BoundaryConditions: Execute all boundary conditions
            Boundary::Boundary_ApplyPhysicalBCs: Apply all requested local physical boundary conditions
            CartGrid3D::CartGrid3D_ApplyBC: Apply symmetry boundary conditions
            ReflectionSymmetry::ReflectionSymmetry_Apply: Apply reflection symmetries
          Boundary::Boundary_ClearSelection: [level] Unselect all grid variables for boundary conditions
        ML_CCZ4::ML_CCZ4_ADMBaseInterior: ML_CCZ4_ADMBaseInterior
        ML_CCZ4::ML_CCZ4_ADMBaseBoundaryScalar: ML_CCZ4_ADMBaseBoundaryScalar
        ML_CCZ4::ML_CCZ4_ADMBaseEverywhere: ML_CCZ4_ADMBaseEverywhere
        ML_CCZ4_Helper::ML_CCZ4_ADMBase_SelectBCs: [level] Select boundary conditions for ADMBase variables
        GROUP ML_CCZ4_ADMBase_ApplyBCs: Apply boundary conditions to ADMBase variables
          GROUP BoundaryConditions: Execute all boundary conditions
            Boundary::Boundary_ApplyPhysicalBCs: Apply all requested local physical boundary conditions
            CartGrid3D::CartGrid3D_ApplyBC: Apply symmetry boundary conditions
            ReflectionSymmetry::ReflectionSymmetry_Apply: Apply reflection symmetries
          Boundary::Boundary_ClearSelection: [level] Unselect all grid variables for boundary conditions
        GROUP ADMBase_SetADMVars: Set the ADM variables before this group, and use them afterwards
        GROUP SetTmunu: Group for calculating the stress-energy tensor
          TmunuBase::TmunuBase_ZeroTmunu: Initialise the stress-energy tensor to zero
          GROUP AddToTmunu: Add to the stress-energy tensor here
            EMGEvolve::EMG_AddToTmunu: Compute the energy-momentum tensor
      GROUP MoL_PseudoEvolutionBoundaries: Apply boundary conditions to pseudo-evolved quantities
        GROUP ML_CCZ4_ConstraintsEverywhere_bc_group: ML_CCZ4_ConstraintsEverywhere
          ML_CCZ4::ML_CCZ4_ConstraintsEverywhere_SelectBCs: [level] ML_CCZ4_ConstraintsEverywhere_SelectBCs
          GROUP ML_CCZ4_ConstraintsEverywhere_ApplyBCs: Apply BCs for groups set in ML_CCZ4_ConstraintsEverywhere
            GROUP BoundaryConditions: Execute all boundary conditions
              Boundary::Boundary_ApplyPhysicalBCs: Apply all requested local physical boundary conditions
              CartGrid3D::CartGrid3D_ApplyBC: Apply symmetry boundary conditions
              ReflectionSymmetry::ReflectionSymmetry_Apply: Apply reflection symmetries
            Boundary::Boundary_ClearSelection: [level] Unselect all grid variables for boundary conditions
        GROUP ML_CCZ4_ConstraintsInterior_bc_group: ML_CCZ4_ConstraintsInterior
          ML_CCZ4::ML_CCZ4_ConstraintsInterior_SelectBCs: [level] ML_CCZ4_ConstraintsInterior_SelectBCs
          GROUP ML_CCZ4_ConstraintsInterior_ApplyBCs: Apply BCs for groups set in ML_CCZ4_ConstraintsInterior
            GROUP BoundaryConditions: Execute all boundary conditions
              Boundary::Boundary_ApplyPhysicalBCs: Apply all requested local physical boundary conditions
              CartGrid3D::CartGrid3D_ApplyBC: Apply symmetry boundary conditions
              ReflectionSymmetry::ReflectionSymmetry_Apply: Apply reflection symmetries
            Boundary::Boundary_ClearSelection: [level] Unselect all grid variables for boundary conditions
      GROUP CalcNPScalars_BC: Boundary conditions
        NPScalars::NPboundaries: [level] Symmetry boundary conditions
        GROUP ApplyBCs_NP: Apply boundary conditions
          GROUP BoundaryConditions: Execute all boundary conditions
            Boundary::Boundary_ApplyPhysicalBCs: Apply all requested local physical boundary conditions
            CartGrid3D::CartGrid3D_ApplyBC: Apply symmetry boundary conditions
            ReflectionSymmetry::ReflectionSymmetry_Apply: Apply reflection symmetries
          Boundary::Boundary_ClearSelection: [level] Unselect all grid variables for boundary conditions
      GROUP CalcNPEMGScalars_BC: Boundary conditions
        NPScalars_EMG::NPEMG_Boundaries: [level] Symmetry boundary conditions
        GROUP ApplyBCs_NPEMG: Apply boundary conditions
          GROUP BoundaryConditions: Execute all boundary conditions
            Boundary::Boundary_ApplyPhysicalBCs: Apply all requested local physical boundary conditions
            CartGrid3D::CartGrid3D_ApplyBC: Apply symmetry boundary conditions
            ReflectionSymmetry::ReflectionSymmetry_Apply: Apply reflection symmetries
          Boundary::Boundary_ClearSelection: [level] Unselect all grid variables for boundary conditions
    [CCTK_POSTSTEP]
      AHFinderDirect::AHFinderDirect_import_mask: [global] [loop-local] import the excision mask
      AHFinderDirect::AHFinderDirect_find_horizons: [global] find apparent horizon(s) after this time step
      AHFinderDirect::AHFinderDirect_store: [global] store apparent horizon(s) into spherical surface(s)
      AHFinderDirect::AHFinderDirect_save: [global] save apparent horizon(s) into Cactus variables
      AHFinderDirect::AHFinderDirect_maybe_do_masks: set mask(s) based on apparent horizon position(s)
      SphericalSurface::SphericalSurface_Set: [global] Set surface radii
      GROUP SphericalSurface_HasBeenSet: Set the spherical surfaces before this group, and use it afterwards
        SphericalSurface::SphericalSurface_CheckState: [global] Test the state of the spherical surfaces
      GROUP zzz_NaNChecker_NaNCheck: Check for NaNs and count them in NaNChecker::NaNsFound
        NaNChecker::NaNChecker_NaNCheck_Prepare: [level] Prepare data structures to check for NaNs
        NaNChecker::NaNChecker_NaNCheck_Check: [local] Check for NaNs
        NaNChecker::NaNChecker_NaNCheck_Finish: [level] Count NaNs in NaNChecker::NaNsFound
      NaNChecker::NaNChecker_TakeAction: [global] [loop-level] Output NaNChecker::NaNmask and take action according to NaNChecker::action_if_found
      PunctureTracker::PunctureTracker_SetPositions: [global] Copy puncture positions to spherical surfaces
      SpaceMask::CheckMask: Ensure that all mask values are legal
      Dissipation::setup_epsdis: Setup spatially varying dissipation
      GROUP MaskBase_SetupMask: Set up the weight function
        GROUP MaskBase_SetupMaskAll: Set up the weight function
          CarpetReduce::MaskBase_AllocateMask: [global] Allocate the weight function
          CarpetReduce::MaskBase_InitMask: [global] [loop-local] Initialise the weight function
          GROUP SetupIMaskInternal: Set up the integer weight function (schedule other routines in here)
            CarpetReduce::CoordBase_SetupMask: [global] [loop-local] Set up the outer boundaries of the weight function
            CarpetReduce::CarpetMaskSetup: [global] [loop-singlemap] Set up the weight function for the restriction regions
          GROUP SetupIMask: Set up the integer weight function (schedule other routines in here)
            CarpetMask::CarpetExcludedSetup: [global] [loop-local] Set up the weight function for the excluded regions
            CarpetMask::CarpetSurfaceSetup: [global] [loop-local] Set up the weight function for the excluded spherical surfaces
          CarpetReduce::MaskBase_SetMask: [global] [loop-local] Set the weight function
          GROUP SetupMask: Set up the real weight function (schedule other routines in here)
          CarpetReduce::MaskBase_TestMask: [global] Test the weight function
    if (checkpoint)
      [CCTK_CHECKPOINT]
      CarpetIOHDF5::CarpetIOHDF5_EvolutionCheckpoint: [meta] Evolution checkpoint routine
      TimerReport::zzz_TimerReport_Checkpoint: [global] Print the timer report
    endif
    if (analysis)
      [CCTK_ANALYSIS]
      CarpetLib::CarpetLib_printtimestats: [global] Print timing statistics if desired
      CarpetLib::CarpetLib_printmemstats: [global] Print memory statistics if desired
      GROUP EMG_constraints: Group to compute constraints
        EMGEvolve::EMG_constraints: Compute constraints
        EMGEvolve::EMG_constraints_boundaries: [level] Enforce symmetry BCs in constraint computation
        GROUP EMG_constraints_ApplyBCs: Apply boundary conditions
          GROUP BoundaryConditions: Execute all boundary conditions
            Boundary::Boundary_ApplyPhysicalBCs: Apply all requested local physical boundary conditions
            CartGrid3D::CartGrid3D_ApplyBC: Apply symmetry boundary conditions
            ReflectionSymmetry::ReflectionSymmetry_Apply: Apply reflection symmetries
          Boundary::Boundary_ClearSelection: [level] Unselect all grid variables for boundary conditions
      LoopControl::LC_statistics_analysis: [meta] Output LoopControl statistics
      GROUP ML_CCZ4_EvolutionAnalysis: Calculate RHS at analysis
        ML_CCZ4::ML_CCZ4_EvolutionAnalysisInit: ML_CCZ4_EvolutionAnalysisInit
        ML_CCZ4::ML_CCZ4_EvolutionAnalysisInterior: ML_CCZ4_EvolutionAnalysisInterior
        ML_CCZ4_Helper::ML_CCZ4_NewRad: Apply NewRad boundary conditions to RHS
      Multipole::Multipole_Calc: [global] Calculate Multipoles
      GROUP CalcNPEMGScalars: Calculate NPScalars
        NPScalars_EMG::NPEMG_calcPsiGF: [local] calculate grid functions
        GROUP CalcNPEMGScalars_BC: Boundary conditions
          NPScalars_EMG::NPEMG_Boundaries: [level] Symmetry boundary conditions
          GROUP ApplyBCs_NPEMG: Apply boundary conditions
            GROUP BoundaryConditions: Execute all boundary conditions
              Boundary::Boundary_ApplyPhysicalBCs: Apply all requested local physical boundary conditions
              CartGrid3D::CartGrid3D_ApplyBC: Apply symmetry boundary conditions
              ReflectionSymmetry::ReflectionSymmetry_Apply: Apply reflection symmetries
            Boundary::Boundary_ClearSelection: [level] Unselect all grid variables for boundary conditions
      QuasiLocalMeasures::qlm_calculate: [global] Calculate quasi-local quantities
      SystemStatistics::SystemStatistics_Collect: [global] Collect system statistics
      TerminationTrigger::TerminationTrigger_CheckWalltime: Check elapsed job walltime
      TerminationTrigger::TerminationTrigger_CheckSignal: Check if we received a termination signal
      TerminationTrigger::TerminationTrigger_CheckFile: Check termination file
      TimerReport::zzz_TimerReport_Output: [global] Print the timer report
    endif
    Output grid variables
    enddo

  Termination routines
    [CCTK_TERMINATE]
      CarpetIOHDF5::CarpetIOHDF5_TerminationCheckpoint: [meta] Termination checkpoint routine
      LoopControl::LC_statistics_terminate: [meta] Output LoopControl statistics
      MoL::MoL_FreeIndexArrays: Free the MoL bookkeeping index arrays
      TimerReport::zzz_TimerReport_Output: [global] Print the timer report

  Shutdown routines
    [CCTK_SHUTDOWN]
      Timers::Timer_Shutdown: Prepare hierarchical timers

  Routines run after changing the grid hierarchy:
    [CCTK_POSTREGRID]
      SpaceMask::MaskZero: Initialise mask to zero
      CartGrid3D::SpatialCoordinates: Set Coordinates after regridding
      GROUP MaskBase_SetupMask: Set up the weight function
        GROUP MaskBase_SetupMaskAll: Set up the weight function
          CarpetReduce::MaskBase_AllocateMask: [global] Allocate the weight function
          CarpetReduce::MaskBase_InitMask: [global] [loop-local] Initialise the weight function
          GROUP SetupIMaskInternal: Set up the integer weight function (schedule other routines in here)
            CarpetReduce::CoordBase_SetupMask: [global] [loop-local] Set up the outer boundaries of the weight function
            CarpetReduce::CarpetMaskSetup: [global] [loop-singlemap] Set up the weight function for the restriction regions
          GROUP SetupIMask: Set up the integer weight function (schedule other routines in here)
            CarpetMask::CarpetExcludedSetup: [global] [loop-local] Set up the weight function for the excluded regions
            CarpetMask::CarpetSurfaceSetup: [global] [loop-local] Set up the weight function for the excluded spherical surfaces
          CarpetReduce::MaskBase_SetMask: [global] [loop-local] Set the weight function
          GROUP SetupMask: Set up the real weight function (schedule other routines in here)
          CarpetReduce::MaskBase_TestMask: [global] Test the weight function
      Dissipation::setup_epsdis: Setup spatially varying dissipation
      GROUP MoL_PostStep: Ensure that everything is correct after regridding
        ML_CCZ4::ML_CCZ4_SelectBoundConds: [level] select boundary conditions
        EMGEvolve::EMG_Boundaries: [level] MoL boundary enforcement for EMG variables
        GROUP EMG_ApplyBCs: Apply boundary conditions
          GROUP BoundaryConditions: Execute all boundary conditions
            Boundary::Boundary_ApplyPhysicalBCs: Apply all requested local physical boundary conditions
            CartGrid3D::CartGrid3D_ApplyBC: Apply symmetry boundary conditions
            ReflectionSymmetry::ReflectionSymmetry_Apply: Apply reflection symmetries
          Boundary::Boundary_ClearSelection: [level] Unselect all grid variables for boundary conditions
        GROUP ML_CCZ4_ApplyBCs: Apply boundary conditions controlled by thorn Boundary
          GROUP BoundaryConditions: Execute all boundary conditions
            Boundary::Boundary_ApplyPhysicalBCs: Apply all requested local physical boundary conditions
            CartGrid3D::CartGrid3D_ApplyBC: Apply symmetry boundary conditions
            ReflectionSymmetry::ReflectionSymmetry_Apply: Apply reflection symmetries
          Boundary::Boundary_ClearSelection: [level] Unselect all grid variables for boundary conditions
        ML_CCZ4::ML_CCZ4_ADMBaseInterior: ML_CCZ4_ADMBaseInterior
        ML_CCZ4::ML_CCZ4_ADMBaseBoundaryScalar: ML_CCZ4_ADMBaseBoundaryScalar
        ML_CCZ4::ML_CCZ4_ADMBaseEverywhere: ML_CCZ4_ADMBaseEverywhere
        ML_CCZ4_Helper::ML_CCZ4_ADMBase_SelectBCs: [level] Select boundary conditions for ADMBase variables
        GROUP ML_CCZ4_ADMBase_ApplyBCs: Apply boundary conditions to ADMBase variables
          GROUP BoundaryConditions: Execute all boundary conditions
            Boundary::Boundary_ApplyPhysicalBCs: Apply all requested local physical boundary conditions
            CartGrid3D::CartGrid3D_ApplyBC: Apply symmetry boundary conditions
            ReflectionSymmetry::ReflectionSymmetry_Apply: Apply reflection symmetries
          Boundary::Boundary_ClearSelection: [level] Unselect all grid variables for boundary conditions
        GROUP ADMBase_SetADMVars: Set the ADM variables before this group, and use them afterwards
        GROUP SetTmunu: Group for calculating the stress-energy tensor
          TmunuBase::TmunuBase_ZeroTmunu: Initialise the stress-energy tensor to zero
          GROUP AddToTmunu: Add to the stress-energy tensor here
            EMGEvolve::EMG_AddToTmunu: Compute the energy-momentum tensor
      GROUP MoL_PseudoEvolutionBoundaries: Apply boundary conditions to pseudo-evolved quantities
        GROUP ML_CCZ4_ConstraintsEverywhere_bc_group: ML_CCZ4_ConstraintsEverywhere
          ML_CCZ4::ML_CCZ4_ConstraintsEverywhere_SelectBCs: [level] ML_CCZ4_ConstraintsEverywhere_SelectBCs
          GROUP ML_CCZ4_ConstraintsEverywhere_ApplyBCs: Apply BCs for groups set in ML_CCZ4_ConstraintsEverywhere
            GROUP BoundaryConditions: Execute all boundary conditions
              Boundary::Boundary_ApplyPhysicalBCs: Apply all requested local physical boundary conditions
              CartGrid3D::CartGrid3D_ApplyBC: Apply symmetry boundary conditions
              ReflectionSymmetry::ReflectionSymmetry_Apply: Apply reflection symmetries
            Boundary::Boundary_ClearSelection: [level] Unselect all grid variables for boundary conditions
        GROUP ML_CCZ4_ConstraintsInterior_bc_group: ML_CCZ4_ConstraintsInterior
          ML_CCZ4::ML_CCZ4_ConstraintsInterior_SelectBCs: [level] ML_CCZ4_ConstraintsInterior_SelectBCs
          GROUP ML_CCZ4_ConstraintsInterior_ApplyBCs: Apply BCs for groups set in ML_CCZ4_ConstraintsInterior
            GROUP BoundaryConditions: Execute all boundary conditions
              Boundary::Boundary_ApplyPhysicalBCs: Apply all requested local physical boundary conditions
              CartGrid3D::CartGrid3D_ApplyBC: Apply symmetry boundary conditions
              ReflectionSymmetry::ReflectionSymmetry_Apply: Apply reflection symmetries
            Boundary::Boundary_ClearSelection: [level] Unselect all grid variables for boundary conditions
      GROUP CalcNPScalars_BC: Boundary conditions
        NPScalars::NPboundaries: [level] Symmetry boundary conditions
        GROUP ApplyBCs_NP: Apply boundary conditions
          GROUP BoundaryConditions: Execute all boundary conditions
            Boundary::Boundary_ApplyPhysicalBCs: Apply all requested local physical boundary conditions
            CartGrid3D::CartGrid3D_ApplyBC: Apply symmetry boundary conditions
            ReflectionSymmetry::ReflectionSymmetry_Apply: Apply reflection symmetries
          Boundary::Boundary_ClearSelection: [level] Unselect all grid variables for boundary conditions
      GROUP CalcNPEMGScalars_BC: Boundary conditions
        NPScalars_EMG::NPEMG_Boundaries: [level] Symmetry boundary conditions
        GROUP ApplyBCs_NPEMG: Apply boundary conditions
          GROUP BoundaryConditions: Execute all boundary conditions
            Boundary::Boundary_ApplyPhysicalBCs: Apply all requested local physical boundary conditions
            CartGrid3D::CartGrid3D_ApplyBC: Apply symmetry boundary conditions
            ReflectionSymmetry::ReflectionSymmetry_Apply: Apply reflection symmetries
          Boundary::Boundary_ClearSelection: [level] Unselect all grid variables for boundary conditions
      SpaceMask::MaskOne: Set mask to one
      AHFinderDirect::AHFinderDirect_maybe_do_masks: set mask(s) based on apparent horizon position(s)
--------------------------------------------------------------------------------
INFO (Carpet): Multi-Model listing:
   model 0: "world"
INFO (Carpet): Multi-Model process distribution:
   processes 0-223: model 0 "world"
INFO (Carpet): Multi-Model: This is process 0, model 0 "world"
INFO (CarpetLib): Process startup time was 32.3 seconds
Current core file size limit: hard=[unlimited], soft=0 MB
Current addres space size limit: hard=[unlimited], soft=[unlimited]
Current data segment size limit: hard=[unlimited], soft=[unlimited]
Current resident set size limit: hard=224000 MB, soft=224000 MB
INFO (CycleClock): Measuring CycleClock tick via OpenMP...
INFO (CycleClock): Calibrated CycleClock: 0.499986 ns per clock tick (2.00005 GHz)
INFO (Vectors): Using vector size 1 for architecture scalar (no vectorisation, 64-bit precision)
INFO (hwloc): library version 2.10.0rc3-git, API version 0x20800
--------------------------------------------------------------------------------
AMR driver provided by Carpet
--------------------------------------------------------------------------------
AMR 0D ASCII I/O provided by CarpetIOASCII
--------------------------------------------------------------------------------
AMR 1D ASCII I/O provided by CarpetIOASCII
--------------------------------------------------------------------------------
AMR 2D ASCII I/O provided by CarpetIOASCII
--------------------------------------------------------------------------------
AMR 3D ASCII I/O provided by CarpetIOASCII
--------------------------------------------------------------------------------
AMR info I/O provided by CarpetIOBasic
--------------------------------------------------------------------------------
ML_CCZ4
--------------------------------------------------------------------------------
AMR HDF5 I/O provided by CarpetIOHDF5
--------------------------------------------------------------------------------
AMR 0D HDF5 I/O provided by CarpetIOHDF5
--------------------------------------------------------------------------------
AMR 1D HDF5 I/O provided by CarpetIOHDF5
--------------------------------------------------------------------------------
AMR 2D HDF5 I/O provided by CarpetIOHDF5
--------------------------------------------------------------------------------
AMR 3D HDF5 I/O provided by CarpetIOHDF5
--------------------------------------------------------------------------------
MoL: Generalized time integration.
--------------------------------------------------------------------------------
AMR scalar I/O provided by CarpetIOScalar
--------------------------------------------------------------------------------

INFO (Carpet): MPI is enabled
INFO (Carpet): Carpet is running on 224 processes
INFO (Carpet): This is process 0
INFO (Carpet): OpenMP is enabled
INFO (Carpet): This process contains 1 threads, this is thread 0
INFO (Carpet): There are 224 threads in total
INFO (Carpet): There are 1 threads per process
INFO (Carpet): This process runs on host gs13r1b53, pid=1322922
INFO (Carpet): This process runs on 224 cores: 0-223
INFO (Carpet): Thread 0 runs on 224 cores: 0-223
INFO (Carpet): This simulation is running in 3 dimensions
INFO (Carpet): Boundary specification for map 0:
   nboundaryzones: [[3,3,3],[3,3,3]]
   is_internal   : [[0,0,0],[0,0,0]]
   is_staggered  : [[0,0,0],[0,0,0]]
   shiftout      : [[0,0,0],[0,0,0]]
INFO (Carpet): CoordBase domain specification for map 0:
   physical extent: [-1020,-1020,-1020] : [1020,1020,1020]   ([2040,2040,2040])
   interior extent: [-1015,-1015,-1015] : [1015,1015,1015]   ([2030,2030,2030])
   exterior extent: [-1030,-1030,-1030] : [1030,1030,1030]   ([2060,2060,2060])
   base_spacing   : [5,5,5]
INFO (Carpet): Adapted domain specification for map 0:
   convergence factor: 2
   convergence level : 0
   physical extent   : [-1020,-1020,-1020] : [1020,1020,1020]   ([2040,2040,2040])
   interior extent   : [-1015,-1015,-1015] : [1015,1015,1015]   ([2030,2030,2030])
   exterior extent   : [-1030,-1030,-1030] : [1030,1030,1030]   ([2060,2060,2060])
   spacing           : [5,5,5]
INFO (Carpet): Base grid specification for map 0:
   number of grid points             : [413,413,413]
   number of coarse grid ghost points: [[3,3,3],[3,3,3]]
INFO (Carpet): Buffer zone counts (excluding ghosts):
   [0]: [[0,0,0],[0,0,0]]
   [1]: [[9,9,9],[9,9,9]]
   [2]: [[9,9,9],[9,9,9]]
   [3]: [[9,9,9],[9,9,9]]
   [4]: [[9,9,9],[9,9,9]]
   [5]: [[9,9,9],[9,9,9]]
   [6]: [[9,9,9],[9,9,9]]
   [7]: [[9,9,9],[9,9,9]]
   [8]: [[9,9,9],[9,9,9]]
INFO (Carpet): Overlap zone counts:
   [0]: [[0,0,0],[0,0,0]]
   [1]: [[0,0,0],[0,0,0]]
   [2]: [[0,0,0],[0,0,0]]
   [3]: [[0,0,0],[0,0,0]]
   [4]: [[0,0,0],[0,0,0]]
   [5]: [[0,0,0],[0,0,0]]
   [6]: [[0,0,0],[0,0,0]]
   [7]: [[0,0,0],[0,0,0]]
   [8]: [[0,0,0],[0,0,0]]
INFO (Carpet): Group and variable statistics:
INFO (Carpet):    There are 870 grid functions in 80 groups
INFO (Carpet):    There are 1158 grid scalars in 73 groups
INFO (Carpet):    There are 111 1-dimensional grid arrays in 10 groups
INFO (Carpet):    There are 416 2-dimensional grid arrays in 18 groups
INFO (Carpet):    There are 6 3-dimensional grid arrays in 1 groups
INFO (Carpet):    (The number of variables counts all time levels)
INFO (CarpetIOASCII): I/O Method 'IOASCII_0D' registered: 0D AMR output of grid variables to ASCII files
INFO (CarpetIOASCII): Periodic 0D AMR output requested for:
   CARPET::physical_time_per_hour
   CARPET::current_physical_time_per_hour
   CARPET::time_total
   CARPET::time_evolution
   CARPET::time_computing
   CARPET::time_communicating
   CARPET::time_io
   CARPET::evolution_steps_count
   CARPET::local_grid_points_per_second
   CARPET::total_grid_points_per_second
   CARPET::local_grid_point_updates_count
   CARPET::total_grid_point_updates_count
   CARPET::local_interior_points_per_second
   CARPET::total_interior_points_per_second
   CARPET::local_interior_point_updates_count
   CARPET::total_interior_point_updates_count
   CARPET::io_per_second
   CARPET::io_bytes_per_second
   CARPET::io_bytes_ascii_per_second
   CARPET::io_bytes_binary_per_second
   CARPET::io_count
   CARPET::io_bytes_count
   CARPET::io_bytes_ascii_count
   CARPET::io_bytes_binary_count
   CARPET::comm_per_second
   CARPET::comm_bytes_per_second
   CARPET::comm_count
   CARPET::comm_bytes_count
   CARPET::time_levels
   CARPET::current_walltime
   CARPET::syncs_count
   PUNCTURETRACKER::pt_loc_t[0]
   PUNCTURETRACKER::pt_loc_t[1]
   PUNCTURETRACKER::pt_loc_t[2]
   PUNCTURETRACKER::pt_loc_t[3]
   PUNCTURETRACKER::pt_loc_t[4]
   PUNCTURETRACKER::pt_loc_t[5]
   PUNCTURETRACKER::pt_loc_t[6]
   PUNCTURETRACKER::pt_loc_t[7]
   PUNCTURETRACKER::pt_loc_t[8]
   PUNCTURETRACKER::pt_loc_t[9]
   PUNCTURETRACKER::pt_loc_x[0]
   PUNCTURETRACKER::pt_loc_x[1]
   PUNCTURETRACKER::pt_loc_x[2]
   PUNCTURETRACKER::pt_loc_x[3]
   PUNCTURETRACKER::pt_loc_x[4]
   PUNCTURETRACKER::pt_loc_x[5]
   PUNCTURETRACKER::pt_loc_x[6]
   PUNCTURETRACKER::pt_loc_x[7]
   PUNCTURETRACKER::pt_loc_x[8]
   PUNCTURETRACKER::pt_loc_x[9]
   PUNCTURETRACKER::pt_loc_y[0]
   PUNCTURETRACKER::pt_loc_y[1]
   PUNCTURETRACKER::pt_loc_y[2]
   PUNCTURETRACKER::pt_loc_y[3]
   PUNCTURETRACKER::pt_loc_y[4]
   PUNCTURETRACKER::pt_loc_y[5]
   PUNCTURETRACKER::pt_loc_y[6]
   PUNCTURETRACKER::pt_loc_y[7]
   PUNCTURETRACKER::pt_loc_y[8]
   PUNCTURETRACKER::pt_loc_y[9]
   PUNCTURETRACKER::pt_loc_z[0]
   PUNCTURETRACKER::pt_loc_z[1]
   PUNCTURETRACKER::pt_loc_z[2]
   PUNCTURETRACKER::pt_loc_z[3]
   PUNCTURETRACKER::pt_loc_z[4]
   PUNCTURETRACKER::pt_loc_z[5]
   PUNCTURETRACKER::pt_loc_z[6]
   PUNCTURETRACKER::pt_loc_z[7]
   PUNCTURETRACKER::pt_loc_z[8]
   PUNCTURETRACKER::pt_loc_z[9]
   QUASILOCALMEASURES::qlm_time[0]
   QUASILOCALMEASURES::qlm_time[1]
   QUASILOCALMEASURES::qlm_time[2]
   QUASILOCALMEASURES::qlm_time[3]
   QUASILOCALMEASURES::qlm_time[4]
   QUASILOCALMEASURES::qlm_time[5]
   QUASILOCALMEASURES::qlm_equatorial_circumference[0]
   QUASILOCALMEASURES::qlm_equatorial_circumference[1]
   QUASILOCALMEASURES::qlm_equatorial_circumference[2]
   QUASILOCALMEASURES::qlm_equatorial_circumference[3]
   QUASILOCALMEASURES::qlm_equatorial_circumference[4]
   QUASILOCALMEASURES::qlm_equatorial_circumference[5]
   QUASILOCALMEASURES::qlm_polar_circumference_0[0]
   QUASILOCALMEASURES::qlm_polar_circumference_0[1]
   QUASILOCALMEASURES::qlm_polar_circumference_0[2]
   QUASILOCALMEASURES::qlm_polar_circumference_0[3]
   QUASILOCALMEASURES::qlm_polar_circumference_0[4]
   QUASILOCALMEASURES::qlm_polar_circumference_0[5]
   QUASILOCALMEASURES::qlm_polar_circumference_pi_2[0]
   QUASILOCALMEASURES::qlm_polar_circumference_pi_2[1]
   QUASILOCALMEASURES::qlm_polar_circumference_pi_2[2]
   QUASILOCALMEASURES::qlm_polar_circumference_pi_2[3]
   QUASILOCALMEASURES::qlm_polar_circumference_pi_2[4]
   QUASILOCALMEASURES::qlm_polar_circumference_pi_2[5]
   QUASILOCALMEASURES::qlm_area[0]
   QUASILOCALMEASURES::qlm_area[1]
   QUASILOCALMEASURES::qlm_area[2]
   QUASILOCALMEASURES::qlm_area[3]
   QUASILOCALMEASURES::qlm_area[4]
   QUASILOCALMEASURES::qlm_area[5]
   QUASILOCALMEASURES::qlm_irreducible_mass[0]
   QUASILOCALMEASURES::qlm_irreducible_mass[1]
   QUASILOCALMEASURES::qlm_irreducible_mass[2]
   QUASILOCALMEASURES::qlm_irreducible_mass[3]
   QUASILOCALMEASURES::qlm_irreducible_mass[4]
   QUASILOCALMEASURES::qlm_irreducible_mass[5]
   QUASILOCALMEASURES::qlm_radius[0]
   QUASILOCALMEASURES::qlm_radius[1]
   QUASILOCALMEASURES::qlm_radius[2]
   QUASILOCALMEASURES::qlm_radius[3]
   QUASILOCALMEASURES::qlm_radius[4]
   QUASILOCALMEASURES::qlm_radius[5]
   QUASILOCALMEASURES::qlm_spin_guess[0]
   QUASILOCALMEASURES::qlm_spin_guess[1]
   QUASILOCALMEASURES::qlm_spin_guess[2]
   QUASILOCALMEASURES::qlm_spin_guess[3]
   QUASILOCALMEASURES::qlm_spin_guess[4]
   QUASILOCALMEASURES::qlm_spin_guess[5]
   QUASILOCALMEASURES::qlm_mass_guess[0]
   QUASILOCALMEASURES::qlm_mass_guess[1]
   QUASILOCALMEASURES::qlm_mass_guess[2]
   QUASILOCALMEASURES::qlm_mass_guess[3]
   QUASILOCALMEASURES::qlm_mass_guess[4]
   QUASILOCALMEASURES::qlm_mass_guess[5]
   QUASILOCALMEASURES::qlm_killing_eigenvalue_re[0]
   QUASILOCALMEASURES::qlm_killing_eigenvalue_re[1]
   QUASILOCALMEASURES::qlm_killing_eigenvalue_re[2]
   QUASILOCALMEASURES::qlm_killing_eigenvalue_re[3]
   QUASILOCALMEASURES::qlm_killing_eigenvalue_re[4]
   QUASILOCALMEASURES::qlm_killing_eigenvalue_re[5]
   QUASILOCALMEASURES::qlm_killing_eigenvalue_im[0]
   QUASILOCALMEASURES::qlm_killing_eigenvalue_im[1]
   QUASILOCALMEASURES::qlm_killing_eigenvalue_im[2]
   QUASILOCALMEASURES::qlm_killing_eigenvalue_im[3]
   QUASILOCALMEASURES::qlm_killing_eigenvalue_im[4]
   QUASILOCALMEASURES::qlm_killing_eigenvalue_im[5]
   QUASILOCALMEASURES::qlm_spin[0]
   QUASILOCALMEASURES::qlm_spin[1]
   QUASILOCALMEASURES::qlm_spin[2]
   QUASILOCALMEASURES::qlm_spin[3]
   QUASILOCALMEASURES::qlm_spin[4]
   QUASILOCALMEASURES::qlm_spin[5]
   QUASILOCALMEASURES::qlm_npspin[0]
   QUASILOCALMEASURES::qlm_npspin[1]
   QUASILOCALMEASURES::qlm_npspin[2]
   QUASILOCALMEASURES::qlm_npspin[3]
   QUASILOCALMEASURES::qlm_npspin[4]
   QUASILOCALMEASURES::qlm_npspin[5]
   QUASILOCALMEASURES::qlm_wsspin[0]
   QUASILOCALMEASURES::qlm_wsspin[1]
   QUASILOCALMEASURES::qlm_wsspin[2]
   QUASILOCALMEASURES::qlm_wsspin[3]
   QUASILOCALMEASURES::qlm_wsspin[4]
   QUASILOCALMEASURES::qlm_wsspin[5]
   QUASILOCALMEASURES::qlm_cvspin[0]
   QUASILOCALMEASURES::qlm_cvspin[1]
   QUASILOCALMEASURES::qlm_cvspin[2]
   QUASILOCALMEASURES::qlm_cvspin[3]
   QUASILOCALMEASURES::qlm_cvspin[4]
   QUASILOCALMEASURES::qlm_cvspin[5]
   QUASILOCALMEASURES::qlm_coordspinx[0]
   QUASILOCALMEASURES::qlm_coordspinx[1]
   QUASILOCALMEASURES::qlm_coordspinx[2]
   QUASILOCALMEASURES::qlm_coordspinx[3]
   QUASILOCALMEASURES::qlm_coordspinx[4]
   QUASILOCALMEASURES::qlm_coordspinx[5]
   QUASILOCALMEASURES::qlm_coordspiny[0]
   QUASILOCALMEASURES::qlm_coordspiny[1]
   QUASILOCALMEASURES::qlm_coordspiny[2]
   QUASILOCALMEASURES::qlm_coordspiny[3]
   QUASILOCALMEASURES::qlm_coordspiny[4]
   QUASILOCALMEASURES::qlm_coordspiny[5]
   QUASILOCALMEASURES::qlm_coordspinz[0]
   QUASILOCALMEASURES::qlm_coordspinz[1]
   QUASILOCALMEASURES::qlm_coordspinz[2]
   QUASILOCALMEASURES::qlm_coordspinz[3]
   QUASILOCALMEASURES::qlm_coordspinz[4]
   QUASILOCALMEASURES::qlm_coordspinz[5]
   QUASILOCALMEASURES::qlm_mass[0]
   QUASILOCALMEASURES::qlm_mass[1]
   QUASILOCALMEASURES::qlm_mass[2]
   QUASILOCALMEASURES::qlm_mass[3]
   QUASILOCALMEASURES::qlm_mass[4]
   QUASILOCALMEASURES::qlm_mass[5]
   QUASILOCALMEASURES::qlm_adm_energy[0]
   QUASILOCALMEASURES::qlm_adm_energy[1]
   QUASILOCALMEASURES::qlm_adm_energy[2]
   QUASILOCALMEASURES::qlm_adm_energy[3]
   QUASILOCALMEASURES::qlm_adm_energy[4]
   QUASILOCALMEASURES::qlm_adm_energy[5]
   QUASILOCALMEASURES::qlm_adm_momentum_x[0]
   QUASILOCALMEASURES::qlm_adm_momentum_x[1]
   QUASILOCALMEASURES::qlm_adm_momentum_x[2]
   QUASILOCALMEASURES::qlm_adm_momentum_x[3]
   QUASILOCALMEASURES::qlm_adm_momentum_x[4]
   QUASILOCALMEASURES::qlm_adm_momentum_x[5]
   QUASILOCALMEASURES::qlm_adm_momentum_y[0]
   QUASILOCALMEASURES::qlm_adm_momentum_y[1]
   QUASILOCALMEASURES::qlm_adm_momentum_y[2]
   QUASILOCALMEASURES::qlm_adm_momentum_y[3]
   QUASILOCALMEASURES::qlm_adm_momentum_y[4]
   QUASILOCALMEASURES::qlm_adm_momentum_y[5]
   QUASILOCALMEASURES::qlm_adm_momentum_z[0]
   QUASILOCALMEASURES::qlm_adm_momentum_z[1]
   QUASILOCALMEASURES::qlm_adm_momentum_z[2]
   QUASILOCALMEASURES::qlm_adm_momentum_z[3]
   QUASILOCALMEASURES::qlm_adm_momentum_z[4]
   QUASILOCALMEASURES::qlm_adm_momentum_z[5]
   QUASILOCALMEASURES::qlm_adm_angular_momentum_x[0]
   QUASILOCALMEASURES::qlm_adm_angular_momentum_x[1]
   QUASILOCALMEASURES::qlm_adm_angular_momentum_x[2]
   QUASILOCALMEASURES::qlm_adm_angular_momentum_x[3]
   QUASILOCALMEASURES::qlm_adm_angular_momentum_x[4]
   QUASILOCALMEASURES::qlm_adm_angular_momentum_x[5]
   QUASILOCALMEASURES::qlm_adm_angular_momentum_y[0]
   QUASILOCALMEASURES::qlm_adm_angular_momentum_y[1]
   QUASILOCALMEASURES::qlm_adm_angular_momentum_y[2]
   QUASILOCALMEASURES::qlm_adm_angular_momentum_y[3]
   QUASILOCALMEASURES::qlm_adm_angular_momentum_y[4]
   QUASILOCALMEASURES::qlm_adm_angular_momentum_y[5]
   QUASILOCALMEASURES::qlm_adm_angular_momentum_z[0]
   QUASILOCALMEASURES::qlm_adm_angular_momentum_z[1]
   QUASILOCALMEASURES::qlm_adm_angular_momentum_z[2]
   QUASILOCALMEASURES::qlm_adm_angular_momentum_z[3]
   QUASILOCALMEASURES::qlm_adm_angular_momentum_z[4]
   QUASILOCALMEASURES::qlm_adm_angular_momentum_z[5]
   QUASILOCALMEASURES::qlm_w_energy[0]
   QUASILOCALMEASURES::qlm_w_energy[1]
   QUASILOCALMEASURES::qlm_w_energy[2]
   QUASILOCALMEASURES::qlm_w_energy[3]
   QUASILOCALMEASURES::qlm_w_energy[4]
   QUASILOCALMEASURES::qlm_w_energy[5]
   QUASILOCALMEASURES::qlm_w_momentum_x[0]
   QUASILOCALMEASURES::qlm_w_momentum_x[1]
   QUASILOCALMEASURES::qlm_w_momentum_x[2]
   QUASILOCALMEASURES::qlm_w_momentum_x[3]
   QUASILOCALMEASURES::qlm_w_momentum_x[4]
   QUASILOCALMEASURES::qlm_w_momentum_x[5]
   QUASILOCALMEASURES::qlm_w_momentum_y[0]
   QUASILOCALMEASURES::qlm_w_momentum_y[1]
   QUASILOCALMEASURES::qlm_w_momentum_y[2]
   QUASILOCALMEASURES::qlm_w_momentum_y[3]
   QUASILOCALMEASURES::qlm_w_momentum_y[4]
   QUASILOCALMEASURES::qlm_w_momentum_y[5]
   QUASILOCALMEASURES::qlm_w_momentum_z[0]
   QUASILOCALMEASURES::qlm_w_momentum_z[1]
   QUASILOCALMEASURES::qlm_w_momentum_z[2]
   QUASILOCALMEASURES::qlm_w_momentum_z[3]
   QUASILOCALMEASURES::qlm_w_momentum_z[4]
   QUASILOCALMEASURES::qlm_w_momentum_z[5]
   QUASILOCALMEASURES::qlm_w_angular_momentum_x[0]
   QUASILOCALMEASURES::qlm_w_angular_momentum_x[1]
   QUASILOCALMEASURES::qlm_w_angular_momentum_x[2]
   QUASILOCALMEASURES::qlm_w_angular_momentum_x[3]
   QUASILOCALMEASURES::qlm_w_angular_momentum_x[4]
   QUASILOCALMEASURES::qlm_w_angular_momentum_x[5]
   QUASILOCALMEASURES::qlm_w_angular_momentum_y[0]
   QUASILOCALMEASURES::qlm_w_angular_momentum_y[1]
   QUASILOCALMEASURES::qlm_w_angular_momentum_y[2]
   QUASILOCALMEASURES::qlm_w_angular_momentum_y[3]
   QUASILOCALMEASURES::qlm_w_angular_momentum_y[4]
   QUASILOCALMEASURES::qlm_w_angular_momentum_y[5]
   QUASILOCALMEASURES::qlm_w_angular_momentum_z[0]
   QUASILOCALMEASURES::qlm_w_angular_momentum_z[1]
   QUASILOCALMEASURES::qlm_w_angular_momentum_z[2]
   QUASILOCALMEASURES::qlm_w_angular_momentum_z[3]
   QUASILOCALMEASURES::qlm_w_angular_momentum_z[4]
   QUASILOCALMEASURES::qlm_w_angular_momentum_z[5]
   SPHERICALSURFACE::sf_area[0]
   SPHERICALSURFACE::sf_area[1]
   SPHERICALSURFACE::sf_area[2]
   SPHERICALSURFACE::sf_area[3]
   SPHERICALSURFACE::sf_area[4]
   SPHERICALSURFACE::sf_area[5]
   SPHERICALSURFACE::sf_mean_radius[0]
   SPHERICALSURFACE::sf_mean_radius[1]
   SPHERICALSURFACE::sf_mean_radius[2]
   SPHERICALSURFACE::sf_mean_radius[3]
   SPHERICALSURFACE::sf_mean_radius[4]
   SPHERICALSURFACE::sf_mean_radius[5]
WARNING[L1,P0] (Cactus): Attempt to create a directory with an empty or NULL string
   SPHERICALSURFACE::sf_centroid_x[0]
   SPHERICALSURFACE::sf_centroid_x[1]
   SPHERICALSURFACE::sf_centroid_x[2]
   SPHERICALSURFACE::sf_centroid_x[3]
   SPHERICALSURFACE::sf_centroid_x[4]
   SPHERICALSURFACE::sf_centroid_x[5]
   SPHERICALSURFACE::sf_centroid_y[0]
   SPHERICALSURFACE::sf_centroid_y[1]
   SPHERICALSURFACE::sf_centroid_y[2]
   SPHERICALSURFACE::sf_centroid_y[3]
   SPHERICALSURFACE::sf_centroid_y[4]
   SPHERICALSURFACE::sf_centroid_y[5]
   SPHERICALSURFACE::sf_centroid_z[0]
   SPHERICALSURFACE::sf_centroid_z[1]
   SPHERICALSURFACE::sf_centroid_z[2]
   SPHERICALSURFACE::sf_centroid_z[3]
   SPHERICALSURFACE::sf_centroid_z[4]
   SPHERICALSURFACE::sf_centroid_z[5]
   SPHERICALSURFACE::sf_quadrupole_xx[0]
   SPHERICALSURFACE::sf_quadrupole_xx[1]
   SPHERICALSURFACE::sf_quadrupole_xx[2]
   SPHERICALSURFACE::sf_quadrupole_xx[3]
   SPHERICALSURFACE::sf_quadrupole_xx[4]
   SPHERICALSURFACE::sf_quadrupole_xx[5]
   SPHERICALSURFACE::sf_quadrupole_xy[0]
   SPHERICALSURFACE::sf_quadrupole_xy[1]
   SPHERICALSURFACE::sf_quadrupole_xy[2]
   SPHERICALSURFACE::sf_quadrupole_xy[3]
   SPHERICALSURFACE::sf_quadrupole_xy[4]
   SPHERICALSURFACE::sf_quadrupole_xy[5]
   SPHERICALSURFACE::sf_quadrupole_xz[0]
   SPHERICALSURFACE::sf_quadrupole_xz[1]
   SPHERICALSURFACE::sf_quadrupole_xz[2]
   SPHERICALSURFACE::sf_quadrupole_xz[3]
   SPHERICALSURFACE::sf_quadrupole_xz[4]
   SPHERICALSURFACE::sf_quadrupole_xz[5]
   SPHERICALSURFACE::sf_quadrupole_yy[0]
   SPHERICALSURFACE::sf_quadrupole_yy[1]
   SPHERICALSURFACE::sf_quadrupole_yy[2]
   SPHERICALSURFACE::sf_quadrupole_yy[3]
   SPHERICALSURFACE::sf_quadrupole_yy[4]
   SPHERICALSURFACE::sf_quadrupole_yy[5]
   SPHERICALSURFACE::sf_quadrupole_yz[0]
   SPHERICALSURFACE::sf_quadrupole_yz[1]
   SPHERICALSURFACE::sf_quadrupole_yz[2]
   SPHERICALSURFACE::sf_quadrupole_yz[3]
   SPHERICALSURFACE::sf_quadrupole_yz[4]
   SPHERICALSURFACE::sf_quadrupole_yz[5]
   SPHERICALSURFACE::sf_quadrupole_zz[0]
   SPHERICALSURFACE::sf_quadrupole_zz[1]
   SPHERICALSURFACE::sf_quadrupole_zz[2]
   SPHERICALSURFACE::sf_quadrupole_zz[3]
   SPHERICALSURFACE::sf_quadrupole_zz[4]
   SPHERICALSURFACE::sf_quadrupole_zz[5]
   SPHERICALSURFACE::sf_min_radius[0]
   SPHERICALSURFACE::sf_min_radius[1]
   SPHERICALSURFACE::sf_min_radius[2]
   SPHERICALSURFACE::sf_min_radius[3]
   SPHERICALSURFACE::sf_min_radius[4]
   SPHERICALSURFACE::sf_min_radius[5]
   SPHERICALSURFACE::sf_max_radius[0]
   SPHERICALSURFACE::sf_max_radius[1]
   SPHERICALSURFACE::sf_max_radius[2]
   SPHERICALSURFACE::sf_max_radius[3]
   SPHERICALSURFACE::sf_max_radius[4]
   SPHERICALSURFACE::sf_max_radius[5]
   SPHERICALSURFACE::sf_min_x[0]
   SPHERICALSURFACE::sf_min_x[1]
   SPHERICALSURFACE::sf_min_x[2]
   SPHERICALSURFACE::sf_min_x[3]
   SPHERICALSURFACE::sf_min_x[4]
   SPHERICALSURFACE::sf_min_x[5]
   SPHERICALSURFACE::sf_min_y[0]
   SPHERICALSURFACE::sf_min_y[1]
   SPHERICALSURFACE::sf_min_y[2]
   SPHERICALSURFACE::sf_min_y[3]
   SPHERICALSURFACE::sf_min_y[4]
   SPHERICALSURFACE::sf_min_y[5]
   SPHERICALSURFACE::sf_min_z[0]
   SPHERICALSURFACE::sf_min_z[1]
   SPHERICALSURFACE::sf_min_z[2]
   SPHERICALSURFACE::sf_min_z[3]
   SPHERICALSURFACE::sf_min_z[4]
   SPHERICALSURFACE::sf_min_z[5]
   SPHERICALSURFACE::sf_max_x[0]
   SPHERICALSURFACE::sf_max_x[1]
   SPHERICALSURFACE::sf_max_x[2]
   SPHERICALSURFACE::sf_max_x[3]
   SPHERICALSURFACE::sf_max_x[4]
   SPHERICALSURFACE::sf_max_x[5]
   SPHERICALSURFACE::sf_max_y[0]
   SPHERICALSURFACE::sf_max_y[1]
   SPHERICALSURFACE::sf_max_y[2]
   SPHERICALSURFACE::sf_max_y[3]
   SPHERICALSURFACE::sf_max_y[4]
   SPHERICALSURFACE::sf_max_y[5]
   SPHERICALSURFACE::sf_max_z[0]
   SPHERICALSURFACE::sf_max_z[1]
   SPHERICALSURFACE::sf_max_z[2]
   SPHERICALSURFACE::sf_max_z[3]
   SPHERICALSURFACE::sf_max_z[4]
   SPHERICALSURFACE::sf_max_z[5]
INFO (CarpetIOASCII): I/O Method 'IOASCII_1D' registered: 1D AMR output of grid variables to ASCII files
INFO (CarpetIOASCII): Periodic 1D AMR output requested for:
   EMGBASE::Ex
   EMGBASE::Ey
   EMGBASE::Ez
   EMGBASE::Bx
   EMGBASE::By
   EMGBASE::Bz
   EMGEVOLVE::Ec
   EMGEVOLVE::Bc
   ML_CCZ4::H
   ML_CCZ4::M1
   ML_CCZ4::M2
   ML_CCZ4::M3
WARNING[L1,P112] (Cactus): Attempt to create a directory with an empty or NULL string
WARNING[L1,P112] (CarpetIOHDF5): Problem creating HDF5 output directory ''
WARNING[L1,P113] (Cactus): Attempt to create a directory with an empty or NULL string
WARNING[L1,P113] (CarpetIOHDF5): Problem creating HDF5 output directory ''
WARNING[L1,P114] (Cactus): Attempt to create a directory with an empty or NULL string
WARNING[L1,P114] (CarpetIOHDF5): Problem creating HDF5 output directory ''
WARNING[L1,P115] (Cactus): Attempt to create a directory with an empty or NULL string
WARNING[L1,P115] (CarpetIOHDF5): Problem creating HDF5 output directory ''
WARNING[L1,P116] (Cactus): Attempt to create a directory with an empty or NULL string
WARNING[L1,P116] (CarpetIOHDF5): Problem creating HDF5 output directory ''
WARNING[L1,P117] (Cactus): Attempt to create a directory with an empty or NULL string
WARNING[L1,P117] (CarpetIOHDF5): Problem creating HDF5 output directory ''
WARNING[L1,P118] (Cactus): Attempt to create a directory with an empty or NULL string
WARNING[L1,P118] (CarpetIOHDF5): Problem creating HDF5 output directory ''
WARNING[L1,P119] (Cactus): Attempt to create a directory with an empty or NULL string
WARNING[L1,P119] (CarpetIOHDF5): Problem creating HDF5 output directory ''
WARNING[L1,P120] (Cactus): Attempt to create a directory with an empty or NULL string
WARNING[L1,P120] (CarpetIOHDF5): Problem creating HDF5 output directory ''
WARNING[L1,P121] (Cactus): Attempt to create a directory with an empty or NULL string
WARNING[L1,P121] (CarpetIOHDF5): Problem creating HDF5 output directory ''
WARNING[L1,P122] (Cactus): Attempt to create a directory with an empty or NULL string
WARNING[L1,P122] (CarpetIOHDF5): Problem creating HDF5 output directory ''
WARNING[L1,P123] (Cactus): Attempt to create a directory with an empty or NULL string
WARNING[L1,P123] (CarpetIOHDF5): Problem creating HDF5 output directory ''
WARNING[L1,P124] (Cactus): Attempt to create a directory with an empty or NULL string
WARNING[L1,P124] (CarpetIOHDF5): Problem creating HDF5 output directory ''
WARNING[L1,P125] (Cactus): Attempt to create a directory with an empty or NULL string
WARNING[L1,P125] (CarpetIOHDF5): Problem creating HDF5 output directory ''
WARNING[L1,P126] (Cactus): Attempt to create a directory with an empty or NULL string
WARNING[L1,P126] (CarpetIOHDF5): Problem creating HDF5 output directory ''
WARNING[L1,P127] (Cactus): Attempt to create a directory with an empty or NULL string
WARNING[L1,P127] (CarpetIOHDF5): Problem creating HDF5 output directory ''
WARNING[L1,P128] (Cactus): Attempt to create a directory with an empty or NULL string
WARNING[L1,P128] (CarpetIOHDF5): Problem creating HDF5 output directory ''
WARNING[L1,P129] (Cactus): Attempt to create a directory with an empty or NULL string
WARNING[L1,P129] (CarpetIOHDF5): Problem creating HDF5 output directory ''
WARNING[L1,P130] (Cactus): Attempt to create a directory with an empty or NULL string
WARNING[L1,P130] (CarpetIOHDF5): Problem creating HDF5 output directory ''
WARNING[L1,P131] (Cactus): Attempt to create a directory with an empty or NULL string
WARNING[L1,P131] (CarpetIOHDF5): Problem creating HDF5 output directory ''
WARNING[L1,P132] (Cactus): Attempt to create a directory with an empty or NULL string
WARNING[L1,P132] (CarpetIOHDF5): Problem creating HDF5 output directory ''
WARNING[L1,P133] (Cactus): Attempt to create a directory with an empty or NULL string
WARNING[L1,P133] (CarpetIOHDF5): Problem creating HDF5 output directory ''
WARNING[L1,P134] (Cactus): Attempt to create a directory with an empty or NULL string
WARNING[L1,P134] (CarpetIOHDF5): Problem creating HDF5 output directory ''
WARNING[L1,P135] (Cactus): Attempt to create a directory with an empty or NULL string
WARNING[L1,P135] (CarpetIOHDF5): Problem creating HDF5 output directory ''
WARNING[L1,P136] (Cactus): Attempt to create a directory with an empty or NULL string
WARNING[L1,P136] (CarpetIOHDF5): Problem creating HDF5 output directory ''
WARNING[L1,P137] (Cactus): Attempt to create a directory with an empty or NULL string
WARNING[L1,P137] (CarpetIOHDF5): Problem creating HDF5 output directory ''
WARNING[L1,P138] (Cactus): Attempt to create a directory with an empty or NULL string
WARNING[L1,P138] (CarpetIOHDF5): Problem creating HDF5 output directory ''
WARNING[L1,P139] (Cactus): Attempt to create a directory with an empty or NULL string
WARNING[L1,P139] (CarpetIOHDF5): Problem creating HDF5 output directory ''
WARNING[L1,P140] (Cactus): Attempt to create a directory with an empty or NULL string
WARNING[L1,P140] (CarpetIOHDF5): Problem creating HDF5 output directory ''
WARNING[L1,P141] (Cactus): Attempt to create a directory with an empty or NULL string
WARNING[L1,P141] (CarpetIOHDF5): Problem creating HDF5 output directory ''
WARNING[L1,P142] (Cactus): Attempt to create a directory with an empty or NULL string
WARNING[L1,P142] (CarpetIOHDF5): Problem creating HDF5 output directory ''
WARNING[L1,P143] (Cactus): Attempt to create a directory with an empty or NULL string
WARNING[L1,P143] (CarpetIOHDF5): Problem creating HDF5 output directory ''
WARNING[L1,P144] (Cactus): Attempt to create a directory with an empty or NULL string
WARNING[L1,P144] (CarpetIOHDF5): Problem creating HDF5 output directory ''
WARNING[L1,P145] (Cactus): Attempt to create a directory with an empty or NULL string
WARNING[L1,P145] (CarpetIOHDF5): Problem creating HDF5 output directory ''
WARNING[L1,P146] (Cactus): Attempt to create a directory with an empty or NULL string
WARNING[L1,P146] (CarpetIOHDF5): Problem creating HDF5 output directory ''
WARNING[L1,P147] (Cactus): Attempt to create a directory with an empty or NULL string
WARNING[L1,P147] (CarpetIOHDF5): Problem creating HDF5 output directory ''
WARNING[L1,P148] (Cactus): Attempt to create a directory with an empty or NULL string
WARNING[L1,P148] (CarpetIOHDF5): Problem creating HDF5 output directory ''
WARNING[L1,P149] (Cactus): Attempt to create a directory with an empty or NULL string
WARNING[L1,P149] (CarpetIOHDF5): Problem creating HDF5 output directory ''
WARNING[L1,P150] (Cactus): Attempt to create a directory with an empty or NULL string
WARNING[L1,P150] (CarpetIOHDF5): Problem creating HDF5 output directory ''
WARNING[L1,P151] (Cactus): Attempt to create a directory with an empty or NULL string
WARNING[L1,P151] (CarpetIOHDF5): Problem creating HDF5 output directory ''
WARNING[L1,P0] (Cactus): Attempt to create a directory with an empty or NULL string
WARNING[L1,P0] (CarpetIOHDF5): Problem creating HDF5 output directory ''
WARNING[L1,P152] (Cactus): Attempt to create a directory with an empty or NULL string
WARNING[L1,P152] (CarpetIOHDF5): Problem creating HDF5 output directory ''
WARNING[L1,P6] (Cactus): Attempt to create a directory with an empty or NULL string
WARNING[L1,P6] (CarpetIOHDF5): Problem creating HDF5 output directory ''
WARNING[L1,P153] (Cactus): Attempt to create a directory with an empty or NULL string
WARNING[L1,P153] (CarpetIOHDF5): Problem creating HDF5 output directory ''
WARNING[L1,P8] (Cactus): Attempt to create a directory with an empty or NULL string
WARNING[L1,P8] (CarpetIOHDF5): Problem creating HDF5 output directory ''
WARNING[L1,P154] (Cactus): Attempt to create a directory with an empty or NULL string
WARNING[L1,P154] (CarpetIOHDF5): Problem creating HDF5 output directory ''
WARNING[L1,P18] (Cactus): Attempt to create a directory with an empty or NULL string
WARNING[L1,P18] (CarpetIOHDF5): Problem creating HDF5 output directory ''
WARNING[L1,P155] (Cactus): Attempt to create a directory with an empty or NULL string
WARNING[L1,P155] (CarpetIOHDF5): Problem creating HDF5 output directory ''
WARNING[L1,P20] (Cactus): Attempt to create a directory with an empty or NULL string
WARNING[L1,P20] (CarpetIOHDF5): Problem creating HDF5 output directory ''
WARNING[L1,P156] (Cactus): Attempt to create a directory with an empty or NULL string
WARNING[L1,P156] (CarpetIOHDF5): Problem creating HDF5 output directory ''
WARNING[L1,P24] (Cactus): Attempt to create a directory with an empty or NULL string
WARNING[L1,P24] (CarpetIOHDF5): Problem creating HDF5 output directory ''
WARNING[L1,P157] (Cactus): Attempt to create a directory with an empty or NULL string
WARNING[L1,P157] (CarpetIOHDF5): Problem creating HDF5 output directory ''
WARNING[L1,P158] (Cactus): Attempt to create a directory with an empty or NULL string
WARNING[L1,P158] (CarpetIOHDF5): Problem creating HDF5 output directory ''
WARNING[L1,P26] (Cactus): Attempt to create a directory with an empty or NULL string
WARNING[L1,P26] (CarpetIOHDF5): Problem creating HDF5 output directory ''
WARNING[L1,P159] (Cactus): Attempt to create a directory with an empty or NULL string
WARNING[L1,P159] (CarpetIOHDF5): Problem creating HDF5 output directory ''
WARNING[L1,P160] (Cactus): Attempt to create a directory with an empty or NULL string
WARNING[L1,P160] (CarpetIOHDF5): Problem creating HDF5 output directory ''
WARNING[L1,P161] (Cactus): Attempt to create a directory with an empty or NULL string
WARNING[L1,P161] (CarpetIOHDF5): Problem creating HDF5 output directory ''
WARNING[L1,P27] (Cactus): Attempt to create a directory with an empty or NULL string
WARNING[L1,P27] (CarpetIOHDF5): Problem creating HDF5 output directory ''
WARNING[L1,P162] (Cactus): Attempt to create a directory with an empty or NULL string
WARNING[L1,P162] (CarpetIOHDF5): Problem creating HDF5 output directory ''
WARNING[L1,P163] (Cactus): Attempt to create a directory with an empty or NULL string
WARNING[L1,P163] (CarpetIOHDF5): Problem creating HDF5 output directory ''
WARNING[L1,P28] (Cactus): Attempt to create a directory with an empty or NULL string
WARNING[L1,P28] (CarpetIOHDF5): Problem creating HDF5 output directory ''
WARNING[L1,P164] (Cactus): Attempt to create a directory with an empty or NULL string
WARNING[L1,P164] (CarpetIOHDF5): Problem creating HDF5 output directory ''
WARNING[L1,P165] (Cactus): Attempt to create a directory with an empty or NULL string
WARNING[L1,P165] (CarpetIOHDF5): Problem creating HDF5 output directory ''
WARNING[L1,P29] (Cactus): Attempt to create a directory with an empty or NULL string
WARNING[L1,P29] (CarpetIOHDF5): Problem creating HDF5 output directory ''
WARNING[L1,P166] (Cactus): Attempt to create a directory with an empty or NULL string
WARNING[L1,P166] (CarpetIOHDF5): Problem creating HDF5 output directory ''
WARNING[L1,P167] (Cactus): Attempt to create a directory with an empty or NULL string
WARNING[L1,P167] (CarpetIOHDF5): Problem creating HDF5 output directory ''
WARNING[L1,P168] (Cactus): Attempt to create a directory with an empty or NULL string
WARNING[L1,P168] (CarpetIOHDF5): Problem creating HDF5 output directory ''
WARNING[L1,P30] (Cactus): Attempt to create a directory with an empty or NULL string
WARNING[L1,P30] (CarpetIOHDF5): Problem creating HDF5 output directory ''
WARNING[L1,P169] (Cactus): Attempt to create a directory with an empty or NULL string
WARNING[L1,P169] (CarpetIOHDF5): Problem creating HDF5 output directory ''
WARNING[L1,P170] (Cactus): Attempt to create a directory with an empty or NULL string
WARNING[L1,P170] (CarpetIOHDF5): Problem creating HDF5 output directory ''
WARNING[L1,P31] (Cactus): Attempt to create a directory with an empty or NULL string
WARNING[L1,P31] (CarpetIOHDF5): Problem creating HDF5 output directory ''
WARNING[L1,P171] (Cactus): Attempt to create a directory with an empty or NULL string
WARNING[L1,P171] (CarpetIOHDF5): Problem creating HDF5 output directory ''
WARNING[L1,P32] (Cactus): Attempt to create a directory with an empty or NULL string
WARNING[L1,P32] (CarpetIOHDF5): Problem creating HDF5 output directory ''
WARNING[L1,P172] (Cactus): Attempt to create a directory with an empty or NULL string
WARNING[L1,P172] (CarpetIOHDF5): Problem creating HDF5 output directory ''
WARNING[L1,P173] (Cactus): Attempt to create a directory with an empty or NULL string
WARNING[L1,P173] (CarpetIOHDF5): Problem creating HDF5 output directory ''
WARNING[L1,P33] (Cactus): Attempt to create a directory with an empty or NULL string
WARNING[L1,P33] (CarpetIOHDF5): Problem creating HDF5 output directory ''
WARNING[L1,P174] (Cactus): Attempt to create a directory with an empty or NULL string
WARNING[L1,P174] (CarpetIOHDF5): Problem creating HDF5 output directory ''
WARNING[L1,P175] (Cactus): Attempt to create a directory with an empty or NULL string
WARNING[L1,P175] (CarpetIOHDF5): Problem creating HDF5 output directory ''
WARNING[L1,P34] (Cactus): Attempt to create a directory with an empty or NULL string
WARNING[L1,P34] (CarpetIOHDF5): Problem creating HDF5 output directory ''
WARNING[L1,P176] (Cactus): Attempt to create a directory with an empty or NULL string
WARNING[L1,P176] (CarpetIOHDF5): Problem creating HDF5 output directory ''
WARNING[L1,P177] (Cactus): Attempt to create a directory with an empty or NULL string
WARNING[L1,P177] (CarpetIOHDF5): Problem creating HDF5 output directory ''
WARNING[L1,P35] (Cactus): Attempt to create a directory with an empty or NULL string
WARNING[L1,P35] (CarpetIOHDF5): Problem creating HDF5 output directory ''
WARNING[L1,P178] (Cactus): Attempt to create a directory with an empty or NULL string
WARNING[L1,P178] (CarpetIOHDF5): Problem creating HDF5 output directory ''
WARNING[L1,P179] (Cactus): Attempt to create a directory with an empty or NULL string
WARNING[L1,P179] (CarpetIOHDF5): Problem creating HDF5 output directory ''
WARNING[L1,P36] (Cactus): Attempt to create a directory with an empty or NULL string
WARNING[L1,P36] (CarpetIOHDF5): Problem creating HDF5 output directory ''
WARNING[L1,P180] (Cactus): Attempt to create a directory with an empty or NULL string
WARNING[L1,P180] (CarpetIOHDF5): Problem creating HDF5 output directory ''
WARNING[L1,P181] (Cactus): Attempt to create a directory with an empty or NULL string
WARNING[L1,P181] (CarpetIOHDF5): Problem creating HDF5 output directory ''
WARNING[L1,P37] (Cactus): Attempt to create a directory with an empty or NULL string
WARNING[L1,P37] (CarpetIOHDF5): Problem creating HDF5 output directory ''
WARNING[L1,P182] (Cactus): Attempt to create a directory with an empty or NULL string
WARNING[L1,P182] (CarpetIOHDF5): Problem creating HDF5 output directory ''
WARNING[L1,P183] (Cactus): Attempt to create a directory with an empty or NULL string
WARNING[L1,P183] (CarpetIOHDF5): Problem creating HDF5 output directory ''
WARNING[L1,P39] (Cactus): Attempt to create a directory with an empty or NULL string
WARNING[L1,P39] (CarpetIOHDF5): Problem creating HDF5 output directory ''
WARNING[L1,P184] (Cactus): Attempt to create a directory with an empty or NULL string
WARNING[L1,P184] (CarpetIOHDF5): Problem creating HDF5 output directory ''
WARNING[L1,P185] (Cactus): Attempt to create a directory with an empty or NULL string
WARNING[L1,P185] (CarpetIOHDF5): Problem creating HDF5 output directory ''
WARNING[L1,P186] (Cactus): Attempt to create a directory with an empty or NULL string
WARNING[L1,P186] (CarpetIOHDF5): Problem creating HDF5 output directory ''
WARNING[L1,P40] (Cactus): Attempt to create a directory with an empty or NULL string
WARNING[L1,P40] (CarpetIOHDF5): Problem creating HDF5 output directory ''
WARNING[L1,P187] (Cactus): Attempt to create a directory with an empty or NULL string
WARNING[L1,P187] (CarpetIOHDF5): Problem creating HDF5 output directory ''
WARNING[L1,P188] (Cactus): Attempt to create a directory with an empty or NULL string
WARNING[L1,P188] (CarpetIOHDF5): Problem creating HDF5 output directory ''
WARNING[L1,P42] (Cactus): Attempt to create a directory with an empty or NULL string
WARNING[L1,P42] (CarpetIOHDF5): Problem creating HDF5 output directory ''
WARNING[L1,P189] (Cactus): Attempt to create a directory with an empty or NULL string
WARNING[L1,P189] (CarpetIOHDF5): Problem creating HDF5 output directory ''
WARNING[L1,P190] (Cactus): Attempt to create a directory with an empty or NULL string
WARNING[L1,P190] (CarpetIOHDF5): Problem creating HDF5 output directory ''
WARNING[L1,P191] (Cactus): Attempt to create a directory with an empty or NULL string
WARNING[L1,P191] (CarpetIOHDF5): Problem creating HDF5 output directory ''
WARNING[L1,P43] (Cactus): Attempt to create a directory with an empty or NULL string
WARNING[L1,P43] (CarpetIOHDF5): Problem creating HDF5 output directory ''
WARNING[L1,P192] (Cactus): Attempt to create a directory with an empty or NULL string
WARNING[L1,P192] (CarpetIOHDF5): Problem creating HDF5 output directory ''
WARNING[L1,P193] (Cactus): Attempt to create a directory with an empty or NULL string
WARNING[L1,P193] (CarpetIOHDF5): Problem creating HDF5 output directory ''
WARNING[L1,P44] (Cactus): Attempt to create a directory with an empty or NULL string
WARNING[L1,P44] (CarpetIOHDF5): Problem creating HDF5 output directory ''
WARNING[L1,P194] (Cactus): Attempt to create a directory with an empty or NULL string
WARNING[L1,P194] (CarpetIOHDF5): Problem creating HDF5 output directory ''
WARNING[L1,P195] (Cactus): Attempt to create a directory with an empty or NULL string
WARNING[L1,P195] (CarpetIOHDF5): Problem creating HDF5 output directory ''
WARNING[L1,P45] (Cactus): Attempt to create a directory with an empty or NULL string
WARNING[L1,P45] (CarpetIOHDF5): Problem creating HDF5 output directory ''
WARNING[L1,P196] (Cactus): Attempt to create a directory with an empty or NULL string
WARNING[L1,P196] (CarpetIOHDF5): Problem creating HDF5 output directory ''
WARNING[L1,P46] (Cactus): Attempt to create a directory with an empty or NULL string
WARNING[L1,P46] (CarpetIOHDF5): Problem creating HDF5 output directory ''
WARNING[L1,P197] (Cactus): Attempt to create a directory with an empty or NULL string
WARNING[L1,P197] (CarpetIOHDF5): Problem creating HDF5 output directory ''
WARNING[L1,P47] (Cactus): Attempt to create a directory with an empty or NULL string
WARNING[L1,P47] (CarpetIOHDF5): Problem creating HDF5 output directory ''
WARNING[L1,P48] (Cactus): Attempt to create a directory with an empty or NULL string
WARNING[L1,P48] (CarpetIOHDF5): Problem creating HDF5 output directory ''
WARNING[L1,P51] (Cactus): Attempt to create a directory with an empty or NULL string
WARNING[L1,P51] (CarpetIOHDF5): Problem creating HDF5 output directory ''
WARNING[L1,P198] (Cactus): Attempt to create a directory with an empty or NULL string
WARNING[L1,P198] (CarpetIOHDF5): Problem creating HDF5 output directory ''
WARNING[L1,P52] (Cactus): Attempt to create a directory with an empty or NULL string
WARNING[L1,P52] (CarpetIOHDF5): Problem creating HDF5 output directory ''
WARNING[L1,P53] (Cactus): Attempt to create a directory with an empty or NULL string
WARNING[L1,P53] (CarpetIOHDF5): Problem creating HDF5 output directory ''
WARNING[L1,P54] (Cactus): Attempt to create a directory with an empty or NULL string
WARNING[L1,P54] (CarpetIOHDF5): Problem creating HDF5 output directory ''
WARNING[L1,P199] (Cactus): Attempt to create a directory with an empty or NULL string
WARNING[L1,P199] (CarpetIOHDF5): Problem creating HDF5 output directory ''
WARNING[L1,P55] (Cactus): Attempt to create a directory with an empty or NULL string
WARNING[L1,P55] (CarpetIOHDF5): Problem creating HDF5 output directory ''
WARNING[L1,P56] (Cactus): Attempt to create a directory with an empty or NULL string
WARNING[L1,P56] (CarpetIOHDF5): Problem creating HDF5 output directory ''
WARNING[L1,P57] (Cactus): Attempt to create a directory with an empty or NULL string
WARNING[L1,P57] (CarpetIOHDF5): Problem creating HDF5 output directory ''
WARNING[L1,P200] (Cactus): Attempt to create a directory with an empty or NULL string
WARNING[L1,P200] (CarpetIOHDF5): Problem creating HDF5 output directory ''
WARNING[L1,P58] (Cactus): Attempt to create a directory with an empty or NULL string
WARNING[L1,P58] (CarpetIOHDF5): Problem creating HDF5 output directory ''
WARNING[L1,P59] (Cactus): Attempt to create a directory with an empty or NULL string
WARNING[L1,P59] (CarpetIOHDF5): Problem creating HDF5 output directory ''
WARNING[L1,P60] (Cactus): Attempt to create a directory with an empty or NULL string
WARNING[L1,P60] (CarpetIOHDF5): Problem creating HDF5 output directory ''
WARNING[L1,P61] (Cactus): Attempt to create a directory with an empty or NULL string
WARNING[L1,P61] (CarpetIOHDF5): Problem creating HDF5 output directory ''
WARNING[L1,P201] (Cactus): Attempt to create a directory with an empty or NULL string
WARNING[L1,P201] (CarpetIOHDF5): Problem creating HDF5 output directory ''
WARNING[L1,P62] (Cactus): Attempt to create a directory with an empty or NULL string
WARNING[L1,P62] (CarpetIOHDF5): Problem creating HDF5 output directory ''
WARNING[L1,P63] (Cactus): Attempt to create a directory with an empty or NULL string
WARNING[L1,P63] (CarpetIOHDF5): Problem creating HDF5 output directory ''
WARNING[L1,P202] (Cactus): Attempt to create a directory with an empty or NULL string
WARNING[L1,P202] (CarpetIOHDF5): Problem creating HDF5 output directory ''
WARNING[L1,P64] (Cactus): Attempt to create a directory with an empty or NULL string
WARNING[L1,P64] (CarpetIOHDF5): Problem creating HDF5 output directory ''
WARNING[L1,P65] (Cactus): Attempt to create a directory with an empty or NULL string
WARNING[L1,P65] (CarpetIOHDF5): Problem creating HDF5 output directory ''
WARNING[L1,P66] (Cactus): Attempt to create a directory with an empty or NULL string
WARNING[L1,P66] (CarpetIOHDF5): Problem creating HDF5 output directory ''
WARNING[L1,P67] (Cactus): Attempt to create a directory with an empty or NULL string
WARNING[L1,P67] (CarpetIOHDF5): Problem creating HDF5 output directory ''
WARNING[L1,P68] (Cactus): Attempt to create a directory with an empty or NULL string
WARNING[L1,P68] (CarpetIOHDF5): Problem creating HDF5 output directory ''
WARNING[L1,P69] (Cactus): Attempt to create a directory with an empty or NULL string
WARNING[L1,P69] (CarpetIOHDF5): Problem creating HDF5 output directory ''
WARNING[L1,P203] (Cactus): Attempt to create a directory with an empty or NULL string
WARNING[L1,P203] (CarpetIOHDF5): Problem creating HDF5 output directory ''
WARNING[L1,P204] (Cactus): Attempt to create a directory with an empty or NULL string
WARNING[L1,P204] (CarpetIOHDF5): Problem creating HDF5 output directory ''
WARNING[L1,P70] (Cactus): Attempt to create a directory with an empty or NULL string
WARNING[L1,P70] (CarpetIOHDF5): Problem creating HDF5 output directory ''
WARNING[L1,P71] (Cactus): Attempt to create a directory with an empty or NULL string
WARNING[L1,P71] (CarpetIOHDF5): Problem creating HDF5 output directory ''
WARNING[L1,P72] (Cactus): Attempt to create a directory with an empty or NULL string
WARNING[L1,P72] (CarpetIOHDF5): Problem creating HDF5 output directory ''
WARNING[L1,P205] (Cactus): Attempt to create a directory with an empty or NULL string
WARNING[L1,P205] (CarpetIOHDF5): Problem creating HDF5 output directory ''
WARNING[L1,P73] (Cactus): Attempt to create a directory with an empty or NULL string
WARNING[L1,P73] (CarpetIOHDF5): Problem creating HDF5 output directory ''
WARNING[L1,P206] (Cactus): Attempt to create a directory with an empty or NULL string
WARNING[L1,P206] (CarpetIOHDF5): Problem creating HDF5 output directory ''
WARNING[L1,P74] (Cactus): Attempt to create a directory with an empty or NULL string
WARNING[L1,P74] (CarpetIOHDF5): Problem creating HDF5 output directory ''
WARNING[L1,P75] (Cactus): Attempt to create a directory with an empty or NULL string
WARNING[L1,P75] (CarpetIOHDF5): Problem creating HDF5 output directory ''
WARNING[L1,P76] (Cactus): Attempt to create a directory with an empty or NULL string
WARNING[L1,P76] (CarpetIOHDF5): Problem creating HDF5 output directory ''
WARNING[L1,P207] (Cactus): Attempt to create a directory with an empty or NULL string
WARNING[L1,P207] (CarpetIOHDF5): Problem creating HDF5 output directory ''
WARNING[L1,P77] (Cactus): Attempt to create a directory with an empty or NULL string
WARNING[L1,P77] (CarpetIOHDF5): Problem creating HDF5 output directory ''
WARNING[L1,P78] (Cactus): Attempt to create a directory with an empty or NULL string
WARNING[L1,P78] (CarpetIOHDF5): Problem creating HDF5 output directory ''
WARNING[L1,P79] (Cactus): Attempt to create a directory with an empty or NULL string
WARNING[L1,P79] (CarpetIOHDF5): Problem creating HDF5 output directory ''
WARNING[L1,P80] (Cactus): Attempt to create a directory with an empty or NULL string
WARNING[L1,P80] (CarpetIOHDF5): Problem creating HDF5 output directory ''
WARNING[L1,P208] (Cactus): Attempt to create a directory with an empty or NULL string
WARNING[L1,P208] (CarpetIOHDF5): Problem creating HDF5 output directory ''
WARNING[L1,P81] (Cactus): Attempt to create a directory with an empty or NULL string
WARNING[L1,P81] (CarpetIOHDF5): Problem creating HDF5 output directory ''
WARNING[L1,P82] (Cactus): Attempt to create a directory with an empty or NULL string
WARNING[L1,P82] (CarpetIOHDF5): Problem creating HDF5 output directory ''
WARNING[L1,P83] (Cactus): Attempt to create a directory with an empty or NULL string
WARNING[L1,P83] (CarpetIOHDF5): Problem creating HDF5 output directory ''
WARNING[L1,P209] (Cactus): Attempt to create a directory with an empty or NULL string
WARNING[L1,P209] (CarpetIOHDF5): Problem creating HDF5 output directory ''
WARNING[L1,P84] (Cactus): Attempt to create a directory with an empty or NULL string
WARNING[L1,P84] (CarpetIOHDF5): Problem creating HDF5 output directory ''
WARNING[L1,P85] (Cactus): Attempt to create a directory with an empty or NULL string
WARNING[L1,P85] (CarpetIOHDF5): Problem creating HDF5 output directory ''
WARNING[L1,P86] (Cactus): Attempt to create a directory with an empty or NULL string
WARNING[L1,P86] (CarpetIOHDF5): Problem creating HDF5 output directory ''
WARNING[L1,P210] (Cactus): Attempt to create a directory with an empty or NULL string
WARNING[L1,P210] (CarpetIOHDF5): Problem creating HDF5 output directory ''
WARNING[L1,P87] (Cactus): Attempt to create a directory with an empty or NULL string
WARNING[L1,P87] (CarpetIOHDF5): Problem creating HDF5 output directory ''
WARNING[L1,P211] (Cactus): Attempt to create a directory with an empty or NULL string
WARNING[L1,P211] (CarpetIOHDF5): Problem creating HDF5 output directory ''
WARNING[L1,P88] (Cactus): Attempt to create a directory with an empty or NULL string
WARNING[L1,P88] (CarpetIOHDF5): Problem creating HDF5 output directory ''
WARNING[L1,P89] (Cactus): Attempt to create a directory with an empty or NULL string
WARNING[L1,P89] (CarpetIOHDF5): Problem creating HDF5 output directory ''
WARNING[L1,P212] (Cactus): Attempt to create a directory with an empty or NULL string
WARNING[L1,P212] (CarpetIOHDF5): Problem creating HDF5 output directory ''
WARNING[L1,P91] (Cactus): Attempt to create a directory with an empty or NULL string
WARNING[L1,P91] (CarpetIOHDF5): Problem creating HDF5 output directory ''
WARNING[L1,P92] (Cactus): Attempt to create a directory with an empty or NULL string
WARNING[L1,P92] (CarpetIOHDF5): Problem creating HDF5 output directory ''
WARNING[L1,P93] (Cactus): Attempt to create a directory with an empty or NULL string
WARNING[L1,P93] (CarpetIOHDF5): Problem creating HDF5 output directory ''
WARNING[L1,P94] (Cactus): Attempt to create a directory with an empty or NULL string
WARNING[L1,P94] (CarpetIOHDF5): Problem creating HDF5 output directory ''
WARNING[L1,P95] (Cactus): Attempt to create a directory with an empty or NULL string
WARNING[L1,P95] (CarpetIOHDF5): Problem creating HDF5 output directory ''
WARNING[L1,P96] (Cactus): Attempt to create a directory with an empty or NULL string
WARNING[L1,P96] (CarpetIOHDF5): Problem creating HDF5 output directory ''
WARNING[L1,P213] (Cactus): Attempt to create a directory with an empty or NULL string
WARNING[L1,P213] (CarpetIOHDF5): Problem creating HDF5 output directory ''
WARNING[L1,P97] (Cactus): Attempt to create a directory with an empty or NULL string
WARNING[L1,P97] (CarpetIOHDF5): Problem creating HDF5 output directory ''
WARNING[L1,P98] (Cactus): Attempt to create a directory with an empty or NULL string
WARNING[L1,P98] (CarpetIOHDF5): Problem creating HDF5 output directory ''
WARNING[L1,P99] (Cactus): Attempt to create a directory with an empty or NULL string
WARNING[L1,P99] (CarpetIOHDF5): Problem creating HDF5 output directory ''
WARNING[L1,P100] (Cactus): Attempt to create a directory with an empty or NULL string
WARNING[L1,P100] (CarpetIOHDF5): Problem creating HDF5 output directory ''
WARNING[L1,P214] (Cactus): Attempt to create a directory with an empty or NULL string
WARNING[L1,P214] (CarpetIOHDF5): Problem creating HDF5 output directory ''
WARNING[L1,P101] (Cactus): Attempt to create a directory with an empty or NULL string
WARNING[L1,P101] (CarpetIOHDF5): Problem creating HDF5 output directory ''
WARNING[L1,P102] (Cactus): Attempt to create a directory with an empty or NULL string
WARNING[L1,P102] (CarpetIOHDF5): Problem creating HDF5 output directory ''
WARNING[L1,P103] (Cactus): Attempt to create a directory with an empty or NULL string
WARNING[L1,P103] (CarpetIOHDF5): Problem creating HDF5 output directory ''
WARNING[L1,P104] (Cactus): Attempt to create a directory with an empty or NULL string
WARNING[L1,P104] (CarpetIOHDF5): Problem creating HDF5 output directory ''
WARNING[L1,P215] (Cactus): Attempt to create a directory with an empty or NULL string
WARNING[L1,P215] (CarpetIOHDF5): Problem creating HDF5 output directory ''
WARNING[L1,P105] (Cactus): Attempt to create a directory with an empty or NULL string
WARNING[L1,P105] (CarpetIOHDF5): Problem creating HDF5 output directory ''
WARNING[L1,P106] (Cactus): Attempt to create a directory with an empty or NULL string
WARNING[L1,P106] (CarpetIOHDF5): Problem creating HDF5 output directory ''
WARNING[L1,P107] (Cactus): Attempt to create a directory with an empty or NULL string
WARNING[L1,P107] (CarpetIOHDF5): Problem creating HDF5 output directory ''
WARNING[L1,P216] (Cactus): Attempt to create a directory with an empty or NULL string
WARNING[L1,P216] (CarpetIOHDF5): Problem creating HDF5 output directory ''
WARNING[L1,P108] (Cactus): Attempt to create a directory with an empty or NULL string
WARNING[L1,P108] (CarpetIOHDF5): Problem creating HDF5 output directory ''
WARNING[L1,P109] (Cactus): Attempt to create a directory with an empty or NULL string
WARNING[L1,P109] (CarpetIOHDF5): Problem creating HDF5 output directory ''
WARNING[L1,P110] (Cactus): Attempt to create a directory with an empty or NULL string
WARNING[L1,P110] (CarpetIOHDF5): Problem creating HDF5 output directory ''
WARNING[L1,P111] (Cactus): Attempt to create a directory with an empty or NULL string
WARNING[L1,P111] (CarpetIOHDF5): Problem creating HDF5 output directory ''
WARNING[L1,P1] (Cactus): Attempt to create a directory with an empty or NULL string
WARNING[L1,P1] (CarpetIOHDF5): Problem creating HDF5 output directory ''
WARNING[L1,P217] (Cactus): Attempt to create a directory with an empty or NULL string
WARNING[L1,P217] (CarpetIOHDF5): Problem creating HDF5 output directory ''
WARNING[L1,P2] (Cactus): Attempt to create a directory with an empty or NULL string
WARNING[L1,P2] (CarpetIOHDF5): Problem creating HDF5 output directory ''
WARNING[L1,P3] (Cactus): Attempt to create a directory with an empty or NULL string
WARNING[L1,P3] (CarpetIOHDF5): Problem creating HDF5 output directory ''
WARNING[L1,P4] (Cactus): Attempt to create a directory with an empty or NULL string
WARNING[L1,P4] (CarpetIOHDF5): Problem creating HDF5 output directory ''
WARNING[L1,P218] (Cactus): Attempt to create a directory with an empty or NULL string
WARNING[L1,P218] (CarpetIOHDF5): Problem creating HDF5 output directory ''
WARNING[L1,P5] (Cactus): Attempt to create a directory with an empty or NULL string
WARNING[L1,P5] (CarpetIOHDF5): Problem creating HDF5 output directory ''
WARNING[L1,P7] (Cactus): Attempt to create a directory with an empty or NULL string
WARNING[L1,P7] (CarpetIOHDF5): Problem creating HDF5 output directory ''
WARNING[L1,P9] (Cactus): Attempt to create a directory with an empty or NULL string
WARNING[L1,P9] (CarpetIOHDF5): Problem creating HDF5 output directory ''
WARNING[L1,P219] (Cactus): Attempt to create a directory with an empty or NULL string
WARNING[L1,P219] (CarpetIOHDF5): Problem creating HDF5 output directory ''
WARNING[L1,P10] (Cactus): Attempt to create a directory with an empty or NULL string
WARNING[L1,P10] (CarpetIOHDF5): Problem creating HDF5 output directory ''
WARNING[L1,P11] (Cactus): Attempt to create a directory with an empty or NULL string
WARNING[L1,P11] (CarpetIOHDF5): Problem creating HDF5 output directory ''
WARNING[L1,P12] (Cactus): Attempt to create a directory with an empty or NULL string
WARNING[L1,P12] (CarpetIOHDF5): Problem creating HDF5 output directory ''
WARNING[L1,P13] (Cactus): Attempt to create a directory with an empty or NULL string
WARNING[L1,P13] (CarpetIOHDF5): Problem creating HDF5 output directory ''
WARNING[L1,P220] (Cactus): Attempt to create a directory with an empty or NULL string
WARNING[L1,P220] (CarpetIOHDF5): Problem creating HDF5 output directory ''
WARNING[L1,P14] (Cactus): Attempt to create a directory with an empty or NULL string
WARNING[L1,P14] (CarpetIOHDF5): Problem creating HDF5 output directory ''
WARNING[L1,P15] (Cactus): Attempt to create a directory with an empty or NULL string
WARNING[L1,P15] (CarpetIOHDF5): Problem creating HDF5 output directory ''
WARNING[L1,P16] (Cactus): Attempt to create a directory with an empty or NULL string
WARNING[L1,P16] (CarpetIOHDF5): Problem creating HDF5 output directory ''
WARNING[L1,P221] (Cactus): Attempt to create a directory with an empty or NULL string
WARNING[L1,P221] (CarpetIOHDF5): Problem creating HDF5 output directory ''
WARNING[L1,P17] (Cactus): Attempt to create a directory with an empty or NULL string
WARNING[L1,P17] (CarpetIOHDF5): Problem creating HDF5 output directory ''
WARNING[L1,P19] (Cactus): Attempt to create a directory with an empty or NULL string
WARNING[L1,P19] (CarpetIOHDF5): Problem creating HDF5 output directory ''
WARNING[L1,P21] (Cactus): Attempt to create a directory with an empty or NULL string
WARNING[L1,P21] (CarpetIOHDF5): Problem creating HDF5 output directory ''
WARNING[L1,P222] (Cactus): Attempt to create a directory with an empty or NULL string
WARNING[L1,P222] (CarpetIOHDF5): Problem creating HDF5 output directory ''
WARNING[L1,P22] (Cactus): Attempt to create a directory with an empty or NULL string
WARNING[L1,P22] (CarpetIOHDF5): Problem creating HDF5 output directory ''
WARNING[L1,P23] (Cactus): Attempt to create a directory with an empty or NULL string
WARNING[L1,P23] (CarpetIOHDF5): Problem creating HDF5 output directory ''
WARNING[L1,P25] (Cactus): Attempt to create a directory with an empty or NULL string
WARNING[L1,P25] (CarpetIOHDF5): Problem creating HDF5 output directory ''
WARNING[L1,P223] (Cactus): Attempt to create a directory with an empty or NULL string
WARNING[L1,P223] (CarpetIOHDF5): Problem creating HDF5 output directory ''
WARNING[L1,P38] (Cactus): Attempt to create a directory with an empty or NULL string
WARNING[L1,P38] (CarpetIOHDF5): Problem creating HDF5 output directory ''
WARNING[L1,P41] (Cactus): Attempt to create a directory with an empty or NULL string
WARNING[L1,P41] (CarpetIOHDF5): Problem creating HDF5 output directory ''
WARNING[L1,P49] (Cactus): Attempt to create a directory with an empty or NULL string
WARNING[L1,P49] (CarpetIOHDF5): Problem creating HDF5 output directory ''
WARNING[L1,P50] (Cactus): Attempt to create a directory with an empty or NULL string
WARNING[L1,P50] (CarpetIOHDF5): Problem creating HDF5 output directory ''
WARNING[L1,P90] (Cactus): Attempt to create a directory with an empty or NULL string
WARNING[L1,P90] (CarpetIOHDF5): Problem creating HDF5 output directory ''
INFO (CarpetIOASCII): I/O Method 'IOASCII_2D' registered: 2D AMR output of grid variables to ASCII files
INFO (CarpetIOASCII): I/O Method 'IOASCII_3D' registered: 3D AMR output of grid variables to ASCII files
INFO (CarpetIOHDF5): I/O Method 'IOHDF5' registered: AMR output of grid variables to HDF5 files
INFO (CarpetIOHDF5): I/O Method 'IOHDF5_0D' registered: 0D AMR output of grid variables to HDF5 files
INFO (CarpetIOHDF5): I/O Method 'IOHDF5_1D' registered: 1D AMR output of grid variables to HDF5 files
INFO (CarpetIOHDF5): I/O Method 'IOHDF5_2D' registered: 2D AMR output of grid variables to HDF5 files
INFO (CarpetIOHDF5): I/O Method 'IOHDF5_3D' registered: 3D AMR output of grid variables to HDF5 files
INFO (CarpetIOScalar): Periodic scalar output requested for:
   EMGEVOLVE::Ec
   EMGEVOLVE::Bc
   ML_CCZ4::H
   ML_CCZ4::M1
   ML_CCZ4::M2
   ML_CCZ4::M3
INFO (CarpetRegrid2): Initialising position of centre 0 to [8,0,0]
INFO (CarpetRegrid2): Initialising position of centre 1 to [-8,0,0]
INFO (MoL): Using Runge-Kutta 4 as the time integrator.
INFO (MoL): The maximum number of evolved variables is 1880. 34 are registered.
INFO (MoL): The maximum number of slow evolved variables is 1880. 0 are registered.
INFO (MoL): The maximum number of constrained variables is 1880. 20 are registered.
INFO (MoL): The maximum number of SandR variables is 1880. 0 are registered.
INFO (MoL): The maximum number of evolved array variables is 1880. 0 are registered.
INFO (MoL): The maximum number of constrained array variables is 1880. 0 are registered.
INFO (MoL): The maximum number of SandR array variables is 1880. 0 are registered.
INFO (MoL): The maximum size of any array variables is 0.
INFO (Vectors): Testing vectorisation... [errors may result in segfaults]
INFO (Vectors): 101/101 tests passed 
INFO (CarpetRegrid2): Centre 1 is at position [8,0,0] with 9 levels
INFO (CarpetRegrid2): Centre 2 is at position [-8,0,0] with 9 levels
INFO (CarpetRegrid2): Regridding level 0 map 0 at iteration 0 time 0
INFO (CarpetRegrid2): Regridding levels 1 and up
INFO (CarpetRegrid2): Enforcing grid structure properties, iteration 0
INFO (CarpetRegrid2): Enforcing grid structure properties, iteration 0
INFO (CarpetRegrid2): Enforcing grid structure properties, iteration 0
INFO (CarpetRegrid2): Enforcing grid structure properties, iteration 0
INFO (CarpetRegrid2): Enforcing grid structure properties, iteration 0
INFO (CarpetRegrid2): Enforcing grid structure properties, iteration 0
INFO (CarpetRegrid2): Enforcing grid structure properties, iteration 0
INFO (CarpetRegrid2): Enforcing grid structure properties, iteration 0
INFO (Carpet): Grid structure (superregions, grid points):
   [0][0][0]   exterior: [0,0,0] : [412,412,412]   ([413,413,413] + PADDING) 70444997
   [1][0][0]   exterior: [349,352,352] : [475,472,472]   ([127,121,121] + PADDING) 1859407
   [2][0][0]   exterior: [757,764,764] : [891,884,884]   ([135,121,121] + PADDING) 1976535
   [3][0][0]   exterior: [1601,1613,1613] : [1695,1683,1683]   ([95,71,71] + PADDING) 478895
   [4][0][0]   exterior: [3236,3261,3261] : [3356,3331,3331]   ([121,71,71] + PADDING) 609961
   [5][0][0]   exterior: [6506,6557,6557] : [6575,6627,6627]   ([70,71,71] + PADDING) 352870
   [5][0][1]   exterior: [6609,6557,6557] : [6678,6627,6627]   ([70,71,71] + PADDING) 352870
   [6][0][0]   exterior: [13047,13149,13149] : [13116,13219,13219]   ([70,71,71] + PADDING) 352870
   [6][0][1]   exterior: [13252,13149,13149] : [13321,13219,13219]   ([70,71,71] + PADDING) 352870
   [7][0][0]   exterior: [26129,26333,26333] : [26198,26403,26403]   ([70,71,71] + PADDING) 352870
   [7][0][1]   exterior: [26538,26333,26333] : [26607,26403,26403]   ([70,71,71] + PADDING) 352870
   [8][0][0]   exterior: [52292,52701,52701] : [52361,52771,52771]   ([70,71,71] + PADDING) 352870
   [8][0][1]   exterior: [53111,52701,52701] : [53180,52771,52771]   ([70,71,71] + PADDING) 352870
INFO (Carpet): Grid structure (superregions, coordinates):
   [0][0][0]   exterior: [-1030,-1030,-1030] : [1030,1030,1030] : [5,5,5]
   [1][0][0]   exterior: [-157.5,-150,-150] : [157.5,150,150] : [2.5,2.5,2.5]
   [2][0][0]   exterior: [-83.75,-75,-75] : [83.75,75,75] : [1.25,1.25,1.25]
   [3][0][0]   exterior: [-29.375,-21.875,-21.875] : [29.375,21.875,21.875] : [0.625,0.625,0.625]
   [4][0][0]   exterior: [-18.75,-10.9375,-10.9375] : [18.75,10.9375,10.9375] : [0.3125,0.3125,0.3125]
   [5][0][0]   exterior: [-13.4375,-5.46875,-5.46875] : [-2.65625,5.46875,5.46875] : [0.15625,0.15625,0.15625]
   [5][0][1]   exterior: [2.65625,-5.46875,-5.46875] : [13.4375,5.46875,5.46875] : [0.15625,0.15625,0.15625]
   [6][0][0]   exterior: [-10.703125,-2.734375,-2.734375] : [-5.3125,2.734375,2.734375] : [0.078125,0.078125,0.078125]
   [6][0][1]   exterior: [5.3125,-2.734375,-2.734375] : [10.703125,2.734375,2.734375] : [0.078125,0.078125,0.078125]
   [7][0][0]   exterior: [-9.3359375,-1.3671875,-1.3671875] : [-6.640625,1.3671875,1.3671875] : [0.0390625,0.0390625,0.0390625]
   [7][0][1]   exterior: [6.640625,-1.3671875,-1.3671875] : [9.3359375,1.3671875,1.3671875] : [0.0390625,0.0390625,0.0390625]
   [8][0][0]   exterior: [-8.671875,-0.68359375,-0.68359375] : [-7.32421875,0.68359375,0.68359375] : [0.01953125,0.01953125,0.01953125]
   [8][0][1]   exterior: [7.32421875,-0.68359375,-0.68359375] : [8.671875,0.68359375,0.68359375] : [0.01953125,0.01953125,0.01953125]
INFO (Carpet): Global grid structure statistics:
INFO (Carpet): GF: rhs: 564k active, 974k owned (+73%), 2327k total (+139%), 256 steps/time
INFO (Carpet): GF: vars: 294, pts: 21018M active, 22099M owned (+5%), 31432M total (+42%), 1.0 comp/proc
INFO (Carpet): GA: vars: 1664, pts: 763M active, 763M total (+0%)
INFO (Carpet): Total required memory: 258.902 GByte (for GAs and currently active GFs)
INFO (Carpet): Load balance:  min     avg     max     sdv     max/avg-1
INFO (Carpet): Level  0:      79M     88M     94M      4M owned      6%
INFO (Carpet): Level  1:       2M      2M      3M      0M owned     11%
INFO (Carpet): Level  2:       2M      3M      3M      0M owned      9%
INFO (Carpet): Level  3:       1M      1M      1M      0M owned      9%
INFO (Carpet): Level  4:       1M      1M      1M      0M owned     16%
INFO (Carpet): Level  5:       1M      1M      1M      0M owned     11%
INFO (Carpet): Level  6:       1M      1M      1M      0M owned     11%
INFO (Carpet): Level  7:       1M      1M      1M      0M owned     11%
INFO (Carpet): Level  8:       1M      1M      1M      0M owned     11%
INFO (CartGrid3D): Grid Spacings:
INFO (CartGrid3D): dx=>5.0000000e+00  dy=>5.0000000e+00  dz=>5.0000000e+00
INFO (CartGrid3D): Computational Coordinates:
INFO (CartGrid3D): x=>[-1030.000,1030.000]  y=>[-1030.000,1030.000]  z=>[-1030.000,1030.000]
INFO (CartGrid3D): Indices of Physical Coordinates:
INFO (CartGrid3D): x=>[0,412]  y=>[0,412]  z=>[0,412]
INFO (AHFinderDirect): setting up AHFinderDirect data structures
INFO (AHFinderDirect):            to search for 6 horizons on 224 processors
INFO (AHFinderDirect):       constructing full sphere patch system
INFO (AHFinderDirect):                    at origin (8.001,0,0)
INFO (AHFinderDirect):                    with 18 angular zones per right angle
INFO (AHFinderDirect):       ==> 2166 nominal, 3174 ghosted angular grid points
INFO (AHFinderDirect):       constructing full sphere patch system
INFO (AHFinderDirect):                    at origin (-8.001,0,0)
INFO (AHFinderDirect):                    with 18 angular zones per right angle
INFO (AHFinderDirect):       ==> 2166 nominal, 3174 ghosted angular grid points
INFO (AHFinderDirect):       constructing full sphere patch system
INFO (AHFinderDirect):                    at origin (0,0,0)
INFO (AHFinderDirect):                    with 18 angular zones per right angle
INFO (AHFinderDirect):       ==> 2166 nominal, 3174 ghosted angular grid points
INFO (AHFinderDirect):       constructing full sphere patch system
INFO (AHFinderDirect):                    at origin (0,0,0)
INFO (AHFinderDirect):                    with 18 angular zones per right angle
INFO (AHFinderDirect):       ==> 2166 nominal, 3174 ghosted angular grid points
INFO (AHFinderDirect):       constructing full sphere patch system
INFO (AHFinderDirect):                    at origin (0,0,0)
INFO (AHFinderDirect):                    with 18 angular zones per right angle
INFO (AHFinderDirect):       ==> 2166 nominal, 3174 ghosted angular grid points
INFO (AHFinderDirect):       constructing full sphere patch system
INFO (AHFinderDirect):                    at origin (0,0,0)
INFO (AHFinderDirect):                    with 18 angular zones per right angle
INFO (AHFinderDirect):       ==> 2166 nominal, 3174 ghosted angular grid points
INFO (TerminationTrigger): Reminding you every 0 minutes about remaining walltime
INFO (Time): Timestep set to 1.25 (courant_static)
INFO (TwoChargedPunctures): Solving puncture equation for BH-BH system
INFO (TwoChargedPunctures): b = 8.001
TCP_Newton: it=0 	 |F|=9.681499e-04
bare mass: mp=0.5 	 mm=0.5
bicgstab:  itmax 100, tol 9.681499e-07
bicgstab:     0   3.206e-02
bicgstab:     1   1.675e+02   1.234e+00   0.000e+00  -1.009e-01
bicgstab:     2   4.517e+04   3.307e+00   8.673e-02   4.943e-01
bicgstab:     3   3.088e+03  -1.911e+00   5.516e-01  -3.197e-01
bicgstab:     4   3.684e+03  -4.690e-01  -1.082e+01   4.000e+00
bicgstab:     5   5.344e+02   2.499e+00  -1.355e-02   4.080e-01
bicgstab:     6   9.356e+02  -7.296e-01  -7.051e-01   3.852e-01
bicgstab:     7   2.346e+02   3.465e-02   2.493e+01  -4.980e-02
bicgstab:     8   1.334e+02   4.476e+00  -1.227e-02  -3.337e+00
bicgstab:     9   1.363e+02  -1.288e-01   1.301e-01   1.027e-01
bicgstab:    10   3.352e+02  -4.469e+00  -1.445e+00   1.957e+00
bicgstab:    11   9.485e+02  -1.169e+01  -3.784e-01   5.230e-01
bicgstab:    12   8.264e+03   7.495e-01   2.168e+02   2.602e-01
bicgstab:    13   4.671e+03  -2.517e-02   1.163e+01   5.997e-02
bicgstab:    14   5.794e+01   1.109e-01  -3.001e-01   1.421e+00
bicgstab:    15   3.421e+01   2.544e+00  -7.303e-04   3.987e-01
bicgstab:    16   9.929e+00   7.509e-02  -8.674e+00   2.391e-01
bicgstab:    17   9.419e+00  -4.026e-01  -5.450e-03   2.675e-01
